Composition,Site_X,Site_Y,Site_Z,Temperature,Z_Range_GSvolume_pa,Z_Range_GSbandgap,Y_Range_GSmagmom,Z_Range_AtomicWeight,Z_Range_Number,Y_Range_SpaceGroupNumber,Z_Range_GSmagmom,Z_Mean_GSvolume_pa,Z_Max_NdUnfilled,Z_Mean_NdUnfilled,Z_Range_SpaceGroupNumber,Z_Mean_Electronegativity,Z_Range_NdUnfilled,Z_Range_Row,Y_Mean_GSmagmom,Z_Range_NfValence,Z_Range_NValence,Z_Max_NUnfilled,Y_Max_GSmagmom,Z_Range_NUnfilled,Z_Range_MendeleevNumber,Z_Min_Column,Z_Min_Electronegativity,Z_Min_MendeleevNumber,Z_Mean_NUnfilled,Z_Range_Column,Z_Mean_NpUnfilled,Z_Range_Electronegativity,Y_Range_Electronegativity,Z_Mean_MendeleevNumber,Y_Mean_Electronegativity,Y_Min_Electronegativity,Z_Mean_MeltingT,Z_Mean_SpaceGroupNumber,Z_Max_Electronegativity,Y_Mean_MeltingT,Z_Mean_CovalentRadius,Z_Mean_GSbandgap,Z_Max_MeltingT,Seebeck Coefficient,Electrical Resistivity
Co2MnSn,Co2.000,Mn1.000,Sn1.000,50.0,0.0,0.0,0.0,0.0,0.0,0.0,0.0,33.285,0.0,0.0,0.0,1.96,0.0,0.0,0.000310120689655,0.0,0.0,4.0,0.000310120689655,0.0,0.0,14.0,1.96,80.0,4.0,0.0,4.0,0.0,0.0,80.0,1.55,1.55,505.08,141.0,1.96,1519.0,139.0,0.0,505.08,-3.354977399136763,8.399694145012535e-07
Co2MnSn,Co2.000,Mn1.000,Sn1.000,100.0,0.0,0.0,0.0,0.0,0.0,0.0,0.0,33.285,0.0,0.0,0.0,1.96,0.0,0.0,0.000310120689655,0.0,0.0,4.0,0.000310120689655,0.0,0.0,14.0,1.96,80.0,4.0,0.0,4.0,0.0,0.0,80.0,1.55,1.55,505.08,141.0,1.96,1519.0,139.0,0.0,505.08,-4.672589063778919,9.03088338446992e-07
Co2MnSn,Co2.000,Mn1.000,Sn1.000,150.0,0.0,0.0,0.0,0.0,0.0,0.0,0.0,33.285,0.0,0.0,0.0,1.96,0.0,0.0,0.000310120689655,0.0,0.0,4.0,0.000310120689655,0.0,0.0,14.0,1.96,80.0,4.0,0.0,4.0,0.0,0.0,80.0,1.55,1.55,505.08,141.0,1.96,1519.0,139.0,0.0,505.08,-5.234692593633818,9.815212436429606e-07
Co2MnSn,Co2.000,Mn1.000,Sn1.000,200.0,0.0,0.0,0.0,0.0,0.0,0.0,0.0,33.285,0.0,0.0,0.0,1.96,0.0,0.0,0.000310120689655,0.0,0.0,4.0,0.000310120689655,0.0,0.0,14.0,1.96,80.0,4.0,0.0,4.0,0.0,0.0,80.0,1.55,1.55,505.08,141.0,1.96,1519.0,139.0,0.0,505.08,-6.7043258952104425,1.0626692680566503e-06
Co2MnSn,Co2.000,Mn1.000,Sn1.000,250.0,0.0,0.0,0.0,0.0,0.0,0.0,0.0,33.285,0.0,0.0,0.0,1.96,0.0,0.0,0.000310120689655,0.0,0.0,4.0,0.000310120689655,0.0,0.0,14.0,1.96,80.0,4.0,0.0,4.0,0.0,0.0,80.0,1.55,1.55,505.08,141.0,1.96,1519.0,139.0,0.0,505.08,-10.045594560873424,1.1411070049175664e-06
Co2MnSn,Co2.000,Mn1.000,Sn1.000,300.0,0.0,0.0,0.0,0.0,0.0,0.0,0.0,33.285,0.0,0.0,0.0,1.96,0.0,0.0,0.000310120689655,0.0,0.0,4.0,0.000310120689655,0.0,0.0,14.0,1.96,80.0,4.0,0.0,4.0,0.0,0.0,80.0,1.55,1.55,505.08,141.0,1.96,1519.0,139.0,0.0,505.08,-15.864399451723976,1.2201952022279977e-06
Co2MnSn,Co2.000,Mn1.000,Sn1.000,350.0,0.0,0.0,0.0,0.0,0.0,0.0,0.0,33.285,0.0,0.0,0.0,1.96,0.0,0.0,0.000310120689655,0.0,0.0,4.0,0.000310120689655,0.0,0.0,14.0,1.96,80.0,4.0,0.0,4.0,0.0,0.0,80.0,1.55,1.55,505.08,141.0,1.96,1519.0,139.0,0.0,505.08,-24.74916428048085,1.3136934622737882e-06
Co2Mn0.8Ti0.2Sn,Co2.000,Mn0.800Ti0.200,Sn1.000,50.0,0.0,0.0,0.0002875873563216,0.0,0.0,23.0,0.0,33.285,0.0,0.0,0.0,1.96,0.0,0.0,0.0002526032183906,0.0,0.0,4.0,0.000310120689655,0.0,0.0,14.0,1.96,80.0,4.0,0.0,4.0,0.0,0.01,80.0,1.5480000000000005,1.54,505.08,141.0,1.96,1603.4,139.0,0.0,505.08,-1.6326929727349349,1.57532553818023e-06
Co2Mn0.8Ti0.2Sn,Co2.000,Mn0.800Ti0.200,Sn1.000,100.0,0.0,0.0,0.0002875873563216,0.0,0.0,23.0,0.0,33.285,0.0,0.0,0.0,1.96,0.0,0.0,0.0002526032183906,0.0,0.0,4.0,0.000310120689655,0.0,0.0,14.0,1.96,80.0,4.0,0.0,4.0,0.0,0.01,80.0,1.5480000000000005,1.54,505.08,141.0,1.96,1603.4,139.0,0.0,505.08,-2.7079087903721444,1.623350308757472e-06
Co2Mn0.8Ti0.2Sn,Co2.000,Mn0.800Ti0.200,Sn1.000,150.0,0.0,0.0,0.0002875873563216,0.0,0.0,23.0,0.0,33.285,0.0,0.0,0.0,1.96,0.0,0.0,0.0002526032183906,0.0,0.0,4.0,0.000310120689655,0.0,0.0,14.0,1.96,80.0,4.0,0.0,4.0,0.0,0.01,80.0,1.5480000000000005,1.54,505.08,141.0,1.96,1603.4,139.0,0.0,505.08,-3.9498945789288338,1.6806388360920652e-06
Co2Mn0.8Ti0.2Sn,Co2.000,Mn0.800Ti0.200,Sn1.000,200.0,0.0,0.0,0.0002875873563216,0.0,0.0,23.0,0.0,33.285,0.0,0.0,0.0,1.96,0.0,0.0,0.0002526032183906,0.0,0.0,4.0,0.000310120689655,0.0,0.0,14.0,1.96,80.0,4.0,0.0,4.0,0.0,0.01,80.0,1.5480000000000005,1.54,505.08,141.0,1.96,1603.4,139.0,0.0,505.08,-5.6183617029906445,1.7365690161495376e-06
Co2Mn0.8Ti0.2Sn,Co2.000,Mn0.800Ti0.200,Sn1.000,250.0,0.0,0.0,0.0002875873563216,0.0,0.0,23.0,0.0,33.285,0.0,0.0,0.0,1.96,0.0,0.0,0.0002526032183906,0.0,0.0,4.0,0.000310120689655,0.0,0.0,14.0,1.96,80.0,4.0,0.0,4.0,0.0,0.01,80.0,1.5480000000000005,1.54,505.08,141.0,1.96,1603.4,139.0,0.0,505.08,-7.570607394804116,1.796728661343138e-06
Co2Mn0.8Ti0.2Sn,Co2.000,Mn0.800Ti0.200,Sn1.000,300.0,0.0,0.0,0.0002875873563216,0.0,0.0,23.0,0.0,33.285,0.0,0.0,0.0,1.96,0.0,0.0,0.0002526032183906,0.0,0.0,4.0,0.000310120689655,0.0,0.0,14.0,1.96,80.0,4.0,0.0,4.0,0.0,0.01,80.0,1.5480000000000005,1.54,505.08,141.0,1.96,1603.4,139.0,0.0,505.08,-9.517717049266096,1.869446963860976e-06
Co2Mn0.8Ti0.2Sn,Co2.000,Mn0.800Ti0.200,Sn1.000,350.0,0.0,0.0,0.0002875873563216,0.0,0.0,23.0,0.0,33.285,0.0,0.0,0.0,1.96,0.0,0.0,0.0002526032183906,0.0,0.0,4.0,0.000310120689655,0.0,0.0,14.0,1.96,80.0,4.0,0.0,4.0,0.0,0.01,80.0,1.5480000000000005,1.54,505.08,141.0,1.96,1603.4,139.0,0.0,505.08,-11.280766518913138,1.9523259589931612e-06
Co2Mn0.6Ti0.4Sn,Co2.000,Mn0.600Ti0.400,Sn1.000,100.0,0.0,0.0,0.0002875873563216,0.0,0.0,23.0,0.0,33.285,0.0,0.0,0.0,1.96,0.0,0.0,0.0001950857471263,0.0,0.0,4.0,0.000310120689655,0.0,0.0,14.0,1.96,80.0,4.0,0.0,4.0,0.0,0.01,80.0,1.546,1.54,505.08,141.0,1.96,1687.8000000000002,139.0,0.0,505.08,-3.810296390225435,3.887084512297501e-06
Co2Mn0.6Ti0.4Sn,Co2.000,Mn0.600Ti0.400,Sn1.000,150.0,0.0,0.0,0.0002875873563216,0.0,0.0,23.0,0.0,33.285,0.0,0.0,0.0,1.96,0.0,0.0,0.0001950857471263,0.0,0.0,4.0,0.000310120689655,0.0,0.0,14.0,1.96,80.0,4.0,0.0,4.0,0.0,0.01,80.0,1.546,1.54,505.08,141.0,1.96,1687.8000000000002,139.0,0.0,505.08,-6.9670027704404855,4.13295073527493e-06
Co2Mn0.6Ti0.4Sn,Co2.000,Mn0.600Ti0.400,Sn1.000,200.0,0.0,0.0,0.0002875873563216,0.0,0.0,23.0,0.0,33.285,0.0,0.0,0.0,1.96,0.0,0.0,0.0001950857471263,0.0,0.0,4.0,0.000310120689655,0.0,0.0,14.0,1.96,80.0,4.0,0.0,4.0,0.0,0.01,80.0,1.546,1.54,505.08,141.0,1.96,1687.8000000000002,139.0,0.0,505.08,-11.783579821601338,4.461386749475217e-06
Co2Mn0.6Ti0.4Sn,Co2.000,Mn0.600Ti0.400,Sn1.000,250.0,0.0,0.0,0.0002875873563216,0.0,0.0,23.0,0.0,33.285,0.0,0.0,0.0,1.96,0.0,0.0,0.0001950857471263,0.0,0.0,4.0,0.000310120689655,0.0,0.0,14.0,1.96,80.0,4.0,0.0,4.0,0.0,0.01,80.0,1.546,1.54,505.08,141.0,1.96,1687.8000000000002,139.0,0.0,505.08,-20.47265337987441,4.926336620823119e-06
Co2Mn0.6Ti0.4Sn,Co2.000,Mn0.600Ti0.400,Sn1.000,300.0,0.0,0.0,0.0002875873563216,0.0,0.0,23.0,0.0,33.285,0.0,0.0,0.0,1.96,0.0,0.0,0.0001950857471263,0.0,0.0,4.0,0.000310120689655,0.0,0.0,14.0,1.96,80.0,4.0,0.0,4.0,0.0,0.01,80.0,1.546,1.54,505.08,141.0,1.96,1687.8000000000002,139.0,0.0,505.08,-34.68157077400728,5.5215814542191e-06
Co2Mn0.6Ti0.4Sn,Co2.000,Mn0.600Ti0.400,Sn1.000,350.0,0.0,0.0,0.0002875873563216,0.0,0.0,23.0,0.0,33.285,0.0,0.0,0.0,1.96,0.0,0.0,0.0001950857471263,0.0,0.0,4.0,0.000310120689655,0.0,0.0,14.0,1.96,80.0,4.0,0.0,4.0,0.0,0.01,80.0,1.546,1.54,505.08,141.0,1.96,1687.8000000000002,139.0,0.0,505.08,-49.41983928772619,6.072147440052999e-06
Co2Mn0.4Ti0.6Sn,Co2.000,Mn0.400Ti0.600,Sn1.000,50.0,0.0,0.0,0.0002875873563216,0.0,0.0,23.0,0.0,33.285,0.0,0.0,0.0,1.96,0.0,0.0,0.0001375682758619,0.0,0.0,4.0,0.000310120689655,0.0,0.0,14.0,1.96,80.0,4.0,0.0,4.0,0.0,0.01,80.0,1.544,1.54,505.08,141.0,1.96,1772.1999999999998,139.0,0.0,505.08,0.0869023408004053,3.6264090999727e-06
Co2Mn0.4Ti0.6Sn,Co2.000,Mn0.400Ti0.600,Sn1.000,100.0,0.0,0.0,0.0002875873563216,0.0,0.0,23.0,0.0,33.285,0.0,0.0,0.0,1.96,0.0,0.0,0.0001375682758619,0.0,0.0,4.0,0.000310120689655,0.0,0.0,14.0,1.96,80.0,4.0,0.0,4.0,0.0,0.01,80.0,1.544,1.54,505.08,141.0,1.96,1772.1999999999998,139.0,0.0,505.08,0.0213646561805454,3.6950765340166783e-06
Co2Mn0.4Ti0.6Sn,Co2.000,Mn0.400Ti0.600,Sn1.000,150.0,0.0,0.0,0.0002875873563216,0.0,0.0,23.0,0.0,33.285,0.0,0.0,0.0,1.96,0.0,0.0,0.0001375682758619,0.0,0.0,4.0,0.000310120689655,0.0,0.0,14.0,1.96,80.0,4.0,0.0,4.0,0.0,0.01,80.0,1.544,1.54,505.08,141.0,1.96,1772.1999999999998,139.0,0.0,505.08,-0.4652069677804291,3.783661332489912e-06
Co2Mn0.4Ti0.6Sn,Co2.000,Mn0.400Ti0.600,Sn1.000,200.0,0.0,0.0,0.0002875873563216,0.0,0.0,23.0,0.0,33.285,0.0,0.0,0.0,1.96,0.0,0.0,0.0001375682758619,0.0,0.0,4.0,0.000310120689655,0.0,0.0,14.0,1.96,80.0,4.0,0.0,4.0,0.0,0.01,80.0,1.544,1.54,505.08,141.0,1.96,1772.1999999999998,139.0,0.0,505.08,-1.5785097625701323,3.87498234972192e-06
Co2Mn0.4Ti0.6Sn,Co2.000,Mn0.400Ti0.600,Sn1.000,250.0,0.0,0.0,0.0002875873563216,0.0,0.0,23.0,0.0,33.285,0.0,0.0,0.0,1.96,0.0,0.0,0.0001375682758619,0.0,0.0,4.0,0.000310120689655,0.0,0.0,14.0,1.96,80.0,4.0,0.0,4.0,0.0,0.01,80.0,1.544,1.54,505.08,141.0,1.96,1772.1999999999998,139.0,0.0,505.08,-3.2638999574631895,3.963259210223981e-06
Co2Mn0.4Ti0.6Sn,Co2.000,Mn0.400Ti0.600,Sn1.000,300.0,0.0,0.0,0.0002875873563216,0.0,0.0,23.0,0.0,33.285,0.0,0.0,0.0,1.96,0.0,0.0,0.0001375682758619,0.0,0.0,4.0,0.000310120689655,0.0,0.0,14.0,1.96,80.0,4.0,0.0,4.0,0.0,0.01,80.0,1.544,1.54,505.08,141.0,1.96,1772.1999999999998,139.0,0.0,505.08,-5.642153346177499,4.05422034831119e-06
Co2Mn0.4Ti0.6Sn,Co2.000,Mn0.400Ti0.600,Sn1.000,350.0,0.0,0.0,0.0002875873563216,0.0,0.0,23.0,0.0,33.285,0.0,0.0,0.0,1.96,0.0,0.0,0.0001375682758619,0.0,0.0,4.0,0.000310120689655,0.0,0.0,14.0,1.96,80.0,4.0,0.0,4.0,0.0,0.01,80.0,1.544,1.54,505.08,141.0,1.96,1772.1999999999998,139.0,0.0,505.08,-9.445225853530376,4.165211047724533e-06
Co2Mn0.2Ti0.8Sn,Co2.000,Mn0.200Ti0.800,Sn1.000,50.0,0.0,0.0,0.0002875873563216,0.0,0.0,23.0,0.0,33.285,0.0,0.0,0.0,1.96,0.0,0.0,8.005080459764e-05,0.0,0.0,4.0,0.000310120689655,0.0,0.0,14.0,1.96,80.0,4.0,0.0,4.0,0.0,0.01,80.0,1.5420000000000005,1.54,505.08,141.0,1.96,1856.6,139.0,0.0,505.08,0.3531805608191083,1.363812041258493e-05
Co2Mn0.2Ti0.8Sn,Co2.000,Mn0.200Ti0.800,Sn1.000,100.0,0.0,0.0,0.0002875873563216,0.0,0.0,23.0,0.0,33.285,0.0,0.0,0.0,1.96,0.0,0.0,8.005080459764e-05,0.0,0.0,4.0,0.000310120689655,0.0,0.0,14.0,1.96,80.0,4.0,0.0,4.0,0.0,0.01,80.0,1.5420000000000005,1.54,505.08,141.0,1.96,1856.6,139.0,0.0,505.08,0.2323207456578905,1.413315757695213e-05
Co2Mn0.2Ti0.8Sn,Co2.000,Mn0.200Ti0.800,Sn1.000,150.0,0.0,0.0,0.0002875873563216,0.0,0.0,23.0,0.0,33.285,0.0,0.0,0.0,1.96,0.0,0.0,8.005080459764e-05,0.0,0.0,4.0,0.000310120689655,0.0,0.0,14.0,1.96,80.0,4.0,0.0,4.0,0.0,0.01,80.0,1.5420000000000005,1.54,505.08,141.0,1.96,1856.6,139.0,0.0,505.08,-0.4115871676209105,1.4888270856313664e-05
Co2Mn0.2Ti0.8Sn,Co2.000,Mn0.200Ti0.800,Sn1.000,200.0,0.0,0.0,0.0002875873563216,0.0,0.0,23.0,0.0,33.285,0.0,0.0,0.0,1.96,0.0,0.0,8.005080459764e-05,0.0,0.0,4.0,0.000310120689655,0.0,0.0,14.0,1.96,80.0,4.0,0.0,4.0,0.0,0.01,80.0,1.5420000000000005,1.54,505.08,141.0,1.96,1856.6,139.0,0.0,505.08,-2.138148804028635,1.5754030822873956e-05
Co2Mn0.2Ti0.8Sn,Co2.000,Mn0.200Ti0.800,Sn1.000,250.0,0.0,0.0,0.0002875873563216,0.0,0.0,23.0,0.0,33.285,0.0,0.0,0.0,1.96,0.0,0.0,8.005080459764e-05,0.0,0.0,4.0,0.000310120689655,0.0,0.0,14.0,1.96,80.0,4.0,0.0,4.0,0.0,0.01,80.0,1.5420000000000005,1.54,505.08,141.0,1.96,1856.6,139.0,0.0,505.08,-5.641880690001414,1.6578572315204156e-05
Co2Mn0.2Ti0.8Sn,Co2.000,Mn0.200Ti0.800,Sn1.000,300.0,0.0,0.0,0.0002875873563216,0.0,0.0,23.0,0.0,33.285,0.0,0.0,0.0,1.96,0.0,0.0,8.005080459764e-05,0.0,0.0,4.0,0.000310120689655,0.0,0.0,14.0,1.96,80.0,4.0,0.0,4.0,0.0,0.01,80.0,1.5420000000000005,1.54,505.08,141.0,1.96,1856.6,139.0,0.0,505.08,-11.08657842727174,1.7262222675423373e-05
Co2Mn0.2Ti0.8Sn,Co2.000,Mn0.200Ti0.800,Sn1.000,350.0,0.0,0.0,0.0002875873563216,0.0,0.0,23.0,0.0,33.285,0.0,0.0,0.0,1.96,0.0,0.0,8.005080459764e-05,0.0,0.0,4.0,0.000310120689655,0.0,0.0,14.0,1.96,80.0,4.0,0.0,4.0,0.0,0.01,80.0,1.5420000000000005,1.54,505.08,141.0,1.96,1856.6,139.0,0.0,505.08,-17.43968486674002,1.7812129986379928e-05
Co2TiSn,Co2.000,Ti1.000,Sn1.000,50.0,0.0,0.0,0.0,0.0,0.0,0.0,0.0,33.285,0.0,0.0,0.0,1.96,0.0,0.0,2.25333333333e-05,0.0,0.0,4.0,2.25333333333e-05,0.0,0.0,14.0,1.96,80.0,4.0,0.0,4.0,0.0,0.0,80.0,1.54,1.54,505.08,141.0,1.96,1941.0,139.0,0.0,505.08,-2.099039368375657,2.4649296924297625e-06
Co2TiSn,Co2.000,Ti1.000,Sn1.000,100.0,0.0,0.0,0.0,0.0,0.0,0.0,0.0,33.285,0.0,0.0,0.0,1.96,0.0,0.0,2.25333333333e-05,0.0,0.0,4.0,2.25333333333e-05,0.0,0.0,14.0,1.96,80.0,4.0,0.0,4.0,0.0,0.0,80.0,1.54,1.54,505.08,141.0,1.96,1941.0,139.0,0.0,505.08,-3.9626041284305455,2.572429466393716e-06
Co2TiSn,Co2.000,Ti1.000,Sn1.000,150.0,0.0,0.0,0.0,0.0,0.0,0.0,0.0,33.285,0.0,0.0,0.0,1.96,0.0,0.0,2.25333333333e-05,0.0,0.0,4.0,2.25333333333e-05,0.0,0.0,14.0,1.96,80.0,4.0,0.0,4.0,0.0,0.0,80.0,1.54,1.54,505.08,141.0,1.96,1941.0,139.0,0.0,505.08,-6.110146119283538,2.7149158808275538e-06
Co2TiSn,Co2.000,Ti1.000,Sn1.000,200.0,0.0,0.0,0.0,0.0,0.0,0.0,0.0,33.285,0.0,0.0,0.0,1.96,0.0,0.0,2.25333333333e-05,0.0,0.0,4.0,2.25333333333e-05,0.0,0.0,14.0,1.96,80.0,4.0,0.0,4.0,0.0,0.0,80.0,1.54,1.54,505.08,141.0,1.96,1941.0,139.0,0.0,505.08,-10.58592125466538,2.8973751419048975e-06
Co2TiSn,Co2.000,Ti1.000,Sn1.000,250.0,0.0,0.0,0.0,0.0,0.0,0.0,0.0,33.285,0.0,0.0,0.0,1.96,0.0,0.0,2.25333333333e-05,0.0,0.0,4.0,2.25333333333e-05,0.0,0.0,14.0,1.96,80.0,4.0,0.0,4.0,0.0,0.0,80.0,1.54,1.54,505.08,141.0,1.96,1941.0,139.0,0.0,505.08,-19.875800211978493,3.147644004972738e-06
Co2TiSn,Co2.000,Ti1.000,Sn1.000,300.0,0.0,0.0,0.0,0.0,0.0,0.0,0.0,33.285,0.0,0.0,0.0,1.96,0.0,0.0,2.25333333333e-05,0.0,0.0,4.0,2.25333333333e-05,0.0,0.0,14.0,1.96,80.0,4.0,0.0,4.0,0.0,0.0,80.0,1.54,1.54,505.08,141.0,1.96,1941.0,139.0,0.0,505.08,-34.060211976648624,3.4571705184293556e-06
Co2TiSn,Co2.000,Ti1.000,Sn1.000,350.0,0.0,0.0,0.0,0.0,0.0,0.0,0.0,33.285,0.0,0.0,0.0,1.96,0.0,0.0,2.25333333333e-05,0.0,0.0,4.0,2.25333333333e-05,0.0,0.0,14.0,1.96,80.0,4.0,0.0,4.0,0.0,0.0,80.0,1.54,1.54,505.08,141.0,1.96,1941.0,139.0,0.0,505.08,-47.967087386476514,3.721774767602244e-06
Fe2VAl0.9Si0.1,Fe2.000,V1.000,Al0.900Si0.100,350.0,3.960000000000001,0.773,0.0,1.103961399999999,1.0,0.0,0.0,16.876,0.0,0.0,2.0,1.639,0.0,0.0,0.0,0.0,1.0,5.0,0.0,1.0,5.0,13.0,1.61,73.0,4.9,1.0,4.9,0.2899999999999998,0.0,73.5,1.63,1.63,1008.823,225.2,1.9,2183.0,120.0,0.0773,1687.0,-125.8433683167,1.074205791769195e-05
Fe2VAl0.9Si0.1,Fe2.000,V1.000,Al0.900Si0.100,400.0,3.960000000000001,0.773,0.0,1.103961399999999,1.0,0.0,0.0,16.876,0.0,0.0,2.0,1.639,0.0,0.0,0.0,0.0,1.0,5.0,0.0,1.0,5.0,13.0,1.61,73.0,4.9,1.0,4.9,0.2899999999999998,0.0,73.5,1.63,1.63,1008.823,225.2,1.9,2183.0,120.0,0.0773,1687.0,-113.2675189227,1.090589417821016e-05
Fe2VAl0.9Si0.1,Fe2.000,V1.000,Al0.900Si0.100,450.0,3.960000000000001,0.773,0.0,1.103961399999999,1.0,0.0,0.0,16.876,0.0,0.0,2.0,1.639,0.0,0.0,0.0,0.0,1.0,5.0,0.0,1.0,5.0,13.0,1.61,73.0,4.9,1.0,4.9,0.2899999999999998,0.0,73.5,1.63,1.63,1008.823,225.2,1.9,2183.0,120.0,0.0773,1687.0,-99.76625614549287,1.0570174974224604e-05
Fe2VAl0.9Si0.1,Fe2.000,V1.000,Al0.900Si0.100,500.0,3.960000000000001,0.773,0.0,1.103961399999999,1.0,0.0,0.0,16.876,0.0,0.0,2.0,1.639,0.0,0.0,0.0,0.0,1.0,5.0,0.0,1.0,5.0,13.0,1.61,73.0,4.9,1.0,4.9,0.2899999999999998,0.0,73.5,1.63,1.63,1008.823,225.2,1.9,2183.0,120.0,0.0773,1687.0,-84.53075446438092,1.0113184539698196e-05
Fe2VAl0.9Si0.1,Fe2.000,V1.000,Al0.900Si0.100,550.0,3.960000000000001,0.773,0.0,1.103961399999999,1.0,0.0,0.0,16.876,0.0,0.0,2.0,1.639,0.0,0.0,0.0,0.0,1.0,5.0,0.0,1.0,5.0,13.0,1.61,73.0,4.9,1.0,4.9,0.2899999999999998,0.0,73.5,1.63,1.63,1008.823,225.2,1.9,2183.0,120.0,0.0773,1687.0,-68.67330727111784,9.68886798378148e-06
Fe2VAl0.9Si0.1,Fe2.000,V1.000,Al0.900Si0.100,600.0,3.960000000000001,0.773,0.0,1.103961399999999,1.0,0.0,0.0,16.876,0.0,0.0,2.0,1.639,0.0,0.0,0.0,0.0,1.0,5.0,0.0,1.0,5.0,13.0,1.61,73.0,4.9,1.0,4.9,0.2899999999999998,0.0,73.5,1.63,1.63,1008.823,225.2,1.9,2183.0,120.0,0.0773,1687.0,-54.187983758457534,9.310651420963713e-06
Fe2VAl0.9Si0.1,Fe2.000,V1.000,Al0.900Si0.100,650.0,3.960000000000001,0.773,0.0,1.103961399999999,1.0,0.0,0.0,16.876,0.0,0.0,2.0,1.639,0.0,0.0,0.0,0.0,1.0,5.0,0.0,1.0,5.0,13.0,1.61,73.0,4.9,1.0,4.9,0.2899999999999998,0.0,73.5,1.63,1.63,1008.823,225.2,1.9,2183.0,120.0,0.0773,1687.0,-42.911285809154634,8.935262101224454e-06
Fe2VAl0.9Si0.1,Fe2.000,V1.000,Al0.900Si0.100,700.0,3.960000000000001,0.773,0.0,1.103961399999999,1.0,0.0,0.0,16.876,0.0,0.0,2.0,1.639,0.0,0.0,0.0,0.0,1.0,5.0,0.0,1.0,5.0,13.0,1.61,73.0,4.9,1.0,4.9,0.2899999999999998,0.0,73.5,1.63,1.63,1008.823,225.2,1.9,2183.0,120.0,0.0773,1687.0,-35.482804884907516,8.54654854018533e-06
Fe2VAl0.9Si0.1,Fe2.000,V1.000,Al0.900Si0.100,400.0,3.960000000000001,0.773,0.0,1.103961399999999,1.0,0.0,0.0,16.876,0.0,0.0,2.0,1.639,0.0,0.0,0.0,0.0,1.0,5.0,0.0,1.0,5.0,13.0,1.61,73.0,4.9,1.0,4.9,0.2899999999999998,0.0,73.5,1.63,1.63,1008.823,225.2,1.9,2183.0,120.0,0.0773,1687.0,-121.4067269761,4.19446554390405e-06
Fe2VAl0.9Si0.1,Fe2.000,V1.000,Al0.900Si0.100,450.0,3.960000000000001,0.773,0.0,1.103961399999999,1.0,0.0,0.0,16.876,0.0,0.0,2.0,1.639,0.0,0.0,0.0,0.0,1.0,5.0,0.0,1.0,5.0,13.0,1.61,73.0,4.9,1.0,4.9,0.2899999999999998,0.0,73.5,1.63,1.63,1008.823,225.2,1.9,2183.0,120.0,0.0773,1687.0,-107.8089375257,4.2324141879469e-06
Fe2VAl0.9Si0.1,Fe2.000,V1.000,Al0.900Si0.100,500.0,3.960000000000001,0.773,0.0,1.103961399999999,1.0,0.0,0.0,16.876,0.0,0.0,2.0,1.639,0.0,0.0,0.0,0.0,1.0,5.0,0.0,1.0,5.0,13.0,1.61,73.0,4.9,1.0,4.9,0.2899999999999998,0.0,73.5,1.63,1.63,1008.823,225.2,1.9,2183.0,120.0,0.0773,1687.0,-90.50220089683812,4.205080455523524e-06
Fe2VAl0.9Si0.1,Fe2.000,V1.000,Al0.900Si0.100,550.0,3.960000000000001,0.773,0.0,1.103961399999999,1.0,0.0,0.0,16.876,0.0,0.0,2.0,1.639,0.0,0.0,0.0,0.0,1.0,5.0,0.0,1.0,5.0,13.0,1.61,73.0,4.9,1.0,4.9,0.2899999999999998,0.0,73.5,1.63,1.63,1008.823,225.2,1.9,2183.0,120.0,0.0773,1687.0,-73.3195645423938,4.121242921146807e-06
Fe2VAl0.9Si0.1,Fe2.000,V1.000,Al0.900Si0.100,600.0,3.960000000000001,0.773,0.0,1.103961399999999,1.0,0.0,0.0,16.876,0.0,0.0,2.0,1.639,0.0,0.0,0.0,0.0,1.0,5.0,0.0,1.0,5.0,13.0,1.61,73.0,4.9,1.0,4.9,0.2899999999999998,0.0,73.5,1.63,1.63,1008.823,225.2,1.9,2183.0,120.0,0.0773,1687.0,-58.49136458044432,3.990492313883392e-06
Fe2VAl0.9Si0.1,Fe2.000,V1.000,Al0.900Si0.100,650.0,3.960000000000001,0.773,0.0,1.103961399999999,1.0,0.0,0.0,16.876,0.0,0.0,2.0,1.639,0.0,0.0,0.0,0.0,1.0,5.0,0.0,1.0,5.0,13.0,1.61,73.0,4.9,1.0,4.9,0.2899999999999998,0.0,73.5,1.63,1.63,1008.823,225.2,1.9,2183.0,120.0,0.0773,1687.0,-46.99920305821568,3.832749142397502e-06
Fe2VAl0.9Si0.1,Fe2.000,V1.000,Al0.900Si0.100,700.0,3.960000000000001,0.773,0.0,1.103961399999999,1.0,0.0,0.0,16.876,0.0,0.0,2.0,1.639,0.0,0.0,0.0,0.0,1.0,5.0,0.0,1.0,5.0,13.0,1.61,73.0,4.9,1.0,4.9,0.2899999999999998,0.0,73.5,1.63,1.63,1008.823,225.2,1.9,2183.0,120.0,0.0773,1687.0,-38.92992521619082,3.687781319994666e-06
Fe2VAl,Fe2.000,V1.000,Al1.000,400.0,0.0,0.0,0.0,0.0,0.0,0.0,0.0,16.48,0.0,0.0,0.0,1.61,0.0,0.0,0.0,0.0,0.0,5.0,0.0,0.0,0.0,13.0,1.61,73.0,5.0,0.0,5.0,0.0,0.0,73.0,1.63,1.63,933.47,225.0,1.61,2183.0,121.0,0.0,933.47,32.908147520860666,5.149544097224843e-06
Fe2VAl,Fe2.000,V1.000,Al1.000,450.0,0.0,0.0,0.0,0.0,0.0,0.0,0.0,16.48,0.0,0.0,0.0,1.61,0.0,0.0,0.0,0.0,0.0,5.0,0.0,0.0,0.0,13.0,1.61,73.0,5.0,0.0,5.0,0.0,0.0,73.0,1.63,1.63,933.47,225.0,1.61,2183.0,121.0,0.0,933.47,27.110745665586037,4.357330564299565e-06
Fe2VAl,Fe2.000,V1.000,Al1.000,500.0,0.0,0.0,0.0,0.0,0.0,0.0,0.0,16.48,0.0,0.0,0.0,1.61,0.0,0.0,0.0,0.0,0.0,5.0,0.0,0.0,0.0,13.0,1.61,73.0,5.0,0.0,5.0,0.0,0.0,73.0,1.63,1.63,933.47,225.0,1.61,2183.0,121.0,0.0,933.47,18.26226563766517,3.833581245312828e-06
Fe2VAl,Fe2.000,V1.000,Al1.000,550.0,0.0,0.0,0.0,0.0,0.0,0.0,0.0,16.48,0.0,0.0,0.0,1.61,0.0,0.0,0.0,0.0,0.0,5.0,0.0,0.0,0.0,13.0,1.61,73.0,5.0,0.0,5.0,0.0,0.0,73.0,1.63,1.63,933.47,225.0,1.61,2183.0,121.0,0.0,933.47,9.180319128900406,3.5013353181955793e-06
Fe2VTa0.03Al0.97,Fe2.000,V1.000,Ta0.030Al0.970,100.0,1.6400000000000006,0.0,0.0,153.9663414,60.0,0.0,0.0,16.5292,7.0,0.21,4.0,1.6067,7.0,3.0,0.0,14.0,16.0,7.0,0.0,2.0,25.0,5.0,1.5,48.0,5.06,8.0,4.85,0.1100000000000001,0.0,72.25,1.63,1.63,1004.1659,225.12,1.61,2183.0,122.46999999999998,0.0,3290.0,-91.11061815589018,2.8773148693770207e-06
Fe2VTa0.03Al0.97,Fe2.000,V1.000,Ta0.030Al0.970,150.0,1.6400000000000006,0.0,0.0,153.9663414,60.0,0.0,0.0,16.5292,7.0,0.21,4.0,1.6067,7.0,3.0,0.0,14.0,16.0,7.0,0.0,2.0,25.0,5.0,1.5,48.0,5.06,8.0,4.85,0.1100000000000001,0.0,72.25,1.63,1.63,1004.1659,225.12,1.61,2183.0,122.46999999999998,0.0,3290.0,-111.4491805879,3.2952183636649145e-06
Fe2VTa0.03Al0.97,Fe2.000,V1.000,Ta0.030Al0.970,200.0,1.6400000000000006,0.0,0.0,153.9663414,60.0,0.0,0.0,16.5292,7.0,0.21,4.0,1.6067,7.0,3.0,0.0,14.0,16.0,7.0,0.0,2.0,25.0,5.0,1.5,48.0,5.06,8.0,4.85,0.1100000000000001,0.0,72.25,1.63,1.63,1004.1659,225.12,1.61,2183.0,122.46999999999998,0.0,3290.0,-134.7358883163,3.711162412368651e-06
Fe2VTa0.03Al0.97,Fe2.000,V1.000,Ta0.030Al0.970,250.0,1.6400000000000006,0.0,0.0,153.9663414,60.0,0.0,0.0,16.5292,7.0,0.21,4.0,1.6067,7.0,3.0,0.0,14.0,16.0,7.0,0.0,2.0,25.0,5.0,1.5,48.0,5.06,8.0,4.85,0.1100000000000001,0.0,72.25,1.63,1.63,1004.1659,225.12,1.61,2183.0,122.46999999999998,0.0,3290.0,-153.4714828262,4.073783743183186e-06
Fe2VTa0.03Al0.97,Fe2.000,V1.000,Ta0.030Al0.970,300.0,1.6400000000000006,0.0,0.0,153.9663414,60.0,0.0,0.0,16.5292,7.0,0.21,4.0,1.6067,7.0,3.0,0.0,14.0,16.0,7.0,0.0,2.0,25.0,5.0,1.5,48.0,5.06,8.0,4.85,0.1100000000000001,0.0,72.25,1.63,1.63,1004.1659,225.12,1.61,2183.0,122.46999999999998,0.0,3290.0,-163.4087476529,4.34950025198489e-06
Fe2VTa0.03Al0.97,Fe2.000,V1.000,Ta0.030Al0.970,350.0,1.6400000000000006,0.0,0.0,153.9663414,60.0,0.0,0.0,16.5292,7.0,0.21,4.0,1.6067,7.0,3.0,0.0,14.0,16.0,7.0,0.0,2.0,25.0,5.0,1.5,48.0,5.06,8.0,4.85,0.1100000000000001,0.0,72.25,1.63,1.63,1004.1659,225.12,1.61,2183.0,122.46999999999998,0.0,3290.0,-163.00248906689998,4.520219197036054e-06
Fe2VTa0.03Al0.97,Fe2.000,V1.000,Ta0.030Al0.970,400.0,1.6400000000000006,0.0,0.0,153.9663414,60.0,0.0,0.0,16.5292,7.0,0.21,4.0,1.6067,7.0,3.0,0.0,14.0,16.0,7.0,0.0,2.0,25.0,5.0,1.5,48.0,5.06,8.0,4.85,0.1100000000000001,0.0,72.25,1.63,1.63,1004.1659,225.12,1.61,2183.0,122.46999999999998,0.0,3290.0,-152.8595167571,4.5810453931893945e-06
Fe2VTa0.03Al0.97,Fe2.000,V1.000,Ta0.030Al0.970,450.0,1.6400000000000006,0.0,0.0,153.9663414,60.0,0.0,0.0,16.5292,7.0,0.21,4.0,1.6067,7.0,3.0,0.0,14.0,16.0,7.0,0.0,2.0,25.0,5.0,1.5,48.0,5.06,8.0,4.85,0.1100000000000001,0.0,72.25,1.63,1.63,1004.1659,225.12,1.61,2183.0,122.46999999999998,0.0,3290.0,-135.1886245158,4.53798940609256e-06
Fe2VTa0.03Al0.97,Fe2.000,V1.000,Ta0.030Al0.970,500.0,1.6400000000000006,0.0,0.0,153.9663414,60.0,0.0,0.0,16.5292,7.0,0.21,4.0,1.6067,7.0,3.0,0.0,14.0,16.0,7.0,0.0,2.0,25.0,5.0,1.5,48.0,5.06,8.0,4.85,0.1100000000000001,0.0,72.25,1.63,1.63,1004.1659,225.12,1.61,2183.0,122.46999999999998,0.0,3290.0,-113.2505709222,4.405675746392637e-06
Fe2VTa0.03Al0.97,Fe2.000,V1.000,Ta0.030Al0.970,550.0,1.6400000000000006,0.0,0.0,153.9663414,60.0,0.0,0.0,16.5292,7.0,0.21,4.0,1.6067,7.0,3.0,0.0,14.0,16.0,7.0,0.0,2.0,25.0,5.0,1.5,48.0,5.06,8.0,4.85,0.1100000000000001,0.0,72.25,1.63,1.63,1004.1659,225.12,1.61,2183.0,122.46999999999998,0.0,3290.0,-90.80806002686748,4.205051063940648e-06
Fe2VTa0.03Al0.97,Fe2.000,V1.000,Ta0.030Al0.970,600.0,1.6400000000000006,0.0,0.0,153.9663414,60.0,0.0,0.0,16.5292,7.0,0.21,4.0,1.6067,7.0,3.0,0.0,14.0,16.0,7.0,0.0,2.0,25.0,5.0,1.5,48.0,5.06,8.0,4.85,0.1100000000000001,0.0,72.25,1.63,1.63,1004.1659,225.12,1.61,2183.0,122.46999999999998,0.0,3290.0,-71.5757220357294,3.961092341996067e-06
Fe2VTa0.03Al0.97,Fe2.000,V1.000,Ta0.030Al0.970,650.0,1.6400000000000006,0.0,0.0,153.9663414,60.0,0.0,0.0,16.5292,7.0,0.21,4.0,1.6067,7.0,3.0,0.0,14.0,16.0,7.0,0.0,2.0,25.0,5.0,1.5,48.0,5.06,8.0,4.85,0.1100000000000001,0.0,72.25,1.63,1.63,1004.1659,225.12,1.61,2183.0,122.46999999999998,0.0,3290.0,-58.67009399437674,3.7005150914313305e-06
Fe2VTa0.03Al0.97,Fe2.000,V1.000,Ta0.030Al0.970,700.0,1.6400000000000006,0.0,0.0,153.9663414,60.0,0.0,0.0,16.5292,7.0,0.21,4.0,1.6067,7.0,3.0,0.0,14.0,16.0,7.0,0.0,2.0,25.0,5.0,1.5,48.0,5.06,8.0,4.85,0.1100000000000001,0.0,72.25,1.63,1.63,1004.1659,225.12,1.61,2183.0,122.46999999999998,0.0,3290.0,-54.059600472063366,3.4494815449363167e-06
Fe2VTa0.05Al0.95,Fe2.000,V1.000,Ta0.050Al0.950,150.0,1.6400000000000006,0.0,0.0,153.9663414,60.0,0.0,0.0,16.561999999999998,7.0,0.35,4.0,1.6045,7.0,3.0,0.0,14.0,16.0,7.0,0.0,2.0,25.0,5.0,1.5,48.0,5.1,8.0,4.75,0.1100000000000001,0.0,71.75,1.63,1.63,1051.2965,225.2,1.61,2183.0,123.45,0.0,3290.0,-81.6797871856788,1.8595107040001635e-06
Fe2VTa0.05Al0.95,Fe2.000,V1.000,Ta0.050Al0.950,200.0,1.6400000000000006,0.0,0.0,153.9663414,60.0,0.0,0.0,16.561999999999998,7.0,0.35,4.0,1.6045,7.0,3.0,0.0,14.0,16.0,7.0,0.0,2.0,25.0,5.0,1.5,48.0,5.1,8.0,4.75,0.1100000000000001,0.0,71.75,1.63,1.63,1051.2965,225.2,1.61,2183.0,123.45,0.0,3290.0,-102.8451867236,2.265186190452218e-06
Fe2VTa0.05Al0.95,Fe2.000,V1.000,Ta0.050Al0.950,250.0,1.6400000000000006,0.0,0.0,153.9663414,60.0,0.0,0.0,16.561999999999998,7.0,0.35,4.0,1.6045,7.0,3.0,0.0,14.0,16.0,7.0,0.0,2.0,25.0,5.0,1.5,48.0,5.1,8.0,4.75,0.1100000000000001,0.0,71.75,1.63,1.63,1051.2965,225.2,1.61,2183.0,123.45,0.0,3290.0,-122.8748925912,2.6846401920371176e-06
Fe2VTa0.05Al0.95,Fe2.000,V1.000,Ta0.050Al0.950,300.0,1.6400000000000006,0.0,0.0,153.9663414,60.0,0.0,0.0,16.561999999999998,7.0,0.35,4.0,1.6045,7.0,3.0,0.0,14.0,16.0,7.0,0.0,2.0,25.0,5.0,1.5,48.0,5.1,8.0,4.75,0.1100000000000001,0.0,71.75,1.63,1.63,1051.2965,225.2,1.61,2183.0,123.45,0.0,3290.0,-139.1132186204,3.0775798515849815e-06
Fe2VTa0.05Al0.95,Fe2.000,V1.000,Ta0.050Al0.950,350.0,1.6400000000000006,0.0,0.0,153.9663414,60.0,0.0,0.0,16.561999999999998,7.0,0.35,4.0,1.6045,7.0,3.0,0.0,14.0,16.0,7.0,0.0,2.0,25.0,5.0,1.5,48.0,5.1,8.0,4.75,0.1100000000000001,0.0,71.75,1.63,1.63,1051.2965,225.2,1.61,2183.0,123.45,0.0,3290.0,-149.8687569434,3.4155341728100553e-06
Fe2VTa0.05Al0.95,Fe2.000,V1.000,Ta0.050Al0.950,400.0,1.6400000000000006,0.0,0.0,153.9663414,60.0,0.0,0.0,16.561999999999998,7.0,0.35,4.0,1.6045,7.0,3.0,0.0,14.0,16.0,7.0,0.0,2.0,25.0,5.0,1.5,48.0,5.1,8.0,4.75,0.1100000000000001,0.0,71.75,1.63,1.63,1051.2965,225.2,1.61,2183.0,123.45,0.0,3290.0,-154.3071234012,3.680486549072113e-06
Fe2VTa0.05Al0.95,Fe2.000,V1.000,Ta0.050Al0.950,450.0,1.6400000000000006,0.0,0.0,153.9663414,60.0,0.0,0.0,16.561999999999998,7.0,0.35,4.0,1.6045,7.0,3.0,0.0,14.0,16.0,7.0,0.0,2.0,25.0,5.0,1.5,48.0,5.1,8.0,4.75,0.1100000000000001,0.0,71.75,1.63,1.63,1051.2965,225.2,1.61,2183.0,123.45,0.0,3290.0,-152.3437029513,3.8635072921378615e-06
Fe2VTa0.05Al0.95,Fe2.000,V1.000,Ta0.050Al0.950,500.0,1.6400000000000006,0.0,0.0,153.9663414,60.0,0.0,0.0,16.561999999999998,7.0,0.35,4.0,1.6045,7.0,3.0,0.0,14.0,16.0,7.0,0.0,2.0,25.0,5.0,1.5,48.0,5.1,8.0,4.75,0.1100000000000001,0.0,71.75,1.63,1.63,1051.2965,225.2,1.61,2183.0,123.45,0.0,3290.0,-144.5363950768,3.963386160942347e-06
Fe2VTa0.05Al0.95,Fe2.000,V1.000,Ta0.050Al0.950,550.0,1.6400000000000006,0.0,0.0,153.9663414,60.0,0.0,0.0,16.561999999999998,7.0,0.35,4.0,1.6045,7.0,3.0,0.0,14.0,16.0,7.0,0.0,2.0,25.0,5.0,1.5,48.0,5.1,8.0,4.75,0.1100000000000001,0.0,71.75,1.63,1.63,1051.2965,225.2,1.61,2183.0,123.45,0.0,3290.0,-131.9783591945,3.985264890350364e-06
Fe2VTa0.05Al0.95,Fe2.000,V1.000,Ta0.050Al0.950,600.0,1.6400000000000006,0.0,0.0,153.9663414,60.0,0.0,0.0,16.561999999999998,7.0,0.35,4.0,1.6045,7.0,3.0,0.0,14.0,16.0,7.0,0.0,2.0,25.0,5.0,1.5,48.0,5.1,8.0,4.75,0.1100000000000001,0.0,71.75,1.63,1.63,1051.2965,225.2,1.61,2183.0,123.45,0.0,3290.0,-116.1907600628,3.939269719917847e-06
Fe2VTa0.05Al0.95,Fe2.000,V1.000,Ta0.050Al0.950,650.0,1.6400000000000006,0.0,0.0,153.9663414,60.0,0.0,0.0,16.561999999999998,7.0,0.35,4.0,1.6045,7.0,3.0,0.0,14.0,16.0,7.0,0.0,2.0,25.0,5.0,1.5,48.0,5.1,8.0,4.75,0.1100000000000001,0.0,71.75,1.63,1.63,1051.2965,225.2,1.61,2183.0,123.45,0.0,3290.0,-99.01551319082226,3.839143922653288e-06
Fe2VTa0.08Al0.92,Fe2.000,V1.000,Ta0.080Al0.920,150.0,1.6400000000000006,0.0,0.0,153.9663414,60.0,0.0,0.0,16.6112,7.0,0.56,4.0,1.6012,7.0,3.0,0.0,14.0,16.0,7.0,0.0,2.0,25.0,5.0,1.5,48.0,5.16,8.0,4.6000000000000005,0.1100000000000001,0.0,71.0,1.63,1.63,1121.9924,225.32,1.61,2183.0,124.92,0.0,3290.0,-62.13421944061169,1.6177229678983654e-06
Fe2VTa0.08Al0.92,Fe2.000,V1.000,Ta0.080Al0.920,200.0,1.6400000000000006,0.0,0.0,153.9663414,60.0,0.0,0.0,16.6112,7.0,0.56,4.0,1.6012,7.0,3.0,0.0,14.0,16.0,7.0,0.0,2.0,25.0,5.0,1.5,48.0,5.16,8.0,4.6000000000000005,0.1100000000000001,0.0,71.0,1.63,1.63,1121.9924,225.32,1.61,2183.0,124.92,0.0,3290.0,-77.78224508981043,1.9586560730254684e-06
Fe2VTa0.08Al0.92,Fe2.000,V1.000,Ta0.080Al0.920,250.0,1.6400000000000006,0.0,0.0,153.9663414,60.0,0.0,0.0,16.6112,7.0,0.56,4.0,1.6012,7.0,3.0,0.0,14.0,16.0,7.0,0.0,2.0,25.0,5.0,1.5,48.0,5.16,8.0,4.6000000000000005,0.1100000000000001,0.0,71.0,1.63,1.63,1121.9924,225.32,1.61,2183.0,124.92,0.0,3290.0,-93.0358816225749,2.3333215336347447e-06
Fe2VTa0.08Al0.92,Fe2.000,V1.000,Ta0.080Al0.920,300.0,1.6400000000000006,0.0,0.0,153.9663414,60.0,0.0,0.0,16.6112,7.0,0.56,4.0,1.6012,7.0,3.0,0.0,14.0,16.0,7.0,0.0,2.0,25.0,5.0,1.5,48.0,5.16,8.0,4.6000000000000005,0.1100000000000001,0.0,71.0,1.63,1.63,1121.9924,225.32,1.61,2183.0,124.92,0.0,3290.0,-107.728757586,2.704326805619701e-06
Fe2VTa0.08Al0.92,Fe2.000,V1.000,Ta0.080Al0.920,350.0,1.6400000000000006,0.0,0.0,153.9663414,60.0,0.0,0.0,16.6112,7.0,0.56,4.0,1.6012,7.0,3.0,0.0,14.0,16.0,7.0,0.0,2.0,25.0,5.0,1.5,48.0,5.16,8.0,4.6000000000000005,0.1100000000000001,0.0,71.0,1.63,1.63,1121.9924,225.32,1.61,2183.0,124.92,0.0,3290.0,-120.8633820079,3.043684324082643e-06
Fe2VTa0.08Al0.92,Fe2.000,V1.000,Ta0.080Al0.920,400.0,1.6400000000000006,0.0,0.0,153.9663414,60.0,0.0,0.0,16.6112,7.0,0.56,4.0,1.6012,7.0,3.0,0.0,14.0,16.0,7.0,0.0,2.0,25.0,5.0,1.5,48.0,5.16,8.0,4.6000000000000005,0.1100000000000001,0.0,71.0,1.63,1.63,1121.9924,225.32,1.61,2183.0,124.92,0.0,3290.0,-131.00668132200002,3.3318378694260987e-06
Fe2VTa0.08Al0.92,Fe2.000,V1.000,Ta0.080Al0.920,450.0,1.6400000000000006,0.0,0.0,153.9663414,60.0,0.0,0.0,16.6112,7.0,0.56,4.0,1.6012,7.0,3.0,0.0,14.0,16.0,7.0,0.0,2.0,25.0,5.0,1.5,48.0,5.16,8.0,4.6000000000000005,0.1100000000000001,0.0,71.0,1.63,1.63,1121.9924,225.32,1.61,2183.0,124.92,0.0,3290.0,-136.6855362927,3.556688933444227e-06
Fe2VTa0.08Al0.92,Fe2.000,V1.000,Ta0.080Al0.920,500.0,1.6400000000000006,0.0,0.0,153.9663414,60.0,0.0,0.0,16.6112,7.0,0.56,4.0,1.6012,7.0,3.0,0.0,14.0,16.0,7.0,0.0,2.0,25.0,5.0,1.5,48.0,5.16,8.0,4.6000000000000005,0.1100000000000001,0.0,71.0,1.63,1.63,1121.9924,225.32,1.61,2183.0,124.92,0.0,3290.0,-136.78231894060002,3.712623085414252e-06
Fe2VTa0.08Al0.92,Fe2.000,V1.000,Ta0.080Al0.920,550.0,1.6400000000000006,0.0,0.0,153.9663414,60.0,0.0,0.0,16.6112,7.0,0.56,4.0,1.6012,7.0,3.0,0.0,14.0,16.0,7.0,0.0,2.0,25.0,5.0,1.5,48.0,5.16,8.0,4.6000000000000005,0.1100000000000001,0.0,71.0,1.63,1.63,1121.9924,225.32,1.61,2183.0,124.92,0.0,3290.0,-130.9304294673,3.7995363381878657e-06
Fe2VTa0.08Al0.92,Fe2.000,V1.000,Ta0.080Al0.920,600.0,1.6400000000000006,0.0,0.0,153.9663414,60.0,0.0,0.0,16.6112,7.0,0.56,4.0,1.6012,7.0,3.0,0.0,14.0,16.0,7.0,0.0,2.0,25.0,5.0,1.5,48.0,5.16,8.0,4.6000000000000005,0.1100000000000001,0.0,71.0,1.63,1.63,1121.9924,225.32,1.61,2183.0,124.92,0.0,3290.0,-119.909833181,3.821861514282657e-06
Fe2VTa0.08Al0.92,Fe2.000,V1.000,Ta0.080Al0.920,650.0,1.6400000000000006,0.0,0.0,153.9663414,60.0,0.0,0.0,16.6112,7.0,0.56,4.0,1.6012,7.0,3.0,0.0,14.0,16.0,7.0,0.0,2.0,25.0,5.0,1.5,48.0,5.16,8.0,4.6000000000000005,0.1100000000000001,0.0,71.0,1.63,1.63,1121.9924,225.32,1.61,2183.0,124.92,0.0,3290.0,-106.0425974209,3.7875946119735297e-06
Fe2VTa0.08Al0.92,Fe2.000,V1.000,Ta0.080Al0.920,700.0,1.6400000000000006,0.0,0.0,153.9663414,60.0,0.0,0.0,16.6112,7.0,0.56,4.0,1.6012,7.0,3.0,0.0,14.0,16.0,7.0,0.0,2.0,25.0,5.0,1.5,48.0,5.16,8.0,4.6000000000000005,0.1100000000000001,0.0,71.0,1.63,1.63,1121.9924,225.32,1.61,2183.0,124.92,0.0,3290.0,-93.58842848314208,3.7073211713841166e-06
Fe2VTa0.12Al0.88,Fe2.000,V1.000,Ta0.120Al0.880,150.0,1.6400000000000006,0.0,0.0,153.9663414,60.0,0.0,0.0,16.6768,7.0,0.84,4.0,1.5968,7.0,3.0,0.0,14.0,16.0,7.0,0.0,2.0,25.0,5.0,1.5,48.0,5.24,8.0,4.4,0.1100000000000001,0.0,70.0,1.63,1.63,1216.2536,225.48,1.61,2183.0,126.88,0.0,3290.0,-39.78719425598506,1.5908832138774296e-06
Fe2VTa0.12Al0.88,Fe2.000,V1.000,Ta0.120Al0.880,200.0,1.6400000000000006,0.0,0.0,153.9663414,60.0,0.0,0.0,16.6768,7.0,0.84,4.0,1.5968,7.0,3.0,0.0,14.0,16.0,7.0,0.0,2.0,25.0,5.0,1.5,48.0,5.24,8.0,4.4,0.1100000000000001,0.0,70.0,1.63,1.63,1216.2536,225.48,1.61,2183.0,126.88,0.0,3290.0,-51.49568799484489,1.8468253549804712e-06
Fe2VTa0.12Al0.88,Fe2.000,V1.000,Ta0.120Al0.880,250.0,1.6400000000000006,0.0,0.0,153.9663414,60.0,0.0,0.0,16.6768,7.0,0.84,4.0,1.5968,7.0,3.0,0.0,14.0,16.0,7.0,0.0,2.0,25.0,5.0,1.5,48.0,5.24,8.0,4.4,0.1100000000000001,0.0,70.0,1.63,1.63,1216.2536,225.48,1.61,2183.0,126.88,0.0,3290.0,-62.529303597161366,2.1325100590374377e-06
Fe2VTa0.12Al0.88,Fe2.000,V1.000,Ta0.120Al0.880,300.0,1.6400000000000006,0.0,0.0,153.9663414,60.0,0.0,0.0,16.6768,7.0,0.84,4.0,1.5968,7.0,3.0,0.0,14.0,16.0,7.0,0.0,2.0,25.0,5.0,1.5,48.0,5.24,8.0,4.4,0.1100000000000001,0.0,70.0,1.63,1.63,1216.2536,225.48,1.61,2183.0,126.88,0.0,3290.0,-73.05056006506288,2.4265574186954624e-06
Fe2VTa0.12Al0.88,Fe2.000,V1.000,Ta0.120Al0.880,350.0,1.6400000000000006,0.0,0.0,153.9663414,60.0,0.0,0.0,16.6768,7.0,0.84,4.0,1.5968,7.0,3.0,0.0,14.0,16.0,7.0,0.0,2.0,25.0,5.0,1.5,48.0,5.24,8.0,4.4,0.1100000000000001,0.0,70.0,1.63,1.63,1216.2536,225.48,1.61,2183.0,126.88,0.0,3290.0,-82.82314739985863,2.711333444398371e-06
Fe2VTa0.12Al0.88,Fe2.000,V1.000,Ta0.120Al0.880,400.0,1.6400000000000006,0.0,0.0,153.9663414,60.0,0.0,0.0,16.6768,7.0,0.84,4.0,1.5968,7.0,3.0,0.0,14.0,16.0,7.0,0.0,2.0,25.0,5.0,1.5,48.0,5.24,8.0,4.4,0.1100000000000001,0.0,70.0,1.63,1.63,1216.2536,225.48,1.61,2183.0,126.88,0.0,3290.0,-91.35345020968776,2.9727215804301135e-06
Fe2VTa0.12Al0.88,Fe2.000,V1.000,Ta0.120Al0.880,450.0,1.6400000000000006,0.0,0.0,153.9663414,60.0,0.0,0.0,16.6768,7.0,0.84,4.0,1.5968,7.0,3.0,0.0,14.0,16.0,7.0,0.0,2.0,25.0,5.0,1.5,48.0,5.24,8.0,4.4,0.1100000000000001,0.0,70.0,1.63,1.63,1216.2536,225.48,1.61,2183.0,126.88,0.0,3290.0,-98.03207131716856,3.199894220958208e-06
Fe2VTa0.12Al0.88,Fe2.000,V1.000,Ta0.120Al0.880,500.0,1.6400000000000006,0.0,0.0,153.9663414,60.0,0.0,0.0,16.6768,7.0,0.84,4.0,1.5968,7.0,3.0,0.0,14.0,16.0,7.0,0.0,2.0,25.0,5.0,1.5,48.0,5.24,8.0,4.4,0.1100000000000001,0.0,70.0,1.63,1.63,1216.2536,225.48,1.61,2183.0,126.88,0.0,3290.0,-102.275355367,3.3850842260771733e-06
Fe2VTa0.12Al0.88,Fe2.000,V1.000,Ta0.120Al0.880,550.0,1.6400000000000006,0.0,0.0,153.9663414,60.0,0.0,0.0,16.6768,7.0,0.84,4.0,1.5968,7.0,3.0,0.0,14.0,16.0,7.0,0.0,2.0,25.0,5.0,1.5,48.0,5.24,8.0,4.4,0.1100000000000001,0.0,70.0,1.63,1.63,1216.2536,225.48,1.61,2183.0,126.88,0.0,3290.0,-103.6669124338,3.5233564378519668e-06
Fe2VTa0.12Al0.88,Fe2.000,V1.000,Ta0.120Al0.880,600.0,1.6400000000000006,0.0,0.0,153.9663414,60.0,0.0,0.0,16.6768,7.0,0.84,4.0,1.5968,7.0,3.0,0.0,14.0,16.0,7.0,0.0,2.0,25.0,5.0,1.5,48.0,5.24,8.0,4.4,0.1100000000000001,0.0,70.0,1.63,1.63,1216.2536,225.48,1.61,2183.0,126.88,0.0,3290.0,-102.0991416295,3.612379196361421e-06
Fe2VTa0.12Al0.88,Fe2.000,V1.000,Ta0.120Al0.880,650.0,1.6400000000000006,0.0,0.0,153.9663414,60.0,0.0,0.0,16.6768,7.0,0.84,4.0,1.5968,7.0,3.0,0.0,14.0,16.0,7.0,0.0,2.0,25.0,5.0,1.5,48.0,5.24,8.0,4.4,0.1100000000000001,0.0,70.0,1.63,1.63,1216.2536,225.48,1.61,2183.0,126.88,0.0,3290.0,-97.91475471108691,3.652195855741679e-06
Fe2.08V0.92Si,Fe2.000,V1.000,Si1.000,350.0,0.0,0.0,0.0,0.0,0.0,0.0,0.0,20.44,0.0,0.0,0.0,1.9,0.0,0.0,0.0,0.0,0.0,4.0,0.0,0.0,0.0,14.0,1.9,78.0,4.0,0.0,4.0,0.0,0.0,78.0,1.63,1.63,1687.0,227.0,1.9,2183.0,111.0,0.773,1687.0,-46.17820056121162,2.361417944922407e-06
Fe2.08V0.92Si,Fe2.000,V1.000,Si1.000,400.0,0.0,0.0,0.0,0.0,0.0,0.0,0.0,20.44,0.0,0.0,0.0,1.9,0.0,0.0,0.0,0.0,0.0,4.0,0.0,0.0,0.0,14.0,1.9,78.0,4.0,0.0,4.0,0.0,0.0,78.0,1.63,1.63,1687.0,227.0,1.9,2183.0,111.0,0.773,1687.0,-50.350205604550126,2.454860609687164e-06
Fe2.08V0.92Si,Fe2.000,V1.000,Si1.000,450.0,0.0,0.0,0.0,0.0,0.0,0.0,0.0,20.44,0.0,0.0,0.0,1.9,0.0,0.0,0.0,0.0,0.0,4.0,0.0,0.0,0.0,14.0,1.9,78.0,4.0,0.0,4.0,0.0,0.0,78.0,1.63,1.63,1687.0,227.0,1.9,2183.0,111.0,0.773,1687.0,-52.94033339117365,2.530637612702966e-06
Fe2.08V0.92Si,Fe2.000,V1.000,Si1.000,500.0,0.0,0.0,0.0,0.0,0.0,0.0,0.0,20.44,0.0,0.0,0.0,1.9,0.0,0.0,0.0,0.0,0.0,4.0,0.0,0.0,0.0,14.0,1.9,78.0,4.0,0.0,4.0,0.0,0.0,78.0,1.63,1.63,1687.0,227.0,1.9,2183.0,111.0,0.773,1687.0,-54.415991370008506,2.5929363664417465e-06
Fe2.08V0.92Si,Fe2.000,V1.000,Si1.000,550.0,0.0,0.0,0.0,0.0,0.0,0.0,0.0,20.44,0.0,0.0,0.0,1.9,0.0,0.0,0.0,0.0,0.0,4.0,0.0,0.0,0.0,14.0,1.9,78.0,4.0,0.0,4.0,0.0,0.0,78.0,1.63,1.63,1687.0,227.0,1.9,2183.0,111.0,0.773,1687.0,-55.115650841559955,2.644270665150644e-06
Fe2.08V0.92Si,Fe2.000,V1.000,Si1.000,600.0,0.0,0.0,0.0,0.0,0.0,0.0,0.0,20.44,0.0,0.0,0.0,1.9,0.0,0.0,0.0,0.0,0.0,4.0,0.0,0.0,0.0,14.0,1.9,78.0,4.0,0.0,4.0,0.0,0.0,78.0,1.63,1.63,1687.0,227.0,1.9,2183.0,111.0,0.773,1687.0,-55.26757342742893,2.6858421023960517e-06
Fe2.08V0.92Si,Fe2.000,V1.000,Si1.000,650.0,0.0,0.0,0.0,0.0,0.0,0.0,0.0,20.44,0.0,0.0,0.0,1.9,0.0,0.0,0.0,0.0,0.0,4.0,0.0,0.0,0.0,14.0,1.9,78.0,4.0,0.0,4.0,0.0,0.0,78.0,1.63,1.63,1687.0,227.0,1.9,2183.0,111.0,0.773,1687.0,-55.00853753982927,2.717901488607674e-06
Fe2.08V0.92Si,Fe2.000,V1.000,Si1.000,700.0,0.0,0.0,0.0,0.0,0.0,0.0,0.0,20.44,0.0,0.0,0.0,1.9,0.0,0.0,0.0,0.0,0.0,4.0,0.0,0.0,0.0,14.0,1.9,78.0,4.0,0.0,4.0,0.0,0.0,78.0,1.63,1.63,1687.0,227.0,1.9,2183.0,111.0,0.773,1687.0,-54.40256485110483,2.7401102686225648e-06
Fe2.08V0.92Si,Fe2.000,V1.000,Si1.000,750.0,0.0,0.0,0.0,0.0,0.0,0.0,0.0,20.44,0.0,0.0,0.0,1.9,0.0,0.0,0.0,0.0,0.0,4.0,0.0,0.0,0.0,14.0,1.9,78.0,4.0,0.0,4.0,0.0,0.0,78.0,1.63,1.63,1687.0,227.0,1.9,2183.0,111.0,0.773,1687.0,-53.45964676324678,2.751901939229195e-06
Fe2.08V0.92Si,Fe2.000,V1.000,Si1.000,800.0,0.0,0.0,0.0,0.0,0.0,0.0,0.0,20.44,0.0,0.0,0.0,1.9,0.0,0.0,0.0,0.0,0.0,4.0,0.0,0.0,0.0,14.0,1.9,78.0,4.0,0.0,4.0,0.0,0.0,78.0,1.63,1.63,1687.0,227.0,1.9,2183.0,111.0,0.773,1687.0,-52.154470877409494,2.752843466711488e-06
Fe2.08V0.92Si,Fe2.000,V1.000,Si1.000,850.0,0.0,0.0,0.0,0.0,0.0,0.0,0.0,20.44,0.0,0.0,0.0,1.9,0.0,0.0,0.0,0.0,0.0,4.0,0.0,0.0,0.0,14.0,1.9,78.0,4.0,0.0,4.0,0.0,0.0,78.0,1.63,1.63,1687.0,227.0,1.9,2183.0,111.0,0.773,1687.0,-50.44514746342901,2.7429967043928862e-06
Fe2.08V0.92Si,Fe2.000,V1.000,Si1.000,900.0,0.0,0.0,0.0,0.0,0.0,0.0,0.0,20.44,0.0,0.0,0.0,1.9,0.0,0.0,0.0,0.0,0.0,4.0,0.0,0.0,0.0,14.0,1.9,78.0,4.0,0.0,4.0,0.0,0.0,78.0,1.63,1.63,1687.0,227.0,1.9,2183.0,111.0,0.773,1687.0,-48.29193592933933,2.723279810180384e-06
Fe2.08V0.92Si,Fe2.000,V1.000,Si1.000,950.0,0.0,0.0,0.0,0.0,0.0,0.0,0.0,20.44,0.0,0.0,0.0,1.9,0.0,0.0,0.0,0.0,0.0,4.0,0.0,0.0,0.0,14.0,1.9,78.0,4.0,0.0,4.0,0.0,0.0,78.0,1.63,1.63,1687.0,227.0,1.9,2183.0,111.0,0.773,1687.0,-45.675971290889606,2.6958286641085895e-06
Fe2.08V0.92Si,Fe2.000,V1.000,Si1.000,1000.0,0.0,0.0,0.0,0.0,0.0,0.0,0.0,20.44,0.0,0.0,0.0,1.9,0.0,0.0,0.0,0.0,0.0,4.0,0.0,0.0,0.0,14.0,1.9,78.0,4.0,0.0,4.0,0.0,0.0,78.0,1.63,1.63,1687.0,227.0,1.9,2183.0,111.0,0.773,1687.0,-42.61799064106129,2.66435828588378e-06
Ti0.3Zr0.35Hf0.35Ni2Sn,Ni2.000,Ti0.300Zr0.350Hf0.350,Sn1.000,400.0,0.0,0.0,2.25333333333e-05,0.0,0.0,0.0,0.0,33.285,0.0,0.0,0.0,1.96,0.0,0.0,6.759999999990001e-06,0.0,0.0,4.0,2.25333333333e-05,0.0,0.0,14.0,1.96,80.0,4.0,0.0,4.0,0.0,0.24,80.0,1.3825,1.3,505.08,141.0,1.96,2204.2000000000003,139.0,0.0,505.08,-8.358476593055308,9.178041083887056e-07
Ti0.3Zr0.35Hf0.35Ni2Sn,Ni2.000,Ti0.300Zr0.350Hf0.350,Sn1.000,450.0,0.0,0.0,2.25333333333e-05,0.0,0.0,0.0,0.0,33.285,0.0,0.0,0.0,1.96,0.0,0.0,6.759999999990001e-06,0.0,0.0,4.0,2.25333333333e-05,0.0,0.0,14.0,1.96,80.0,4.0,0.0,4.0,0.0,0.24,80.0,1.3825,1.3,505.08,141.0,1.96,2204.2000000000003,139.0,0.0,505.08,-9.490223489242949,9.683596944172129e-07
Ti0.3Zr0.35Hf0.35Ni2Sn,Ni2.000,Ti0.300Zr0.350Hf0.350,Sn1.000,500.0,0.0,0.0,2.25333333333e-05,0.0,0.0,0.0,0.0,33.285,0.0,0.0,0.0,1.96,0.0,0.0,6.759999999990001e-06,0.0,0.0,4.0,2.25333333333e-05,0.0,0.0,14.0,1.96,80.0,4.0,0.0,4.0,0.0,0.24,80.0,1.3825,1.3,505.08,141.0,1.96,2204.2000000000003,139.0,0.0,505.08,-10.252038887058852,1.0448205169285849e-06
Ti0.3Zr0.35Hf0.35Ni2Sn,Ni2.000,Ti0.300Zr0.350Hf0.350,Sn1.000,550.0,0.0,0.0,2.25333333333e-05,0.0,0.0,0.0,0.0,33.285,0.0,0.0,0.0,1.96,0.0,0.0,6.759999999990001e-06,0.0,0.0,4.0,2.25333333333e-05,0.0,0.0,14.0,1.96,80.0,4.0,0.0,4.0,0.0,0.24,80.0,1.3825,1.3,505.08,141.0,1.96,2204.2000000000003,139.0,0.0,505.08,-10.682379223031576,1.112539007452526e-06
Ti0.3Zr0.35Hf0.35Ni2Sn,Ni2.000,Ti0.300Zr0.350Hf0.350,Sn1.000,600.0,0.0,0.0,2.25333333333e-05,0.0,0.0,0.0,0.0,33.285,0.0,0.0,0.0,1.96,0.0,0.0,6.759999999990001e-06,0.0,0.0,4.0,2.25333333333e-05,0.0,0.0,14.0,1.96,80.0,4.0,0.0,4.0,0.0,0.24,80.0,1.3825,1.3,505.08,141.0,1.96,2204.2000000000003,139.0,0.0,505.08,-10.94349987930633,1.1569584773203112e-06
Ti0.3Zr0.35Hf0.35Ni2Sn,Ni2.000,Ti0.300Zr0.350Hf0.350,Sn1.000,650.0,0.0,0.0,2.25333333333e-05,0.0,0.0,0.0,0.0,33.285,0.0,0.0,0.0,1.96,0.0,0.0,6.759999999990001e-06,0.0,0.0,4.0,2.25333333333e-05,0.0,0.0,14.0,1.96,80.0,4.0,0.0,4.0,0.0,0.24,80.0,1.3825,1.3,505.08,141.0,1.96,2204.2000000000003,139.0,0.0,505.08,-11.194124855788592,1.199341724101312e-06
Ti0.3Zr0.35Hf0.35Ni2Sn,Ni2.000,Ti0.300Zr0.350Hf0.350,Sn1.000,700.0,0.0,0.0,2.25333333333e-05,0.0,0.0,0.0,0.0,33.285,0.0,0.0,0.0,1.96,0.0,0.0,6.759999999990001e-06,0.0,0.0,4.0,2.25333333333e-05,0.0,0.0,14.0,1.96,80.0,4.0,0.0,4.0,0.0,0.24,80.0,1.3825,1.3,505.08,141.0,1.96,2204.2000000000003,139.0,0.0,505.08,-11.46211644228536,1.3124996380394352e-06
Fe2VAl,Fe2.000,V1.000,Al1.000,350.0,0.0,0.0,0.0,0.0,0.0,0.0,0.0,16.48,0.0,0.0,0.0,1.61,0.0,0.0,0.0,0.0,0.0,5.0,0.0,0.0,0.0,13.0,1.61,73.0,5.0,0.0,5.0,0.0,0.0,73.0,1.63,1.63,933.47,225.0,1.61,2183.0,121.0,0.0,933.47,-18.412405329497112,8.713928141590896e-06
Fe2VAl,Fe2.000,V1.000,Al1.000,400.0,0.0,0.0,0.0,0.0,0.0,0.0,0.0,16.48,0.0,0.0,0.0,1.61,0.0,0.0,0.0,0.0,0.0,5.0,0.0,0.0,0.0,13.0,1.61,73.0,5.0,0.0,5.0,0.0,0.0,73.0,1.63,1.63,933.47,225.0,1.61,2183.0,121.0,0.0,933.47,-16.764681888821347,7.2429883384005235e-06
Fe2VAl,Fe2.000,V1.000,Al1.000,450.0,0.0,0.0,0.0,0.0,0.0,0.0,0.0,16.48,0.0,0.0,0.0,1.61,0.0,0.0,0.0,0.0,0.0,5.0,0.0,0.0,0.0,13.0,1.61,73.0,5.0,0.0,5.0,0.0,0.0,73.0,1.63,1.63,933.47,225.0,1.61,2183.0,121.0,0.0,933.47,-14.15678147060614,6.25278916549436e-06
Fe2VAl,Fe2.000,V1.000,Al1.000,500.0,0.0,0.0,0.0,0.0,0.0,0.0,0.0,16.48,0.0,0.0,0.0,1.61,0.0,0.0,0.0,0.0,0.0,5.0,0.0,0.0,0.0,13.0,1.61,73.0,5.0,0.0,5.0,0.0,0.0,73.0,1.63,1.63,933.47,225.0,1.61,2183.0,121.0,0.0,933.47,-11.929745636107912,5.5717451423579705e-06
Fe2VAl,Fe2.000,V1.000,Al1.000,550.0,0.0,0.0,0.0,0.0,0.0,0.0,0.0,16.48,0.0,0.0,0.0,1.61,0.0,0.0,0.0,0.0,0.0,5.0,0.0,0.0,0.0,13.0,1.61,73.0,5.0,0.0,5.0,0.0,0.0,73.0,1.63,1.63,933.47,225.0,1.61,2183.0,121.0,0.0,933.47,-10.576812882963024,5.005249273724211e-06
Fe2VAl,Fe2.000,V1.000,Al1.000,600.0,0.0,0.0,0.0,0.0,0.0,0.0,0.0,16.48,0.0,0.0,0.0,1.61,0.0,0.0,0.0,0.0,0.0,5.0,0.0,0.0,0.0,13.0,1.61,73.0,5.0,0.0,5.0,0.0,0.0,73.0,1.63,1.63,933.47,225.0,1.61,2183.0,121.0,0.0,933.47,-10.04635060166862,4.498709452011471e-06
Fe2V0.98W0.02Al,Fe2.000,V1.000,W0.020Al0.980,400.0,0.4299999999999997,0.0,0.0,156.8584614,61.0,0.0,0.0,16.471400000000003,6.0,0.12,4.0,1.625,6.0,3.0,0.0,14.0,17.0,6.0,0.0,1.0,22.0,6.0,1.61,51.0,5.0200000000000005,7.0,4.9,0.7499999999999998,0.0,72.55999999999999,1.63,1.63,988.7006,225.08,2.36,2183.0,121.82,0.0,3695.0,-78.69656344069433,7.136938595368183e-06
Fe2V0.98W0.02Al,Fe2.000,V1.000,W0.020Al0.980,450.0,0.4299999999999997,0.0,0.0,156.8584614,61.0,0.0,0.0,16.471400000000003,6.0,0.12,4.0,1.625,6.0,3.0,0.0,14.0,17.0,6.0,0.0,1.0,22.0,6.0,1.61,51.0,5.0200000000000005,7.0,4.9,0.7499999999999998,0.0,72.55999999999999,1.63,1.63,988.7006,225.08,2.36,2183.0,121.82,0.0,3695.0,-68.89063415721833,6.240350704542895e-06
Fe2V0.98W0.02Al,Fe2.000,V1.000,W0.020Al0.980,500.0,0.4299999999999997,0.0,0.0,156.8584614,61.0,0.0,0.0,16.471400000000003,6.0,0.12,4.0,1.625,6.0,3.0,0.0,14.0,17.0,6.0,0.0,1.0,22.0,6.0,1.61,51.0,5.0200000000000005,7.0,4.9,0.7499999999999998,0.0,72.55999999999999,1.63,1.63,988.7006,225.08,2.36,2183.0,121.82,0.0,3695.0,-58.5638699298922,5.525209681496733e-06
Fe2V0.98W0.02Al,Fe2.000,V1.000,W0.020Al0.980,550.0,0.4299999999999997,0.0,0.0,156.8584614,61.0,0.0,0.0,16.471400000000003,6.0,0.12,4.0,1.625,6.0,3.0,0.0,14.0,17.0,6.0,0.0,1.0,22.0,6.0,1.61,51.0,5.0200000000000005,7.0,4.9,0.7499999999999998,0.0,72.55999999999999,1.63,1.63,988.7006,225.08,2.36,2183.0,121.82,0.0,3695.0,-47.42468525341555,4.965029175382166e-06
Fe2V0.98W0.02Al,Fe2.000,V1.000,W0.020Al0.980,600.0,0.4299999999999997,0.0,0.0,156.8584614,61.0,0.0,0.0,16.471400000000003,6.0,0.12,4.0,1.625,6.0,3.0,0.0,14.0,17.0,6.0,0.0,1.0,22.0,6.0,1.61,51.0,5.0200000000000005,7.0,4.9,0.7499999999999998,0.0,72.55999999999999,1.63,1.63,988.7006,225.08,2.36,2183.0,121.82,0.0,3695.0,-37.46063670474926,4.5385961775704285e-06
Fe2V0.98W0.02Al,Fe2.000,V1.000,W0.020Al0.980,650.0,0.4299999999999997,0.0,0.0,156.8584614,61.0,0.0,0.0,16.471400000000003,6.0,0.12,4.0,1.625,6.0,3.0,0.0,14.0,17.0,6.0,0.0,1.0,22.0,6.0,1.61,51.0,5.0200000000000005,7.0,4.9,0.7499999999999998,0.0,72.55999999999999,1.63,1.63,988.7006,225.08,2.36,2183.0,121.82,0.0,3695.0,-30.757604165367656,4.214577508168779e-06
Fe2V0.98W0.02Al,Fe2.000,V1.000,W0.020Al0.980,700.0,0.4299999999999997,0.0,0.0,156.8584614,61.0,0.0,0.0,16.471400000000003,6.0,0.12,4.0,1.625,6.0,3.0,0.0,14.0,17.0,6.0,0.0,1.0,22.0,6.0,1.61,51.0,5.0200000000000005,7.0,4.9,0.7499999999999998,0.0,72.55999999999999,1.63,1.63,988.7006,225.08,2.36,2183.0,121.82,0.0,3695.0,-27.318972043504417,3.9361263025379585e-06
Fe2V0.96W0.04Al,Fe2.000,V1.000,W0.038Al0.962,400.0,0.4299999999999997,0.0,0.0,156.8584614,61.0,0.0,0.0,16.46366,6.0,0.2279999999999999,4.0,1.6385,6.0,3.0,0.0,14.0,17.0,6.0,0.0,1.0,22.0,6.0,1.61,51.0,5.037999999999999,7.0,4.81,0.7499999999999998,0.0,72.164,1.63,1.63,1038.40814,225.152,2.36,2183.0,122.558,0.0,3695.0,-92.1028714028554,6.573593149835522e-06
Fe2V0.96W0.04Al,Fe2.000,V1.000,W0.038Al0.962,450.0,0.4299999999999997,0.0,0.0,156.8584614,61.0,0.0,0.0,16.46366,6.0,0.2279999999999999,4.0,1.6385,6.0,3.0,0.0,14.0,17.0,6.0,0.0,1.0,22.0,6.0,1.61,51.0,5.037999999999999,7.0,4.81,0.7499999999999998,0.0,72.164,1.63,1.63,1038.40814,225.152,2.36,2183.0,122.558,0.0,3695.0,-78.9151802117966,5.931727812380992e-06
Fe2V0.96W0.04Al,Fe2.000,V1.000,W0.038Al0.962,500.0,0.4299999999999997,0.0,0.0,156.8584614,61.0,0.0,0.0,16.46366,6.0,0.2279999999999999,4.0,1.6385,6.0,3.0,0.0,14.0,17.0,6.0,0.0,1.0,22.0,6.0,1.61,51.0,5.037999999999999,7.0,4.81,0.7499999999999998,0.0,72.164,1.63,1.63,1038.40814,225.152,2.36,2183.0,122.558,0.0,3695.0,-65.39868096486386,5.3557756896416205e-06
Fe2V0.96W0.04Al,Fe2.000,V1.000,W0.038Al0.962,550.0,0.4299999999999997,0.0,0.0,156.8584614,61.0,0.0,0.0,16.46366,6.0,0.2279999999999999,4.0,1.6385,6.0,3.0,0.0,14.0,17.0,6.0,0.0,1.0,22.0,6.0,1.61,51.0,5.037999999999999,7.0,4.81,0.7499999999999998,0.0,72.164,1.63,1.63,1038.40814,225.152,2.36,2183.0,122.558,0.0,3695.0,-51.185783596851934,4.841718067166203e-06
Fe2V0.96W0.04Al,Fe2.000,V1.000,W0.038Al0.962,600.0,0.4299999999999997,0.0,0.0,156.8584614,61.0,0.0,0.0,16.46366,6.0,0.2279999999999999,4.0,1.6385,6.0,3.0,0.0,14.0,17.0,6.0,0.0,1.0,22.0,6.0,1.61,51.0,5.037999999999999,7.0,4.81,0.7499999999999998,0.0,72.164,1.63,1.63,1038.40814,225.152,2.36,2183.0,122.558,0.0,3695.0,-39.41755131137408,4.402787491777804e-06
Fe2V0.96W0.04Al,Fe2.000,V1.000,W0.038Al0.962,650.0,0.4299999999999997,0.0,0.0,156.8584614,61.0,0.0,0.0,16.46366,6.0,0.2279999999999999,4.0,1.6385,6.0,3.0,0.0,14.0,17.0,6.0,0.0,1.0,22.0,6.0,1.61,51.0,5.037999999999999,7.0,4.81,0.7499999999999998,0.0,72.164,1.63,1.63,1038.40814,225.152,2.36,2183.0,122.558,0.0,3695.0,-32.944765601527514,4.05524622543846e-06
Fe2V0.96W0.04Al,Fe2.000,V1.000,W0.038Al0.962,700.0,0.4299999999999997,0.0,0.0,156.8584614,61.0,0.0,0.0,16.46366,6.0,0.2279999999999999,4.0,1.6385,6.0,3.0,0.0,14.0,17.0,6.0,0.0,1.0,22.0,6.0,1.61,51.0,5.037999999999999,7.0,4.81,0.7499999999999998,0.0,72.164,1.63,1.63,1038.40814,225.152,2.36,2183.0,122.558,0.0,3695.0,-30.528991270618693,3.8041646991140334e-06
Fe2V0.94W0.06Al,Fe2.000,V1.000,W0.057Al0.943,350.0,0.4299999999999997,0.0,0.0,156.8584614,61.0,0.0,0.0,16.45549,6.0,0.342,4.0,1.65275,6.0,3.0,0.0,14.0,17.0,6.0,0.0,1.0,22.0,6.0,1.61,51.0,5.0569999999999995,7.0,4.715,0.7499999999999998,0.0,71.746,1.63,1.63,1090.87721,225.228,2.36,2183.0,123.337,0.0,3695.0,-116.4027479712,6.008466079478008e-06
Fe2V0.94W0.06Al,Fe2.000,V1.000,W0.057Al0.943,400.0,0.4299999999999997,0.0,0.0,156.8584614,61.0,0.0,0.0,16.45549,6.0,0.342,4.0,1.65275,6.0,3.0,0.0,14.0,17.0,6.0,0.0,1.0,22.0,6.0,1.61,51.0,5.0569999999999995,7.0,4.715,0.7499999999999998,0.0,71.746,1.63,1.63,1090.87721,225.228,2.36,2183.0,123.337,0.0,3695.0,-110.4200439674,5.700759609619865e-06
Fe2V0.94W0.06Al,Fe2.000,V1.000,W0.057Al0.943,450.0,0.4299999999999997,0.0,0.0,156.8584614,61.0,0.0,0.0,16.45549,6.0,0.342,4.0,1.65275,6.0,3.0,0.0,14.0,17.0,6.0,0.0,1.0,22.0,6.0,1.61,51.0,5.0569999999999995,7.0,4.715,0.7499999999999998,0.0,71.746,1.63,1.63,1090.87721,225.228,2.36,2183.0,123.337,0.0,3695.0,-95.90113301306825,5.3516384600382155e-06
Fe2V0.94W0.06Al,Fe2.000,V1.000,W0.057Al0.943,500.0,0.4299999999999997,0.0,0.0,156.8584614,61.0,0.0,0.0,16.45549,6.0,0.342,4.0,1.65275,6.0,3.0,0.0,14.0,17.0,6.0,0.0,1.0,22.0,6.0,1.61,51.0,5.0569999999999995,7.0,4.715,0.7499999999999998,0.0,71.746,1.63,1.63,1090.87721,225.228,2.36,2183.0,123.337,0.0,3695.0,-80.95686736187685,4.990897612552571e-06
Fe2V0.94W0.06Al,Fe2.000,V1.000,W0.057Al0.943,550.0,0.4299999999999997,0.0,0.0,156.8584614,61.0,0.0,0.0,16.45549,6.0,0.342,4.0,1.65275,6.0,3.0,0.0,14.0,17.0,6.0,0.0,1.0,22.0,6.0,1.61,51.0,5.0569999999999995,7.0,4.715,0.7499999999999998,0.0,71.746,1.63,1.63,1090.87721,225.228,2.36,2183.0,123.337,0.0,3695.0,-68.43972986023388,4.642999335473452e-06
Fe2V0.94W0.06Al,Fe2.000,V1.000,W0.057Al0.943,600.0,0.4299999999999997,0.0,0.0,156.8584614,61.0,0.0,0.0,16.45549,6.0,0.342,4.0,1.65275,6.0,3.0,0.0,14.0,17.0,6.0,0.0,1.0,22.0,6.0,1.61,51.0,5.0569999999999995,7.0,4.715,0.7499999999999998,0.0,71.746,1.63,1.63,1090.87721,225.228,2.36,2183.0,123.337,0.0,3695.0,-58.069785849799736,4.325908504740396e-06
Fe2V0.94W0.06Al,Fe2.000,V1.000,W0.057Al0.943,650.0,0.4299999999999997,0.0,0.0,156.8584614,61.0,0.0,0.0,16.45549,6.0,0.342,4.0,1.65275,6.0,3.0,0.0,14.0,17.0,6.0,0.0,1.0,22.0,6.0,1.61,51.0,5.0569999999999995,7.0,4.715,0.7499999999999998,0.0,71.746,1.63,1.63,1090.87721,225.228,2.36,2183.0,123.337,0.0,3695.0,-48.56063506998359,4.0499279250599085e-06
Fe2V0.94W0.06Al,Fe2.000,V1.000,W0.057Al0.943,700.0,0.4299999999999997,0.0,0.0,156.8584614,61.0,0.0,0.0,16.45549,6.0,0.342,4.0,1.65275,6.0,3.0,0.0,14.0,17.0,6.0,0.0,1.0,22.0,6.0,1.61,51.0,5.0569999999999995,7.0,4.715,0.7499999999999998,0.0,71.746,1.63,1.63,1090.87721,225.228,2.36,2183.0,123.337,0.0,3695.0,-39.74536356045506,3.816533651043436e-06
Fe2V0.92W0.08Al,Fe2.000,V1.000,W0.074Al0.926,400.0,0.4299999999999997,0.0,0.0,156.8584614,61.0,0.0,0.0,16.44818,6.0,0.4439999999999999,4.0,1.6655,6.0,3.0,0.0,14.0,17.0,6.0,0.0,1.0,22.0,6.0,1.61,51.0,5.074,7.0,4.63,0.7499999999999998,0.0,71.372,1.63,1.63,1137.82322,225.296,2.36,2183.0,124.034,0.0,3695.0,-100.991521576,5.070874293879916e-06
Fe2V0.92W0.08Al,Fe2.000,V1.000,W0.074Al0.926,450.0,0.4299999999999997,0.0,0.0,156.8584614,61.0,0.0,0.0,16.44818,6.0,0.4439999999999999,4.0,1.6655,6.0,3.0,0.0,14.0,17.0,6.0,0.0,1.0,22.0,6.0,1.61,51.0,5.074,7.0,4.63,0.7499999999999998,0.0,71.372,1.63,1.63,1137.82322,225.296,2.36,2183.0,124.034,0.0,3695.0,-94.5831989044056,4.876391231564599e-06
Fe2V0.92W0.08Al,Fe2.000,V1.000,W0.074Al0.926,500.0,0.4299999999999997,0.0,0.0,156.8584614,61.0,0.0,0.0,16.44818,6.0,0.4439999999999999,4.0,1.6655,6.0,3.0,0.0,14.0,17.0,6.0,0.0,1.0,22.0,6.0,1.61,51.0,5.074,7.0,4.63,0.7499999999999998,0.0,71.372,1.63,1.63,1137.82322,225.296,2.36,2183.0,124.034,0.0,3695.0,-85.62205319809007,4.686647649589504e-06
Fe2V0.92W0.08Al,Fe2.000,V1.000,W0.074Al0.926,550.0,0.4299999999999997,0.0,0.0,156.8584614,61.0,0.0,0.0,16.44818,6.0,0.4439999999999999,4.0,1.6655,6.0,3.0,0.0,14.0,17.0,6.0,0.0,1.0,22.0,6.0,1.61,51.0,5.074,7.0,4.63,0.7499999999999998,0.0,71.372,1.63,1.63,1137.82322,225.296,2.36,2183.0,124.034,0.0,3695.0,-74.0827795772574,4.49474949294907e-06
Fe2V0.92W0.08Al,Fe2.000,V1.000,W0.074Al0.926,600.0,0.4299999999999997,0.0,0.0,156.8584614,61.0,0.0,0.0,16.44818,6.0,0.4439999999999999,4.0,1.6655,6.0,3.0,0.0,14.0,17.0,6.0,0.0,1.0,22.0,6.0,1.61,51.0,5.074,7.0,4.63,0.7499999999999998,0.0,71.372,1.63,1.63,1137.82322,225.296,2.36,2183.0,124.034,0.0,3695.0,-62.41918473071963,4.287413216762857e-06
Fe2V0.92W0.08Al,Fe2.000,V1.000,W0.074Al0.926,650.0,0.4299999999999997,0.0,0.0,156.8584614,61.0,0.0,0.0,16.44818,6.0,0.4439999999999999,4.0,1.6655,6.0,3.0,0.0,14.0,17.0,6.0,0.0,1.0,22.0,6.0,1.61,51.0,5.074,7.0,4.63,0.7499999999999998,0.0,71.372,1.63,1.63,1137.82322,225.296,2.36,2183.0,124.034,0.0,3695.0,-53.10617433778101,4.058761744395002e-06
Fe2V0.92W0.08Al,Fe2.000,V1.000,W0.074Al0.926,700.0,0.4299999999999997,0.0,0.0,156.8584614,61.0,0.0,0.0,16.44818,6.0,0.4439999999999999,4.0,1.6655,6.0,3.0,0.0,14.0,17.0,6.0,0.0,1.0,22.0,6.0,1.61,51.0,5.074,7.0,4.63,0.7499999999999998,0.0,71.372,1.63,1.63,1137.82322,225.296,2.36,2183.0,124.034,0.0,3695.0,-46.181740490102136,3.824120425573642e-06
Fe2V0.90W0.10Al,Fe2.000,V1.000,W0.091Al0.909,400.0,0.4299999999999997,0.0,0.0,156.8584614,61.0,0.0,0.0,16.44087,6.0,0.546,4.0,1.6782500000000002,6.0,3.0,0.0,14.0,17.0,6.0,0.0,1.0,22.0,6.0,1.61,51.0,5.091,7.0,4.545,0.7499999999999998,0.0,70.998,1.63,1.63,1184.76923,225.364,2.36,2183.0,124.731,0.0,3695.0,-110.8266738034,4.495484593279616e-06
Fe2V0.90W0.10Al,Fe2.000,V1.000,W0.091Al0.909,450.0,0.4299999999999997,0.0,0.0,156.8584614,61.0,0.0,0.0,16.44087,6.0,0.546,4.0,1.6782500000000002,6.0,3.0,0.0,14.0,17.0,6.0,0.0,1.0,22.0,6.0,1.61,51.0,5.091,7.0,4.545,0.7499999999999998,0.0,70.998,1.63,1.63,1184.76923,225.364,2.36,2183.0,124.731,0.0,3695.0,-103.0740042372,4.457254532801206e-06
Fe2V0.90W0.10Al,Fe2.000,V1.000,W0.091Al0.909,500.0,0.4299999999999997,0.0,0.0,156.8584614,61.0,0.0,0.0,16.44087,6.0,0.546,4.0,1.6782500000000002,6.0,3.0,0.0,14.0,17.0,6.0,0.0,1.0,22.0,6.0,1.61,51.0,5.091,7.0,4.545,0.7499999999999998,0.0,70.998,1.63,1.63,1184.76923,225.364,2.36,2183.0,124.731,0.0,3695.0,-90.68471004742749,4.3649119331442e-06
Fe2V0.90W0.10Al,Fe2.000,V1.000,W0.091Al0.909,550.0,0.4299999999999997,0.0,0.0,156.8584614,61.0,0.0,0.0,16.44087,6.0,0.546,4.0,1.6782500000000002,6.0,3.0,0.0,14.0,17.0,6.0,0.0,1.0,22.0,6.0,1.61,51.0,5.091,7.0,4.545,0.7499999999999998,0.0,70.998,1.63,1.63,1184.76923,225.364,2.36,2183.0,124.731,0.0,3695.0,-77.68039562983326,4.2404256391826114e-06
Fe2V0.90W0.10Al,Fe2.000,V1.000,W0.091Al0.909,600.0,0.4299999999999997,0.0,0.0,156.8584614,61.0,0.0,0.0,16.44087,6.0,0.546,4.0,1.6782500000000002,6.0,3.0,0.0,14.0,17.0,6.0,0.0,1.0,22.0,6.0,1.61,51.0,5.091,7.0,4.545,0.7499999999999998,0.0,70.998,1.63,1.63,1184.76923,225.364,2.36,2183.0,124.731,0.0,3695.0,-66.19771402814915,4.1081895239539955e-06
Fe2V0.90W0.10Al,Fe2.000,V1.000,W0.091Al0.909,650.0,0.4299999999999997,0.0,0.0,156.8584614,61.0,0.0,0.0,16.44087,6.0,0.546,4.0,1.6782500000000002,6.0,3.0,0.0,14.0,17.0,6.0,0.0,1.0,22.0,6.0,1.61,51.0,5.091,7.0,4.545,0.7499999999999998,0.0,70.998,1.63,1.63,1184.76923,225.364,2.36,2183.0,124.731,0.0,3695.0,-56.80596142677765,3.986505669542067e-06
Fe2V0.90W0.10Al,Fe2.000,V1.000,W0.091Al0.909,700.0,0.4299999999999997,0.0,0.0,156.8584614,61.0,0.0,0.0,16.44087,6.0,0.546,4.0,1.6782500000000002,6.0,3.0,0.0,14.0,17.0,6.0,0.0,1.0,22.0,6.0,1.61,51.0,5.091,7.0,4.545,0.7499999999999998,0.0,70.998,1.63,1.63,1184.76923,225.364,2.36,2183.0,124.731,0.0,3695.0,-48.82467164364938,3.879067547959211e-06
Fe2.06V1.01Al0.93,Fe2.000,V1.000,Al1.000,350.0,0.0,0.0,0.0,0.0,0.0,0.0,0.0,16.48,0.0,0.0,0.0,1.61,0.0,0.0,0.0,0.0,0.0,5.0,0.0,0.0,0.0,13.0,1.61,73.0,5.0,0.0,5.0,0.0,0.0,73.0,1.63,1.63,933.47,225.0,1.61,2183.0,121.0,0.0,933.47,21.969067801311866,5.94766680365612e-06
Fe2.06V1.01Al0.93,Fe2.000,V1.000,Al1.000,400.0,0.0,0.0,0.0,0.0,0.0,0.0,0.0,16.48,0.0,0.0,0.0,1.61,0.0,0.0,0.0,0.0,0.0,5.0,0.0,0.0,0.0,13.0,1.61,73.0,5.0,0.0,5.0,0.0,0.0,73.0,1.63,1.63,933.47,225.0,1.61,2183.0,121.0,0.0,933.47,18.122992640603936,5.250466788730943e-06
Fe2.06V1.01Al0.93,Fe2.000,V1.000,Al1.000,450.0,0.0,0.0,0.0,0.0,0.0,0.0,0.0,16.48,0.0,0.0,0.0,1.61,0.0,0.0,0.0,0.0,0.0,5.0,0.0,0.0,0.0,13.0,1.61,73.0,5.0,0.0,5.0,0.0,0.0,73.0,1.63,1.63,933.47,225.0,1.61,2183.0,121.0,0.0,933.47,14.630186814732548,4.650711341706781e-06
Fe2.06V1.01Al0.93,Fe2.000,V1.000,Al1.000,500.0,0.0,0.0,0.0,0.0,0.0,0.0,0.0,16.48,0.0,0.0,0.0,1.61,0.0,0.0,0.0,0.0,0.0,5.0,0.0,0.0,0.0,13.0,1.61,73.0,5.0,0.0,5.0,0.0,0.0,73.0,1.63,1.63,933.47,225.0,1.61,2183.0,121.0,0.0,933.47,11.33494535616436,4.165729774493967e-06
Fe2.06V1.01Al0.93,Fe2.000,V1.000,Al1.000,550.0,0.0,0.0,0.0,0.0,0.0,0.0,0.0,16.48,0.0,0.0,0.0,1.61,0.0,0.0,0.0,0.0,0.0,5.0,0.0,0.0,0.0,13.0,1.61,73.0,5.0,0.0,5.0,0.0,0.0,73.0,1.63,1.63,933.47,225.0,1.61,2183.0,121.0,0.0,933.47,8.227737767526664,3.7931239103776944e-06
Fe2.06V1.01Al0.93,Fe2.000,V1.000,Al1.000,600.0,0.0,0.0,0.0,0.0,0.0,0.0,0.0,16.48,0.0,0.0,0.0,1.61,0.0,0.0,0.0,0.0,0.0,5.0,0.0,0.0,0.0,13.0,1.61,73.0,5.0,0.0,5.0,0.0,0.0,73.0,1.63,1.63,933.47,225.0,1.61,2183.0,121.0,0.0,933.47,5.385747178321116,3.5169865754828575e-06
Fe2.06V1.01Al0.93,Fe2.000,V1.000,Al1.000,650.0,0.0,0.0,0.0,0.0,0.0,0.0,0.0,16.48,0.0,0.0,0.0,1.61,0.0,0.0,0.0,0.0,0.0,5.0,0.0,0.0,0.0,13.0,1.61,73.0,5.0,0.0,5.0,0.0,0.0,73.0,1.63,1.63,933.47,225.0,1.61,2183.0,121.0,0.0,933.47,2.91340950163825,3.3141200902387184e-06
Fe2.06V1.01Al0.93,Fe2.000,V1.000,Al1.000,700.0,0.0,0.0,0.0,0.0,0.0,0.0,0.0,16.48,0.0,0.0,0.0,1.61,0.0,0.0,0.0,0.0,0.0,5.0,0.0,0.0,0.0,13.0,1.61,73.0,5.0,0.0,5.0,0.0,0.0,73.0,1.63,1.63,933.47,225.0,1.61,2183.0,121.0,0.0,933.47,0.8829525908709125,3.160254760843723e-06
Fe2.06V1.01Al0.93,Fe2.000,V1.000,Al1.000,750.0,0.0,0.0,0.0,0.0,0.0,0.0,0.0,16.48,0.0,0.0,0.0,1.61,0.0,0.0,0.0,0.0,0.0,5.0,0.0,0.0,0.0,13.0,1.61,73.0,5.0,0.0,5.0,0.0,0.0,73.0,1.63,1.63,933.47,225.0,1.61,2183.0,121.0,0.0,933.47,-0.725064603571276,3.036267370730166e-06
Fe2.06V1.01Al0.93,Fe2.000,V1.000,Al1.000,800.0,0.0,0.0,0.0,0.0,0.0,0.0,0.0,16.48,0.0,0.0,0.0,1.61,0.0,0.0,0.0,0.0,0.0,5.0,0.0,0.0,0.0,13.0,1.61,73.0,5.0,0.0,5.0,0.0,0.0,73.0,1.63,1.63,933.47,225.0,1.61,2183.0,121.0,0.0,933.47,-2.0812128775476166,2.934399672028983e-06
Fe2.06V1.01Al0.93,Fe2.000,V1.000,Al1.000,850.0,0.0,0.0,0.0,0.0,0.0,0.0,0.0,16.48,0.0,0.0,0.0,1.61,0.0,0.0,0.0,0.0,0.0,5.0,0.0,0.0,0.0,13.0,1.61,73.0,5.0,0.0,5.0,0.0,0.0,73.0,1.63,1.63,933.47,225.0,1.61,2183.0,121.0,0.0,933.47,-3.5666536164723737,2.8644768770345447e-06
Fe2VAl,Fe2.000,V1.000,Al1.000,100.0,0.0,0.0,0.0,0.0,0.0,0.0,0.0,16.48,0.0,0.0,0.0,1.61,0.0,0.0,0.0,0.0,0.0,5.0,0.0,0.0,0.0,13.0,1.61,73.0,5.0,0.0,5.0,0.0,0.0,73.0,1.63,1.63,933.47,225.0,1.61,2183.0,121.0,0.0,933.47,17.40736659333346,1.8727420194424634e-05
Fe2VAl,Fe2.000,V1.000,Al1.000,150.0,0.0,0.0,0.0,0.0,0.0,0.0,0.0,16.48,0.0,0.0,0.0,1.61,0.0,0.0,0.0,0.0,0.0,5.0,0.0,0.0,0.0,13.0,1.61,73.0,5.0,0.0,5.0,0.0,0.0,73.0,1.63,1.63,933.47,225.0,1.61,2183.0,121.0,0.0,933.47,22.29695837033583,1.5448535910022205e-05
Fe2VAl,Fe2.000,V1.000,Al1.000,200.0,0.0,0.0,0.0,0.0,0.0,0.0,0.0,16.48,0.0,0.0,0.0,1.61,0.0,0.0,0.0,0.0,0.0,5.0,0.0,0.0,0.0,13.0,1.61,73.0,5.0,0.0,5.0,0.0,0.0,73.0,1.63,1.63,933.47,225.0,1.61,2183.0,121.0,0.0,933.47,25.52072167536582,1.2462349900131811e-05
Fe2VAl,Fe2.000,V1.000,Al1.000,250.0,0.0,0.0,0.0,0.0,0.0,0.0,0.0,16.48,0.0,0.0,0.0,1.61,0.0,0.0,0.0,0.0,0.0,5.0,0.0,0.0,0.0,13.0,1.61,73.0,5.0,0.0,5.0,0.0,0.0,73.0,1.63,1.63,933.47,225.0,1.61,2183.0,121.0,0.0,933.47,26.769546152371134,9.876911513498415e-06
Fe2VAl,Fe2.000,V1.000,Al1.000,300.0,0.0,0.0,0.0,0.0,0.0,0.0,0.0,16.48,0.0,0.0,0.0,1.61,0.0,0.0,0.0,0.0,0.0,5.0,0.0,0.0,0.0,13.0,1.61,73.0,5.0,0.0,5.0,0.0,0.0,73.0,1.63,1.63,933.47,225.0,1.61,2183.0,121.0,0.0,933.47,27.23506408271046,7.748704653749373e-06
Fe2VAl,Fe2.000,V1.000,Al1.000,350.0,0.0,0.0,0.0,0.0,0.0,0.0,0.0,16.48,0.0,0.0,0.0,1.61,0.0,0.0,0.0,0.0,0.0,5.0,0.0,0.0,0.0,13.0,1.61,73.0,5.0,0.0,5.0,0.0,0.0,73.0,1.63,1.63,933.47,225.0,1.61,2183.0,121.0,0.0,933.47,27.580538950859896,6.0905781255630685e-06
Fe2VAl0.95Ge0.05,Fe2.000,V1.000,Al0.950Ge0.050,100.0,6.524999999999999,0.383,0.0,45.6584614,19.0,0.0,0.0,16.80625,0.0,0.0,0.0,1.63,0.0,1.0,0.0,0.0,11.0,5.0,0.0,1.0,6.0,13.0,1.61,73.0,4.95,1.0,4.95,0.3999999999999997,0.0,73.3,1.63,1.63,947.3665,225.0,2.01,2183.0,120.95,0.01915,1211.4,-80.29770639025833,2.1776042481170022e-06
Fe2VAl0.95Ge0.05,Fe2.000,V1.000,Al0.950Ge0.050,150.0,6.524999999999999,0.383,0.0,45.6584614,19.0,0.0,0.0,16.80625,0.0,0.0,0.0,1.63,0.0,1.0,0.0,0.0,11.0,5.0,0.0,1.0,6.0,13.0,1.61,73.0,4.95,1.0,4.95,0.3999999999999997,0.0,73.3,1.63,1.63,947.3665,225.0,2.01,2183.0,120.95,0.01915,1211.4,-103.7397676706,2.726230653113967e-06
Fe2VAl0.95Ge0.05,Fe2.000,V1.000,Al0.950Ge0.050,200.0,6.524999999999999,0.383,0.0,45.6584614,19.0,0.0,0.0,16.80625,0.0,0.0,0.0,1.63,0.0,1.0,0.0,0.0,11.0,5.0,0.0,1.0,6.0,13.0,1.61,73.0,4.95,1.0,4.95,0.3999999999999997,0.0,73.3,1.63,1.63,947.3665,225.0,2.01,2183.0,120.95,0.01915,1211.4,-125.1166721881,3.2784283386598974e-06
Fe2VAl0.95Ge0.05,Fe2.000,V1.000,Al0.950Ge0.050,250.0,6.524999999999999,0.383,0.0,45.6584614,19.0,0.0,0.0,16.80625,0.0,0.0,0.0,1.63,0.0,1.0,0.0,0.0,11.0,5.0,0.0,1.0,6.0,13.0,1.61,73.0,4.95,1.0,4.95,0.3999999999999997,0.0,73.3,1.63,1.63,947.3665,225.0,2.01,2183.0,120.95,0.01915,1211.4,-135.7079211738,3.737394097288095e-06
Fe2VAl0.95Ge0.05,Fe2.000,V1.000,Al0.950Ge0.050,300.0,6.524999999999999,0.383,0.0,45.6584614,19.0,0.0,0.0,16.80625,0.0,0.0,0.0,1.63,0.0,1.0,0.0,0.0,11.0,5.0,0.0,1.0,6.0,13.0,1.61,73.0,4.95,1.0,4.95,0.3999999999999997,0.0,73.3,1.63,1.63,947.3665,225.0,2.01,2183.0,120.95,0.01915,1211.4,-131.3829028885,4.048189845489574e-06
Fe2VAl0.95Ge0.05,Fe2.000,V1.000,Al0.950Ge0.050,350.0,6.524999999999999,0.383,0.0,45.6584614,19.0,0.0,0.0,16.80625,0.0,0.0,0.0,1.63,0.0,1.0,0.0,0.0,11.0,5.0,0.0,1.0,6.0,13.0,1.61,73.0,4.95,1.0,4.95,0.3999999999999997,0.0,73.3,1.63,1.63,947.3665,225.0,2.01,2183.0,120.95,0.01915,1211.4,-115.0706645224,4.1908225929548835e-06
Fe2VAl0.95Ge0.05,Fe2.000,V1.000,Al0.950Ge0.050,400.0,6.524999999999999,0.383,0.0,45.6584614,19.0,0.0,0.0,16.80625,0.0,0.0,0.0,1.63,0.0,1.0,0.0,0.0,11.0,5.0,0.0,1.0,6.0,13.0,1.61,73.0,4.95,1.0,4.95,0.3999999999999997,0.0,73.3,1.63,1.63,947.3665,225.0,2.01,2183.0,120.95,0.01915,1211.4,-99.22968409406349,4.173324411815935e-06
Fe2VAl0.90Ge0.10,Fe2.000,V1.000,Al0.900Ge0.100,100.0,6.524999999999999,0.383,0.0,45.6584614,19.0,0.0,0.0,17.1325,0.0,0.0,0.0,1.65,0.0,1.0,0.0,0.0,11.0,5.0,0.0,1.0,6.0,13.0,1.61,73.0,4.9,1.0,4.9,0.3999999999999997,0.0,73.60000000000001,1.63,1.63,961.263,225.0,2.01,2183.0,120.9,0.0383,1211.4,-67.61742554075741,9.222718892694154e-07
Fe2VAl0.90Ge0.10,Fe2.000,V1.000,Al0.900Ge0.100,150.0,6.524999999999999,0.383,0.0,45.6584614,19.0,0.0,0.0,17.1325,0.0,0.0,0.0,1.65,0.0,1.0,0.0,0.0,11.0,5.0,0.0,1.0,6.0,13.0,1.61,73.0,4.9,1.0,4.9,0.3999999999999997,0.0,73.60000000000001,1.63,1.63,961.263,225.0,2.01,2183.0,120.9,0.0383,1211.4,-86.83370781362125,1.30050622832308e-06
Fe2VAl0.90Ge0.10,Fe2.000,V1.000,Al0.900Ge0.100,200.0,6.524999999999999,0.383,0.0,45.6584614,19.0,0.0,0.0,17.1325,0.0,0.0,0.0,1.65,0.0,1.0,0.0,0.0,11.0,5.0,0.0,1.0,6.0,13.0,1.61,73.0,4.9,1.0,4.9,0.3999999999999997,0.0,73.60000000000001,1.63,1.63,961.263,225.0,2.01,2183.0,120.9,0.0383,1211.4,-104.4891990024,1.7562165404423088e-06
Fe2VAl0.90Ge0.10,Fe2.000,V1.000,Al0.900Ge0.100,250.0,6.524999999999999,0.383,0.0,45.6584614,19.0,0.0,0.0,17.1325,0.0,0.0,0.0,1.65,0.0,1.0,0.0,0.0,11.0,5.0,0.0,1.0,6.0,13.0,1.61,73.0,4.9,1.0,4.9,0.3999999999999997,0.0,73.60000000000001,1.63,1.63,961.263,225.0,2.01,2183.0,120.9,0.0383,1211.4,-117.7448723617,2.2163371307646146e-06
Fe2VAl0.90Ge0.10,Fe2.000,V1.000,Al0.900Ge0.100,300.0,6.524999999999999,0.383,0.0,45.6584614,19.0,0.0,0.0,17.1325,0.0,0.0,0.0,1.65,0.0,1.0,0.0,0.0,11.0,5.0,0.0,1.0,6.0,13.0,1.61,73.0,4.9,1.0,4.9,0.3999999999999997,0.0,73.60000000000001,1.63,1.63,961.263,225.0,2.01,2183.0,120.9,0.0383,1211.4,-123.2215890624,2.6308795980542884e-06
Fe2VAl0.90Ge0.10,Fe2.000,V1.000,Al0.900Ge0.100,350.0,6.524999999999999,0.383,0.0,45.6584614,19.0,0.0,0.0,17.1325,0.0,0.0,0.0,1.65,0.0,1.0,0.0,0.0,11.0,5.0,0.0,1.0,6.0,13.0,1.61,73.0,4.9,1.0,4.9,0.3999999999999997,0.0,73.60000000000001,1.63,1.63,961.263,225.0,2.01,2183.0,120.9,0.0383,1211.4,-118.9662232536,2.9696974362521695e-06
Fe2VAl0.90Ge0.10,Fe2.000,V1.000,Al0.900Ge0.100,400.0,6.524999999999999,0.383,0.0,45.6584614,19.0,0.0,0.0,17.1325,0.0,0.0,0.0,1.65,0.0,1.0,0.0,0.0,11.0,5.0,0.0,1.0,6.0,13.0,1.61,73.0,4.9,1.0,4.9,0.3999999999999997,0.0,73.60000000000001,1.63,1.63,961.263,225.0,2.01,2183.0,120.9,0.0383,1211.4,-106.4177871243,3.2192506360253944e-06
Fe2VAl0.97Ge0.03,Fe2.000,V1.000,Al0.970Ge0.030,150.0,6.524999999999999,0.383,0.0,45.6584614,19.0,0.0,0.0,16.67575,0.0,0.0,0.0,1.622,0.0,1.0,0.0,0.0,11.0,5.0,0.0,1.0,6.0,13.0,1.61,73.0,4.97,1.0,4.97,0.3999999999999997,0.0,73.18,1.63,1.63,941.8079,225.0,2.01,2183.0,120.96999999999998,0.01149,1211.4,-93.1170792008454,6.180534677464694e-06
Fe2VAl0.97Ge0.03,Fe2.000,V1.000,Al0.970Ge0.030,200.0,6.524999999999999,0.383,0.0,45.6584614,19.0,0.0,0.0,16.67575,0.0,0.0,0.0,1.622,0.0,1.0,0.0,0.0,11.0,5.0,0.0,1.0,6.0,13.0,1.61,73.0,4.97,1.0,4.97,0.3999999999999997,0.0,73.18,1.63,1.63,941.8079,225.0,2.01,2183.0,120.96999999999998,0.01149,1211.4,-113.066858106,6.3513625878168335e-06
Fe2VAl0.97Ge0.03,Fe2.000,V1.000,Al0.970Ge0.030,250.0,6.524999999999999,0.383,0.0,45.6584614,19.0,0.0,0.0,16.67575,0.0,0.0,0.0,1.622,0.0,1.0,0.0,0.0,11.0,5.0,0.0,1.0,6.0,13.0,1.61,73.0,4.97,1.0,4.97,0.3999999999999997,0.0,73.18,1.63,1.63,941.8079,225.0,2.01,2183.0,120.96999999999998,0.01149,1211.4,-121.3058997159,6.279564118248828e-06
Fe2VAl0.97Ge0.03,Fe2.000,V1.000,Al0.970Ge0.030,300.0,6.524999999999999,0.383,0.0,45.6584614,19.0,0.0,0.0,16.67575,0.0,0.0,0.0,1.622,0.0,1.0,0.0,0.0,11.0,5.0,0.0,1.0,6.0,13.0,1.61,73.0,4.97,1.0,4.97,0.3999999999999997,0.0,73.18,1.63,1.63,941.8079,225.0,2.01,2183.0,120.96999999999998,0.01149,1211.4,-113.8263816635,5.997718905083857e-06
Fe2VAl0.97Ge0.03,Fe2.000,V1.000,Al0.970Ge0.030,350.0,6.524999999999999,0.383,0.0,45.6584614,19.0,0.0,0.0,16.67575,0.0,0.0,0.0,1.622,0.0,1.0,0.0,0.0,11.0,5.0,0.0,1.0,6.0,13.0,1.61,73.0,4.97,1.0,4.97,0.3999999999999997,0.0,73.18,1.63,1.63,941.8079,225.0,2.01,2183.0,120.96999999999998,0.01149,1211.4,-93.29541559930746,5.554118877983037e-06
Fe2VAl0.97Ge0.03,Fe2.000,V1.000,Al0.970Ge0.030,400.0,6.524999999999999,0.383,0.0,45.6584614,19.0,0.0,0.0,16.67575,0.0,0.0,0.0,1.622,0.0,1.0,0.0,0.0,11.0,5.0,0.0,1.0,6.0,13.0,1.61,73.0,4.97,1.0,4.97,0.3999999999999997,0.0,73.18,1.63,1.63,941.8079,225.0,2.01,2183.0,120.96999999999998,0.01149,1211.4,-67.72980282642314,5.007377458352355e-06
Fe2VAl0.80Ge0.20,Fe2.000,V1.000,Al0.800Ge0.200,150.0,6.524999999999999,0.383,0.0,45.6584614,19.0,0.0,0.0,17.785,0.0,0.0,0.0,1.6900000000000002,0.0,1.0,0.0,0.0,11.0,5.0,0.0,1.0,6.0,13.0,1.61,73.0,4.8,1.0,4.8,0.3999999999999997,0.0,74.2,1.63,1.63,989.056,225.0,2.01,2183.0,120.8,0.0766,1211.4,-63.555851160165346,1.0944655929683988e-06
Fe2VAl0.80Ge0.20,Fe2.000,V1.000,Al0.800Ge0.200,200.0,6.524999999999999,0.383,0.0,45.6584614,19.0,0.0,0.0,17.785,0.0,0.0,0.0,1.6900000000000002,0.0,1.0,0.0,0.0,11.0,5.0,0.0,1.0,6.0,13.0,1.61,73.0,4.8,1.0,4.8,0.3999999999999997,0.0,74.2,1.63,1.63,989.056,225.0,2.01,2183.0,120.8,0.0766,1211.4,-77.3187749789494,1.3773623999272643e-06
Fe2VAl0.80Ge0.20,Fe2.000,V1.000,Al0.800Ge0.200,250.0,6.524999999999999,0.383,0.0,45.6584614,19.0,0.0,0.0,17.785,0.0,0.0,0.0,1.6900000000000002,0.0,1.0,0.0,0.0,11.0,5.0,0.0,1.0,6.0,13.0,1.61,73.0,4.8,1.0,4.8,0.3999999999999997,0.0,74.2,1.63,1.63,989.056,225.0,2.01,2183.0,120.8,0.0766,1211.4,-89.620268224686,1.6835442193484834e-06
Fe2VAl0.80Ge0.20,Fe2.000,V1.000,Al0.800Ge0.200,300.0,6.524999999999999,0.383,0.0,45.6584614,19.0,0.0,0.0,17.785,0.0,0.0,0.0,1.6900000000000002,0.0,1.0,0.0,0.0,11.0,5.0,0.0,1.0,6.0,13.0,1.61,73.0,4.8,1.0,4.8,0.3999999999999997,0.0,74.2,1.63,1.63,989.056,225.0,2.01,2183.0,120.8,0.0766,1211.4,-98.64276991645164,1.988121163070349e-06
Fe2VAl0.80Ge0.20,Fe2.000,V1.000,Al0.800Ge0.200,350.0,6.524999999999999,0.383,0.0,45.6584614,19.0,0.0,0.0,17.785,0.0,0.0,0.0,1.6900000000000002,0.0,1.0,0.0,0.0,11.0,5.0,0.0,1.0,6.0,13.0,1.61,73.0,4.8,1.0,4.8,0.3999999999999997,0.0,74.2,1.63,1.63,989.056,225.0,2.01,2183.0,120.8,0.0766,1211.4,-102.848460887,2.2722014211229502e-06
Fe2VAl0.80Ge0.20,Fe2.000,V1.000,Al0.800Ge0.200,400.0,6.524999999999999,0.383,0.0,45.6584614,19.0,0.0,0.0,17.785,0.0,0.0,0.0,1.6900000000000002,0.0,1.0,0.0,0.0,11.0,5.0,0.0,1.0,6.0,13.0,1.61,73.0,4.8,1.0,4.8,0.3999999999999997,0.0,74.2,1.63,1.63,989.056,225.0,2.01,2183.0,120.8,0.0766,1211.4,-104.0504879078,2.522296360993422e-06
CePd2Pt,Pd2.000,Ce1.000,Pt1.000,100.0,0.0,0.0,0.0,0.0,0.0,0.0,0.0,15.02,1.0,1.0,0.0,2.28,0.0,0.0,0.0,0.0,0.0,2.0,0.0,0.0,0.0,10.0,2.28,63.0,2.0,0.0,0.0,0.0,0.0,63.0,1.12,1.12,2041.4,225.0,2.28,1071.0,136.0,0.0,2041.4,110.793779596,2.1188031104718054e-06
CePd2Pt,Pd2.000,Ce1.000,Pt1.000,150.0,0.0,0.0,0.0,0.0,0.0,0.0,0.0,15.02,1.0,1.0,0.0,2.28,0.0,0.0,0.0,0.0,0.0,2.0,0.0,0.0,0.0,10.0,2.28,63.0,2.0,0.0,0.0,0.0,0.0,63.0,1.12,1.12,2041.4,225.0,2.28,1071.0,136.0,0.0,2041.4,112.6811431122,1.761620043669229e-06
CePd2Pt,Pd2.000,Ce1.000,Pt1.000,200.0,0.0,0.0,0.0,0.0,0.0,0.0,0.0,15.02,1.0,1.0,0.0,2.28,0.0,0.0,0.0,0.0,0.0,2.0,0.0,0.0,0.0,10.0,2.28,63.0,2.0,0.0,0.0,0.0,0.0,63.0,1.12,1.12,2041.4,225.0,2.28,1071.0,136.0,0.0,2041.4,107.0646679922,1.4910139134715074e-06
CePd2Pt,Pd2.000,Ce1.000,Pt1.000,250.0,0.0,0.0,0.0,0.0,0.0,0.0,0.0,15.02,1.0,1.0,0.0,2.28,0.0,0.0,0.0,0.0,0.0,2.0,0.0,0.0,0.0,10.0,2.28,63.0,2.0,0.0,0.0,0.0,0.0,63.0,1.12,1.12,2041.4,225.0,2.28,1071.0,136.0,0.0,2041.4,102.5969489308,1.326080172139485e-06
CePd2Pt,Pd2.000,Ce1.000,Pt1.000,300.0,0.0,0.0,0.0,0.0,0.0,0.0,0.0,15.02,1.0,1.0,0.0,2.28,0.0,0.0,0.0,0.0,0.0,2.0,0.0,0.0,0.0,10.0,2.28,63.0,2.0,0.0,0.0,0.0,0.0,63.0,1.12,1.12,2041.4,225.0,2.28,1071.0,136.0,0.0,2041.4,98.96843804614082,1.2161140323255696e-06
CePd2Pt,Pd2.000,Ce1.000,Pt1.000,100.0,0.0,0.0,0.0,0.0,0.0,0.0,0.0,15.02,1.0,1.0,0.0,2.28,0.0,0.0,0.0,0.0,0.0,2.0,0.0,0.0,0.0,10.0,2.28,63.0,2.0,0.0,0.0,0.0,0.0,63.0,1.12,1.12,2041.4,225.0,2.28,1071.0,136.0,0.0,2041.4,112.8535556194,2.0941383580787982e-06
CePd2Pt,Pd2.000,Ce1.000,Pt1.000,150.0,0.0,0.0,0.0,0.0,0.0,0.0,0.0,15.02,1.0,1.0,0.0,2.28,0.0,0.0,0.0,0.0,0.0,2.0,0.0,0.0,0.0,10.0,2.28,63.0,2.0,0.0,0.0,0.0,0.0,63.0,1.12,1.12,2041.4,225.0,2.28,1071.0,136.0,0.0,2041.4,114.1083205059,1.7405111765362055e-06
CePd2Pt,Pd2.000,Ce1.000,Pt1.000,200.0,0.0,0.0,0.0,0.0,0.0,0.0,0.0,15.02,1.0,1.0,0.0,2.28,0.0,0.0,0.0,0.0,0.0,2.0,0.0,0.0,0.0,10.0,2.28,63.0,2.0,0.0,0.0,0.0,0.0,63.0,1.12,1.12,2041.4,225.0,2.28,1071.0,136.0,0.0,2041.4,109.2279581049,1.4851789136444365e-06
CePd2Pt,Pd2.000,Ce1.000,Pt1.000,250.0,0.0,0.0,0.0,0.0,0.0,0.0,0.0,15.02,1.0,1.0,0.0,2.28,0.0,0.0,0.0,0.0,0.0,2.0,0.0,0.0,0.0,10.0,2.28,63.0,2.0,0.0,0.0,0.0,0.0,63.0,1.12,1.12,2041.4,225.0,2.28,1071.0,136.0,0.0,2041.4,104.6088786521,1.33293395285539e-06
CePd2Pt,Pd2.000,Ce1.000,Pt1.000,300.0,0.0,0.0,0.0,0.0,0.0,0.0,0.0,15.02,1.0,1.0,0.0,2.28,0.0,0.0,0.0,0.0,0.0,2.0,0.0,0.0,0.0,10.0,2.28,63.0,2.0,0.0,0.0,0.0,0.0,63.0,1.12,1.12,2041.4,225.0,2.28,1071.0,136.0,0.0,2041.4,98.81770219420125,1.2263772322783768e-06
Fe2VAl,Fe2.000,V1.000,Al1.000,350.0,0.0,0.0,0.0,0.0,0.0,0.0,0.0,16.48,0.0,0.0,0.0,1.61,0.0,0.0,0.0,0.0,0.0,5.0,0.0,0.0,0.0,13.0,1.61,73.0,5.0,0.0,5.0,0.0,0.0,73.0,1.63,1.63,933.47,225.0,1.61,2183.0,121.0,0.0,933.47,6.391506287640826,3.3663189593729733e-06
Fe2VAl,Fe2.000,V1.000,Al1.000,400.0,0.0,0.0,0.0,0.0,0.0,0.0,0.0,16.48,0.0,0.0,0.0,1.61,0.0,0.0,0.0,0.0,0.0,5.0,0.0,0.0,0.0,13.0,1.61,73.0,5.0,0.0,5.0,0.0,0.0,73.0,1.63,1.63,933.47,225.0,1.61,2183.0,121.0,0.0,933.47,5.864904053103602,3.222100950098911e-06
Fe2VAl,Fe2.000,V1.000,Al1.000,450.0,0.0,0.0,0.0,0.0,0.0,0.0,0.0,16.48,0.0,0.0,0.0,1.61,0.0,0.0,0.0,0.0,0.0,5.0,0.0,0.0,0.0,13.0,1.61,73.0,5.0,0.0,5.0,0.0,0.0,73.0,1.63,1.63,933.47,225.0,1.61,2183.0,121.0,0.0,933.47,5.427545680559265,3.144043057010874e-06
Fe2VAl,Fe2.000,V1.000,Al1.000,500.0,0.0,0.0,0.0,0.0,0.0,0.0,0.0,16.48,0.0,0.0,0.0,1.61,0.0,0.0,0.0,0.0,0.0,5.0,0.0,0.0,0.0,13.0,1.61,73.0,5.0,0.0,5.0,0.0,0.0,73.0,1.63,1.63,933.47,225.0,1.61,2183.0,121.0,0.0,933.47,5.094730221729549,3.00084170082665e-06
Fe2VAl,Fe2.000,V1.000,Al1.000,550.0,0.0,0.0,0.0,0.0,0.0,0.0,0.0,16.48,0.0,0.0,0.0,1.61,0.0,0.0,0.0,0.0,0.0,5.0,0.0,0.0,0.0,13.0,1.61,73.0,5.0,0.0,5.0,0.0,0.0,73.0,1.63,1.63,933.47,225.0,1.61,2183.0,121.0,0.0,933.47,5.016500214983225,2.92402615531545e-06
Fe2VAl,Fe2.000,V1.000,Al1.000,600.0,0.0,0.0,0.0,0.0,0.0,0.0,0.0,16.48,0.0,0.0,0.0,1.61,0.0,0.0,0.0,0.0,0.0,5.0,0.0,0.0,0.0,13.0,1.61,73.0,5.0,0.0,5.0,0.0,0.0,73.0,1.63,1.63,933.47,225.0,1.61,2183.0,121.0,0.0,933.47,5.303742620060429,3.086541723400178e-06
Fe2VAl,Fe2.000,V1.000,Al1.000,650.0,0.0,0.0,0.0,0.0,0.0,0.0,0.0,16.48,0.0,0.0,0.0,1.61,0.0,0.0,0.0,0.0,0.0,5.0,0.0,0.0,0.0,13.0,1.61,73.0,5.0,0.0,5.0,0.0,0.0,73.0,1.63,1.63,933.47,225.0,1.61,2183.0,121.0,0.0,933.47,5.854289752795462,3.4813329132607094e-06
Fe2VAl,Fe2.000,V1.000,Al1.000,350.0,0.0,0.0,0.0,0.0,0.0,0.0,0.0,16.48,0.0,0.0,0.0,1.61,0.0,0.0,0.0,0.0,0.0,5.0,0.0,0.0,0.0,13.0,1.61,73.0,5.0,0.0,5.0,0.0,0.0,73.0,1.63,1.63,933.47,225.0,1.61,2183.0,121.0,0.0,933.47,5.988097770022503,3.511284401786925e-06
Fe2VAl,Fe2.000,V1.000,Al1.000,400.0,0.0,0.0,0.0,0.0,0.0,0.0,0.0,16.48,0.0,0.0,0.0,1.61,0.0,0.0,0.0,0.0,0.0,5.0,0.0,0.0,0.0,13.0,1.61,73.0,5.0,0.0,5.0,0.0,0.0,73.0,1.63,1.63,933.47,225.0,1.61,2183.0,121.0,0.0,933.47,5.215026447740628,3.427497537609046e-06
Fe2VAl,Fe2.000,V1.000,Al1.000,450.0,0.0,0.0,0.0,0.0,0.0,0.0,0.0,16.48,0.0,0.0,0.0,1.61,0.0,0.0,0.0,0.0,0.0,5.0,0.0,0.0,0.0,13.0,1.61,73.0,5.0,0.0,5.0,0.0,0.0,73.0,1.63,1.63,933.47,225.0,1.61,2183.0,121.0,0.0,933.47,5.199708828261822,3.230472942952211e-06
Fe2VAl,Fe2.000,V1.000,Al1.000,500.0,0.0,0.0,0.0,0.0,0.0,0.0,0.0,16.48,0.0,0.0,0.0,1.61,0.0,0.0,0.0,0.0,0.0,5.0,0.0,0.0,0.0,13.0,1.61,73.0,5.0,0.0,5.0,0.0,0.0,73.0,1.63,1.63,933.47,225.0,1.61,2183.0,121.0,0.0,933.47,4.941981806825136,3.077518078887148e-06
Fe2VAl,Fe2.000,V1.000,Al1.000,550.0,0.0,0.0,0.0,0.0,0.0,0.0,0.0,16.48,0.0,0.0,0.0,1.61,0.0,0.0,0.0,0.0,0.0,5.0,0.0,0.0,0.0,13.0,1.61,73.0,5.0,0.0,5.0,0.0,0.0,73.0,1.63,1.63,933.47,225.0,1.61,2183.0,121.0,0.0,933.47,4.645887212395192,3.0238469113239225e-06
Fe2VAl,Fe2.000,V1.000,Al1.000,600.0,0.0,0.0,0.0,0.0,0.0,0.0,0.0,16.48,0.0,0.0,0.0,1.61,0.0,0.0,0.0,0.0,0.0,5.0,0.0,0.0,0.0,13.0,1.61,73.0,5.0,0.0,5.0,0.0,0.0,73.0,1.63,1.63,933.47,225.0,1.61,2183.0,121.0,0.0,933.47,4.8785375312089325,3.1168213112672756e-06
Fe2VAl,Fe2.000,V1.000,Al1.000,650.0,0.0,0.0,0.0,0.0,0.0,0.0,0.0,16.48,0.0,0.0,0.0,1.61,0.0,0.0,0.0,0.0,0.0,5.0,0.0,0.0,0.0,13.0,1.61,73.0,5.0,0.0,5.0,0.0,0.0,73.0,1.63,1.63,933.47,225.0,1.61,2183.0,121.0,0.0,933.47,5.728981630327896,3.4901924550710672e-06
Fe2VAl,Fe2.000,V1.000,Al1.000,400.0,0.0,0.0,0.0,0.0,0.0,0.0,0.0,16.48,0.0,0.0,0.0,1.61,0.0,0.0,0.0,0.0,0.0,5.0,0.0,0.0,0.0,13.0,1.61,73.0,5.0,0.0,5.0,0.0,0.0,73.0,1.63,1.63,933.47,225.0,1.61,2183.0,121.0,0.0,933.47,20.307896966982145,4.51211624381496e-06
Fe2VAl,Fe2.000,V1.000,Al1.000,450.0,0.0,0.0,0.0,0.0,0.0,0.0,0.0,16.48,0.0,0.0,0.0,1.61,0.0,0.0,0.0,0.0,0.0,5.0,0.0,0.0,0.0,13.0,1.61,73.0,5.0,0.0,5.0,0.0,0.0,73.0,1.63,1.63,933.47,225.0,1.61,2183.0,121.0,0.0,933.47,18.96064347613679,4.292144983552108e-06
Fe2VAl,Fe2.000,V1.000,Al1.000,500.0,0.0,0.0,0.0,0.0,0.0,0.0,0.0,16.48,0.0,0.0,0.0,1.61,0.0,0.0,0.0,0.0,0.0,5.0,0.0,0.0,0.0,13.0,1.61,73.0,5.0,0.0,5.0,0.0,0.0,73.0,1.63,1.63,933.47,225.0,1.61,2183.0,121.0,0.0,933.47,16.72887408618419,4.0735214026561324e-06
Fe2VAl,Fe2.000,V1.000,Al1.000,550.0,0.0,0.0,0.0,0.0,0.0,0.0,0.0,16.48,0.0,0.0,0.0,1.61,0.0,0.0,0.0,0.0,0.0,5.0,0.0,0.0,0.0,13.0,1.61,73.0,5.0,0.0,5.0,0.0,0.0,73.0,1.63,1.63,933.47,225.0,1.61,2183.0,121.0,0.0,933.47,14.610846866510457,3.852887164670067e-06
Fe2VAl,Fe2.000,V1.000,Al1.000,600.0,0.0,0.0,0.0,0.0,0.0,0.0,0.0,16.48,0.0,0.0,0.0,1.61,0.0,0.0,0.0,0.0,0.0,5.0,0.0,0.0,0.0,13.0,1.61,73.0,5.0,0.0,5.0,0.0,0.0,73.0,1.63,1.63,933.47,225.0,1.61,2183.0,121.0,0.0,933.47,13.288933792991523,3.6339962211220943e-06
Fe2VAl,Fe2.000,V1.000,Al1.000,650.0,0.0,0.0,0.0,0.0,0.0,0.0,0.0,16.48,0.0,0.0,0.0,1.61,0.0,0.0,0.0,0.0,0.0,5.0,0.0,0.0,0.0,13.0,1.61,73.0,5.0,0.0,5.0,0.0,0.0,73.0,1.63,1.63,933.47,225.0,1.61,2183.0,121.0,0.0,933.47,12.549169499172448,3.457229115016763e-06
Fe2VAl,Fe2.000,V1.000,Al1.000,400.0,0.0,0.0,0.0,0.0,0.0,0.0,0.0,16.48,0.0,0.0,0.0,1.61,0.0,0.0,0.0,0.0,0.0,5.0,0.0,0.0,0.0,13.0,1.61,73.0,5.0,0.0,5.0,0.0,0.0,73.0,1.63,1.63,933.47,225.0,1.61,2183.0,121.0,0.0,933.47,25.137495007515664,6.965524500040783e-06
Fe2VAl,Fe2.000,V1.000,Al1.000,450.0,0.0,0.0,0.0,0.0,0.0,0.0,0.0,16.48,0.0,0.0,0.0,1.61,0.0,0.0,0.0,0.0,0.0,5.0,0.0,0.0,0.0,13.0,1.61,73.0,5.0,0.0,5.0,0.0,0.0,73.0,1.63,1.63,933.47,225.0,1.61,2183.0,121.0,0.0,933.47,22.591387397832104,6.164653451390021e-06
Fe2VAl,Fe2.000,V1.000,Al1.000,500.0,0.0,0.0,0.0,0.0,0.0,0.0,0.0,16.48,0.0,0.0,0.0,1.61,0.0,0.0,0.0,0.0,0.0,5.0,0.0,0.0,0.0,13.0,1.61,73.0,5.0,0.0,5.0,0.0,0.0,73.0,1.63,1.63,933.47,225.0,1.61,2183.0,121.0,0.0,933.47,19.577279552362384,5.557676888436037e-06
Fe2VAl,Fe2.000,V1.000,Al1.000,550.0,0.0,0.0,0.0,0.0,0.0,0.0,0.0,16.48,0.0,0.0,0.0,1.61,0.0,0.0,0.0,0.0,0.0,5.0,0.0,0.0,0.0,13.0,1.61,73.0,5.0,0.0,5.0,0.0,0.0,73.0,1.63,1.63,933.47,225.0,1.61,2183.0,121.0,0.0,933.47,16.549044852637046,5.225852236161069e-06
Fe2VAl,Fe2.000,V1.000,Al1.000,600.0,0.0,0.0,0.0,0.0,0.0,0.0,0.0,16.48,0.0,0.0,0.0,1.61,0.0,0.0,0.0,0.0,0.0,5.0,0.0,0.0,0.0,13.0,1.61,73.0,5.0,0.0,5.0,0.0,0.0,73.0,1.63,1.63,933.47,225.0,1.61,2183.0,121.0,0.0,933.47,13.689964151132084,4.953001304575295e-06
Fe2VAl,Fe2.000,V1.000,Al1.000,650.0,0.0,0.0,0.0,0.0,0.0,0.0,0.0,16.48,0.0,0.0,0.0,1.61,0.0,0.0,0.0,0.0,0.0,5.0,0.0,0.0,0.0,13.0,1.61,73.0,5.0,0.0,5.0,0.0,0.0,73.0,1.63,1.63,933.47,225.0,1.61,2183.0,121.0,0.0,933.47,11.14389442960457,4.584853910362689e-06
Fe2VAl,Fe2.000,V1.000,Al1.000,350.0,0.0,0.0,0.0,0.0,0.0,0.0,0.0,16.48,0.0,0.0,0.0,1.61,0.0,0.0,0.0,0.0,0.0,5.0,0.0,0.0,0.0,13.0,1.61,73.0,5.0,0.0,5.0,0.0,0.0,73.0,1.63,1.63,933.47,225.0,1.61,2183.0,121.0,0.0,933.47,71.86585587452919,8.52285838644852e-06
Fe2VAl,Fe2.000,V1.000,Al1.000,400.0,0.0,0.0,0.0,0.0,0.0,0.0,0.0,16.48,0.0,0.0,0.0,1.61,0.0,0.0,0.0,0.0,0.0,5.0,0.0,0.0,0.0,13.0,1.61,73.0,5.0,0.0,5.0,0.0,0.0,73.0,1.63,1.63,933.47,225.0,1.61,2183.0,121.0,0.0,933.47,63.67684638082255,8.01921652174928e-06
Fe2VAl,Fe2.000,V1.000,Al1.000,450.0,0.0,0.0,0.0,0.0,0.0,0.0,0.0,16.48,0.0,0.0,0.0,1.61,0.0,0.0,0.0,0.0,0.0,5.0,0.0,0.0,0.0,13.0,1.61,73.0,5.0,0.0,5.0,0.0,0.0,73.0,1.63,1.63,933.47,225.0,1.61,2183.0,121.0,0.0,933.47,56.70582514933405,7.59497696230711e-06
Fe2VAl,Fe2.000,V1.000,Al1.000,500.0,0.0,0.0,0.0,0.0,0.0,0.0,0.0,16.48,0.0,0.0,0.0,1.61,0.0,0.0,0.0,0.0,0.0,5.0,0.0,0.0,0.0,13.0,1.61,73.0,5.0,0.0,5.0,0.0,0.0,73.0,1.63,1.63,933.47,225.0,1.61,2183.0,121.0,0.0,933.47,48.465154158133664,7.0886271637338394e-06
Fe2VAl,Fe2.000,V1.000,Al1.000,550.0,0.0,0.0,0.0,0.0,0.0,0.0,0.0,16.48,0.0,0.0,0.0,1.61,0.0,0.0,0.0,0.0,0.0,5.0,0.0,0.0,0.0,13.0,1.61,73.0,5.0,0.0,5.0,0.0,0.0,73.0,1.63,1.63,933.47,225.0,1.61,2183.0,121.0,0.0,933.47,39.50775329713088,6.483192614947035e-06
Fe2VAl,Fe2.000,V1.000,Al1.000,600.0,0.0,0.0,0.0,0.0,0.0,0.0,0.0,16.48,0.0,0.0,0.0,1.61,0.0,0.0,0.0,0.0,0.0,5.0,0.0,0.0,0.0,13.0,1.61,73.0,5.0,0.0,5.0,0.0,0.0,73.0,1.63,1.63,933.47,225.0,1.61,2183.0,121.0,0.0,933.47,31.48132895457699,5.843170720166456e-06
Fe2VAl,Fe2.000,V1.000,Al1.000,650.0,0.0,0.0,0.0,0.0,0.0,0.0,0.0,16.48,0.0,0.0,0.0,1.61,0.0,0.0,0.0,0.0,0.0,5.0,0.0,0.0,0.0,13.0,1.61,73.0,5.0,0.0,5.0,0.0,0.0,73.0,1.63,1.63,933.47,225.0,1.61,2183.0,121.0,0.0,933.47,25.18260260358585,5.2514646809099694e-06
Fe2VAl,Fe2.000,V1.000,Al1.000,400.0,0.0,0.0,0.0,0.0,0.0,0.0,0.0,16.48,0.0,0.0,0.0,1.61,0.0,0.0,0.0,0.0,0.0,5.0,0.0,0.0,0.0,13.0,1.61,73.0,5.0,0.0,5.0,0.0,0.0,73.0,1.63,1.63,933.47,225.0,1.61,2183.0,121.0,0.0,933.47,70.52880750339715,5.022081054742196e-06
Fe2VAl,Fe2.000,V1.000,Al1.000,450.0,0.0,0.0,0.0,0.0,0.0,0.0,0.0,16.48,0.0,0.0,0.0,1.61,0.0,0.0,0.0,0.0,0.0,5.0,0.0,0.0,0.0,13.0,1.61,73.0,5.0,0.0,5.0,0.0,0.0,73.0,1.63,1.63,933.47,225.0,1.61,2183.0,121.0,0.0,933.47,64.7597652212089,4.705166889985968e-06
Fe2VAl,Fe2.000,V1.000,Al1.000,500.0,0.0,0.0,0.0,0.0,0.0,0.0,0.0,16.48,0.0,0.0,0.0,1.61,0.0,0.0,0.0,0.0,0.0,5.0,0.0,0.0,0.0,13.0,1.61,73.0,5.0,0.0,5.0,0.0,0.0,73.0,1.63,1.63,933.47,225.0,1.61,2183.0,121.0,0.0,933.47,56.72207430750626,4.3704834634920835e-06
Fe2VAl,Fe2.000,V1.000,Al1.000,550.0,0.0,0.0,0.0,0.0,0.0,0.0,0.0,16.48,0.0,0.0,0.0,1.61,0.0,0.0,0.0,0.0,0.0,5.0,0.0,0.0,0.0,13.0,1.61,73.0,5.0,0.0,5.0,0.0,0.0,73.0,1.63,1.63,933.47,225.0,1.61,2183.0,121.0,0.0,933.47,48.07921600900791,4.0530410806663785e-06
Fe2VAl,Fe2.000,V1.000,Al1.000,600.0,0.0,0.0,0.0,0.0,0.0,0.0,0.0,16.48,0.0,0.0,0.0,1.61,0.0,0.0,0.0,0.0,0.0,5.0,0.0,0.0,0.0,13.0,1.61,73.0,5.0,0.0,5.0,0.0,0.0,73.0,1.63,1.63,933.47,225.0,1.61,2183.0,121.0,0.0,933.47,40.24895556556255,3.753006317127955e-06
Fe2VAl,Fe2.000,V1.000,Al1.000,650.0,0.0,0.0,0.0,0.0,0.0,0.0,0.0,16.48,0.0,0.0,0.0,1.61,0.0,0.0,0.0,0.0,0.0,5.0,0.0,0.0,0.0,13.0,1.61,73.0,5.0,0.0,5.0,0.0,0.0,73.0,1.63,1.63,933.47,225.0,1.61,2183.0,121.0,0.0,933.47,33.549977880778805,3.451480262043877e-06
PuPd2Sn,Pd2.000,Pu1.000,Sn1.000,50.0,0.0,0.0,0.0,0.0,0.0,0.0,0.0,33.285,0.0,0.0,0.0,1.96,0.0,0.0,0.3180036375,0.0,0.0,4.0,0.3180036375,0.0,0.0,14.0,1.96,80.0,4.0,0.0,4.0,0.0,0.0,80.0,1.28,1.28,505.08,141.0,1.96,913.0,139.0,0.0,505.08,-2.7639569301299627,1.1054182853553595e-06
PuPd2Sn,Pd2.000,Pu1.000,Sn1.000,100.0,0.0,0.0,0.0,0.0,0.0,0.0,0.0,33.285,0.0,0.0,0.0,1.96,0.0,0.0,0.3180036375,0.0,0.0,4.0,0.3180036375,0.0,0.0,14.0,1.96,80.0,4.0,0.0,4.0,0.0,0.0,80.0,1.28,1.28,505.08,141.0,1.96,913.0,139.0,0.0,505.08,-2.5590128696874803,1.1272592731605938e-06
PuPd2Sn,Pd2.000,Pu1.000,Sn1.000,150.0,0.0,0.0,0.0,0.0,0.0,0.0,0.0,33.285,0.0,0.0,0.0,1.96,0.0,0.0,0.3180036375,0.0,0.0,4.0,0.3180036375,0.0,0.0,14.0,1.96,80.0,4.0,0.0,4.0,0.0,0.0,80.0,1.28,1.28,505.08,141.0,1.96,913.0,139.0,0.0,505.08,-1.705513836053404,1.1477263129777977e-06
PuPd2Sn,Pd2.000,Pu1.000,Sn1.000,200.0,0.0,0.0,0.0,0.0,0.0,0.0,0.0,33.285,0.0,0.0,0.0,1.96,0.0,0.0,0.3180036375,0.0,0.0,4.0,0.3180036375,0.0,0.0,14.0,1.96,80.0,4.0,0.0,4.0,0.0,0.0,80.0,1.28,1.28,505.08,141.0,1.96,913.0,139.0,0.0,505.08,-0.945429544399954,1.1873302499514975e-06
PuPd2Sn,Pd2.000,Pu1.000,Sn1.000,250.0,0.0,0.0,0.0,0.0,0.0,0.0,0.0,33.285,0.0,0.0,0.0,1.96,0.0,0.0,0.3180036375,0.0,0.0,4.0,0.3180036375,0.0,0.0,14.0,1.96,80.0,4.0,0.0,4.0,0.0,0.0,80.0,1.28,1.28,505.08,141.0,1.96,913.0,139.0,0.0,505.08,0.000115605305167,1.1952679583120165e-06
Fe2VAl0.9Si0.1,Fe2.000,V1.000,Al0.900Si0.100,350.0,3.960000000000001,0.773,0.0,1.103961399999999,1.0,0.0,0.0,16.876,0.0,0.0,2.0,1.639,0.0,0.0,0.0,0.0,1.0,5.0,0.0,1.0,5.0,13.0,1.61,73.0,4.9,1.0,4.9,0.2899999999999998,0.0,73.5,1.63,1.63,1008.823,225.2,1.9,2183.0,120.0,0.0773,1687.0,-142.1583423766,4.708360214793811e-06
Fe2VAl0.9Si0.1,Fe2.000,V1.000,Al0.900Si0.100,400.0,3.960000000000001,0.773,0.0,1.103961399999999,1.0,0.0,0.0,16.876,0.0,0.0,2.0,1.639,0.0,0.0,0.0,0.0,1.0,5.0,0.0,1.0,5.0,13.0,1.61,73.0,4.9,1.0,4.9,0.2899999999999998,0.0,73.5,1.63,1.63,1008.823,225.2,1.9,2183.0,120.0,0.0773,1687.0,-127.7019099638,4.615665675842738e-06
Fe2VAl0.9Si0.1,Fe2.000,V1.000,Al0.900Si0.100,450.0,3.960000000000001,0.773,0.0,1.103961399999999,1.0,0.0,0.0,16.876,0.0,0.0,2.0,1.639,0.0,0.0,0.0,0.0,1.0,5.0,0.0,1.0,5.0,13.0,1.61,73.0,4.9,1.0,4.9,0.2899999999999998,0.0,73.5,1.63,1.63,1008.823,225.2,1.9,2183.0,120.0,0.0773,1687.0,-106.1672669131,4.489193736920145e-06
Fe2VAl0.9Si0.1,Fe2.000,V1.000,Al0.900Si0.100,500.0,3.960000000000001,0.773,0.0,1.103961399999999,1.0,0.0,0.0,16.876,0.0,0.0,2.0,1.639,0.0,0.0,0.0,0.0,1.0,5.0,0.0,1.0,5.0,13.0,1.61,73.0,4.9,1.0,4.9,0.2899999999999998,0.0,73.5,1.63,1.63,1008.823,225.2,1.9,2183.0,120.0,0.0773,1687.0,-84.24966691930233,4.310610344712154e-06
Fe2VAl0.9Si0.1,Fe2.000,V1.000,Al0.900Si0.100,550.0,3.960000000000001,0.773,0.0,1.103961399999999,1.0,0.0,0.0,16.876,0.0,0.0,2.0,1.639,0.0,0.0,0.0,0.0,1.0,5.0,0.0,1.0,5.0,13.0,1.61,73.0,4.9,1.0,4.9,0.2899999999999998,0.0,73.5,1.63,1.63,1008.823,225.2,1.9,2183.0,120.0,0.0773,1687.0,-65.4211041449717,4.072543565103578e-06
Fe2VAl0.9Si0.1,Fe2.000,V1.000,Al0.900Si0.100,600.0,3.960000000000001,0.773,0.0,1.103961399999999,1.0,0.0,0.0,16.876,0.0,0.0,2.0,1.639,0.0,0.0,0.0,0.0,1.0,5.0,0.0,1.0,5.0,13.0,1.61,73.0,4.9,1.0,4.9,0.2899999999999998,0.0,73.5,1.63,1.63,1008.823,225.2,1.9,2183.0,120.0,0.0773,1687.0,-50.83035277108944,3.787152604337602e-06
Fe2VAl0.9Si0.1,Fe2.000,V1.000,Al0.900Si0.100,650.0,3.960000000000001,0.773,0.0,1.103961399999999,1.0,0.0,0.0,16.876,0.0,0.0,2.0,1.639,0.0,0.0,0.0,0.0,1.0,5.0,0.0,1.0,5.0,13.0,1.61,73.0,4.9,1.0,4.9,0.2899999999999998,0.0,73.5,1.63,1.63,1008.823,225.2,1.9,2183.0,120.0,0.0773,1687.0,-40.20300654753112,3.4946968301754768e-06
Fe2VAl0.9Si0.1,Fe2.000,V1.000,Al0.900Si0.100,700.0,3.960000000000001,0.773,0.0,1.103961399999999,1.0,0.0,0.0,16.876,0.0,0.0,2.0,1.639,0.0,0.0,0.0,0.0,1.0,5.0,0.0,1.0,5.0,13.0,1.61,73.0,4.9,1.0,4.9,0.2899999999999998,0.0,73.5,1.63,1.63,1008.823,225.2,1.9,2183.0,120.0,0.0773,1687.0,-32.7415183435703,3.2721047930562276e-06
Fe2VAl0.9Si0.1,Fe2.000,V1.000,Al0.900Si0.100,350.0,3.960000000000001,0.773,0.0,1.103961399999999,1.0,0.0,0.0,16.876,0.0,0.0,2.0,1.639,0.0,0.0,0.0,0.0,1.0,5.0,0.0,1.0,5.0,13.0,1.61,73.0,4.9,1.0,4.9,0.2899999999999998,0.0,73.5,1.63,1.63,1008.823,225.2,1.9,2183.0,120.0,0.0773,1687.0,-124.6524216676,5.3932145542088296e-06
Fe2VAl0.9Si0.1,Fe2.000,V1.000,Al0.900Si0.100,400.0,3.960000000000001,0.773,0.0,1.103961399999999,1.0,0.0,0.0,16.876,0.0,0.0,2.0,1.639,0.0,0.0,0.0,0.0,1.0,5.0,0.0,1.0,5.0,13.0,1.61,73.0,4.9,1.0,4.9,0.2899999999999998,0.0,73.5,1.63,1.63,1008.823,225.2,1.9,2183.0,120.0,0.0773,1687.0,-110.9956588007,5.415389015679088e-06
Fe2VAl0.9Si0.1,Fe2.000,V1.000,Al0.900Si0.100,450.0,3.960000000000001,0.773,0.0,1.103961399999999,1.0,0.0,0.0,16.876,0.0,0.0,2.0,1.639,0.0,0.0,0.0,0.0,1.0,5.0,0.0,1.0,5.0,13.0,1.61,73.0,4.9,1.0,4.9,0.2899999999999998,0.0,73.5,1.63,1.63,1008.823,225.2,1.9,2183.0,120.0,0.0773,1687.0,-91.46727569457266,5.311663015982783e-06
Fe2VAl0.9Si0.1,Fe2.000,V1.000,Al0.900Si0.100,500.0,3.960000000000001,0.773,0.0,1.103961399999999,1.0,0.0,0.0,16.876,0.0,0.0,2.0,1.639,0.0,0.0,0.0,0.0,1.0,5.0,0.0,1.0,5.0,13.0,1.61,73.0,4.9,1.0,4.9,0.2899999999999998,0.0,73.5,1.63,1.63,1008.823,225.2,1.9,2183.0,120.0,0.0773,1687.0,-73.13024663028068,5.105976123617765e-06
Fe2VAl0.9Si0.1,Fe2.000,V1.000,Al0.900Si0.100,550.0,3.960000000000001,0.773,0.0,1.103961399999999,1.0,0.0,0.0,16.876,0.0,0.0,2.0,1.639,0.0,0.0,0.0,0.0,1.0,5.0,0.0,1.0,5.0,13.0,1.61,73.0,4.9,1.0,4.9,0.2899999999999998,0.0,73.5,1.63,1.63,1008.823,225.2,1.9,2183.0,120.0,0.0773,1687.0,-58.59907110940731,4.844787346619383e-06
Fe2VAl0.9Si0.1,Fe2.000,V1.000,Al0.900Si0.100,600.0,3.960000000000001,0.773,0.0,1.103961399999999,1.0,0.0,0.0,16.876,0.0,0.0,2.0,1.639,0.0,0.0,0.0,0.0,1.0,5.0,0.0,1.0,5.0,13.0,1.61,73.0,4.9,1.0,4.9,0.2899999999999998,0.0,73.5,1.63,1.63,1008.823,225.2,1.9,2183.0,120.0,0.0773,1687.0,-47.68766669236173,4.5805220710843295e-06
Fe2VAl0.9Si0.1,Fe2.000,V1.000,Al0.900Si0.100,650.0,3.960000000000001,0.773,0.0,1.103961399999999,1.0,0.0,0.0,16.876,0.0,0.0,2.0,1.639,0.0,0.0,0.0,0.0,1.0,5.0,0.0,1.0,5.0,13.0,1.61,73.0,4.9,1.0,4.9,0.2899999999999998,0.0,73.5,1.63,1.63,1008.823,225.2,1.9,2183.0,120.0,0.0773,1687.0,-39.0572618368056,4.355018999694557e-06
Fe2VAl0.9Si0.1,Fe2.000,V1.000,Al0.900Si0.100,700.0,3.960000000000001,0.773,0.0,1.103961399999999,1.0,0.0,0.0,16.876,0.0,0.0,2.0,1.639,0.0,0.0,0.0,0.0,1.0,5.0,0.0,1.0,5.0,13.0,1.61,73.0,4.9,1.0,4.9,0.2899999999999998,0.0,73.5,1.63,1.63,1008.823,225.2,1.9,2183.0,120.0,0.0773,1687.0,-31.864288736006397,4.182977090241192e-06
Fe2VAl0.9Si0.1,Fe2.000,V1.000,Al0.900Si0.100,350.0,3.960000000000001,0.773,0.0,1.103961399999999,1.0,0.0,0.0,16.876,0.0,0.0,2.0,1.639,0.0,0.0,0.0,0.0,1.0,5.0,0.0,1.0,5.0,13.0,1.61,73.0,4.9,1.0,4.9,0.2899999999999998,0.0,73.5,1.63,1.63,1008.823,225.2,1.9,2183.0,120.0,0.0773,1687.0,-123.0930192551,1.0815531500008865e-05
Fe2VAl0.9Si0.1,Fe2.000,V1.000,Al0.900Si0.100,400.0,3.960000000000001,0.773,0.0,1.103961399999999,1.0,0.0,0.0,16.876,0.0,0.0,2.0,1.639,0.0,0.0,0.0,0.0,1.0,5.0,0.0,1.0,5.0,13.0,1.61,73.0,4.9,1.0,4.9,0.2899999999999998,0.0,73.5,1.63,1.63,1008.823,225.2,1.9,2183.0,120.0,0.0773,1687.0,-110.2050943554,1.0994675874102004e-05
Fe2VAl0.9Si0.1,Fe2.000,V1.000,Al0.900Si0.100,450.0,3.960000000000001,0.773,0.0,1.103961399999999,1.0,0.0,0.0,16.876,0.0,0.0,2.0,1.639,0.0,0.0,0.0,0.0,1.0,5.0,0.0,1.0,5.0,13.0,1.61,73.0,4.9,1.0,4.9,0.2899999999999998,0.0,73.5,1.63,1.63,1008.823,225.2,1.9,2183.0,120.0,0.0773,1687.0,-97.9039731792378,1.0616391882293292e-05
Fe2VAl0.9Si0.1,Fe2.000,V1.000,Al0.900Si0.100,500.0,3.960000000000001,0.773,0.0,1.103961399999999,1.0,0.0,0.0,16.876,0.0,0.0,2.0,1.639,0.0,0.0,0.0,0.0,1.0,5.0,0.0,1.0,5.0,13.0,1.61,73.0,4.9,1.0,4.9,0.2899999999999998,0.0,73.5,1.63,1.63,1008.823,225.2,1.9,2183.0,120.0,0.0773,1687.0,-83.55608351619748,1.0127283501298627e-05
Fe2VAl0.9Si0.1,Fe2.000,V1.000,Al0.900Si0.100,550.0,3.960000000000001,0.773,0.0,1.103961399999999,1.0,0.0,0.0,16.876,0.0,0.0,2.0,1.639,0.0,0.0,0.0,0.0,1.0,5.0,0.0,1.0,5.0,13.0,1.61,73.0,4.9,1.0,4.9,0.2899999999999998,0.0,73.5,1.63,1.63,1008.823,225.2,1.9,2183.0,120.0,0.0773,1687.0,-67.91055008742464,9.699846621110108e-06
Fe2VAl0.9Si0.1,Fe2.000,V1.000,Al0.900Si0.100,600.0,3.960000000000001,0.773,0.0,1.103961399999999,1.0,0.0,0.0,16.876,0.0,0.0,2.0,1.639,0.0,0.0,0.0,0.0,1.0,5.0,0.0,1.0,5.0,13.0,1.61,73.0,4.9,1.0,4.9,0.2899999999999998,0.0,73.5,1.63,1.63,1008.823,225.2,1.9,2183.0,120.0,0.0773,1687.0,-53.39069975825346,9.336030027191054e-06
Fe2VAl0.9Si0.1,Fe2.000,V1.000,Al0.900Si0.100,650.0,3.960000000000001,0.773,0.0,1.103961399999999,1.0,0.0,0.0,16.876,0.0,0.0,2.0,1.639,0.0,0.0,0.0,0.0,1.0,5.0,0.0,1.0,5.0,13.0,1.61,73.0,4.9,1.0,4.9,0.2899999999999998,0.0,73.5,1.63,1.63,1008.823,225.2,1.9,2183.0,120.0,0.0773,1687.0,-42.385566751200486,8.970796382668026e-06
Fe2VAl0.9Si0.1,Fe2.000,V1.000,Al0.900Si0.100,700.0,3.960000000000001,0.773,0.0,1.103961399999999,1.0,0.0,0.0,16.876,0.0,0.0,2.0,1.639,0.0,0.0,0.0,0.0,1.0,5.0,0.0,1.0,5.0,13.0,1.61,73.0,4.9,1.0,4.9,0.2899999999999998,0.0,73.5,1.63,1.63,1008.823,225.2,1.9,2183.0,120.0,0.0773,1687.0,-35.54139785888759,8.575683210525919e-06
Fe2VAl0.9Si0.1,Fe2.000,V1.000,Al0.900Si0.100,350.0,3.960000000000001,0.773,0.0,1.103961399999999,1.0,0.0,0.0,16.876,0.0,0.0,2.0,1.639,0.0,0.0,0.0,0.0,1.0,5.0,0.0,1.0,5.0,13.0,1.61,73.0,4.9,1.0,4.9,0.2899999999999998,0.0,73.5,1.63,1.63,1008.823,225.2,1.9,2183.0,120.0,0.0773,1687.0,-116.8648700018,3.0994202160249866e-06
Fe2VAl0.9Si0.1,Fe2.000,V1.000,Al0.900Si0.100,400.0,3.960000000000001,0.773,0.0,1.103961399999999,1.0,0.0,0.0,16.876,0.0,0.0,2.0,1.639,0.0,0.0,0.0,0.0,1.0,5.0,0.0,1.0,5.0,13.0,1.61,73.0,4.9,1.0,4.9,0.2899999999999998,0.0,73.5,1.63,1.63,1008.823,225.2,1.9,2183.0,120.0,0.0773,1687.0,-112.0915828873,3.4110954510466825e-06
Fe2VAl0.9Si0.1,Fe2.000,V1.000,Al0.900Si0.100,450.0,3.960000000000001,0.773,0.0,1.103961399999999,1.0,0.0,0.0,16.876,0.0,0.0,2.0,1.639,0.0,0.0,0.0,0.0,1.0,5.0,0.0,1.0,5.0,13.0,1.61,73.0,4.9,1.0,4.9,0.2899999999999998,0.0,73.5,1.63,1.63,1008.823,225.2,1.9,2183.0,120.0,0.0773,1687.0,-101.5416039125,3.718447372637288e-06
Fe2VAl0.9Si0.1,Fe2.000,V1.000,Al0.900Si0.100,500.0,3.960000000000001,0.773,0.0,1.103961399999999,1.0,0.0,0.0,16.876,0.0,0.0,2.0,1.639,0.0,0.0,0.0,0.0,1.0,5.0,0.0,1.0,5.0,13.0,1.61,73.0,4.9,1.0,4.9,0.2899999999999998,0.0,73.5,1.63,1.63,1008.823,225.2,1.9,2183.0,120.0,0.0773,1687.0,-87.02092083517823,3.882653599983002e-06
Fe2VAl0.9Si0.1,Fe2.000,V1.000,Al0.900Si0.100,550.0,3.960000000000001,0.773,0.0,1.103961399999999,1.0,0.0,0.0,16.876,0.0,0.0,2.0,1.639,0.0,0.0,0.0,0.0,1.0,5.0,0.0,1.0,5.0,13.0,1.61,73.0,4.9,1.0,4.9,0.2899999999999998,0.0,73.5,1.63,1.63,1008.823,225.2,1.9,2183.0,120.0,0.0773,1687.0,-71.36363679114875,3.896889896395076e-06
Fe2VAl0.9Si0.1,Fe2.000,V1.000,Al0.900Si0.100,600.0,3.960000000000001,0.773,0.0,1.103961399999999,1.0,0.0,0.0,16.876,0.0,0.0,2.0,1.639,0.0,0.0,0.0,0.0,1.0,5.0,0.0,1.0,5.0,13.0,1.61,73.0,4.9,1.0,4.9,0.2899999999999998,0.0,73.5,1.63,1.63,1008.823,225.2,1.9,2183.0,120.0,0.0773,1687.0,-57.43691588347774,3.826453011871627e-06
Fe2VAl0.9Si0.1,Fe2.000,V1.000,Al0.900Si0.100,650.0,3.960000000000001,0.773,0.0,1.103961399999999,1.0,0.0,0.0,16.876,0.0,0.0,2.0,1.639,0.0,0.0,0.0,0.0,1.0,5.0,0.0,1.0,5.0,13.0,1.61,73.0,4.9,1.0,4.9,0.2899999999999998,0.0,73.5,1.63,1.63,1008.823,225.2,1.9,2183.0,120.0,0.0773,1687.0,-47.14592877070998,3.7488835256589985e-06
Fe2VAl0.9Si0.1,Fe2.000,V1.000,Al0.900Si0.100,700.0,3.960000000000001,0.773,0.0,1.103961399999999,1.0,0.0,0.0,16.876,0.0,0.0,2.0,1.639,0.0,0.0,0.0,0.0,1.0,5.0,0.0,1.0,5.0,13.0,1.61,73.0,4.9,1.0,4.9,0.2899999999999998,0.0,73.5,1.63,1.63,1008.823,225.2,1.9,2183.0,120.0,0.0773,1687.0,-40.43879825552907,3.69408868881364e-06
Fe2(Ti0.7Cr0.3)Al,Fe2.000,Ti0.700Cr0.300,Al1.000,300.0,0.0,0.0,2.25333333333e-05,0.0,0.0,35.0,0.0,16.48,0.0,0.0,0.0,1.61,0.0,0.0,1.577333333331e-05,0.0,0.0,5.0,2.25333333333e-05,0.0,0.0,13.0,1.61,73.0,5.0,0.0,5.0,0.0,0.1199999999999998,73.0,1.5759999999999998,1.54,933.47,225.0,1.61,2012.7,121.0,0.0,933.47,40.84047912956274,2.0321566618036573e-06
Fe2(Ti0.7Cr0.3)Al,Fe2.000,Ti0.700Cr0.300,Al1.000,350.0,0.0,0.0,2.25333333333e-05,0.0,0.0,35.0,0.0,16.48,0.0,0.0,0.0,1.61,0.0,0.0,1.577333333331e-05,0.0,0.0,5.0,2.25333333333e-05,0.0,0.0,13.0,1.61,73.0,5.0,0.0,5.0,0.0,0.1199999999999998,73.0,1.5759999999999998,1.54,933.47,225.0,1.61,2012.7,121.0,0.0,933.47,45.16927496710189,2.2703658689162895e-06
Fe2(Ti0.7Cr0.3)Al,Fe2.000,Ti0.700Cr0.300,Al1.000,400.0,0.0,0.0,2.25333333333e-05,0.0,0.0,35.0,0.0,16.48,0.0,0.0,0.0,1.61,0.0,0.0,1.577333333331e-05,0.0,0.0,5.0,2.25333333333e-05,0.0,0.0,13.0,1.61,73.0,5.0,0.0,5.0,0.0,0.1199999999999998,73.0,1.5759999999999998,1.54,933.47,225.0,1.61,2012.7,121.0,0.0,933.47,48.76438487809811,2.4822764513826676e-06
Fe2(Ti0.7Cr0.3)Al,Fe2.000,Ti0.700Cr0.300,Al1.000,450.0,0.0,0.0,2.25333333333e-05,0.0,0.0,35.0,0.0,16.48,0.0,0.0,0.0,1.61,0.0,0.0,1.577333333331e-05,0.0,0.0,5.0,2.25333333333e-05,0.0,0.0,13.0,1.61,73.0,5.0,0.0,5.0,0.0,0.1199999999999998,73.0,1.5759999999999998,1.54,933.47,225.0,1.61,2012.7,121.0,0.0,933.47,51.157244245945975,2.653429439071573e-06
Fe2(Ti0.7Cr0.3)Al,Fe2.000,Ti0.700Cr0.300,Al1.000,500.0,0.0,0.0,2.25333333333e-05,0.0,0.0,35.0,0.0,16.48,0.0,0.0,0.0,1.61,0.0,0.0,1.577333333331e-05,0.0,0.0,5.0,2.25333333333e-05,0.0,0.0,13.0,1.61,73.0,5.0,0.0,5.0,0.0,0.1199999999999998,73.0,1.5759999999999998,1.54,933.47,225.0,1.61,2012.7,121.0,0.0,933.47,51.71627754940667,2.8256639637305953e-06
Fe2(Ti0.6Cr0.4)Al,Fe2.000,Ti0.600Cr0.400,Al1.000,300.0,0.0,0.0,2.25333333333e-05,0.0,0.0,35.0,0.0,16.48,0.0,0.0,0.0,1.61,0.0,0.0,1.351999999998e-05,0.0,0.0,5.0,2.25333333333e-05,0.0,0.0,13.0,1.61,73.0,5.0,0.0,5.0,0.0,0.1199999999999998,73.0,1.588,1.54,933.47,225.0,1.61,2036.6,121.0,0.0,933.47,49.19837200074973,2.273757979219548e-06
Fe2(Ti0.6Cr0.4)Al,Fe2.000,Ti0.600Cr0.400,Al1.000,350.0,0.0,0.0,2.25333333333e-05,0.0,0.0,35.0,0.0,16.48,0.0,0.0,0.0,1.61,0.0,0.0,1.351999999998e-05,0.0,0.0,5.0,2.25333333333e-05,0.0,0.0,13.0,1.61,73.0,5.0,0.0,5.0,0.0,0.1199999999999998,73.0,1.588,1.54,933.47,225.0,1.61,2036.6,121.0,0.0,933.47,52.158485176306094,2.516032657942256e-06
Fe2(Ti0.6Cr0.4)Al,Fe2.000,Ti0.600Cr0.400,Al1.000,400.0,0.0,0.0,2.25333333333e-05,0.0,0.0,35.0,0.0,16.48,0.0,0.0,0.0,1.61,0.0,0.0,1.351999999998e-05,0.0,0.0,5.0,2.25333333333e-05,0.0,0.0,13.0,1.61,73.0,5.0,0.0,5.0,0.0,0.1199999999999998,73.0,1.588,1.54,933.47,225.0,1.61,2036.6,121.0,0.0,933.47,52.534963436182096,2.633855224327703e-06
Fe2(Ti0.6Cr0.4)Al,Fe2.000,Ti0.600Cr0.400,Al1.000,450.0,0.0,0.0,2.25333333333e-05,0.0,0.0,35.0,0.0,16.48,0.0,0.0,0.0,1.61,0.0,0.0,1.351999999998e-05,0.0,0.0,5.0,2.25333333333e-05,0.0,0.0,13.0,1.61,73.0,5.0,0.0,5.0,0.0,0.1199999999999998,73.0,1.588,1.54,933.47,225.0,1.61,2036.6,121.0,0.0,933.47,51.81961920909701,2.974993180209721e-06
Fe2(Ti0.5Cr0.5)Al,Fe2.000,Ti0.500Cr0.500,Al1.000,300.0,0.0,0.0,2.25333333333e-05,0.0,0.0,35.0,0.0,16.48,0.0,0.0,0.0,1.61,0.0,0.0,1.126666666665e-05,0.0,0.0,5.0,2.25333333333e-05,0.0,0.0,13.0,1.61,73.0,5.0,0.0,5.0,0.0,0.1199999999999998,73.0,1.6,1.54,933.47,225.0,1.61,2060.5,121.0,0.0,933.47,48.15040518557504,7.381517498897551e-06
Fe2(Ti0.5Cr0.5)Al,Fe2.000,Ti0.500Cr0.500,Al1.000,350.0,0.0,0.0,2.25333333333e-05,0.0,0.0,35.0,0.0,16.48,0.0,0.0,0.0,1.61,0.0,0.0,1.126666666665e-05,0.0,0.0,5.0,2.25333333333e-05,0.0,0.0,13.0,1.61,73.0,5.0,0.0,5.0,0.0,0.1199999999999998,73.0,1.6,1.54,933.47,225.0,1.61,2060.5,121.0,0.0,933.47,47.96267426103408,7.601268601126784e-06
Fe2(Ti0.5Cr0.5)Al,Fe2.000,Ti0.500Cr0.500,Al1.000,400.0,0.0,0.0,2.25333333333e-05,0.0,0.0,35.0,0.0,16.48,0.0,0.0,0.0,1.61,0.0,0.0,1.126666666665e-05,0.0,0.0,5.0,2.25333333333e-05,0.0,0.0,13.0,1.61,73.0,5.0,0.0,5.0,0.0,0.1199999999999998,73.0,1.6,1.54,933.47,225.0,1.61,2060.5,121.0,0.0,933.47,45.47776258924884,7.68719685917559e-06
Fe2(Ti0.5Cr0.5)Al,Fe2.000,Ti0.500Cr0.500,Al1.000,450.0,0.0,0.0,2.25333333333e-05,0.0,0.0,35.0,0.0,16.48,0.0,0.0,0.0,1.61,0.0,0.0,1.126666666665e-05,0.0,0.0,5.0,2.25333333333e-05,0.0,0.0,13.0,1.61,73.0,5.0,0.0,5.0,0.0,0.1199999999999998,73.0,1.6,1.54,933.47,225.0,1.61,2060.5,121.0,0.0,933.47,41.48488002698428,7.682641618589285e-06
(Fe0.3Co0.7)2TiAl,Fe0.600Co1.400,Ti1.000,Al1.000,300.0,0.0,0.0,0.0,0.0,0.0,0.0,0.0,16.48,0.0,0.0,0.0,1.61,0.0,0.0,2.25333333333e-05,0.0,0.0,5.0,2.25333333333e-05,0.0,0.0,13.0,1.61,73.0,5.0,0.0,5.0,0.0,0.0,73.0,1.54,1.54,933.47,225.0,1.61,1941.0,121.0,0.0,933.47,-33.86950955758196,2.5132064633240792e-06
(Fe0.3Co0.7)2TiAl,Fe0.600Co1.400,Ti1.000,Al1.000,350.0,0.0,0.0,0.0,0.0,0.0,0.0,0.0,16.48,0.0,0.0,0.0,1.61,0.0,0.0,2.25333333333e-05,0.0,0.0,5.0,2.25333333333e-05,0.0,0.0,13.0,1.61,73.0,5.0,0.0,5.0,0.0,0.0,73.0,1.54,1.54,933.47,225.0,1.61,1941.0,121.0,0.0,933.47,-37.40752300307709,2.685173655917329e-06
(Fe0.3Co0.7)2TiAl,Fe0.600Co1.400,Ti1.000,Al1.000,400.0,0.0,0.0,0.0,0.0,0.0,0.0,0.0,16.48,0.0,0.0,0.0,1.61,0.0,0.0,2.25333333333e-05,0.0,0.0,5.0,2.25333333333e-05,0.0,0.0,13.0,1.61,73.0,5.0,0.0,5.0,0.0,0.0,73.0,1.54,1.54,933.47,225.0,1.61,1941.0,121.0,0.0,933.47,-41.72496922664256,2.672384114234673e-06
(Fe0.3Co0.7)2TiAl,Fe0.600Co1.400,Ti1.000,Al1.000,450.0,0.0,0.0,0.0,0.0,0.0,0.0,0.0,16.48,0.0,0.0,0.0,1.61,0.0,0.0,2.25333333333e-05,0.0,0.0,5.0,2.25333333333e-05,0.0,0.0,13.0,1.61,73.0,5.0,0.0,5.0,0.0,0.0,73.0,1.54,1.54,933.47,225.0,1.61,1941.0,121.0,0.0,933.47,-45.59536346049027,3.078787105137903e-06
(Fe0.2Co0.8)2TiAl,Fe0.400Co1.600,Ti1.000,Al1.000,300.0,0.0,0.0,0.0,0.0,0.0,0.0,0.0,16.48,0.0,0.0,0.0,1.61,0.0,0.0,2.25333333333e-05,0.0,0.0,5.0,2.25333333333e-05,0.0,0.0,13.0,1.61,73.0,5.0,0.0,5.0,0.0,0.0,73.0,1.54,1.54,933.47,225.0,1.61,1941.0,121.0,0.0,933.47,-34.15088371653283,1.9146507783876087e-06
(Fe0.2Co0.8)2TiAl,Fe0.400Co1.600,Ti1.000,Al1.000,350.0,0.0,0.0,0.0,0.0,0.0,0.0,0.0,16.48,0.0,0.0,0.0,1.61,0.0,0.0,2.25333333333e-05,0.0,0.0,5.0,2.25333333333e-05,0.0,0.0,13.0,1.61,73.0,5.0,0.0,5.0,0.0,0.0,73.0,1.54,1.54,933.47,225.0,1.61,1941.0,121.0,0.0,933.47,-38.09807716600652,2.1237160883788944e-06
(Fe0.2Co0.8)2TiAl,Fe0.400Co1.600,Ti1.000,Al1.000,400.0,0.0,0.0,0.0,0.0,0.0,0.0,0.0,16.48,0.0,0.0,0.0,1.61,0.0,0.0,2.25333333333e-05,0.0,0.0,5.0,2.25333333333e-05,0.0,0.0,13.0,1.61,73.0,5.0,0.0,5.0,0.0,0.0,73.0,1.54,1.54,933.47,225.0,1.61,1941.0,121.0,0.0,933.47,-42.45680972865496,2.3128451251340737e-06
(Fe0.2Co0.8)2TiAl,Fe0.400Co1.600,Ti1.000,Al1.000,450.0,0.0,0.0,0.0,0.0,0.0,0.0,0.0,16.48,0.0,0.0,0.0,1.61,0.0,0.0,2.25333333333e-05,0.0,0.0,5.0,2.25333333333e-05,0.0,0.0,13.0,1.61,73.0,5.0,0.0,5.0,0.0,0.0,73.0,1.54,1.54,933.47,225.0,1.61,1941.0,121.0,0.0,933.47,-45.980265954153815,2.2843479939092088e-06
LaPd2Ge,Pd2.000,La1.000,Ge1.000,50.0,0.0,0.0,0.0,0.0,0.0,0.0,0.0,23.005,0.0,0.0,0.0,2.01,0.0,0.0,0.0,0.0,0.0,4.0,0.0,0.0,0.0,14.0,2.01,79.0,4.0,0.0,4.0,0.0,0.0,79.0,1.1,1.1,1211.4,225.0,2.01,1193.0,120.0,0.383,1211.4,-1.327288994084091,4.477912734326716e-07
LaPd2Ge,Pd2.000,La1.000,Ge1.000,100.0,0.0,0.0,0.0,0.0,0.0,0.0,0.0,23.005,0.0,0.0,0.0,2.01,0.0,0.0,0.0,0.0,0.0,4.0,0.0,0.0,0.0,14.0,2.01,79.0,4.0,0.0,4.0,0.0,0.0,79.0,1.1,1.1,1211.4,225.0,2.01,1193.0,120.0,0.383,1211.4,-1.071299819438522,9.232897501927944e-07
LaPd2Ge,Pd2.000,La1.000,Ge1.000,150.0,0.0,0.0,0.0,0.0,0.0,0.0,0.0,23.005,0.0,0.0,0.0,2.01,0.0,0.0,0.0,0.0,0.0,4.0,0.0,0.0,0.0,14.0,2.01,79.0,4.0,0.0,4.0,0.0,0.0,79.0,1.1,1.1,1211.4,225.0,2.01,1193.0,120.0,0.383,1211.4,-0.0899710033552191,1.3658788363570392e-06
LaPd2Ge,Pd2.000,La1.000,Ge1.000,200.0,0.0,0.0,0.0,0.0,0.0,0.0,0.0,23.005,0.0,0.0,0.0,2.01,0.0,0.0,0.0,0.0,0.0,4.0,0.0,0.0,0.0,14.0,2.01,79.0,4.0,0.0,4.0,0.0,0.0,79.0,1.1,1.1,1211.4,225.0,2.01,1193.0,120.0,0.383,1211.4,1.5770953244305137,1.7546111539518853e-06
LaPd2Ge,Pd2.000,La1.000,Ge1.000,250.0,0.0,0.0,0.0,0.0,0.0,0.0,0.0,23.005,0.0,0.0,0.0,2.01,0.0,0.0,0.0,0.0,0.0,4.0,0.0,0.0,0.0,14.0,2.01,79.0,4.0,0.0,4.0,0.0,0.0,79.0,1.1,1.1,1211.4,225.0,2.01,1193.0,120.0,0.383,1211.4,3.755556089211251,2.111992393672739e-06
Fe2VAl,Fe2.000,V1.000,Al1.000,100.0,0.0,0.0,0.0,0.0,0.0,0.0,0.0,16.48,0.0,0.0,0.0,1.61,0.0,0.0,0.0,0.0,0.0,5.0,0.0,0.0,0.0,13.0,1.61,73.0,5.0,0.0,5.0,0.0,0.0,73.0,1.63,1.63,933.47,225.0,1.61,2183.0,121.0,0.0,933.47,-8.602681731740578,2.823400130477549e-05
Fe2VAl,Fe2.000,V1.000,Al1.000,150.0,0.0,0.0,0.0,0.0,0.0,0.0,0.0,16.48,0.0,0.0,0.0,1.61,0.0,0.0,0.0,0.0,0.0,5.0,0.0,0.0,0.0,13.0,1.61,73.0,5.0,0.0,5.0,0.0,0.0,73.0,1.63,1.63,933.47,225.0,1.61,2183.0,121.0,0.0,933.47,-16.662905180648885,2.493655959139955e-05
Fe2VAl,Fe2.000,V1.000,Al1.000,200.0,0.0,0.0,0.0,0.0,0.0,0.0,0.0,16.48,0.0,0.0,0.0,1.61,0.0,0.0,0.0,0.0,0.0,5.0,0.0,0.0,0.0,13.0,1.61,73.0,5.0,0.0,5.0,0.0,0.0,73.0,1.63,1.63,933.47,225.0,1.61,2183.0,121.0,0.0,933.47,-23.431736411272784,2.10209345413405e-05
Fe2VAl,Fe2.000,V1.000,Al1.000,250.0,0.0,0.0,0.0,0.0,0.0,0.0,0.0,16.48,0.0,0.0,0.0,1.61,0.0,0.0,0.0,0.0,0.0,5.0,0.0,0.0,0.0,13.0,1.61,73.0,5.0,0.0,5.0,0.0,0.0,73.0,1.63,1.63,933.47,225.0,1.61,2183.0,121.0,0.0,933.47,-27.43992938784883,1.5809767808848176e-05
Fe2VAl,Fe2.000,V1.000,Al1.000,300.0,0.0,0.0,0.0,0.0,0.0,0.0,0.0,16.48,0.0,0.0,0.0,1.61,0.0,0.0,0.0,0.0,0.0,5.0,0.0,0.0,0.0,13.0,1.61,73.0,5.0,0.0,5.0,0.0,0.0,73.0,1.63,1.63,933.47,225.0,1.61,2183.0,121.0,0.0,933.47,-28.278400862955248,1.1096683556336226e-05
Fe2VAl,Fe2.000,V1.000,Al1.000,350.0,0.0,0.0,0.0,0.0,0.0,0.0,0.0,16.48,0.0,0.0,0.0,1.61,0.0,0.0,0.0,0.0,0.0,5.0,0.0,0.0,0.0,13.0,1.61,73.0,5.0,0.0,5.0,0.0,0.0,73.0,1.63,1.63,933.47,225.0,1.61,2183.0,121.0,0.0,933.47,-26.333057121875125,8.531033061238294e-06
Fe2VAl,Fe2.000,V1.000,Al1.000,400.0,0.0,0.0,0.0,0.0,0.0,0.0,0.0,16.48,0.0,0.0,0.0,1.61,0.0,0.0,0.0,0.0,0.0,5.0,0.0,0.0,0.0,13.0,1.61,73.0,5.0,0.0,5.0,0.0,0.0,73.0,1.63,1.63,933.47,225.0,1.61,2183.0,121.0,0.0,933.47,-22.51962072695924,7.002639322865493e-06
Fe2VAl0.99Sb0.01,Fe2.000,V1.000,Al0.990Sb0.010,150.0,15.079999999999998,0.0,0.0,94.7784614,38.0,0.0,0.0,16.6308,0.0,0.0,59.0,1.6144,0.0,2.0,0.0,0.0,12.0,5.0,0.0,2.0,12.0,13.0,1.61,73.0,4.98,2.0,4.98,0.4399999999999997,0.0,73.11999999999999,1.63,1.63,933.1731,224.41,2.05,2183.0,121.18,0.0,933.47,-60.82942332257692,1.7870409262221626e-05
Fe2VAl0.99Sb0.01,Fe2.000,V1.000,Al0.990Sb0.010,200.0,15.079999999999998,0.0,0.0,94.7784614,38.0,0.0,0.0,16.6308,0.0,0.0,59.0,1.6144,0.0,2.0,0.0,0.0,12.0,5.0,0.0,2.0,12.0,13.0,1.61,73.0,4.98,2.0,4.98,0.4399999999999997,0.0,73.11999999999999,1.63,1.63,933.1731,224.41,2.05,2183.0,121.18,0.0,933.47,-72.31489554845633,1.4913421562932316e-05
Fe2VAl0.99Sb0.01,Fe2.000,V1.000,Al0.990Sb0.010,250.0,15.079999999999998,0.0,0.0,94.7784614,38.0,0.0,0.0,16.6308,0.0,0.0,59.0,1.6144,0.0,2.0,0.0,0.0,12.0,5.0,0.0,2.0,12.0,13.0,1.61,73.0,4.98,2.0,4.98,0.4399999999999997,0.0,73.11999999999999,1.63,1.63,933.1731,224.41,2.05,2183.0,121.18,0.0,933.47,-75.52078530893499,1.2225099264618947e-05
Fe2VAl0.99Sb0.01,Fe2.000,V1.000,Al0.990Sb0.010,300.0,15.079999999999998,0.0,0.0,94.7784614,38.0,0.0,0.0,16.6308,0.0,0.0,59.0,1.6144,0.0,2.0,0.0,0.0,12.0,5.0,0.0,2.0,12.0,13.0,1.61,73.0,4.98,2.0,4.98,0.4399999999999997,0.0,73.11999999999999,1.63,1.63,933.1731,224.41,2.05,2183.0,121.18,0.0,933.47,-71.10227160642292,9.9339588187969e-06
Fe2VAl0.99Sb0.01,Fe2.000,V1.000,Al0.990Sb0.010,350.0,15.079999999999998,0.0,0.0,94.7784614,38.0,0.0,0.0,16.6308,0.0,0.0,59.0,1.6144,0.0,2.0,0.0,0.0,12.0,5.0,0.0,2.0,12.0,13.0,1.61,73.0,4.98,2.0,4.98,0.4399999999999997,0.0,73.11999999999999,1.63,1.63,933.1731,224.41,2.05,2183.0,121.18,0.0,933.47,-60.95727592087053,8.091210285213726e-06
Fe2VAl0.99Sb0.01,Fe2.000,V1.000,Al0.990Sb0.010,400.0,15.079999999999998,0.0,0.0,94.7784614,38.0,0.0,0.0,16.6308,0.0,0.0,59.0,1.6144,0.0,2.0,0.0,0.0,12.0,5.0,0.0,2.0,12.0,13.0,1.61,73.0,4.98,2.0,4.98,0.4399999999999997,0.0,73.11999999999999,1.63,1.63,933.1731,224.41,2.05,2183.0,121.18,0.0,933.47,-47.71914461351371,6.687535357134043e-06
Fe2VAl0.99Sb0.01,Fe2.000,V1.000,Al0.990Sb0.010,450.0,15.079999999999998,0.0,0.0,94.7784614,38.0,0.0,0.0,16.6308,0.0,0.0,59.0,1.6144,0.0,2.0,0.0,0.0,12.0,5.0,0.0,2.0,12.0,13.0,1.61,73.0,4.98,2.0,4.98,0.4399999999999997,0.0,73.11999999999999,1.63,1.63,933.1731,224.41,2.05,2183.0,121.18,0.0,933.47,-34.24933133062014,5.669865386624359e-06
Fe2VAl0.99Sb0.01,Fe2.000,V1.000,Al0.990Sb0.010,500.0,15.079999999999998,0.0,0.0,94.7784614,38.0,0.0,0.0,16.6308,0.0,0.0,59.0,1.6144,0.0,2.0,0.0,0.0,12.0,5.0,0.0,2.0,12.0,13.0,1.61,73.0,4.98,2.0,4.98,0.4399999999999997,0.0,73.11999999999999,1.63,1.63,933.1731,224.41,2.05,2183.0,121.18,0.0,933.47,-23.130079407234057,4.958159409837854e-06
Fe2VAl0.99Sb0.01,Fe2.000,V1.000,Al0.990Sb0.010,550.0,15.079999999999998,0.0,0.0,94.7784614,38.0,0.0,0.0,16.6308,0.0,0.0,59.0,1.6144,0.0,2.0,0.0,0.0,12.0,5.0,0.0,2.0,12.0,13.0,1.61,73.0,4.98,2.0,4.98,0.4399999999999997,0.0,73.11999999999999,1.63,1.63,933.1731,224.41,2.05,2183.0,121.18,0.0,933.47,-16.157104270922552,4.46218217229937e-06
Fe2VAl0.99Sb0.01,Fe2.000,V1.000,Al0.990Sb0.010,600.0,15.079999999999998,0.0,0.0,94.7784614,38.0,0.0,0.0,16.6308,0.0,0.0,59.0,1.6144,0.0,2.0,0.0,0.0,12.0,5.0,0.0,2.0,12.0,13.0,1.61,73.0,4.98,2.0,4.98,0.4399999999999997,0.0,73.11999999999999,1.63,1.63,933.1731,224.41,2.05,2183.0,121.18,0.0,933.47,-13.832275845521018,4.098282154190061e-06
Fe2VAl0.99Sb0.01,Fe2.000,V1.000,Al0.990Sb0.010,650.0,15.079999999999998,0.0,0.0,94.7784614,38.0,0.0,0.0,16.6308,0.0,0.0,59.0,1.6144,0.0,2.0,0.0,0.0,12.0,5.0,0.0,2.0,12.0,13.0,1.61,73.0,4.98,2.0,4.98,0.4399999999999997,0.0,73.11999999999999,1.63,1.63,933.1731,224.41,2.05,2183.0,121.18,0.0,933.47,-14.856300954878304,3.8061695956324295e-06
Fe2VAl0.99Sb0.01,Fe2.000,V1.000,Al0.990Sb0.010,700.0,15.079999999999998,0.0,0.0,94.7784614,38.0,0.0,0.0,16.6308,0.0,0.0,59.0,1.6144,0.0,2.0,0.0,0.0,12.0,5.0,0.0,2.0,12.0,13.0,1.61,73.0,4.98,2.0,4.98,0.4399999999999997,0.0,73.11999999999999,1.63,1.63,933.1731,224.41,2.05,2183.0,121.18,0.0,933.47,-15.621405726602443,3.5656945219750234e-06
Fe2VAl0.98Sb0.02,Fe2.000,V1.000,Al0.980Sb0.020,100.0,15.079999999999998,0.0,0.0,94.7784614,38.0,0.0,0.0,16.7816,0.0,0.0,59.0,1.6188,0.0,2.0,0.0,0.0,12.0,5.0,0.0,2.0,12.0,13.0,1.61,73.0,4.96,2.0,4.96,0.4399999999999997,0.0,73.24,1.63,1.63,932.8762,223.82,2.05,2183.0,121.36,0.0,933.47,-79.10682643024377,1.0846178384185194e-05
Fe2VAl0.98Sb0.02,Fe2.000,V1.000,Al0.980Sb0.020,150.0,15.079999999999998,0.0,0.0,94.7784614,38.0,0.0,0.0,16.7816,0.0,0.0,59.0,1.6188,0.0,2.0,0.0,0.0,12.0,5.0,0.0,2.0,12.0,13.0,1.61,73.0,4.96,2.0,4.96,0.4399999999999997,0.0,73.24,1.63,1.63,932.8762,223.82,2.05,2183.0,121.36,0.0,933.47,-109.5214001723,1.06090285108479e-05
Fe2VAl0.98Sb0.02,Fe2.000,V1.000,Al0.980Sb0.020,200.0,15.079999999999998,0.0,0.0,94.7784614,38.0,0.0,0.0,16.7816,0.0,0.0,59.0,1.6188,0.0,2.0,0.0,0.0,12.0,5.0,0.0,2.0,12.0,13.0,1.61,73.0,4.96,2.0,4.96,0.4399999999999997,0.0,73.24,1.63,1.63,932.8762,223.82,2.05,2183.0,121.36,0.0,933.47,-124.3469078678,1.000339893117873e-05
Fe2VAl0.98Sb0.02,Fe2.000,V1.000,Al0.980Sb0.020,250.0,15.079999999999998,0.0,0.0,94.7784614,38.0,0.0,0.0,16.7816,0.0,0.0,59.0,1.6188,0.0,2.0,0.0,0.0,12.0,5.0,0.0,2.0,12.0,13.0,1.61,73.0,4.96,2.0,4.96,0.4399999999999997,0.0,73.24,1.63,1.63,932.8762,223.82,2.05,2183.0,121.36,0.0,933.47,-125.45619575819998,9.183881720356483e-06
Fe2VAl0.98Sb0.02,Fe2.000,V1.000,Al0.980Sb0.020,300.0,15.079999999999998,0.0,0.0,94.7784614,38.0,0.0,0.0,16.7816,0.0,0.0,59.0,1.6188,0.0,2.0,0.0,0.0,12.0,5.0,0.0,2.0,12.0,13.0,1.61,73.0,4.96,2.0,4.96,0.4399999999999997,0.0,73.24,1.63,1.63,932.8762,223.82,2.05,2183.0,121.36,0.0,933.47,-115.7977723656,8.2713829719357e-06
Fe2VAl0.98Sb0.02,Fe2.000,V1.000,Al0.980Sb0.020,350.0,15.079999999999998,0.0,0.0,94.7784614,38.0,0.0,0.0,16.7816,0.0,0.0,59.0,1.6188,0.0,2.0,0.0,0.0,12.0,5.0,0.0,2.0,12.0,13.0,1.61,73.0,4.96,2.0,4.96,0.4399999999999997,0.0,73.24,1.63,1.63,932.8762,223.82,2.05,2183.0,121.36,0.0,933.47,-98.96862571501028,7.356702260421442e-06
Fe2VAl0.98Sb0.02,Fe2.000,V1.000,Al0.980Sb0.020,400.0,15.079999999999998,0.0,0.0,94.7784614,38.0,0.0,0.0,16.7816,0.0,0.0,59.0,1.6188,0.0,2.0,0.0,0.0,12.0,5.0,0.0,2.0,12.0,13.0,1.61,73.0,4.96,2.0,4.96,0.4399999999999997,0.0,73.24,1.63,1.63,932.8762,223.82,2.05,2183.0,121.36,0.0,933.47,-78.78704055595492,6.5041121038440765e-06
Fe2VAl0.98Sb0.02,Fe2.000,V1.000,Al0.980Sb0.020,450.0,15.079999999999998,0.0,0.0,94.7784614,38.0,0.0,0.0,16.7816,0.0,0.0,59.0,1.6188,0.0,2.0,0.0,0.0,12.0,5.0,0.0,2.0,12.0,13.0,1.61,73.0,4.96,2.0,4.96,0.4399999999999997,0.0,73.24,1.63,1.63,932.8762,223.82,2.05,2183.0,121.36,0.0,933.47,-58.86541558450734,5.754937426334052e-06
Fe2VAl0.98Sb0.02,Fe2.000,V1.000,Al0.980Sb0.020,500.0,15.079999999999998,0.0,0.0,94.7784614,38.0,0.0,0.0,16.7816,0.0,0.0,59.0,1.6188,0.0,2.0,0.0,0.0,12.0,5.0,0.0,2.0,12.0,13.0,1.61,73.0,4.96,2.0,4.96,0.4399999999999997,0.0,73.24,1.63,1.63,932.8762,223.82,2.05,2183.0,121.36,0.0,933.47,-42.18308066503236,5.1311350206966705e-06
Fe2VAl0.98Sb0.02,Fe2.000,V1.000,Al0.980Sb0.020,550.0,15.079999999999998,0.0,0.0,94.7784614,38.0,0.0,0.0,16.7816,0.0,0.0,59.0,1.6188,0.0,2.0,0.0,0.0,12.0,5.0,0.0,2.0,12.0,13.0,1.61,73.0,4.96,2.0,4.96,0.4399999999999997,0.0,73.24,1.63,1.63,932.8762,223.82,2.05,2183.0,121.36,0.0,933.47,-30.659114052077147,4.638873010986872e-06
Fe2VAl0.98Sb0.02,Fe2.000,V1.000,Al0.980Sb0.020,600.0,15.079999999999998,0.0,0.0,94.7784614,38.0,0.0,0.0,16.7816,0.0,0.0,59.0,1.6188,0.0,2.0,0.0,0.0,12.0,5.0,0.0,2.0,12.0,13.0,1.61,73.0,4.96,2.0,4.96,0.4399999999999997,0.0,73.24,1.63,1.63,932.8762,223.82,2.05,2183.0,121.36,0.0,933.47,-24.725159612228204,4.272110315084031e-06
Fe2VAl0.98Sb0.02,Fe2.000,V1.000,Al0.980Sb0.020,650.0,15.079999999999998,0.0,0.0,94.7784614,38.0,0.0,0.0,16.7816,0.0,0.0,59.0,1.6188,0.0,2.0,0.0,0.0,12.0,5.0,0.0,2.0,12.0,13.0,1.61,73.0,4.96,2.0,4.96,0.4399999999999997,0.0,73.24,1.63,1.63,932.8762,223.82,2.05,2183.0,121.36,0.0,933.47,-22.898244045970095,4.016176107266687e-06
Fe2VAl0.98Sb0.02,Fe2.000,V1.000,Al0.980Sb0.020,700.0,15.079999999999998,0.0,0.0,94.7784614,38.0,0.0,0.0,16.7816,0.0,0.0,59.0,1.6188,0.0,2.0,0.0,0.0,12.0,5.0,0.0,2.0,12.0,13.0,1.61,73.0,4.96,2.0,4.96,0.4399999999999997,0.0,73.24,1.63,1.63,932.8762,223.82,2.05,2183.0,121.36,0.0,933.47,-21.353594109543373,3.851349280787348e-06
Fe2VAl0.97Sb0.03,Fe2.000,V1.000,Al0.970Sb0.030,100.0,15.079999999999998,0.0,0.0,94.7784614,38.0,0.0,0.0,16.9324,0.0,0.0,59.0,1.6232,0.0,2.0,0.0,0.0,12.0,5.0,0.0,2.0,12.0,13.0,1.61,73.0,4.9399999999999995,2.0,4.9399999999999995,0.4399999999999997,0.0,73.36,1.63,1.63,932.5793,223.23,2.05,2183.0,121.54,0.0,933.47,-74.25183278120645,6.467374690240056e-06
Fe2VAl0.97Sb0.03,Fe2.000,V1.000,Al0.970Sb0.030,150.0,15.079999999999998,0.0,0.0,94.7784614,38.0,0.0,0.0,16.9324,0.0,0.0,59.0,1.6232,0.0,2.0,0.0,0.0,12.0,5.0,0.0,2.0,12.0,13.0,1.61,73.0,4.9399999999999995,2.0,4.9399999999999995,0.4399999999999997,0.0,73.36,1.63,1.63,932.5793,223.23,2.05,2183.0,121.54,0.0,933.47,-97.7908693234088,7.0756792743580974e-06
Fe2VAl0.97Sb0.03,Fe2.000,V1.000,Al0.970Sb0.030,200.0,15.079999999999998,0.0,0.0,94.7784614,38.0,0.0,0.0,16.9324,0.0,0.0,59.0,1.6232,0.0,2.0,0.0,0.0,12.0,5.0,0.0,2.0,12.0,13.0,1.61,73.0,4.9399999999999995,2.0,4.9399999999999995,0.4399999999999997,0.0,73.36,1.63,1.63,932.5793,223.23,2.05,2183.0,121.54,0.0,933.47,-115.2651192368,7.383654229862029e-06
Fe2VAl0.97Sb0.03,Fe2.000,V1.000,Al0.970Sb0.030,250.0,15.079999999999998,0.0,0.0,94.7784614,38.0,0.0,0.0,16.9324,0.0,0.0,59.0,1.6232,0.0,2.0,0.0,0.0,12.0,5.0,0.0,2.0,12.0,13.0,1.61,73.0,4.9399999999999995,2.0,4.9399999999999995,0.4399999999999997,0.0,73.36,1.63,1.63,932.5793,223.23,2.05,2183.0,121.54,0.0,933.47,-123.58018594050002,7.402793716011293e-06
Fe2VAl0.97Sb0.03,Fe2.000,V1.000,Al0.970Sb0.030,300.0,15.079999999999998,0.0,0.0,94.7784614,38.0,0.0,0.0,16.9324,0.0,0.0,59.0,1.6232,0.0,2.0,0.0,0.0,12.0,5.0,0.0,2.0,12.0,13.0,1.61,73.0,4.9399999999999995,2.0,4.9399999999999995,0.4399999999999997,0.0,73.36,1.63,1.63,932.5793,223.23,2.05,2183.0,121.54,0.0,933.47,-122.1159685158,7.1737013975769755e-06
Fe2VAl0.97Sb0.03,Fe2.000,V1.000,Al0.970Sb0.030,350.0,15.079999999999998,0.0,0.0,94.7784614,38.0,0.0,0.0,16.9324,0.0,0.0,59.0,1.6232,0.0,2.0,0.0,0.0,12.0,5.0,0.0,2.0,12.0,13.0,1.61,73.0,4.9399999999999995,2.0,4.9399999999999995,0.4399999999999997,0.0,73.36,1.63,1.63,932.5793,223.23,2.05,2183.0,121.54,0.0,933.47,-112.1274508374,6.757041732589119e-06
Fe2VAl0.97Sb0.03,Fe2.000,V1.000,Al0.970Sb0.030,400.0,15.079999999999998,0.0,0.0,94.7784614,38.0,0.0,0.0,16.9324,0.0,0.0,59.0,1.6232,0.0,2.0,0.0,0.0,12.0,5.0,0.0,2.0,12.0,13.0,1.61,73.0,4.9399999999999995,2.0,4.9399999999999995,0.4399999999999997,0.0,73.36,1.63,1.63,932.5793,223.23,2.05,2183.0,121.54,0.0,933.47,-96.14549070346251,6.224491260084029e-06
Fe2VAl0.97Sb0.03,Fe2.000,V1.000,Al0.970Sb0.030,450.0,15.079999999999998,0.0,0.0,94.7784614,38.0,0.0,0.0,16.9324,0.0,0.0,59.0,1.6232,0.0,2.0,0.0,0.0,12.0,5.0,0.0,2.0,12.0,13.0,1.61,73.0,4.9399999999999995,2.0,4.9399999999999995,0.4399999999999997,0.0,73.36,1.63,1.63,932.5793,223.23,2.05,2183.0,121.54,0.0,933.47,-77.37760896712739,5.649689887851591e-06
Fe2VAl0.97Sb0.03,Fe2.000,V1.000,Al0.970Sb0.030,500.0,15.079999999999998,0.0,0.0,94.7784614,38.0,0.0,0.0,16.9324,0.0,0.0,59.0,1.6232,0.0,2.0,0.0,0.0,12.0,5.0,0.0,2.0,12.0,13.0,1.61,73.0,4.9399999999999995,2.0,4.9399999999999995,0.4399999999999997,0.0,73.36,1.63,1.63,932.5793,223.23,2.05,2183.0,121.54,0.0,933.47,-59.10877866711834,5.09919218018258e-06
Fe2VAl0.97Sb0.03,Fe2.000,V1.000,Al0.970Sb0.030,550.0,15.079999999999998,0.0,0.0,94.7784614,38.0,0.0,0.0,16.9324,0.0,0.0,59.0,1.6232,0.0,2.0,0.0,0.0,12.0,5.0,0.0,2.0,12.0,13.0,1.61,73.0,4.9399999999999995,2.0,4.9399999999999995,0.4399999999999997,0.0,73.36,1.63,1.63,932.5793,223.23,2.05,2183.0,121.54,0.0,933.47,-44.10221415854416,4.623418645615959e-06
Fe2VAl0.97Sb0.03,Fe2.000,V1.000,Al0.970Sb0.030,600.0,15.079999999999998,0.0,0.0,94.7784614,38.0,0.0,0.0,16.9324,0.0,0.0,59.0,1.6232,0.0,2.0,0.0,0.0,12.0,5.0,0.0,2.0,12.0,13.0,1.61,73.0,4.9399999999999995,2.0,4.9399999999999995,0.4399999999999997,0.0,73.36,1.63,1.63,932.5793,223.23,2.05,2183.0,121.54,0.0,933.47,-34.00016024375653,4.247607024686212e-06
Fe2VAl0.97Sb0.03,Fe2.000,V1.000,Al0.970Sb0.030,650.0,15.079999999999998,0.0,0.0,94.7784614,38.0,0.0,0.0,16.9324,0.0,0.0,59.0,1.6232,0.0,2.0,0.0,0.0,12.0,5.0,0.0,2.0,12.0,13.0,1.61,73.0,4.9399999999999995,2.0,4.9399999999999995,0.4399999999999997,0.0,73.36,1.63,1.63,932.5793,223.23,2.05,2183.0,121.54,0.0,933.47,-28.724681303180944,3.962763577670633e-06
Fe2VAl0.97Sb0.03,Fe2.000,V1.000,Al0.970Sb0.030,700.0,15.079999999999998,0.0,0.0,94.7784614,38.0,0.0,0.0,16.9324,0.0,0.0,59.0,1.6232,0.0,2.0,0.0,0.0,12.0,5.0,0.0,2.0,12.0,13.0,1.61,73.0,4.9399999999999995,2.0,4.9399999999999995,0.4399999999999997,0.0,73.36,1.63,1.63,932.5793,223.23,2.05,2183.0,121.54,0.0,933.47,-25.87845042614816,3.7166143723366585e-06
Fe2VAl0.95Sb0.05,Fe2.000,V1.000,Al0.950Sb0.050,150.0,15.079999999999998,0.0,0.0,94.7784614,38.0,0.0,0.0,17.233999999999998,0.0,0.0,59.0,1.632,0.0,2.0,0.0,0.0,12.0,5.0,0.0,2.0,12.0,13.0,1.61,73.0,4.9,2.0,4.9,0.4399999999999997,0.0,73.6,1.63,1.63,931.9855,222.05,2.05,2183.0,121.9,0.0,933.47,-96.7707708246441,6.879032066704063e-06
Fe2VAl0.95Sb0.05,Fe2.000,V1.000,Al0.950Sb0.050,200.0,15.079999999999998,0.0,0.0,94.7784614,38.0,0.0,0.0,17.233999999999998,0.0,0.0,59.0,1.632,0.0,2.0,0.0,0.0,12.0,5.0,0.0,2.0,12.0,13.0,1.61,73.0,4.9,2.0,4.9,0.4399999999999997,0.0,73.6,1.63,1.63,931.9855,222.05,2.05,2183.0,121.9,0.0,933.47,-110.843108705,7.089272557643444e-06
Fe2VAl0.95Sb0.05,Fe2.000,V1.000,Al0.950Sb0.050,250.0,15.079999999999998,0.0,0.0,94.7784614,38.0,0.0,0.0,17.233999999999998,0.0,0.0,59.0,1.632,0.0,2.0,0.0,0.0,12.0,5.0,0.0,2.0,12.0,13.0,1.61,73.0,4.9,2.0,4.9,0.4399999999999997,0.0,73.6,1.63,1.63,931.9855,222.05,2.05,2183.0,121.9,0.0,933.47,-116.0790127781,7.065086189745942e-06
Fe2VAl0.95Sb0.05,Fe2.000,V1.000,Al0.950Sb0.050,300.0,15.079999999999998,0.0,0.0,94.7784614,38.0,0.0,0.0,17.233999999999998,0.0,0.0,59.0,1.632,0.0,2.0,0.0,0.0,12.0,5.0,0.0,2.0,12.0,13.0,1.61,73.0,4.9,2.0,4.9,0.4399999999999997,0.0,73.6,1.63,1.63,931.9855,222.05,2.05,2183.0,121.9,0.0,933.47,-113.8560355798,6.86510884451894e-06
Fe2VAl0.95Sb0.05,Fe2.000,V1.000,Al0.950Sb0.050,350.0,15.079999999999998,0.0,0.0,94.7784614,38.0,0.0,0.0,17.233999999999998,0.0,0.0,59.0,1.632,0.0,2.0,0.0,0.0,12.0,5.0,0.0,2.0,12.0,13.0,1.61,73.0,4.9,2.0,4.9,0.4399999999999997,0.0,73.6,1.63,1.63,931.9855,222.05,2.05,2183.0,121.9,0.0,933.47,-105.8499857704,6.540421699282326e-06
Fe2VAl0.95Sb0.05,Fe2.000,V1.000,Al0.950Sb0.050,400.0,15.079999999999998,0.0,0.0,94.7784614,38.0,0.0,0.0,17.233999999999998,0.0,0.0,59.0,1.632,0.0,2.0,0.0,0.0,12.0,5.0,0.0,2.0,12.0,13.0,1.61,73.0,4.9,2.0,4.9,0.4399999999999997,0.0,73.6,1.63,1.63,931.9855,222.05,2.05,2183.0,121.9,0.0,933.47,-93.89673713178571,6.135376781369918e-06
Fe2VAl0.95Sb0.05,Fe2.000,V1.000,Al0.950Sb0.050,450.0,15.079999999999998,0.0,0.0,94.7784614,38.0,0.0,0.0,17.233999999999998,0.0,0.0,59.0,1.632,0.0,2.0,0.0,0.0,12.0,5.0,0.0,2.0,12.0,13.0,1.61,73.0,4.9,2.0,4.9,0.4399999999999997,0.0,73.6,1.63,1.63,931.9855,222.05,2.05,2183.0,121.9,0.0,933.47,-79.85403756256393,5.688422522330873e-06
Fe2VAl0.95Sb0.05,Fe2.000,V1.000,Al0.950Sb0.050,500.0,15.079999999999998,0.0,0.0,94.7784614,38.0,0.0,0.0,17.233999999999998,0.0,0.0,59.0,1.632,0.0,2.0,0.0,0.0,12.0,5.0,0.0,2.0,12.0,13.0,1.61,73.0,4.9,2.0,4.9,0.4399999999999997,0.0,73.6,1.63,1.63,931.9855,222.05,2.05,2183.0,121.9,0.0,933.47,-65.46331807531912,5.2329293121311e-06
Fe2VAl0.95Sb0.05,Fe2.000,V1.000,Al0.950Sb0.050,550.0,15.079999999999998,0.0,0.0,94.7784614,38.0,0.0,0.0,17.233999999999998,0.0,0.0,59.0,1.632,0.0,2.0,0.0,0.0,12.0,5.0,0.0,2.0,12.0,13.0,1.61,73.0,4.9,2.0,4.9,0.4399999999999997,0.0,73.6,1.63,1.63,931.9855,222.05,2.05,2183.0,121.9,0.0,933.47,-52.21150179243534,4.798015053354684e-06
Fe2VAl0.95Sb0.05,Fe2.000,V1.000,Al0.950Sb0.050,600.0,15.079999999999998,0.0,0.0,94.7784614,38.0,0.0,0.0,17.233999999999998,0.0,0.0,59.0,1.632,0.0,2.0,0.0,0.0,12.0,5.0,0.0,2.0,12.0,13.0,1.61,73.0,4.9,2.0,4.9,0.4399999999999997,0.0,73.6,1.63,1.63,931.9855,222.05,2.05,2183.0,121.9,0.0,933.47,-41.19281294248639,4.409370715405274e-06
Fe2VAl0.95Sb0.05,Fe2.000,V1.000,Al0.950Sb0.050,650.0,15.079999999999998,0.0,0.0,94.7784614,38.0,0.0,0.0,17.233999999999998,0.0,0.0,59.0,1.632,0.0,2.0,0.0,0.0,12.0,5.0,0.0,2.0,12.0,13.0,1.61,73.0,4.9,2.0,4.9,0.4399999999999997,0.0,73.6,1.63,1.63,931.9855,222.05,2.05,2183.0,121.9,0.0,933.47,-32.9705858565284,4.090085888707512e-06
Fe2VAl0.95Sb0.05,Fe2.000,V1.000,Al0.950Sb0.050,700.0,15.079999999999998,0.0,0.0,94.7784614,38.0,0.0,0.0,17.233999999999998,0.0,0.0,59.0,1.632,0.0,2.0,0.0,0.0,12.0,5.0,0.0,2.0,12.0,13.0,1.61,73.0,4.9,2.0,4.9,0.4399999999999997,0.0,73.6,1.63,1.63,931.9855,222.05,2.05,2183.0,121.9,0.0,933.47,-27.43907396439055,3.861474338908455e-06
Fe2VAl0.9Sb0.1,Fe2.000,V1.000,Al0.900Sb0.100,100.0,15.079999999999998,0.0,0.0,94.7784614,38.0,0.0,0.0,17.988,0.0,0.0,59.0,1.654,0.0,2.0,0.0,0.0,12.0,5.0,0.0,2.0,12.0,13.0,1.61,73.0,4.8,2.0,4.8,0.4399999999999997,0.0,74.2,1.63,1.63,930.501,219.1,2.05,2183.0,122.8,0.0,933.47,-68.92727446587317,7.639356831651056e-06
Fe2VAl0.9Sb0.1,Fe2.000,V1.000,Al0.900Sb0.100,150.0,15.079999999999998,0.0,0.0,94.7784614,38.0,0.0,0.0,17.988,0.0,0.0,59.0,1.654,0.0,2.0,0.0,0.0,12.0,5.0,0.0,2.0,12.0,13.0,1.61,73.0,4.8,2.0,4.8,0.4399999999999997,0.0,74.2,1.63,1.63,930.501,219.1,2.05,2183.0,122.8,0.0,933.47,-85.61654514409285,7.388602161147979e-06
Fe2VAl0.9Sb0.1,Fe2.000,V1.000,Al0.900Sb0.100,200.0,15.079999999999998,0.0,0.0,94.7784614,38.0,0.0,0.0,17.988,0.0,0.0,59.0,1.654,0.0,2.0,0.0,0.0,12.0,5.0,0.0,2.0,12.0,13.0,1.61,73.0,4.8,2.0,4.8,0.4399999999999997,0.0,74.2,1.63,1.63,930.501,219.1,2.05,2183.0,122.8,0.0,933.47,-97.79474755855992,7.125359995256837e-06
Fe2VAl0.9Sb0.1,Fe2.000,V1.000,Al0.900Sb0.100,250.0,15.079999999999998,0.0,0.0,94.7784614,38.0,0.0,0.0,17.988,0.0,0.0,59.0,1.654,0.0,2.0,0.0,0.0,12.0,5.0,0.0,2.0,12.0,13.0,1.61,73.0,4.8,2.0,4.8,0.4399999999999997,0.0,74.2,1.63,1.63,930.501,219.1,2.05,2183.0,122.8,0.0,933.47,-104.4684392445,6.8387708304688665e-06
Fe2VAl0.9Sb0.1,Fe2.000,V1.000,Al0.900Sb0.100,300.0,15.079999999999998,0.0,0.0,94.7784614,38.0,0.0,0.0,17.988,0.0,0.0,59.0,1.654,0.0,2.0,0.0,0.0,12.0,5.0,0.0,2.0,12.0,13.0,1.61,73.0,4.8,2.0,4.8,0.4399999999999997,0.0,74.2,1.63,1.63,930.501,219.1,2.05,2183.0,122.8,0.0,933.47,-105.5176749323,6.52372876071452e-06
Fe2VAl0.9Sb0.1,Fe2.000,V1.000,Al0.900Sb0.100,350.0,15.079999999999998,0.0,0.0,94.7784614,38.0,0.0,0.0,17.988,0.0,0.0,59.0,1.654,0.0,2.0,0.0,0.0,12.0,5.0,0.0,2.0,12.0,13.0,1.61,73.0,4.8,2.0,4.8,0.4399999999999997,0.0,74.2,1.63,1.63,930.501,219.1,2.05,2183.0,122.8,0.0,933.47,-101.5053753574,6.180282869706384e-06
Fe2VAl0.9Sb0.1,Fe2.000,V1.000,Al0.900Sb0.100,400.0,15.079999999999998,0.0,0.0,94.7784614,38.0,0.0,0.0,17.988,0.0,0.0,59.0,1.654,0.0,2.0,0.0,0.0,12.0,5.0,0.0,2.0,12.0,13.0,1.61,73.0,4.8,2.0,4.8,0.4399999999999997,0.0,74.2,1.63,1.63,930.501,219.1,2.05,2183.0,122.8,0.0,933.47,-93.48669607117245,5.8130386232820985e-06
Fe2VAl0.9Sb0.1,Fe2.000,V1.000,Al0.900Sb0.100,450.0,15.079999999999998,0.0,0.0,94.7784614,38.0,0.0,0.0,17.988,0.0,0.0,59.0,1.654,0.0,2.0,0.0,0.0,12.0,5.0,0.0,2.0,12.0,13.0,1.61,73.0,4.8,2.0,4.8,0.4399999999999997,0.0,74.2,1.63,1.63,930.501,219.1,2.05,2183.0,122.8,0.0,933.47,-82.81839625101493,5.43055926174727e-06
Fe2VAl0.9Sb0.1,Fe2.000,V1.000,Al0.900Sb0.100,500.0,15.079999999999998,0.0,0.0,94.7784614,38.0,0.0,0.0,17.988,0.0,0.0,59.0,1.654,0.0,2.0,0.0,0.0,12.0,5.0,0.0,2.0,12.0,13.0,1.61,73.0,4.8,2.0,4.8,0.4399999999999997,0.0,74.2,1.63,1.63,930.501,219.1,2.05,2183.0,122.8,0.0,933.47,-70.96820751127292,5.044767192218392e-06
Fe2VAl0.9Sb0.1,Fe2.000,V1.000,Al0.900Sb0.100,550.0,15.079999999999998,0.0,0.0,94.7784614,38.0,0.0,0.0,17.988,0.0,0.0,59.0,1.654,0.0,2.0,0.0,0.0,12.0,5.0,0.0,2.0,12.0,13.0,1.61,73.0,4.8,2.0,4.8,0.4399999999999997,0.0,74.2,1.63,1.63,930.501,219.1,2.05,2183.0,122.8,0.0,933.47,-59.324202713367725,4.6703453809657665e-06
Fe2VAl0.9Sb0.1,Fe2.000,V1.000,Al0.900Sb0.100,600.0,15.079999999999998,0.0,0.0,94.7784614,38.0,0.0,0.0,17.988,0.0,0.0,59.0,1.654,0.0,2.0,0.0,0.0,12.0,5.0,0.0,2.0,12.0,13.0,1.61,73.0,4.8,2.0,4.8,0.4399999999999997,0.0,74.2,1.63,1.63,930.501,219.1,2.05,2183.0,122.8,0.0,933.47,-49.004164776339536,4.3241387457564115e-06
Fe2VAl0.9Sb0.1,Fe2.000,V1.000,Al0.900Sb0.100,650.0,15.079999999999998,0.0,0.0,94.7784614,38.0,0.0,0.0,17.988,0.0,0.0,59.0,1.654,0.0,2.0,0.0,0.0,12.0,5.0,0.0,2.0,12.0,13.0,1.61,73.0,4.8,2.0,4.8,0.4399999999999997,0.0,74.2,1.63,1.63,930.501,219.1,2.05,2183.0,122.8,0.0,933.47,-40.664955487306074,4.024555548196987e-06
Fe2VAl0.9Sb0.1,Fe2.000,V1.000,Al0.900Sb0.100,700.0,15.079999999999998,0.0,0.0,94.7784614,38.0,0.0,0.0,17.988,0.0,0.0,59.0,1.654,0.0,2.0,0.0,0.0,12.0,5.0,0.0,2.0,12.0,13.0,1.61,73.0,4.8,2.0,4.8,0.4399999999999997,0.0,74.2,1.63,1.63,930.501,219.1,2.05,2183.0,122.8,0.0,933.47,-34.31188431191907,3.7909687860767097e-06
Fe2VAl0.97Sb0.03,Fe2.000,V1.000,Al0.970Sb0.030,100.0,15.079999999999998,0.0,0.0,94.7784614,38.0,0.0,0.0,16.9324,0.0,0.0,59.0,1.6232,0.0,2.0,0.0,0.0,12.0,5.0,0.0,2.0,12.0,13.0,1.61,73.0,4.9399999999999995,2.0,4.9399999999999995,0.4399999999999997,0.0,73.36,1.63,1.63,932.5793,223.23,2.05,2183.0,121.54,0.0,933.47,-73.06853285753125,6.671009408148693e-06
Fe2VAl0.97Sb0.03,Fe2.000,V1.000,Al0.970Sb0.030,150.0,15.079999999999998,0.0,0.0,94.7784614,38.0,0.0,0.0,16.9324,0.0,0.0,59.0,1.6232,0.0,2.0,0.0,0.0,12.0,5.0,0.0,2.0,12.0,13.0,1.61,73.0,4.9399999999999995,2.0,4.9399999999999995,0.4399999999999997,0.0,73.36,1.63,1.63,932.5793,223.23,2.05,2183.0,121.54,0.0,933.47,-95.68090211959198,7.246793548121451e-06
Fe2VAl0.97Sb0.03,Fe2.000,V1.000,Al0.970Sb0.030,200.0,15.079999999999998,0.0,0.0,94.7784614,38.0,0.0,0.0,16.9324,0.0,0.0,59.0,1.6232,0.0,2.0,0.0,0.0,12.0,5.0,0.0,2.0,12.0,13.0,1.61,73.0,4.9399999999999995,2.0,4.9399999999999995,0.4399999999999997,0.0,73.36,1.63,1.63,932.5793,223.23,2.05,2183.0,121.54,0.0,933.47,-113.2000589693,7.576919088236053e-06
Fe2VAl0.97Sb0.03,Fe2.000,V1.000,Al0.970Sb0.030,250.0,15.079999999999998,0.0,0.0,94.7784614,38.0,0.0,0.0,16.9324,0.0,0.0,59.0,1.6232,0.0,2.0,0.0,0.0,12.0,5.0,0.0,2.0,12.0,13.0,1.61,73.0,4.9399999999999995,2.0,4.9399999999999995,0.4399999999999997,0.0,73.36,1.63,1.63,932.5793,223.23,2.05,2183.0,121.54,0.0,933.47,-121.9773628509,7.629153362528515e-06
Fe2VAl0.97Sb0.03,Fe2.000,V1.000,Al0.970Sb0.030,300.0,15.079999999999998,0.0,0.0,94.7784614,38.0,0.0,0.0,16.9324,0.0,0.0,59.0,1.6232,0.0,2.0,0.0,0.0,12.0,5.0,0.0,2.0,12.0,13.0,1.61,73.0,4.9399999999999995,2.0,4.9399999999999995,0.4399999999999997,0.0,73.36,1.63,1.63,932.5793,223.23,2.05,2183.0,121.54,0.0,933.47,-121.0388878145,7.420223573980657e-06
Fe2VAl0.97Sb0.03,Fe2.000,V1.000,Al0.970Sb0.030,350.0,15.079999999999998,0.0,0.0,94.7784614,38.0,0.0,0.0,16.9324,0.0,0.0,59.0,1.6232,0.0,2.0,0.0,0.0,12.0,5.0,0.0,2.0,12.0,13.0,1.61,73.0,4.9399999999999995,2.0,4.9399999999999995,0.4399999999999997,0.0,73.36,1.63,1.63,932.5793,223.23,2.05,2183.0,121.54,0.0,933.47,-111.4491360207,7.002517192048698e-06
Fe2VAl0.97Sb0.03,Fe2.000,V1.000,Al0.970Sb0.030,400.0,15.079999999999998,0.0,0.0,94.7784614,38.0,0.0,0.0,16.9324,0.0,0.0,59.0,1.6232,0.0,2.0,0.0,0.0,12.0,5.0,0.0,2.0,12.0,13.0,1.61,73.0,4.9399999999999995,2.0,4.9399999999999995,0.4399999999999997,0.0,73.36,1.63,1.63,932.5793,223.23,2.05,2183.0,121.54,0.0,933.47,-95.67475124646064,6.45078235019181e-06
Fe2VAl0.97Sb0.03,Fe2.000,V1.000,Al0.970Sb0.030,450.0,15.079999999999998,0.0,0.0,94.7784614,38.0,0.0,0.0,16.9324,0.0,0.0,59.0,1.6232,0.0,2.0,0.0,0.0,12.0,5.0,0.0,2.0,12.0,13.0,1.61,73.0,4.9399999999999995,2.0,4.9399999999999995,0.4399999999999997,0.0,73.36,1.63,1.63,932.5793,223.23,2.05,2183.0,121.54,0.0,933.47,-76.94823238907014,5.848828243400708e-06
Fe2VAl0.97Sb0.03,Fe2.000,V1.000,Al0.970Sb0.030,500.0,15.079999999999998,0.0,0.0,94.7784614,38.0,0.0,0.0,16.9324,0.0,0.0,59.0,1.6232,0.0,2.0,0.0,0.0,12.0,5.0,0.0,2.0,12.0,13.0,1.61,73.0,4.9399999999999995,2.0,4.9399999999999995,0.4399999999999997,0.0,73.36,1.63,1.63,932.5793,223.23,2.05,2183.0,121.54,0.0,933.47,-58.63164697206838,5.2762255257262195e-06
Fe2VAl0.97Sb0.03,Fe2.000,V1.000,Al0.970Sb0.030,550.0,15.079999999999998,0.0,0.0,94.7784614,38.0,0.0,0.0,16.9324,0.0,0.0,59.0,1.6232,0.0,2.0,0.0,0.0,12.0,5.0,0.0,2.0,12.0,13.0,1.61,73.0,4.9399999999999995,2.0,4.9399999999999995,0.4399999999999997,0.0,73.36,1.63,1.63,932.5793,223.23,2.05,2183.0,121.54,0.0,933.47,-43.58034464984386,4.795006707807856e-06
Fe2VAl0.97Sb0.03,Fe2.000,V1.000,Al0.970Sb0.030,600.0,15.079999999999998,0.0,0.0,94.7784614,38.0,0.0,0.0,16.9324,0.0,0.0,59.0,1.6232,0.0,2.0,0.0,0.0,12.0,5.0,0.0,2.0,12.0,13.0,1.61,73.0,4.9399999999999995,2.0,4.9399999999999995,0.4399999999999997,0.0,73.36,1.63,1.63,932.5793,223.23,2.05,2183.0,121.54,0.0,933.47,-33.50667071275306,4.4363665544023805e-06
Fe2VAl0.97Sb0.03,Fe2.000,V1.000,Al0.970Sb0.030,650.0,15.079999999999998,0.0,0.0,94.7784614,38.0,0.0,0.0,16.9324,0.0,0.0,59.0,1.6232,0.0,2.0,0.0,0.0,12.0,5.0,0.0,2.0,12.0,13.0,1.61,73.0,4.9399999999999995,2.0,4.9399999999999995,0.4399999999999997,0.0,73.36,1.63,1.63,932.5793,223.23,2.05,2183.0,121.54,0.0,933.47,-28.343679592151723,4.187362481912434e-06
Fe2VAl0.97Sb0.03,Fe2.000,V1.000,Al0.970Sb0.030,700.0,15.079999999999998,0.0,0.0,94.7784614,38.0,0.0,0.0,16.9324,0.0,0.0,59.0,1.6232,0.0,2.0,0.0,0.0,12.0,5.0,0.0,2.0,12.0,13.0,1.61,73.0,4.9399999999999995,2.0,4.9399999999999995,0.4399999999999997,0.0,73.36,1.63,1.63,932.5793,223.23,2.05,2183.0,121.54,0.0,933.47,-25.608848365427253,3.977614955914991e-06
Fe2VAl0.96Si0.01Sb0.03,Fe2.000,V1.000,Al0.960Si0.010Sb0.030,100.0,15.079999999999998,0.773,0.0,94.7784614,38.0,0.0,0.0,16.972,0.0,0.0,61.0,1.6261,0.0,2.0,0.0,0.0,12.0,5.0,0.0,2.0,12.0,13.0,1.61,73.0,4.93,2.0,4.93,0.4399999999999997,0.0,73.41,1.63,1.63,940.1146,223.25,2.05,2183.0,121.44,0.00773,1687.0,-81.6530819956919,4.742997511066736e-06
Fe2VAl0.96Si0.01Sb0.03,Fe2.000,V1.000,Al0.960Si0.010Sb0.030,150.0,15.079999999999998,0.773,0.0,94.7784614,38.0,0.0,0.0,16.972,0.0,0.0,61.0,1.6261,0.0,2.0,0.0,0.0,12.0,5.0,0.0,2.0,12.0,13.0,1.61,73.0,4.93,2.0,4.93,0.4399999999999997,0.0,73.41,1.63,1.63,940.1146,223.25,2.05,2183.0,121.44,0.00773,1687.0,-111.0791703879,5.227584360336674e-06
Fe2VAl0.96Si0.01Sb0.03,Fe2.000,V1.000,Al0.960Si0.010Sb0.030,200.0,15.079999999999998,0.773,0.0,94.7784614,38.0,0.0,0.0,16.972,0.0,0.0,61.0,1.6261,0.0,2.0,0.0,0.0,12.0,5.0,0.0,2.0,12.0,13.0,1.61,73.0,4.93,2.0,4.93,0.4399999999999997,0.0,73.41,1.63,1.63,940.1146,223.25,2.05,2183.0,121.44,0.00773,1687.0,-130.35554717419998,5.676539090260118e-06
Fe2VAl0.96Si0.01Sb0.03,Fe2.000,V1.000,Al0.960Si0.010Sb0.030,250.0,15.079999999999998,0.773,0.0,94.7784614,38.0,0.0,0.0,16.972,0.0,0.0,61.0,1.6261,0.0,2.0,0.0,0.0,12.0,5.0,0.0,2.0,12.0,13.0,1.61,73.0,4.93,2.0,4.93,0.4399999999999997,0.0,73.41,1.63,1.63,940.1146,223.25,2.05,2183.0,121.44,0.00773,1687.0,-138.22821468360002,5.983664843146111e-06
Fe2VAl0.96Si0.01Sb0.03,Fe2.000,V1.000,Al0.960Si0.010Sb0.030,300.0,15.079999999999998,0.773,0.0,94.7784614,38.0,0.0,0.0,16.972,0.0,0.0,61.0,1.6261,0.0,2.0,0.0,0.0,12.0,5.0,0.0,2.0,12.0,13.0,1.61,73.0,4.93,2.0,4.93,0.4399999999999997,0.0,73.41,1.63,1.63,940.1146,223.25,2.05,2183.0,121.44,0.00773,1687.0,-135.339478848,6.100035576909696e-06
Fe2VAl0.96Si0.01Sb0.03,Fe2.000,V1.000,Al0.960Si0.010Sb0.030,350.0,15.079999999999998,0.773,0.0,94.7784614,38.0,0.0,0.0,16.972,0.0,0.0,61.0,1.6261,0.0,2.0,0.0,0.0,12.0,5.0,0.0,2.0,12.0,13.0,1.61,73.0,4.93,2.0,4.93,0.4399999999999997,0.0,73.41,1.63,1.63,940.1146,223.25,2.05,2183.0,121.44,0.00773,1687.0,-123.7245785558,6.022074007668866e-06
Fe2VAl0.96Si0.01Sb0.03,Fe2.000,V1.000,Al0.960Si0.010Sb0.030,400.0,15.079999999999998,0.773,0.0,94.7784614,38.0,0.0,0.0,16.972,0.0,0.0,61.0,1.6261,0.0,2.0,0.0,0.0,12.0,5.0,0.0,2.0,12.0,13.0,1.61,73.0,4.93,2.0,4.93,0.4399999999999997,0.0,73.41,1.63,1.63,940.1146,223.25,2.05,2183.0,121.44,0.00773,1687.0,-106.3083150064,5.779629552341505e-06
Fe2VAl0.96Si0.01Sb0.03,Fe2.000,V1.000,Al0.960Si0.010Sb0.030,450.0,15.079999999999998,0.773,0.0,94.7784614,38.0,0.0,0.0,16.972,0.0,0.0,61.0,1.6261,0.0,2.0,0.0,0.0,12.0,5.0,0.0,2.0,12.0,13.0,1.61,73.0,4.93,2.0,4.93,0.4399999999999997,0.0,73.41,1.63,1.63,940.1146,223.25,2.05,2183.0,121.44,0.00773,1687.0,-86.4016810639033,5.42405627124235e-06
Fe2VAl0.96Si0.01Sb0.03,Fe2.000,V1.000,Al0.960Si0.010Sb0.030,500.0,15.079999999999998,0.773,0.0,94.7784614,38.0,0.0,0.0,16.972,0.0,0.0,61.0,1.6261,0.0,2.0,0.0,0.0,12.0,5.0,0.0,2.0,12.0,13.0,1.61,73.0,4.93,2.0,4.93,0.4399999999999997,0.0,73.41,1.63,1.63,940.1146,223.25,2.05,2183.0,121.44,0.00773,1687.0,-67.19849061166344,5.0162908106799295e-06
Fe2VAl0.96Si0.01Sb0.03,Fe2.000,V1.000,Al0.960Si0.010Sb0.030,550.0,15.079999999999998,0.773,0.0,94.7784614,38.0,0.0,0.0,16.972,0.0,0.0,61.0,1.6261,0.0,2.0,0.0,0.0,12.0,5.0,0.0,2.0,12.0,13.0,1.61,73.0,4.93,2.0,4.93,0.4399999999999997,0.0,73.41,1.63,1.63,940.1146,223.25,2.05,2183.0,121.44,0.00773,1687.0,-51.27200790619081,4.614930345553508e-06
Fe2VAl0.96Si0.01Sb0.03,Fe2.000,V1.000,Al0.960Si0.010Sb0.030,600.0,15.079999999999998,0.773,0.0,94.7784614,38.0,0.0,0.0,16.972,0.0,0.0,61.0,1.6261,0.0,2.0,0.0,0.0,12.0,5.0,0.0,2.0,12.0,13.0,1.61,73.0,4.93,2.0,4.93,0.4399999999999997,0.0,73.41,1.63,1.63,940.1146,223.25,2.05,2183.0,121.44,0.00773,1687.0,-40.071576931330085,4.264310521950045e-06
Fe2VAl0.96Si0.01Sb0.03,Fe2.000,V1.000,Al0.960Si0.010Sb0.030,650.0,15.079999999999998,0.773,0.0,94.7784614,38.0,0.0,0.0,16.972,0.0,0.0,61.0,1.6261,0.0,2.0,0.0,0.0,12.0,5.0,0.0,2.0,12.0,13.0,1.61,73.0,4.93,2.0,4.93,0.4399999999999997,0.0,73.41,1.63,1.63,940.1146,223.25,2.05,2183.0,121.44,0.00773,1687.0,-33.41925075239428,3.982583399741129e-06
Fe2VAl0.96Si0.01Sb0.03,Fe2.000,V1.000,Al0.960Si0.010Sb0.030,700.0,15.079999999999998,0.773,0.0,94.7784614,38.0,0.0,0.0,16.972,0.0,0.0,61.0,1.6261,0.0,2.0,0.0,0.0,12.0,5.0,0.0,2.0,12.0,13.0,1.61,73.0,4.93,2.0,4.93,0.4399999999999997,0.0,73.41,1.63,1.63,940.1146,223.25,2.05,2183.0,121.44,0.00773,1687.0,-29.00642087029433,3.7497953951799776e-06
Fe2VAl0.93Si0.04Sb0.03,Fe2.000,V1.000,Al0.930Si0.040Sb0.030,100.0,15.079999999999998,0.773,0.0,94.7784614,38.0,0.0,0.0,17.0908,0.0,0.0,61.0,1.6348,0.0,2.0,0.0,0.0,12.0,5.0,0.0,2.0,12.0,13.0,1.61,73.0,4.9,2.0,4.9,0.4399999999999997,0.0,73.56,1.63,1.63,962.7205,223.31,2.05,2183.0,121.14,0.03092,1687.0,-68.86437370270352,2.4247332355478823e-06
Fe2VAl0.93Si0.04Sb0.03,Fe2.000,V1.000,Al0.930Si0.040Sb0.030,150.0,15.079999999999998,0.773,0.0,94.7784614,38.0,0.0,0.0,17.0908,0.0,0.0,61.0,1.6348,0.0,2.0,0.0,0.0,12.0,5.0,0.0,2.0,12.0,13.0,1.61,73.0,4.9,2.0,4.9,0.4399999999999997,0.0,73.56,1.63,1.63,962.7205,223.31,2.05,2183.0,121.14,0.03092,1687.0,-86.17978675022917,2.819215302243872e-06
Fe2VAl0.93Si0.04Sb0.03,Fe2.000,V1.000,Al0.930Si0.040Sb0.030,200.0,15.079999999999998,0.773,0.0,94.7784614,38.0,0.0,0.0,17.0908,0.0,0.0,61.0,1.6348,0.0,2.0,0.0,0.0,12.0,5.0,0.0,2.0,12.0,13.0,1.61,73.0,4.9,2.0,4.9,0.4399999999999997,0.0,73.56,1.63,1.63,962.7205,223.31,2.05,2183.0,121.14,0.03092,1687.0,-104.3001874853,3.308066512424262e-06
Fe2VAl0.93Si0.04Sb0.03,Fe2.000,V1.000,Al0.930Si0.040Sb0.030,250.0,15.079999999999998,0.773,0.0,94.7784614,38.0,0.0,0.0,17.0908,0.0,0.0,61.0,1.6348,0.0,2.0,0.0,0.0,12.0,5.0,0.0,2.0,12.0,13.0,1.61,73.0,4.9,2.0,4.9,0.4399999999999997,0.0,73.56,1.63,1.63,962.7205,223.31,2.05,2183.0,121.14,0.03092,1687.0,-118.0514856412,3.782597595783444e-06
Fe2VAl0.93Si0.04Sb0.03,Fe2.000,V1.000,Al0.930Si0.040Sb0.030,300.0,15.079999999999998,0.773,0.0,94.7784614,38.0,0.0,0.0,17.0908,0.0,0.0,61.0,1.6348,0.0,2.0,0.0,0.0,12.0,5.0,0.0,2.0,12.0,13.0,1.61,73.0,4.9,2.0,4.9,0.4399999999999997,0.0,73.56,1.63,1.63,962.7205,223.31,2.05,2183.0,121.14,0.03092,1687.0,-124.729936809,4.172497258373303e-06
Fe2VAl0.93Si0.04Sb0.03,Fe2.000,V1.000,Al0.930Si0.040Sb0.030,350.0,15.079999999999998,0.773,0.0,94.7784614,38.0,0.0,0.0,17.0908,0.0,0.0,61.0,1.6348,0.0,2.0,0.0,0.0,12.0,5.0,0.0,2.0,12.0,13.0,1.61,73.0,4.9,2.0,4.9,0.4399999999999997,0.0,73.56,1.63,1.63,962.7205,223.31,2.05,2183.0,121.14,0.03092,1687.0,-123.6276620075,4.439900594203886e-06
Fe2VAl0.93Si0.04Sb0.03,Fe2.000,V1.000,Al0.930Si0.040Sb0.030,400.0,15.079999999999998,0.773,0.0,94.7784614,38.0,0.0,0.0,17.0908,0.0,0.0,61.0,1.6348,0.0,2.0,0.0,0.0,12.0,5.0,0.0,2.0,12.0,13.0,1.61,73.0,4.9,2.0,4.9,0.4399999999999997,0.0,73.56,1.63,1.63,962.7205,223.31,2.05,2183.0,121.14,0.03092,1687.0,-115.5581672525,4.573457496844043e-06
Fe2VAl0.93Si0.04Sb0.03,Fe2.000,V1.000,Al0.930Si0.040Sb0.030,450.0,15.079999999999998,0.773,0.0,94.7784614,38.0,0.0,0.0,17.0908,0.0,0.0,61.0,1.6348,0.0,2.0,0.0,0.0,12.0,5.0,0.0,2.0,12.0,13.0,1.61,73.0,4.9,2.0,4.9,0.4399999999999997,0.0,73.56,1.63,1.63,962.7205,223.31,2.05,2183.0,121.14,0.03092,1687.0,-102.3818631261,4.582401071022116e-06
Fe2VAl0.93Si0.04Sb0.03,Fe2.000,V1.000,Al0.930Si0.040Sb0.030,500.0,15.079999999999998,0.773,0.0,94.7784614,38.0,0.0,0.0,17.0908,0.0,0.0,61.0,1.6348,0.0,2.0,0.0,0.0,12.0,5.0,0.0,2.0,12.0,13.0,1.61,73.0,4.9,2.0,4.9,0.4399999999999997,0.0,73.56,1.63,1.63,962.7205,223.31,2.05,2183.0,121.14,0.03092,1687.0,-86.5315843466117,4.490616044226558e-06
Fe2VAl0.93Si0.04Sb0.03,Fe2.000,V1.000,Al0.930Si0.040Sb0.030,550.0,15.079999999999998,0.773,0.0,94.7784614,38.0,0.0,0.0,17.0908,0.0,0.0,61.0,1.6348,0.0,2.0,0.0,0.0,12.0,5.0,0.0,2.0,12.0,13.0,1.61,73.0,4.9,2.0,4.9,0.4399999999999997,0.0,73.56,1.63,1.63,962.7205,223.31,2.05,2183.0,121.14,0.03092,1687.0,-70.53810933762578,4.330707178306634e-06
Fe2VAl0.93Si0.04Sb0.03,Fe2.000,V1.000,Al0.930Si0.040Sb0.030,600.0,15.079999999999998,0.773,0.0,94.7784614,38.0,0.0,0.0,17.0908,0.0,0.0,61.0,1.6348,0.0,2.0,0.0,0.0,12.0,5.0,0.0,2.0,12.0,13.0,1.61,73.0,4.9,2.0,4.9,0.4399999999999997,0.0,73.56,1.63,1.63,962.7205,223.31,2.05,2183.0,121.14,0.03092,1687.0,-56.55567979773359,4.138067681073043e-06
Fe2VAl0.93Si0.04Sb0.03,Fe2.000,V1.000,Al0.930Si0.040Sb0.030,650.0,15.079999999999998,0.773,0.0,94.7784614,38.0,0.0,0.0,17.0908,0.0,0.0,61.0,1.6348,0.0,2.0,0.0,0.0,12.0,5.0,0.0,2.0,12.0,13.0,1.61,73.0,4.9,2.0,4.9,0.4399999999999997,0.0,73.56,1.63,1.63,962.7205,223.31,2.05,2183.0,121.14,0.03092,1687.0,-45.88752026989395,3.944947617898619e-06
Fe2VAl0.93Si0.04Sb0.03,Fe2.000,V1.000,Al0.930Si0.040Sb0.030,700.0,15.079999999999998,0.773,0.0,94.7784614,38.0,0.0,0.0,17.0908,0.0,0.0,61.0,1.6348,0.0,2.0,0.0,0.0,12.0,5.0,0.0,2.0,12.0,13.0,1.61,73.0,4.9,2.0,4.9,0.4399999999999997,0.0,73.56,1.63,1.63,962.7205,223.31,2.05,2183.0,121.14,0.03092,1687.0,-38.51135771093761,3.774522323318937e-06
Fe2VAl0.9Si0.07Sb0.03 ,Fe2.000,V1.000,Al0.900Si0.070Sb0.030,100.0,15.079999999999998,0.773,0.0,94.7784614,38.0,0.0,0.0,17.209600000000002,0.0,0.0,61.0,1.6435,0.0,2.0,0.0,0.0,12.0,5.0,0.0,2.0,12.0,13.0,1.61,73.0,4.87,2.0,4.87,0.4399999999999997,0.0,73.71,1.63,1.63,985.3264,223.37,2.05,2183.0,120.84,0.05411,1687.0,-52.95845678186107,1.6358918047765363e-06
Fe2VAl0.9Si0.07Sb0.03 ,Fe2.000,V1.000,Al0.900Si0.070Sb0.030,150.0,15.079999999999998,0.773,0.0,94.7784614,38.0,0.0,0.0,17.209600000000002,0.0,0.0,61.0,1.6435,0.0,2.0,0.0,0.0,12.0,5.0,0.0,2.0,12.0,13.0,1.61,73.0,4.87,2.0,4.87,0.4399999999999997,0.0,73.71,1.63,1.63,985.3264,223.37,2.05,2183.0,120.84,0.05411,1687.0,-75.21301533931738,1.8945885069205157e-06
Fe2VAl0.9Si0.07Sb0.03 ,Fe2.000,V1.000,Al0.900Si0.070Sb0.030,200.0,15.079999999999998,0.773,0.0,94.7784614,38.0,0.0,0.0,17.209600000000002,0.0,0.0,61.0,1.6435,0.0,2.0,0.0,0.0,12.0,5.0,0.0,2.0,12.0,13.0,1.61,73.0,4.87,2.0,4.87,0.4399999999999997,0.0,73.71,1.63,1.63,985.3264,223.37,2.05,2183.0,120.84,0.05411,1687.0,-96.65138985519528,2.2539696337984897e-06
Fe2VAl0.9Si0.07Sb0.03 ,Fe2.000,V1.000,Al0.900Si0.070Sb0.030,250.0,15.079999999999998,0.773,0.0,94.7784614,38.0,0.0,0.0,17.209600000000002,0.0,0.0,61.0,1.6435,0.0,2.0,0.0,0.0,12.0,5.0,0.0,2.0,12.0,13.0,1.61,73.0,4.87,2.0,4.87,0.4399999999999997,0.0,73.71,1.63,1.63,985.3264,223.37,2.05,2183.0,120.84,0.05411,1687.0,-112.784607573,2.632041028884658e-06
Fe2VAl0.9Si0.07Sb0.03 ,Fe2.000,V1.000,Al0.900Si0.070Sb0.030,300.0,15.079999999999998,0.773,0.0,94.7784614,38.0,0.0,0.0,17.209600000000002,0.0,0.0,61.0,1.6435,0.0,2.0,0.0,0.0,12.0,5.0,0.0,2.0,12.0,13.0,1.61,73.0,4.87,2.0,4.87,0.4399999999999997,0.0,73.71,1.63,1.63,985.3264,223.37,2.05,2183.0,120.84,0.05411,1687.0,-121.4033971365,2.9737987407356662e-06
Fe2VAl0.9Si0.07Sb0.03 ,Fe2.000,V1.000,Al0.900Si0.070Sb0.030,350.0,15.079999999999998,0.773,0.0,94.7784614,38.0,0.0,0.0,17.209600000000002,0.0,0.0,61.0,1.6435,0.0,2.0,0.0,0.0,12.0,5.0,0.0,2.0,12.0,13.0,1.61,73.0,4.87,2.0,4.87,0.4399999999999997,0.0,73.71,1.63,1.63,985.3264,223.37,2.05,2183.0,120.84,0.05411,1687.0,-122.1221220652,3.2469848139695e-06
Fe2VAl0.9Si0.07Sb0.03 ,Fe2.000,V1.000,Al0.900Si0.070Sb0.030,400.0,15.079999999999998,0.773,0.0,94.7784614,38.0,0.0,0.0,17.209600000000002,0.0,0.0,61.0,1.6435,0.0,2.0,0.0,0.0,12.0,5.0,0.0,2.0,12.0,13.0,1.61,73.0,4.87,2.0,4.87,0.4399999999999997,0.0,73.71,1.63,1.63,985.3264,223.37,2.05,2183.0,120.84,0.05411,1687.0,-115.9227142293,3.4378430802443727e-06
Fe2VAl0.9Si0.07Sb0.03 ,Fe2.000,V1.000,Al0.900Si0.070Sb0.030,450.0,15.079999999999998,0.773,0.0,94.7784614,38.0,0.0,0.0,17.209600000000002,0.0,0.0,61.0,1.6435,0.0,2.0,0.0,0.0,12.0,5.0,0.0,2.0,12.0,13.0,1.61,73.0,4.87,2.0,4.87,0.4399999999999997,0.0,73.71,1.63,1.63,985.3264,223.37,2.05,2183.0,120.84,0.05411,1687.0,-104.6986073262,3.546874949237622e-06
Fe2VAl0.9Si0.07Sb0.03 ,Fe2.000,V1.000,Al0.900Si0.070Sb0.030,500.0,15.079999999999998,0.773,0.0,94.7784614,38.0,0.0,0.0,17.209600000000002,0.0,0.0,61.0,1.6435,0.0,2.0,0.0,0.0,12.0,5.0,0.0,2.0,12.0,13.0,1.61,73.0,4.87,2.0,4.87,0.4399999999999997,0.0,73.71,1.63,1.63,985.3264,223.37,2.05,2183.0,120.84,0.05411,1687.0,-90.79867035492305,3.5845951996245928e-06
Fe2VAl0.9Si0.07Sb0.03 ,Fe2.000,V1.000,Al0.900Si0.070Sb0.030,550.0,15.079999999999998,0.773,0.0,94.7784614,38.0,0.0,0.0,17.209600000000002,0.0,0.0,61.0,1.6435,0.0,2.0,0.0,0.0,12.0,5.0,0.0,2.0,12.0,13.0,1.61,73.0,4.87,2.0,4.87,0.4399999999999997,0.0,73.71,1.63,1.63,985.3264,223.37,2.05,2183.0,120.84,0.05411,1687.0,-76.57114109217386,3.567287770057554e-06
Fe2VAl0.9Si0.07Sb0.03 ,Fe2.000,V1.000,Al0.900Si0.070Sb0.030,600.0,15.079999999999998,0.773,0.0,94.7784614,38.0,0.0,0.0,17.209600000000002,0.0,0.0,61.0,1.6435,0.0,2.0,0.0,0.0,12.0,5.0,0.0,2.0,12.0,13.0,1.61,73.0,4.87,2.0,4.87,0.4399999999999997,0.0,73.71,1.63,1.63,985.3264,223.37,2.05,2183.0,120.84,0.05411,1687.0,-63.90755956774542,3.5127615501445395e-06
Fe2VAl0.9Si0.07Sb0.03 ,Fe2.000,V1.000,Al0.900Si0.070Sb0.030,650.0,15.079999999999998,0.773,0.0,94.7784614,38.0,0.0,0.0,17.209600000000002,0.0,0.0,61.0,1.6435,0.0,2.0,0.0,0.0,12.0,5.0,0.0,2.0,12.0,13.0,1.61,73.0,4.87,2.0,4.87,0.4399999999999997,0.0,73.71,1.63,1.63,985.3264,223.37,2.05,2183.0,120.84,0.05411,1687.0,-53.786701539897386,3.4361061714283023e-06
Fe2VAl0.9Si0.07Sb0.03 ,Fe2.000,V1.000,Al0.900Si0.070Sb0.030,700.0,15.079999999999998,0.773,0.0,94.7784614,38.0,0.0,0.0,17.209600000000002,0.0,0.0,61.0,1.6435,0.0,2.0,0.0,0.0,12.0,5.0,0.0,2.0,12.0,13.0,1.61,73.0,4.87,2.0,4.87,0.4399999999999997,0.0,73.71,1.63,1.63,985.3264,223.37,2.05,2183.0,120.84,0.05411,1687.0,-45.818511970868514,3.345447798365168e-06
Fe2VAl0.87Si0.1Sb0.03,Fe2.000,V1.000,Al0.870Si0.100Sb0.030,150.0,15.079999999999998,0.773,0.0,94.7784614,38.0,0.0,0.0,17.3284,0.0,0.0,61.0,1.6522,0.0,2.0,0.0,0.0,12.0,5.0,0.0,2.0,12.0,13.0,1.61,73.0,4.84,2.0,4.84,0.4399999999999997,0.0,73.86,1.63,1.63,1007.9323,223.43,2.05,2183.0,120.54,0.0773,1687.0,-41.07236278891526,1.648392790695534e-06
Fe2VAl0.87Si0.1Sb0.03,Fe2.000,V1.000,Al0.870Si0.100Sb0.030,200.0,15.079999999999998,0.773,0.0,94.7784614,38.0,0.0,0.0,17.3284,0.0,0.0,61.0,1.6522,0.0,2.0,0.0,0.0,12.0,5.0,0.0,2.0,12.0,13.0,1.61,73.0,4.84,2.0,4.84,0.4399999999999997,0.0,73.86,1.63,1.63,1007.9323,223.43,2.05,2183.0,120.54,0.0773,1687.0,-61.271546963934505,1.9817293730871116e-06
Fe2VAl0.87Si0.1Sb0.03,Fe2.000,V1.000,Al0.870Si0.100Sb0.030,250.0,15.079999999999998,0.773,0.0,94.7784614,38.0,0.0,0.0,17.3284,0.0,0.0,61.0,1.6522,0.0,2.0,0.0,0.0,12.0,5.0,0.0,2.0,12.0,13.0,1.61,73.0,4.84,2.0,4.84,0.4399999999999997,0.0,73.86,1.63,1.63,1007.9323,223.43,2.05,2183.0,120.54,0.0773,1687.0,-81.39292575543065,2.33840351027155e-06
Fe2VAl0.87Si0.1Sb0.03,Fe2.000,V1.000,Al0.870Si0.100Sb0.030,300.0,15.079999999999998,0.773,0.0,94.7784614,38.0,0.0,0.0,17.3284,0.0,0.0,61.0,1.6522,0.0,2.0,0.0,0.0,12.0,5.0,0.0,2.0,12.0,13.0,1.61,73.0,4.84,2.0,4.84,0.4399999999999997,0.0,73.86,1.63,1.63,1007.9323,223.43,2.05,2183.0,120.54,0.0773,1687.0,-97.05466806504384,2.6889093966420353e-06
Fe2VAl0.87Si0.1Sb0.03,Fe2.000,V1.000,Al0.870Si0.100Sb0.030,350.0,15.079999999999998,0.773,0.0,94.7784614,38.0,0.0,0.0,17.3284,0.0,0.0,61.0,1.6522,0.0,2.0,0.0,0.0,12.0,5.0,0.0,2.0,12.0,13.0,1.61,73.0,4.84,2.0,4.84,0.4399999999999997,0.0,73.86,1.63,1.63,1007.9323,223.43,2.05,2183.0,120.54,0.0773,1687.0,-106.0762495127,3.0065554458979763e-06
Fe2VAl0.87Si0.1Sb0.03,Fe2.000,V1.000,Al0.870Si0.100Sb0.030,400.0,15.079999999999998,0.773,0.0,94.7784614,38.0,0.0,0.0,17.3284,0.0,0.0,61.0,1.6522,0.0,2.0,0.0,0.0,12.0,5.0,0.0,2.0,12.0,13.0,1.61,73.0,4.84,2.0,4.84,0.4399999999999997,0.0,73.86,1.63,1.63,1007.9323,223.43,2.05,2183.0,120.54,0.0773,1687.0,-108.0244020436,3.2691049100980424e-06
Fe2VAl0.87Si0.1Sb0.03,Fe2.000,V1.000,Al0.870Si0.100Sb0.030,450.0,15.079999999999998,0.773,0.0,94.7784614,38.0,0.0,0.0,17.3284,0.0,0.0,61.0,1.6522,0.0,2.0,0.0,0.0,12.0,5.0,0.0,2.0,12.0,13.0,1.61,73.0,4.84,2.0,4.84,0.4399999999999997,0.0,73.86,1.63,1.63,1007.9323,223.43,2.05,2183.0,120.54,0.0773,1687.0,-103.7590635346,3.4604164987132207e-06
Fe2VAl0.87Si0.1Sb0.03,Fe2.000,V1.000,Al0.870Si0.100Sb0.030,500.0,15.079999999999998,0.773,0.0,94.7784614,38.0,0.0,0.0,17.3284,0.0,0.0,61.0,1.6522,0.0,2.0,0.0,0.0,12.0,5.0,0.0,2.0,12.0,13.0,1.61,73.0,4.84,2.0,4.84,0.4399999999999997,0.0,73.86,1.63,1.63,1007.9323,223.43,2.05,2183.0,120.54,0.0773,1687.0,-94.9793274010738,3.572084997679848e-06
Fe2VAl0.87Si0.1Sb0.03,Fe2.000,V1.000,Al0.870Si0.100Sb0.030,550.0,15.079999999999998,0.773,0.0,94.7784614,38.0,0.0,0.0,17.3284,0.0,0.0,61.0,1.6522,0.0,2.0,0.0,0.0,12.0,5.0,0.0,2.0,12.0,13.0,1.61,73.0,4.84,2.0,4.84,0.4399999999999997,0.0,73.86,1.63,1.63,1007.9323,223.43,2.05,2183.0,120.54,0.0773,1687.0,-83.76939220348268,3.605081888452668e-06
Fe2VAl0.87Si0.1Sb0.03,Fe2.000,V1.000,Al0.870Si0.100Sb0.030,600.0,15.079999999999998,0.773,0.0,94.7784614,38.0,0.0,0.0,17.3284,0.0,0.0,61.0,1.6522,0.0,2.0,0.0,0.0,12.0,5.0,0.0,2.0,12.0,13.0,1.61,73.0,4.84,2.0,4.84,0.4399999999999997,0.0,73.86,1.63,1.63,1007.9323,223.43,2.05,2183.0,120.54,0.0773,1687.0,-72.14451125441936,3.5713959670578673e-06
Fe2VAl0.87Si0.1Sb0.03,Fe2.000,V1.000,Al0.870Si0.100Sb0.030,650.0,15.079999999999998,0.773,0.0,94.7784614,38.0,0.0,0.0,17.3284,0.0,0.0,61.0,1.6522,0.0,2.0,0.0,0.0,12.0,5.0,0.0,2.0,12.0,13.0,1.61,73.0,4.84,2.0,4.84,0.4399999999999997,0.0,73.86,1.63,1.63,1007.9323,223.43,2.05,2183.0,120.54,0.0773,1687.0,-61.59694222505202,3.4956739631461292e-06
Fe2VAl0.87Si0.1Sb0.03,Fe2.000,V1.000,Al0.870Si0.100Sb0.030,700.0,15.079999999999998,0.773,0.0,94.7784614,38.0,0.0,0.0,17.3284,0.0,0.0,61.0,1.6522,0.0,2.0,0.0,0.0,12.0,5.0,0.0,2.0,12.0,13.0,1.61,73.0,4.84,2.0,4.84,0.4399999999999997,0.0,73.86,1.63,1.63,1007.9323,223.43,2.05,2183.0,120.54,0.0773,1687.0,-52.64189675190893,3.4168611590456725e-06
Fe2VAl,Fe2.000,V1.000,Al1.000,350.0,0.0,0.0,0.0,0.0,0.0,0.0,0.0,16.48,0.0,0.0,0.0,1.61,0.0,0.0,0.0,0.0,0.0,5.0,0.0,0.0,0.0,13.0,1.61,73.0,5.0,0.0,5.0,0.0,0.0,73.0,1.63,1.63,933.47,225.0,1.61,2183.0,121.0,0.0,933.47,-96.08914010700384,9.253974475829524e-06
Fe2VAl,Fe2.000,V1.000,Al1.000,400.0,0.0,0.0,0.0,0.0,0.0,0.0,0.0,16.48,0.0,0.0,0.0,1.61,0.0,0.0,0.0,0.0,0.0,5.0,0.0,0.0,0.0,13.0,1.61,73.0,5.0,0.0,5.0,0.0,0.0,73.0,1.63,1.63,933.47,225.0,1.61,2183.0,121.0,0.0,933.47,-83.45492924777741,8.193259418081845e-06
Fe2VAl,Fe2.000,V1.000,Al1.000,450.0,0.0,0.0,0.0,0.0,0.0,0.0,0.0,16.48,0.0,0.0,0.0,1.61,0.0,0.0,0.0,0.0,0.0,5.0,0.0,0.0,0.0,13.0,1.61,73.0,5.0,0.0,5.0,0.0,0.0,73.0,1.63,1.63,933.47,225.0,1.61,2183.0,121.0,0.0,933.47,-68.04466081907347,7.330464021878531e-06
Fe2VAl,Fe2.000,V1.000,Al1.000,500.0,0.0,0.0,0.0,0.0,0.0,0.0,0.0,16.48,0.0,0.0,0.0,1.61,0.0,0.0,0.0,0.0,0.0,5.0,0.0,0.0,0.0,13.0,1.61,73.0,5.0,0.0,5.0,0.0,0.0,73.0,1.63,1.63,933.47,225.0,1.61,2183.0,121.0,0.0,933.47,-53.39763187802013,6.6212450901729354e-06
Fe2VAl,Fe2.000,V1.000,Al1.000,550.0,0.0,0.0,0.0,0.0,0.0,0.0,0.0,16.48,0.0,0.0,0.0,1.61,0.0,0.0,0.0,0.0,0.0,5.0,0.0,0.0,0.0,13.0,1.61,73.0,5.0,0.0,5.0,0.0,0.0,73.0,1.63,1.63,933.47,225.0,1.61,2183.0,121.0,0.0,933.47,-41.40638671157901,6.033513065773018e-06
Fe2VAl,Fe2.000,V1.000,Al1.000,600.0,0.0,0.0,0.0,0.0,0.0,0.0,0.0,16.48,0.0,0.0,0.0,1.61,0.0,0.0,0.0,0.0,0.0,5.0,0.0,0.0,0.0,13.0,1.61,73.0,5.0,0.0,5.0,0.0,0.0,73.0,1.63,1.63,933.47,225.0,1.61,2183.0,121.0,0.0,933.47,-32.68084026318281,5.544687903409155e-06
Fe2VAl,Fe2.000,V1.000,Al1.000,650.0,0.0,0.0,0.0,0.0,0.0,0.0,0.0,16.48,0.0,0.0,0.0,1.61,0.0,0.0,0.0,0.0,0.0,5.0,0.0,0.0,0.0,13.0,1.61,73.0,5.0,0.0,5.0,0.0,0.0,73.0,1.63,1.63,933.47,225.0,1.61,2183.0,121.0,0.0,933.47,-26.912401559372046,5.13895494180185e-06
Fe2VAl,Fe2.000,V1.000,Al1.000,700.0,0.0,0.0,0.0,0.0,0.0,0.0,0.0,16.48,0.0,0.0,0.0,1.61,0.0,0.0,0.0,0.0,0.0,5.0,0.0,0.0,0.0,13.0,1.61,73.0,5.0,0.0,5.0,0.0,0.0,73.0,1.63,1.63,933.47,225.0,1.61,2183.0,121.0,0.0,933.47,-23.23809713643298,4.80452077572951e-06
Fe2VAl,Fe2.000,V1.000,Al1.000,750.0,0.0,0.0,0.0,0.0,0.0,0.0,0.0,16.48,0.0,0.0,0.0,1.61,0.0,0.0,0.0,0.0,0.0,5.0,0.0,0.0,0.0,13.0,1.61,73.0,5.0,0.0,5.0,0.0,0.0,73.0,1.63,1.63,933.47,225.0,1.61,2183.0,121.0,0.0,933.47,-20.60469446702937,4.530869128096223e-06
Fe2VAl,Fe2.000,V1.000,Al1.000,800.0,0.0,0.0,0.0,0.0,0.0,0.0,0.0,16.48,0.0,0.0,0.0,1.61,0.0,0.0,0.0,0.0,0.0,5.0,0.0,0.0,0.0,13.0,1.61,73.0,5.0,0.0,5.0,0.0,0.0,73.0,1.63,1.63,933.47,225.0,1.61,2183.0,121.0,0.0,933.47,-18.13282538684841,4.3060167219994895e-06
Fe2VAl,Fe2.000,V1.000,Al1.000,850.0,0.0,0.0,0.0,0.0,0.0,0.0,0.0,16.48,0.0,0.0,0.0,1.61,0.0,0.0,0.0,0.0,0.0,5.0,0.0,0.0,0.0,13.0,1.61,73.0,5.0,0.0,5.0,0.0,0.0,73.0,1.63,1.63,933.47,225.0,1.61,2183.0,121.0,0.0,933.47,-15.481109521228698,4.11376915279794e-06
Fe2VAl,Fe2.000,V1.000,Al1.000,900.0,0.0,0.0,0.0,0.0,0.0,0.0,0.0,16.48,0.0,0.0,0.0,1.61,0.0,0.0,0.0,0.0,0.0,5.0,0.0,0.0,0.0,13.0,1.61,73.0,5.0,0.0,5.0,0.0,0.0,73.0,1.63,1.63,933.47,225.0,1.61,2183.0,121.0,0.0,933.47,-13.21027771180607,3.930976760179101e-06
Fe2VAl,Fe2.000,V1.000,Al1.000,950.0,0.0,0.0,0.0,0.0,0.0,0.0,0.0,16.48,0.0,0.0,0.0,1.61,0.0,0.0,0.0,0.0,0.0,5.0,0.0,0.0,0.0,13.0,1.61,73.0,5.0,0.0,5.0,0.0,0.0,73.0,1.63,1.63,933.47,225.0,1.61,2183.0,121.0,0.0,933.47,-13.147295443141228,3.7247905002273633e-06
Fe2V0.95Nb0.05Al,Fe2.000,V1.000,Nb0.048Al0.952,350.0,1.6999999999999993,0.0,0.0,65.92484139999999,28.0,0.0,0.0,16.5616,6.0,0.288,4.0,1.60952,6.0,2.0,0.0,0.0,2.0,7.0,0.0,2.0,26.0,5.0,1.6,47.0,5.096,8.0,4.76,0.01,0.0,71.752,1.63,1.63,1020.66344,225.192,1.61,2183.0,123.064,0.0,2750.0,-109.7386680903,7.143974365659063e-06
Fe2V0.95Nb0.05Al,Fe2.000,V1.000,Nb0.048Al0.952,400.0,1.6999999999999993,0.0,0.0,65.92484139999999,28.0,0.0,0.0,16.5616,6.0,0.288,4.0,1.60952,6.0,2.0,0.0,0.0,2.0,7.0,0.0,2.0,26.0,5.0,1.6,47.0,5.096,8.0,4.76,0.01,0.0,71.752,1.63,1.63,1020.66344,225.192,1.61,2183.0,123.064,0.0,2750.0,-97.22093871094938,6.639697330334296e-06
Fe2V0.95Nb0.05Al,Fe2.000,V1.000,Nb0.048Al0.952,450.0,1.6999999999999993,0.0,0.0,65.92484139999999,28.0,0.0,0.0,16.5616,6.0,0.288,4.0,1.60952,6.0,2.0,0.0,0.0,2.0,7.0,0.0,2.0,26.0,5.0,1.6,47.0,5.096,8.0,4.76,0.01,0.0,71.752,1.63,1.63,1020.66344,225.192,1.61,2183.0,123.064,0.0,2750.0,-83.21998273368348,6.092308931454542e-06
Fe2V0.95Nb0.05Al,Fe2.000,V1.000,Nb0.048Al0.952,500.0,1.6999999999999993,0.0,0.0,65.92484139999999,28.0,0.0,0.0,16.5616,6.0,0.288,4.0,1.60952,6.0,2.0,0.0,0.0,2.0,7.0,0.0,2.0,26.0,5.0,1.6,47.0,5.096,8.0,4.76,0.01,0.0,71.752,1.63,1.63,1020.66344,225.192,1.61,2183.0,123.064,0.0,2750.0,-69.63688085259847,5.576850409206681e-06
Fe2V0.95Nb0.05Al,Fe2.000,V1.000,Nb0.048Al0.952,550.0,1.6999999999999993,0.0,0.0,65.92484139999999,28.0,0.0,0.0,16.5616,6.0,0.288,4.0,1.60952,6.0,2.0,0.0,0.0,2.0,7.0,0.0,2.0,26.0,5.0,1.6,47.0,5.096,8.0,4.76,0.01,0.0,71.752,1.63,1.63,1020.66344,225.192,1.61,2183.0,123.064,0.0,2750.0,-57.6081364610328,5.13173588087945e-06
Fe2V0.95Nb0.05Al,Fe2.000,V1.000,Nb0.048Al0.952,600.0,1.6999999999999993,0.0,0.0,65.92484139999999,28.0,0.0,0.0,16.5616,6.0,0.288,4.0,1.60952,6.0,2.0,0.0,0.0,2.0,7.0,0.0,2.0,26.0,5.0,1.6,47.0,5.096,8.0,4.76,0.01,0.0,71.752,1.63,1.63,1020.66344,225.192,1.61,2183.0,123.064,0.0,2750.0,-47.652994021759625,4.767200028677548e-06
Fe2V0.95Nb0.05Al,Fe2.000,V1.000,Nb0.048Al0.952,650.0,1.6999999999999993,0.0,0.0,65.92484139999999,28.0,0.0,0.0,16.5616,6.0,0.288,4.0,1.60952,6.0,2.0,0.0,0.0,2.0,7.0,0.0,2.0,26.0,5.0,1.6,47.0,5.096,8.0,4.76,0.01,0.0,71.752,1.63,1.63,1020.66344,225.192,1.61,2183.0,123.064,0.0,2750.0,-39.82075743715383,4.473745787535539e-06
Fe2V0.95Nb0.05Al,Fe2.000,V1.000,Nb0.048Al0.952,700.0,1.6999999999999993,0.0,0.0,65.92484139999999,28.0,0.0,0.0,16.5616,6.0,0.288,4.0,1.60952,6.0,2.0,0.0,0.0,2.0,7.0,0.0,2.0,26.0,5.0,1.6,47.0,5.096,8.0,4.76,0.01,0.0,71.752,1.63,1.63,1020.66344,225.192,1.61,2183.0,123.064,0.0,2750.0,-33.83810841935824,4.230592032931616e-06
Fe2V0.95Nb0.05Al,Fe2.000,V1.000,Nb0.048Al0.952,750.0,1.6999999999999993,0.0,0.0,65.92484139999999,28.0,0.0,0.0,16.5616,6.0,0.288,4.0,1.60952,6.0,2.0,0.0,0.0,2.0,7.0,0.0,2.0,26.0,5.0,1.6,47.0,5.096,8.0,4.76,0.01,0.0,71.752,1.63,1.63,1020.66344,225.192,1.61,2183.0,123.064,0.0,2750.0,-29.25642486044995,4.014121268701826e-06
Fe2V0.95Nb0.05Al,Fe2.000,V1.000,Nb0.048Al0.952,800.0,1.6999999999999993,0.0,0.0,65.92484139999999,28.0,0.0,0.0,16.5616,6.0,0.288,4.0,1.60952,6.0,2.0,0.0,0.0,2.0,7.0,0.0,2.0,26.0,5.0,1.6,47.0,5.096,8.0,4.76,0.01,0.0,71.752,1.63,1.63,1020.66344,225.192,1.61,2183.0,123.064,0.0,2750.0,-25.59909920260583,3.806327314853693e-06
Fe2V0.95Nb0.05Al,Fe2.000,V1.000,Nb0.048Al0.952,850.0,1.6999999999999993,0.0,0.0,65.92484139999999,28.0,0.0,0.0,16.5616,6.0,0.288,4.0,1.60952,6.0,2.0,0.0,0.0,2.0,7.0,0.0,2.0,26.0,5.0,1.6,47.0,5.096,8.0,4.76,0.01,0.0,71.752,1.63,1.63,1020.66344,225.192,1.61,2183.0,123.064,0.0,2750.0,-22.50885680827572,3.603262995380276e-06
Fe2V0.95Nb0.05Al,Fe2.000,V1.000,Nb0.048Al0.952,900.0,1.6999999999999993,0.0,0.0,65.92484139999999,28.0,0.0,0.0,16.5616,6.0,0.288,4.0,1.60952,6.0,2.0,0.0,0.0,2.0,7.0,0.0,2.0,26.0,5.0,1.6,47.0,5.096,8.0,4.76,0.01,0.0,71.752,1.63,1.63,1020.66344,225.192,1.61,2183.0,123.064,0.0,2750.0,-19.895074330336943,3.4234878260741705e-06
Fe2V0.95Nb0.05Al,Fe2.000,V1.000,Nb0.048Al0.952,950.0,1.6999999999999993,0.0,0.0,65.92484139999999,28.0,0.0,0.0,16.5616,6.0,0.288,4.0,1.60952,6.0,2.0,0.0,0.0,2.0,7.0,0.0,2.0,26.0,5.0,1.6,47.0,5.096,8.0,4.76,0.01,0.0,71.752,1.63,1.63,1020.66344,225.192,1.61,2183.0,123.064,0.0,2750.0,-18.081098082273943,3.3165157023413635e-06
Fe2V0.9Nb0.1Al,Fe2.000,V1.000,Nb0.091Al0.909,350.0,1.6999999999999993,0.0,0.0,65.92484139999999,28.0,0.0,0.0,16.634700000000002,6.0,0.546,4.0,1.60909,6.0,2.0,0.0,0.0,2.0,7.0,0.0,2.0,26.0,5.0,1.6,47.0,5.182,8.0,4.545,0.01,0.0,70.634,1.63,1.63,1098.77423,225.364,1.61,2183.0,124.913,0.0,2750.0,-80.29912689010696,6.91353078075024e-06
Fe2V0.9Nb0.1Al,Fe2.000,V1.000,Nb0.091Al0.909,400.0,1.6999999999999993,0.0,0.0,65.92484139999999,28.0,0.0,0.0,16.634700000000002,6.0,0.546,4.0,1.60909,6.0,2.0,0.0,0.0,2.0,7.0,0.0,2.0,26.0,5.0,1.6,47.0,5.182,8.0,4.545,0.01,0.0,70.634,1.63,1.63,1098.77423,225.364,1.61,2183.0,124.913,0.0,2750.0,-72.15437542599948,6.222522935721221e-06
Fe2V0.9Nb0.1Al,Fe2.000,V1.000,Nb0.091Al0.909,450.0,1.6999999999999993,0.0,0.0,65.92484139999999,28.0,0.0,0.0,16.634700000000002,6.0,0.546,4.0,1.60909,6.0,2.0,0.0,0.0,2.0,7.0,0.0,2.0,26.0,5.0,1.6,47.0,5.182,8.0,4.545,0.01,0.0,70.634,1.63,1.63,1098.77423,225.364,1.61,2183.0,124.913,0.0,2750.0,-62.40127286411608,5.638293657954808e-06
Fe2V0.9Nb0.1Al,Fe2.000,V1.000,Nb0.091Al0.909,500.0,1.6999999999999993,0.0,0.0,65.92484139999999,28.0,0.0,0.0,16.634700000000002,6.0,0.546,4.0,1.60909,6.0,2.0,0.0,0.0,2.0,7.0,0.0,2.0,26.0,5.0,1.6,47.0,5.182,8.0,4.545,0.01,0.0,70.634,1.63,1.63,1098.77423,225.364,1.61,2183.0,124.913,0.0,2750.0,-52.83601601575687,5.1529323862123975e-06
Fe2V0.9Nb0.1Al,Fe2.000,V1.000,Nb0.091Al0.909,550.0,1.6999999999999993,0.0,0.0,65.92484139999999,28.0,0.0,0.0,16.634700000000002,6.0,0.546,4.0,1.60909,6.0,2.0,0.0,0.0,2.0,7.0,0.0,2.0,26.0,5.0,1.6,47.0,5.182,8.0,4.545,0.01,0.0,70.634,1.63,1.63,1098.77423,225.364,1.61,2183.0,124.913,0.0,2750.0,-44.45954779700573,4.7547939476740205e-06
Fe2V0.9Nb0.1Al,Fe2.000,V1.000,Nb0.091Al0.909,600.0,1.6999999999999993,0.0,0.0,65.92484139999999,28.0,0.0,0.0,16.634700000000002,6.0,0.546,4.0,1.60909,6.0,2.0,0.0,0.0,2.0,7.0,0.0,2.0,26.0,5.0,1.6,47.0,5.182,8.0,4.545,0.01,0.0,70.634,1.63,1.63,1098.77423,225.364,1.61,2183.0,124.913,0.0,2750.0,-37.65004679156576,4.429825886176611e-06
Fe2V0.9Nb0.1Al,Fe2.000,V1.000,Nb0.091Al0.909,650.0,1.6999999999999993,0.0,0.0,65.92484139999999,28.0,0.0,0.0,16.634700000000002,6.0,0.546,4.0,1.60909,6.0,2.0,0.0,0.0,2.0,7.0,0.0,2.0,26.0,5.0,1.6,47.0,5.182,8.0,4.545,0.01,0.0,70.634,1.63,1.63,1098.77423,225.364,1.61,2183.0,124.913,0.0,2750.0,-32.335416813590406,4.162895790452244e-06
Fe2V0.9Nb0.1Al,Fe2.000,V1.000,Nb0.091Al0.909,700.0,1.6999999999999993,0.0,0.0,65.92484139999999,28.0,0.0,0.0,16.634700000000002,6.0,0.546,4.0,1.60909,6.0,2.0,0.0,0.0,2.0,7.0,0.0,2.0,26.0,5.0,1.6,47.0,5.182,8.0,4.545,0.01,0.0,70.634,1.63,1.63,1098.77423,225.364,1.61,2183.0,124.913,0.0,2750.0,-28.16577647052137,3.939118622366416e-06
Fe2V0.9Nb0.1Al,Fe2.000,V1.000,Nb0.091Al0.909,750.0,1.6999999999999993,0.0,0.0,65.92484139999999,28.0,0.0,0.0,16.634700000000002,6.0,0.546,4.0,1.60909,6.0,2.0,0.0,0.0,2.0,7.0,0.0,2.0,26.0,5.0,1.6,47.0,5.182,8.0,4.545,0.01,0.0,70.634,1.63,1.63,1098.77423,225.364,1.61,2183.0,124.913,0.0,2750.0,-24.685948725921538,3.7451840451562977e-06
Fe2V0.9Nb0.1Al,Fe2.000,V1.000,Nb0.091Al0.909,800.0,1.6999999999999993,0.0,0.0,65.92484139999999,28.0,0.0,0.0,16.634700000000002,6.0,0.546,4.0,1.60909,6.0,2.0,0.0,0.0,2.0,7.0,0.0,2.0,26.0,5.0,1.6,47.0,5.182,8.0,4.545,0.01,0.0,70.634,1.63,1.63,1098.77423,225.364,1.61,2183.0,124.913,0.0,2750.0,-21.50795046230384,3.570683751668977e-06
Fe2V0.9Nb0.1Al,Fe2.000,V1.000,Nb0.091Al0.909,850.0,1.6999999999999993,0.0,0.0,65.92484139999999,28.0,0.0,0.0,16.634700000000002,6.0,0.546,4.0,1.60909,6.0,2.0,0.0,0.0,2.0,7.0,0.0,2.0,26.0,5.0,1.6,47.0,5.182,8.0,4.545,0.01,0.0,70.634,1.63,1.63,1098.77423,225.364,1.61,2183.0,124.913,0.0,2750.0,-18.48348204397865,3.409438792599744e-06
Fe2V0.9Nb0.1Al,Fe2.000,V1.000,Nb0.091Al0.909,900.0,1.6999999999999993,0.0,0.0,65.92484139999999,28.0,0.0,0.0,16.634700000000002,6.0,0.546,4.0,1.60909,6.0,2.0,0.0,0.0,2.0,7.0,0.0,2.0,26.0,5.0,1.6,47.0,5.182,8.0,4.545,0.01,0.0,70.634,1.63,1.63,1098.77423,225.364,1.61,2183.0,124.913,0.0,2750.0,-15.876416879874215,3.2608269047303283e-06
Fe2V0.9Nb0.1Al,Fe2.000,V1.000,Nb0.091Al0.909,950.0,1.6999999999999993,0.0,0.0,65.92484139999999,28.0,0.0,0.0,16.634700000000002,6.0,0.546,4.0,1.60909,6.0,2.0,0.0,0.0,2.0,7.0,0.0,2.0,26.0,5.0,1.6,47.0,5.182,8.0,4.545,0.01,0.0,70.634,1.63,1.63,1098.77423,225.364,1.61,2183.0,124.913,0.0,2750.0,-14.535290986377715,3.1311098391671782e-06
Fe2V0.8Nb0.2Al,Fe2.000,V0.800Nb0.200,Al1.000,350.0,0.0,0.0,0.0,0.0,0.0,0.0,0.0,16.48,0.0,0.0,0.0,1.61,0.0,0.0,0.0,0.0,0.0,5.0,0.0,0.0,0.0,13.0,1.61,73.0,5.0,0.0,5.0,0.0,0.0299999999999998,73.0,1.624,1.6,933.47,225.0,1.61,2296.4,121.0,0.0,933.47,6.457922710209376,6.2383369411112935e-06
Fe2V0.8Nb0.2Al,Fe2.000,V0.800Nb0.200,Al1.000,400.0,0.0,0.0,0.0,0.0,0.0,0.0,0.0,16.48,0.0,0.0,0.0,1.61,0.0,0.0,0.0,0.0,0.0,5.0,0.0,0.0,0.0,13.0,1.61,73.0,5.0,0.0,5.0,0.0,0.0299999999999998,73.0,1.624,1.6,933.47,225.0,1.61,2296.4,121.0,0.0,933.47,3.177759573030711,5.535944092500585e-06
Fe2V0.8Nb0.2Al,Fe2.000,V0.800Nb0.200,Al1.000,450.0,0.0,0.0,0.0,0.0,0.0,0.0,0.0,16.48,0.0,0.0,0.0,1.61,0.0,0.0,0.0,0.0,0.0,5.0,0.0,0.0,0.0,13.0,1.61,73.0,5.0,0.0,5.0,0.0,0.0299999999999998,73.0,1.624,1.6,933.47,225.0,1.61,2296.4,121.0,0.0,933.47,0.191649613739322,4.9904767693787015e-06
Fe2V0.8Nb0.2Al,Fe2.000,V0.800Nb0.200,Al1.000,500.0,0.0,0.0,0.0,0.0,0.0,0.0,0.0,16.48,0.0,0.0,0.0,1.61,0.0,0.0,0.0,0.0,0.0,5.0,0.0,0.0,0.0,13.0,1.61,73.0,5.0,0.0,5.0,0.0,0.0299999999999998,73.0,1.624,1.6,933.47,225.0,1.61,2296.4,121.0,0.0,933.47,-2.287231907260956,4.562155894384124e-06
Fe2V0.8Nb0.2Al,Fe2.000,V0.800Nb0.200,Al1.000,550.0,0.0,0.0,0.0,0.0,0.0,0.0,0.0,16.48,0.0,0.0,0.0,1.61,0.0,0.0,0.0,0.0,0.0,5.0,0.0,0.0,0.0,13.0,1.61,73.0,5.0,0.0,5.0,0.0,0.0299999999999998,73.0,1.624,1.6,933.47,225.0,1.61,2296.4,121.0,0.0,933.47,-4.178956137160836,4.221863496651612e-06
Fe2V0.8Nb0.2Al,Fe2.000,V0.800Nb0.200,Al1.000,600.0,0.0,0.0,0.0,0.0,0.0,0.0,0.0,16.48,0.0,0.0,0.0,1.61,0.0,0.0,0.0,0.0,0.0,5.0,0.0,0.0,0.0,13.0,1.61,73.0,5.0,0.0,5.0,0.0,0.0299999999999998,73.0,1.624,1.6,933.47,225.0,1.61,2296.4,121.0,0.0,933.47,-5.507656541506582,3.949087865672375e-06
Fe2V0.8Nb0.2Al,Fe2.000,V0.800Nb0.200,Al1.000,650.0,0.0,0.0,0.0,0.0,0.0,0.0,0.0,16.48,0.0,0.0,0.0,1.61,0.0,0.0,0.0,0.0,0.0,5.0,0.0,0.0,0.0,13.0,1.61,73.0,5.0,0.0,5.0,0.0,0.0299999999999998,73.0,1.624,1.6,933.47,225.0,1.61,2296.4,121.0,0.0,933.47,-6.372344814962647,3.7298687051541582e-06
Fe2V0.8Nb0.2Al,Fe2.000,V0.800Nb0.200,Al1.000,700.0,0.0,0.0,0.0,0.0,0.0,0.0,0.0,16.48,0.0,0.0,0.0,1.61,0.0,0.0,0.0,0.0,0.0,5.0,0.0,0.0,0.0,13.0,1.61,73.0,5.0,0.0,5.0,0.0,0.0299999999999998,73.0,1.624,1.6,933.47,225.0,1.61,2296.4,121.0,0.0,933.47,-6.917726792073134,3.55474228688125e-06
Fe2V0.8Nb0.2Al,Fe2.000,V0.800Nb0.200,Al1.000,750.0,0.0,0.0,0.0,0.0,0.0,0.0,0.0,16.48,0.0,0.0,0.0,1.61,0.0,0.0,0.0,0.0,0.0,5.0,0.0,0.0,0.0,13.0,1.61,73.0,5.0,0.0,5.0,0.0,0.0299999999999998,73.0,1.624,1.6,933.47,225.0,1.61,2296.4,121.0,0.0,933.47,-7.305018358023411,3.4166866045747457e-06
Fe2V0.8Nb0.2Al,Fe2.000,V0.800Nb0.200,Al1.000,800.0,0.0,0.0,0.0,0.0,0.0,0.0,0.0,16.48,0.0,0.0,0.0,1.61,0.0,0.0,0.0,0.0,0.0,5.0,0.0,0.0,0.0,13.0,1.61,73.0,5.0,0.0,5.0,0.0,0.0299999999999998,73.0,1.624,1.6,933.47,225.0,1.61,2296.4,121.0,0.0,933.47,-7.682761359402759,3.309066527752503e-06
Fe2V0.8Nb0.2Al,Fe2.000,V0.800Nb0.200,Al1.000,850.0,0.0,0.0,0.0,0.0,0.0,0.0,0.0,16.48,0.0,0.0,0.0,1.61,0.0,0.0,0.0,0.0,0.0,5.0,0.0,0.0,0.0,13.0,1.61,73.0,5.0,0.0,5.0,0.0,0.0299999999999998,73.0,1.624,1.6,933.47,225.0,1.61,2296.4,121.0,0.0,933.47,-8.157639514965869,3.223578955589297e-06
Fe2V0.8Nb0.2Al,Fe2.000,V0.800Nb0.200,Al1.000,900.0,0.0,0.0,0.0,0.0,0.0,0.0,0.0,16.48,0.0,0.0,0.0,1.61,0.0,0.0,0.0,0.0,0.0,5.0,0.0,0.0,0.0,13.0,1.61,73.0,5.0,0.0,5.0,0.0,0.0299999999999998,73.0,1.624,1.6,933.47,225.0,1.61,2296.4,121.0,0.0,933.47,-8.765294326394198,3.148197970776983e-06
Fe2V0.8Nb0.2Al,Fe2.000,V0.800Nb0.200,Al1.000,950.0,0.0,0.0,0.0,0.0,0.0,0.0,0.0,16.48,0.0,0.0,0.0,1.61,0.0,0.0,0.0,0.0,0.0,5.0,0.0,0.0,0.0,13.0,1.61,73.0,5.0,0.0,5.0,0.0,0.0299999999999998,73.0,1.624,1.6,933.47,225.0,1.61,2296.4,121.0,0.0,933.47,-9.441140989058349,3.065119993384463e-06
Fe2VGa,Fe2.000,V1.000,Ga1.000,350.0,0.0,0.0,0.0,0.0,0.0,0.0,0.0,18.8575,0.0,0.0,0.0,1.81,0.0,0.0,0.0,0.0,0.0,5.0,0.0,0.0,0.0,13.0,1.81,74.0,5.0,0.0,5.0,0.0,0.0,74.0,1.63,1.63,302.91,64.0,1.81,2183.0,122.0,0.0,302.91,24.52785658160338,1.4269780653642343e-06
Fe2VGa,Fe2.000,V1.000,Ga1.000,400.0,0.0,0.0,0.0,0.0,0.0,0.0,0.0,18.8575,0.0,0.0,0.0,1.81,0.0,0.0,0.0,0.0,0.0,5.0,0.0,0.0,0.0,13.0,1.81,74.0,5.0,0.0,5.0,0.0,0.0,74.0,1.63,1.63,302.91,64.0,1.81,2183.0,122.0,0.0,302.91,22.013029771184197,1.4830962512897322e-06
Fe2VGa,Fe2.000,V1.000,Ga1.000,450.0,0.0,0.0,0.0,0.0,0.0,0.0,0.0,18.8575,0.0,0.0,0.0,1.81,0.0,0.0,0.0,0.0,0.0,5.0,0.0,0.0,0.0,13.0,1.81,74.0,5.0,0.0,5.0,0.0,0.0,74.0,1.63,1.63,302.91,64.0,1.81,2183.0,122.0,0.0,302.91,17.823222726421328,1.58250955749317e-06
Fe2VGa,Fe2.000,V1.000,Ga1.000,500.0,0.0,0.0,0.0,0.0,0.0,0.0,0.0,18.8575,0.0,0.0,0.0,1.81,0.0,0.0,0.0,0.0,0.0,5.0,0.0,0.0,0.0,13.0,1.81,74.0,5.0,0.0,5.0,0.0,0.0,74.0,1.63,1.63,302.91,64.0,1.81,2183.0,122.0,0.0,302.91,13.61721022251328,1.7101968367789951e-06
Fe2VGa,Fe2.000,V1.000,Ga1.000,550.0,0.0,0.0,0.0,0.0,0.0,0.0,0.0,18.8575,0.0,0.0,0.0,1.81,0.0,0.0,0.0,0.0,0.0,5.0,0.0,0.0,0.0,13.0,1.81,74.0,5.0,0.0,5.0,0.0,0.0,74.0,1.63,1.63,302.91,64.0,1.81,2183.0,122.0,0.0,302.91,9.8065800448005,1.8527577954894472e-06
Fe2VGa,Fe2.000,V1.000,Ga1.000,600.0,0.0,0.0,0.0,0.0,0.0,0.0,0.0,18.8575,0.0,0.0,0.0,1.81,0.0,0.0,0.0,0.0,0.0,5.0,0.0,0.0,0.0,13.0,1.81,74.0,5.0,0.0,5.0,0.0,0.0,74.0,1.63,1.63,302.91,64.0,1.81,2183.0,122.0,0.0,302.91,6.247614541582251,1.9968461835224737e-06
Fe2VGa,Fe2.000,V1.000,Ga1.000,650.0,0.0,0.0,0.0,0.0,0.0,0.0,0.0,18.8575,0.0,0.0,0.0,1.81,0.0,0.0,0.0,0.0,0.0,5.0,0.0,0.0,0.0,13.0,1.81,74.0,5.0,0.0,5.0,0.0,0.0,74.0,1.63,1.63,302.91,64.0,1.81,2183.0,122.0,0.0,302.91,2.9331721769118277,2.127602984349651e-06
Fe2V0.95Ti0.05Ga,Fe2.000,V1.000,Ti0.048Ga0.952,350.0,2.1675000000000004,0.0,0.0,21.856,9.0,0.0,2.25333333333e-05,18.75346,8.0,0.384,130.0,1.79704,8.0,0.0,0.0,0.0,9.0,8.0,0.0,3.0,31.0,4.0,1.54,43.0,5.144,9.0,4.76,0.27,0.0,72.512,1.63,1.63,381.53832,70.24,1.81,2183.0,123.82399999999998,0.0,1941.0,54.163856941426104,1.3193228736413158e-06
Fe2V0.95Ti0.05Ga,Fe2.000,V1.000,Ti0.048Ga0.952,400.0,2.1675000000000004,0.0,0.0,21.856,9.0,0.0,2.25333333333e-05,18.75346,8.0,0.384,130.0,1.79704,8.0,0.0,0.0,0.0,9.0,8.0,0.0,3.0,31.0,4.0,1.54,43.0,5.144,9.0,4.76,0.27,0.0,72.512,1.63,1.63,381.53832,70.24,1.81,2183.0,123.82399999999998,0.0,1941.0,44.851384344456264,1.3790262711607029e-06
Fe2V0.95Ti0.05Ga,Fe2.000,V1.000,Ti0.048Ga0.952,450.0,2.1675000000000004,0.0,0.0,21.856,9.0,0.0,2.25333333333e-05,18.75346,8.0,0.384,130.0,1.79704,8.0,0.0,0.0,0.0,9.0,8.0,0.0,3.0,31.0,4.0,1.54,43.0,5.144,9.0,4.76,0.27,0.0,72.512,1.63,1.63,381.53832,70.24,1.81,2183.0,123.82399999999998,0.0,1941.0,35.360939090204596,1.479086652565884e-06
Fe2V0.95Ti0.05Ga,Fe2.000,V1.000,Ti0.048Ga0.952,500.0,2.1675000000000004,0.0,0.0,21.856,9.0,0.0,2.25333333333e-05,18.75346,8.0,0.384,130.0,1.79704,8.0,0.0,0.0,0.0,9.0,8.0,0.0,3.0,31.0,4.0,1.54,43.0,5.144,9.0,4.76,0.27,0.0,72.512,1.63,1.63,381.53832,70.24,1.81,2183.0,123.82399999999998,0.0,1941.0,27.91940502247037,1.6094323140635725e-06
Fe2V0.95Ti0.05Ga,Fe2.000,V1.000,Ti0.048Ga0.952,550.0,2.1675000000000004,0.0,0.0,21.856,9.0,0.0,2.25333333333e-05,18.75346,8.0,0.384,130.0,1.79704,8.0,0.0,0.0,0.0,9.0,8.0,0.0,3.0,31.0,4.0,1.54,43.0,5.144,9.0,4.76,0.27,0.0,72.512,1.63,1.63,381.53832,70.24,1.81,2183.0,123.82399999999998,0.0,1941.0,22.16677077022445,1.7513473464750488e-06
Fe2V0.95Ti0.05Ga,Fe2.000,V1.000,Ti0.048Ga0.952,600.0,2.1675000000000004,0.0,0.0,21.856,9.0,0.0,2.25333333333e-05,18.75346,8.0,0.384,130.0,1.79704,8.0,0.0,0.0,0.0,9.0,8.0,0.0,3.0,31.0,4.0,1.54,43.0,5.144,9.0,4.76,0.27,0.0,72.512,1.63,1.63,381.53832,70.24,1.81,2183.0,123.82399999999998,0.0,1941.0,16.85494940690223,1.8859616008009595e-06
Fe2V0.95Ti0.05Ga,Fe2.000,V1.000,Ti0.048Ga0.952,650.0,2.1675000000000004,0.0,0.0,21.856,9.0,0.0,2.25333333333e-05,18.75346,8.0,0.384,130.0,1.79704,8.0,0.0,0.0,0.0,9.0,8.0,0.0,3.0,31.0,4.0,1.54,43.0,5.144,9.0,4.76,0.27,0.0,72.512,1.63,1.63,381.53832,70.24,1.81,2183.0,123.82399999999998,0.0,1941.0,11.546598109671033,2.002740653786121e-06
Fe2V0.9Ti0.1Ga,Fe2.000,V1.000,Ti0.091Ga0.909,350.0,2.1675000000000004,0.0,0.0,21.856,9.0,0.0,2.25333333333e-05,18.6602575,8.0,0.728,130.0,1.78543,8.0,0.0,0.0,0.0,9.0,8.0,0.0,3.0,31.0,4.0,1.54,43.0,5.273,9.0,4.545,0.27,0.0,71.179,1.63,1.63,451.9761900000001,75.83,1.81,2183.0,125.458,0.0,1941.0,55.65505190415989,9.392483010420544e-07
Fe2V0.9Ti0.1Ga,Fe2.000,V1.000,Ti0.091Ga0.909,400.0,2.1675000000000004,0.0,0.0,21.856,9.0,0.0,2.25333333333e-05,18.6602575,8.0,0.728,130.0,1.78543,8.0,0.0,0.0,0.0,9.0,8.0,0.0,3.0,31.0,4.0,1.54,43.0,5.273,9.0,4.545,0.27,0.0,71.179,1.63,1.63,451.9761900000001,75.83,1.81,2183.0,125.458,0.0,1941.0,51.313037670724,1.0931686381546535e-06
Fe2V0.9Ti0.1Ga,Fe2.000,V1.000,Ti0.091Ga0.909,450.0,2.1675000000000004,0.0,0.0,21.856,9.0,0.0,2.25333333333e-05,18.6602575,8.0,0.728,130.0,1.78543,8.0,0.0,0.0,0.0,9.0,8.0,0.0,3.0,31.0,4.0,1.54,43.0,5.273,9.0,4.545,0.27,0.0,71.179,1.63,1.63,451.9761900000001,75.83,1.81,2183.0,125.458,0.0,1941.0,45.3931739360952,1.267522565442438e-06
Fe2V0.9Ti0.1Ga,Fe2.000,V1.000,Ti0.091Ga0.909,500.0,2.1675000000000004,0.0,0.0,21.856,9.0,0.0,2.25333333333e-05,18.6602575,8.0,0.728,130.0,1.78543,8.0,0.0,0.0,0.0,9.0,8.0,0.0,3.0,31.0,4.0,1.54,43.0,5.273,9.0,4.545,0.27,0.0,71.179,1.63,1.63,451.9761900000001,75.83,1.81,2183.0,125.458,0.0,1941.0,39.128963261485424,1.4577594411322765e-06
Fe2V0.9Ti0.1Ga,Fe2.000,V1.000,Ti0.091Ga0.909,550.0,2.1675000000000004,0.0,0.0,21.856,9.0,0.0,2.25333333333e-05,18.6602575,8.0,0.728,130.0,1.78543,8.0,0.0,0.0,0.0,9.0,8.0,0.0,3.0,31.0,4.0,1.54,43.0,5.273,9.0,4.545,0.27,0.0,71.179,1.63,1.63,451.9761900000001,75.83,1.81,2183.0,125.458,0.0,1941.0,33.05712075005835,1.6501218323311764e-06
Fe2V0.9Ti0.1Ga,Fe2.000,V1.000,Ti0.091Ga0.909,600.0,2.1675000000000004,0.0,0.0,21.856,9.0,0.0,2.25333333333e-05,18.6602575,8.0,0.728,130.0,1.78543,8.0,0.0,0.0,0.0,9.0,8.0,0.0,3.0,31.0,4.0,1.54,43.0,5.273,9.0,4.545,0.27,0.0,71.179,1.63,1.63,451.9761900000001,75.83,1.81,2183.0,125.458,0.0,1941.0,27.317710473188647,1.828509225947708e-06
Fe2V0.9Ti0.1Ga,Fe2.000,V1.000,Ti0.091Ga0.909,650.0,2.1675000000000004,0.0,0.0,21.856,9.0,0.0,2.25333333333e-05,18.6602575,8.0,0.728,130.0,1.78543,8.0,0.0,0.0,0.0,9.0,8.0,0.0,3.0,31.0,4.0,1.54,43.0,5.273,9.0,4.545,0.27,0.0,71.179,1.63,1.63,451.9761900000001,75.83,1.81,2183.0,125.458,0.0,1941.0,21.954281896728535,1.9813417396132585e-06
Fe2V0.9Ti0.1Ga,Fe2.000,V1.000,Ti0.091Ga0.909,700.0,2.1675000000000004,0.0,0.0,21.856,9.0,0.0,2.25333333333e-05,18.6602575,8.0,0.728,130.0,1.78543,8.0,0.0,0.0,0.0,9.0,8.0,0.0,3.0,31.0,4.0,1.54,43.0,5.273,9.0,4.545,0.27,0.0,71.179,1.63,1.63,451.9761900000001,75.83,1.81,2183.0,125.458,0.0,1941.0,17.214006307262263,2.1084238326035195e-06
Fe2V0.85Ti0.15Ga,Fe2.000,V1.000,Ti0.130Ga0.870,350.0,2.1675000000000004,0.0,0.0,21.856,9.0,0.0,2.25333333333e-05,18.575725,8.0,1.04,130.0,1.7749,8.0,0.0,0.0,0.0,9.0,8.0,0.0,3.0,31.0,4.0,1.54,43.0,5.39,9.0,4.35,0.27,0.0,69.97,1.63,1.63,515.8617,80.9,1.81,2183.0,126.94,0.0,1941.0,45.60197318995455,9.639296250783546e-07
Fe2V0.85Ti0.15Ga,Fe2.000,V1.000,Ti0.130Ga0.870,400.0,2.1675000000000004,0.0,0.0,21.856,9.0,0.0,2.25333333333e-05,18.575725,8.0,1.04,130.0,1.7749,8.0,0.0,0.0,0.0,9.0,8.0,0.0,3.0,31.0,4.0,1.54,43.0,5.39,9.0,4.35,0.27,0.0,69.97,1.63,1.63,515.8617,80.9,1.81,2183.0,126.94,0.0,1941.0,45.26748106628461,1.1224838188358195e-06
Fe2V0.85Ti0.15Ga,Fe2.000,V1.000,Ti0.130Ga0.870,450.0,2.1675000000000004,0.0,0.0,21.856,9.0,0.0,2.25333333333e-05,18.575725,8.0,1.04,130.0,1.7749,8.0,0.0,0.0,0.0,9.0,8.0,0.0,3.0,31.0,4.0,1.54,43.0,5.39,9.0,4.35,0.27,0.0,69.97,1.63,1.63,515.8617,80.9,1.81,2183.0,126.94,0.0,1941.0,42.727744418500585,1.3024324559645765e-06
Fe2V0.85Ti0.15Ga,Fe2.000,V1.000,Ti0.130Ga0.870,500.0,2.1675000000000004,0.0,0.0,21.856,9.0,0.0,2.25333333333e-05,18.575725,8.0,1.04,130.0,1.7749,8.0,0.0,0.0,0.0,9.0,8.0,0.0,3.0,31.0,4.0,1.54,43.0,5.39,9.0,4.35,0.27,0.0,69.97,1.63,1.63,515.8617,80.9,1.81,2183.0,126.94,0.0,1941.0,38.914010519415875,1.4926343284330625e-06
Fe2V0.85Ti0.15Ga,Fe2.000,V1.000,Ti0.130Ga0.870,550.0,2.1675000000000004,0.0,0.0,21.856,9.0,0.0,2.25333333333e-05,18.575725,8.0,1.04,130.0,1.7749,8.0,0.0,0.0,0.0,9.0,8.0,0.0,3.0,31.0,4.0,1.54,43.0,5.39,9.0,4.35,0.27,0.0,69.97,1.63,1.63,515.8617,80.9,1.81,2183.0,126.94,0.0,1941.0,34.239987455419175,1.6797959196594909e-06
Fe2V0.85Ti0.15Ga,Fe2.000,V1.000,Ti0.130Ga0.870,600.0,2.1675000000000004,0.0,0.0,21.856,9.0,0.0,2.25333333333e-05,18.575725,8.0,1.04,130.0,1.7749,8.0,0.0,0.0,0.0,9.0,8.0,0.0,3.0,31.0,4.0,1.54,43.0,5.39,9.0,4.35,0.27,0.0,69.97,1.63,1.63,515.8617,80.9,1.81,2183.0,126.94,0.0,1941.0,28.87826166939202,1.850902859161368e-06
Fe2V0.85Ti0.15Ga,Fe2.000,V1.000,Ti0.130Ga0.870,650.0,2.1675000000000004,0.0,0.0,21.856,9.0,0.0,2.25333333333e-05,18.575725,8.0,1.04,130.0,1.7749,8.0,0.0,0.0,0.0,9.0,8.0,0.0,3.0,31.0,4.0,1.54,43.0,5.39,9.0,4.35,0.27,0.0,69.97,1.63,1.63,515.8617,80.9,1.81,2183.0,126.94,0.0,1941.0,23.036715503631427,1.995651377205054e-06
Fe2V0.8Ti0.2Ga,Fe2.000,V0.800Ti0.200,Ga1.000,350.0,0.0,0.0,2.25333333333e-05,0.0,0.0,35.0,0.0,18.8575,0.0,0.0,0.0,1.81,0.0,0.0,4.50666666666e-06,0.0,0.0,5.0,2.25333333333e-05,0.0,0.0,13.0,1.81,74.0,5.0,0.0,5.0,0.0,0.0899999999999998,74.0,1.612,1.54,302.91,64.0,1.81,2134.6000000000004,122.0,0.0,302.91,51.74028502878181,9.275369259770068e-07
Fe2V0.8Ti0.2Ga,Fe2.000,V0.800Ti0.200,Ga1.000,400.0,0.0,0.0,2.25333333333e-05,0.0,0.0,35.0,0.0,18.8575,0.0,0.0,0.0,1.81,0.0,0.0,4.50666666666e-06,0.0,0.0,5.0,2.25333333333e-05,0.0,0.0,13.0,1.81,74.0,5.0,0.0,5.0,0.0,0.0899999999999998,74.0,1.612,1.54,302.91,64.0,1.81,2134.6000000000004,122.0,0.0,302.91,53.91020196631358,1.0909008588553978e-06
Fe2V0.8Ti0.2Ga,Fe2.000,V0.800Ti0.200,Ga1.000,450.0,0.0,0.0,2.25333333333e-05,0.0,0.0,35.0,0.0,18.8575,0.0,0.0,0.0,1.81,0.0,0.0,4.50666666666e-06,0.0,0.0,5.0,2.25333333333e-05,0.0,0.0,13.0,1.81,74.0,5.0,0.0,5.0,0.0,0.0899999999999998,74.0,1.612,1.54,302.91,64.0,1.81,2134.6000000000004,122.0,0.0,302.91,53.39149226291171,1.2690826621166782e-06
Fe2V0.8Ti0.2Ga,Fe2.000,V0.800Ti0.200,Ga1.000,500.0,0.0,0.0,2.25333333333e-05,0.0,0.0,35.0,0.0,18.8575,0.0,0.0,0.0,1.81,0.0,0.0,4.50666666666e-06,0.0,0.0,5.0,2.25333333333e-05,0.0,0.0,13.0,1.81,74.0,5.0,0.0,5.0,0.0,0.0899999999999998,74.0,1.612,1.54,302.91,64.0,1.81,2134.6000000000004,122.0,0.0,302.91,51.00029366578173,1.4474890367741963e-06
Fe2V0.8Ti0.2Ga,Fe2.000,V0.800Ti0.200,Ga1.000,550.0,0.0,0.0,2.25333333333e-05,0.0,0.0,35.0,0.0,18.8575,0.0,0.0,0.0,1.81,0.0,0.0,4.50666666666e-06,0.0,0.0,5.0,2.25333333333e-05,0.0,0.0,13.0,1.81,74.0,5.0,0.0,5.0,0.0,0.0899999999999998,74.0,1.612,1.54,302.91,64.0,1.81,2134.6000000000004,122.0,0.0,302.91,46.89324528376487,1.6206792710838123e-06
Fe2V0.8Ti0.2Ga,Fe2.000,V0.800Ti0.200,Ga1.000,600.0,0.0,0.0,2.25333333333e-05,0.0,0.0,35.0,0.0,18.8575,0.0,0.0,0.0,1.81,0.0,0.0,4.50666666666e-06,0.0,0.0,5.0,2.25333333333e-05,0.0,0.0,13.0,1.81,74.0,5.0,0.0,5.0,0.0,0.0899999999999998,74.0,1.612,1.54,302.91,64.0,1.81,2134.6000000000004,122.0,0.0,302.91,41.15525259056692,1.7838215768426115e-06
Fe2V0.8Ti0.2Ga,Fe2.000,V0.800Ti0.200,Ga1.000,650.0,0.0,0.0,2.25333333333e-05,0.0,0.0,35.0,0.0,18.8575,0.0,0.0,0.0,1.81,0.0,0.0,4.50666666666e-06,0.0,0.0,5.0,2.25333333333e-05,0.0,0.0,13.0,1.81,74.0,5.0,0.0,5.0,0.0,0.0899999999999998,74.0,1.612,1.54,302.91,64.0,1.81,2134.6000000000004,122.0,0.0,302.91,34.387252427971085,1.9241494256876145e-06
Fe2V0.75Ti0.25Ga,Fe2.000,V0.750Ti0.250,Ga1.000,350.0,0.0,0.0,2.25333333333e-05,0.0,0.0,35.0,0.0,18.8575,0.0,0.0,0.0,1.81,0.0,0.0,5.633333333325e-06,0.0,0.0,5.0,2.25333333333e-05,0.0,0.0,13.0,1.81,74.0,5.0,0.0,5.0,0.0,0.0899999999999998,74.0,1.6075,1.54,302.91,64.0,1.81,2122.5,122.0,0.0,302.91,40.94354298260689,9.59857464213259e-07
Fe2V0.75Ti0.25Ga,Fe2.000,V0.750Ti0.250,Ga1.000,400.0,0.0,0.0,2.25333333333e-05,0.0,0.0,35.0,0.0,18.8575,0.0,0.0,0.0,1.81,0.0,0.0,5.633333333325e-06,0.0,0.0,5.0,2.25333333333e-05,0.0,0.0,13.0,1.81,74.0,5.0,0.0,5.0,0.0,0.0899999999999998,74.0,1.6075,1.54,302.91,64.0,1.81,2122.5,122.0,0.0,302.91,44.52665715550571,1.1249423364780231e-06
Fe2V0.75Ti0.25Ga,Fe2.000,V0.750Ti0.250,Ga1.000,450.0,0.0,0.0,2.25333333333e-05,0.0,0.0,35.0,0.0,18.8575,0.0,0.0,0.0,1.81,0.0,0.0,5.633333333325e-06,0.0,0.0,5.0,2.25333333333e-05,0.0,0.0,13.0,1.81,74.0,5.0,0.0,5.0,0.0,0.0899999999999998,74.0,1.6075,1.54,302.91,64.0,1.81,2122.5,122.0,0.0,302.91,46.43210769178323,1.3047920779895638e-06
Fe2V0.75Ti0.25Ga,Fe2.000,V0.750Ti0.250,Ga1.000,500.0,0.0,0.0,2.25333333333e-05,0.0,0.0,35.0,0.0,18.8575,0.0,0.0,0.0,1.81,0.0,0.0,5.633333333325e-06,0.0,0.0,5.0,2.25333333333e-05,0.0,0.0,13.0,1.81,74.0,5.0,0.0,5.0,0.0,0.0899999999999998,74.0,1.6075,1.54,302.91,64.0,1.81,2122.5,122.0,0.0,302.91,46.758734490064946,1.4877218605440766e-06
Fe2V0.75Ti0.25Ga,Fe2.000,V0.750Ti0.250,Ga1.000,550.0,0.0,0.0,2.25333333333e-05,0.0,0.0,35.0,0.0,18.8575,0.0,0.0,0.0,1.81,0.0,0.0,5.633333333325e-06,0.0,0.0,5.0,2.25333333333e-05,0.0,0.0,13.0,1.81,74.0,5.0,0.0,5.0,0.0,0.0899999999999998,74.0,1.6075,1.54,302.91,64.0,1.81,2122.5,122.0,0.0,302.91,44.935760841964154,1.6698651765386865e-06
Fe2V0.75Ti0.25Ga,Fe2.000,V0.750Ti0.250,Ga1.000,600.0,0.0,0.0,2.25333333333e-05,0.0,0.0,35.0,0.0,18.8575,0.0,0.0,0.0,1.81,0.0,0.0,5.633333333325e-06,0.0,0.0,5.0,2.25333333333e-05,0.0,0.0,13.0,1.81,74.0,5.0,0.0,5.0,0.0,0.0899999999999998,74.0,1.6075,1.54,302.91,64.0,1.81,2122.5,122.0,0.0,302.91,40.5485048554044,1.8469309490706008e-06
Fe2V0.75Ti0.25Ga,Fe2.000,V0.750Ti0.250,Ga1.000,650.0,0.0,0.0,2.25333333333e-05,0.0,0.0,35.0,0.0,18.8575,0.0,0.0,0.0,1.81,0.0,0.0,5.633333333325e-06,0.0,0.0,5.0,2.25333333333e-05,0.0,0.0,13.0,1.81,74.0,5.0,0.0,5.0,0.0,0.0899999999999998,74.0,1.6075,1.54,302.91,64.0,1.81,2122.5,122.0,0.0,302.91,34.16409087791993,2.005960642036352e-06
Fe2V0.75Ti0.25Ga,Fe2.000,V0.750Ti0.250,Ga1.000,700.0,0.0,0.0,2.25333333333e-05,0.0,0.0,35.0,0.0,18.8575,0.0,0.0,0.0,1.81,0.0,0.0,5.633333333325e-06,0.0,0.0,5.0,2.25333333333e-05,0.0,0.0,13.0,1.81,74.0,5.0,0.0,5.0,0.0,0.0899999999999998,74.0,1.6075,1.54,302.91,64.0,1.81,2122.5,122.0,0.0,302.91,28.157160919978523,2.1170853702309585e-06
Fe2VAl0.95Si0.05,Fe2.000,V1.000,Al0.950Si0.050,200.0,3.960000000000001,0.773,0.0,1.103961399999999,1.0,0.0,0.0,16.677999999999997,0.0,0.0,2.0,1.6245,0.0,0.0,0.0,0.0,1.0,5.0,0.0,1.0,5.0,13.0,1.61,73.0,4.95,1.0,4.95,0.2899999999999998,0.0,73.25,1.63,1.63,971.1465,225.1,1.9,2183.0,120.5,0.03865,1687.0,-103.4919343793,3.727713801492743e-06
Fe2VAl0.95Si0.05,Fe2.000,V1.000,Al0.950Si0.050,250.0,3.960000000000001,0.773,0.0,1.103961399999999,1.0,0.0,0.0,16.677999999999997,0.0,0.0,2.0,1.6245,0.0,0.0,0.0,0.0,1.0,5.0,0.0,1.0,5.0,13.0,1.61,73.0,4.95,1.0,4.95,0.2899999999999998,0.0,73.25,1.63,1.63,971.1465,225.1,1.9,2183.0,120.5,0.03865,1687.0,-120.0160603511,4.604394822853547e-06
Fe2VAl0.95Si0.05,Fe2.000,V1.000,Al0.950Si0.050,300.0,3.960000000000001,0.773,0.0,1.103961399999999,1.0,0.0,0.0,16.677999999999997,0.0,0.0,2.0,1.6245,0.0,0.0,0.0,0.0,1.0,5.0,0.0,1.0,5.0,13.0,1.61,73.0,4.95,1.0,4.95,0.2899999999999998,0.0,73.25,1.63,1.63,971.1465,225.1,1.9,2183.0,120.5,0.03865,1687.0,-127.0439340034,5.353565276471949e-06
Fe2VAl0.95Si0.05,Fe2.000,V1.000,Al0.950Si0.050,350.0,3.960000000000001,0.773,0.0,1.103961399999999,1.0,0.0,0.0,16.677999999999997,0.0,0.0,2.0,1.6245,0.0,0.0,0.0,0.0,1.0,5.0,0.0,1.0,5.0,13.0,1.61,73.0,4.95,1.0,4.95,0.2899999999999998,0.0,73.25,1.63,1.63,971.1465,225.1,1.9,2183.0,120.5,0.03865,1687.0,-117.6322534543,5.822574464045746e-06
Fe2(V0.975Ta0.025)Al0.95Si0.05,Fe2.000,V1.000,Ta0.024Al0.927Si0.049,250.0,3.960000000000001,0.773,0.0,153.9663414,60.0,0.0,0.0,16.7134,7.0,0.168,4.0,1.6215700000000002,7.0,3.0,0.0,14.0,16.0,7.0,0.0,3.0,30.0,5.0,1.5,48.0,4.999,9.0,4.8309999999999995,0.3999999999999999,0.0,72.64500000000001,1.63,1.63,1026.94969,225.194,1.9,2183.0,121.686,0.037877,3290.0,-131.01749418010002,4.523679689556735e-06
Fe2(V0.975Ta0.025)Al0.95Si0.05,Fe2.000,V1.000,Ta0.024Al0.927Si0.049,300.0,3.960000000000001,0.773,0.0,153.9663414,60.0,0.0,0.0,16.7134,7.0,0.168,4.0,1.6215700000000002,7.0,3.0,0.0,14.0,16.0,7.0,0.0,3.0,30.0,5.0,1.5,48.0,4.999,9.0,4.8309999999999995,0.3999999999999999,0.0,72.64500000000001,1.63,1.63,1026.94969,225.194,1.9,2183.0,121.686,0.037877,3290.0,-135.7788881462,4.9884230600061424e-06
Fe2(V0.975Ta0.025)Al0.95Si0.05,Fe2.000,V1.000,Ta0.024Al0.927Si0.049,350.0,3.960000000000001,0.773,0.0,153.9663414,60.0,0.0,0.0,16.7134,7.0,0.168,4.0,1.6215700000000002,7.0,3.0,0.0,14.0,16.0,7.0,0.0,3.0,30.0,5.0,1.5,48.0,4.999,9.0,4.8309999999999995,0.3999999999999999,0.0,72.64500000000001,1.63,1.63,1026.94969,225.194,1.9,2183.0,121.686,0.037877,3290.0,-128.87143657619998,5.242807329361463e-06
Fe2(V0.95Ta0.05)Al0.95Si0.05,Fe2.000,V1.000,Ta0.048Al0.905Si0.048,200.0,3.960000000000001,0.773,0.0,153.9663414,60.0,0.0,0.0,16.748531468531468,7.0,0.3356643356643356,4.0,1.6186313686313687,7.0,3.0,0.0,14.0,16.0,7.0,0.0,3.0,30.0,5.0,1.5,48.0,5.047952047952048,9.0,4.712287712287712,0.3999999999999999,0.0,72.04095904095904,1.63,1.63,1082.603746253746,225.28771228771225,1.9,2183.0,122.87012987012989,0.037066933066933,3290.0,-139.5227144156,3.2251697637333554e-06
Fe2(V0.95Ta0.05)Al0.95Si0.05,Fe2.000,V1.000,Ta0.048Al0.905Si0.048,250.0,3.960000000000001,0.773,0.0,153.9663414,60.0,0.0,0.0,16.748531468531468,7.0,0.3356643356643356,4.0,1.6186313686313687,7.0,3.0,0.0,14.0,16.0,7.0,0.0,3.0,30.0,5.0,1.5,48.0,5.047952047952048,9.0,4.712287712287712,0.3999999999999999,0.0,72.04095904095904,1.63,1.63,1082.603746253746,225.28771228771225,1.9,2183.0,122.87012987012989,0.037066933066933,3290.0,-151.9670476756,3.7027873238785703e-06
Fe2(V0.95Ta0.05)Al0.95Si0.05,Fe2.000,V1.000,Ta0.048Al0.905Si0.048,300.0,3.960000000000001,0.773,0.0,153.9663414,60.0,0.0,0.0,16.748531468531468,7.0,0.3356643356643356,4.0,1.6186313686313687,7.0,3.0,0.0,14.0,16.0,7.0,0.0,3.0,30.0,5.0,1.5,48.0,5.047952047952048,9.0,4.712287712287712,0.3999999999999999,0.0,72.04095904095904,1.63,1.63,1082.603746253746,225.28771228771225,1.9,2183.0,122.87012987012989,0.037066933066933,3290.0,-150.08414581890003,4.108982286397039e-06
Fe2(V0.95Ta0.05)Al0.95Si0.05,Fe2.000,V1.000,Ta0.048Al0.905Si0.048,350.0,3.960000000000001,0.773,0.0,153.9663414,60.0,0.0,0.0,16.748531468531468,7.0,0.3356643356643356,4.0,1.6186313686313687,7.0,3.0,0.0,14.0,16.0,7.0,0.0,3.0,30.0,5.0,1.5,48.0,5.047952047952048,9.0,4.712287712287712,0.3999999999999999,0.0,72.04095904095904,1.63,1.63,1082.603746253746,225.28771228771225,1.9,2183.0,122.87012987012989,0.037066933066933,3290.0,-137.3410250372,4.353490520422004e-06
Fe2(V0.9Ti0.1)Al ,Fe2.000,V1.000,Ti0.091Al0.909,250.0,0.2100000000000008,0.0,0.0,20.885461399999997,9.0,0.0,2.25333333333e-05,16.49911,8.0,0.728,31.0,1.60363,8.0,1.0,0.0,0.0,1.0,8.0,0.0,3.0,30.0,4.0,1.54,43.0,5.273,9.0,4.545,0.07,0.0,70.27,1.63,1.63,1025.15523,222.179,1.61,2183.0,124.549,0.0,1941.0,76.30951391754799,2.556023044942808e-06
Fe2(V0.9Ti0.1)Al ,Fe2.000,V1.000,Ti0.091Al0.909,300.0,0.2100000000000008,0.0,0.0,20.885461399999997,9.0,0.0,2.25333333333e-05,16.49911,8.0,0.728,31.0,1.60363,8.0,1.0,0.0,0.0,1.0,8.0,0.0,3.0,30.0,4.0,1.54,43.0,5.273,9.0,4.545,0.07,0.0,70.27,1.63,1.63,1025.15523,222.179,1.61,2183.0,124.549,0.0,1941.0,83.59173502803206,2.8571983733044858e-06
Fe2(V0.9Ti0.1)Al ,Fe2.000,V1.000,Ti0.091Al0.909,350.0,0.2100000000000008,0.0,0.0,20.885461399999997,9.0,0.0,2.25333333333e-05,16.49911,8.0,0.728,31.0,1.60363,8.0,1.0,0.0,0.0,1.0,8.0,0.0,3.0,30.0,4.0,1.54,43.0,5.273,9.0,4.545,0.07,0.0,70.27,1.63,1.63,1025.15523,222.179,1.61,2183.0,124.549,0.0,1941.0,88.47891262349047,3.179708855688845e-06
Fe2(V0.8Ta0.1Ti0.1)Al ,Fe2.000,V0.889Ta0.111,Ti0.091Al0.909,200.0,0.2100000000000008,0.0,0.0,20.885461399999997,9.0,0.0,2.25333333333e-05,16.49911,8.0,0.728,31.0,1.60363,8.0,1.0,0.0,0.0,1.0,8.0,0.0,3.0,30.0,4.0,1.54,43.0,5.273,9.0,4.545,0.07,0.1299999999999999,70.27,1.61557,1.5,1025.15523,222.179,1.61,2305.877,124.549,0.0,1941.0,52.13469178464661,2.0164537095260216e-06
Fe2(V0.8Ta0.1Ti0.1)Al ,Fe2.000,V0.889Ta0.111,Ti0.091Al0.909,250.0,0.2100000000000008,0.0,0.0,20.885461399999997,9.0,0.0,2.25333333333e-05,16.49911,8.0,0.728,31.0,1.60363,8.0,1.0,0.0,0.0,1.0,8.0,0.0,3.0,30.0,4.0,1.54,43.0,5.273,9.0,4.545,0.07,0.1299999999999999,70.27,1.61557,1.5,1025.15523,222.179,1.61,2305.877,124.549,0.0,1941.0,62.48212323353036,2.2199765490523164e-06
Fe2(V0.8Ta0.1Ti0.1)Al ,Fe2.000,V0.889Ta0.111,Ti0.091Al0.909,300.0,0.2100000000000008,0.0,0.0,20.885461399999997,9.0,0.0,2.25333333333e-05,16.49911,8.0,0.728,31.0,1.60363,8.0,1.0,0.0,0.0,1.0,8.0,0.0,3.0,30.0,4.0,1.54,43.0,5.273,9.0,4.545,0.07,0.1299999999999999,70.27,1.61557,1.5,1025.15523,222.179,1.61,2305.877,124.549,0.0,1941.0,71.89702862709616,2.441134943670096e-06
Fe2(V0.8Ta0.1Ti0.1)Al ,Fe2.000,V0.889Ta0.111,Ti0.091Al0.909,350.0,0.2100000000000008,0.0,0.0,20.885461399999997,9.0,0.0,2.25333333333e-05,16.49911,8.0,0.728,31.0,1.60363,8.0,1.0,0.0,0.0,1.0,8.0,0.0,3.0,30.0,4.0,1.54,43.0,5.273,9.0,4.545,0.07,0.1299999999999999,70.27,1.61557,1.5,1025.15523,222.179,1.61,2305.877,124.549,0.0,1941.0,79.20841391003916,2.668890096099753e-06
Fe2(V0.7Ta0.2Ti0.1)Al ,Fe2.000,V0.778Ta0.222,Ti0.091Al0.909,200.0,0.2100000000000008,0.0,0.0,20.885461399999997,9.0,0.0,2.25333333333e-05,16.49911,8.0,0.728,31.0,1.60363,8.0,1.0,0.0,0.0,1.0,8.0,0.0,3.0,30.0,4.0,1.54,43.0,5.273,9.0,4.545,0.07,0.1299999999999999,70.27,1.60114,1.5,1025.15523,222.179,1.61,2428.754,124.549,0.0,1941.0,59.28447682289708,1.8332278939657496e-06
Fe2(V0.7Ta0.2Ti0.1)Al ,Fe2.000,V0.778Ta0.222,Ti0.091Al0.909,250.0,0.2100000000000008,0.0,0.0,20.885461399999997,9.0,0.0,2.25333333333e-05,16.49911,8.0,0.728,31.0,1.60363,8.0,1.0,0.0,0.0,1.0,8.0,0.0,3.0,30.0,4.0,1.54,43.0,5.273,9.0,4.545,0.07,0.1299999999999999,70.27,1.60114,1.5,1025.15523,222.179,1.61,2428.754,124.549,0.0,1941.0,70.57993184803307,2.063961332348752e-06
Fe2(V0.7Ta0.2Ti0.1)Al ,Fe2.000,V0.778Ta0.222,Ti0.091Al0.909,300.0,0.2100000000000008,0.0,0.0,20.885461399999997,9.0,0.0,2.25333333333e-05,16.49911,8.0,0.728,31.0,1.60363,8.0,1.0,0.0,0.0,1.0,8.0,0.0,3.0,30.0,4.0,1.54,43.0,5.273,9.0,4.545,0.07,0.1299999999999999,70.27,1.60114,1.5,1025.15523,222.179,1.61,2428.754,124.549,0.0,1941.0,79.28277353745867,2.3223197020002807e-06
Fe2(V0.7Ta0.2Ti0.1)Al ,Fe2.000,V0.778Ta0.222,Ti0.091Al0.909,350.0,0.2100000000000008,0.0,0.0,20.885461399999997,9.0,0.0,2.25333333333e-05,16.49911,8.0,0.728,31.0,1.60363,8.0,1.0,0.0,0.0,1.0,8.0,0.0,3.0,30.0,4.0,1.54,43.0,5.273,9.0,4.545,0.07,0.1299999999999999,70.27,1.60114,1.5,1025.15523,222.179,1.61,2428.754,124.549,0.0,1941.0,88.44403123969879,2.606909097441519e-06
Fe2(V0.9Ti0.1)Al,Fe2.000,V1.000,Ti0.091Al0.909,350.0,0.2100000000000008,0.0,0.0,20.885461399999997,9.0,0.0,2.25333333333e-05,16.49911,8.0,0.728,31.0,1.60363,8.0,1.0,0.0,0.0,1.0,8.0,0.0,3.0,30.0,4.0,1.54,43.0,5.273,9.0,4.545,0.07,0.0,70.27,1.63,1.63,1025.15523,222.179,1.61,2183.0,124.549,0.0,1941.0,89.34261617715711,3.2018087298209606e-06
Fe2(V0.8W0.05Ti0.15)Al ,Fe2.000,V0.941W0.059,Ti0.130Al0.870,350.0,0.2100000000000008,0.0,0.0,20.885461399999997,9.0,0.0,2.25333333333e-05,16.5073,8.0,1.04,31.0,1.6009,8.0,1.0,0.0,0.0,1.0,8.0,0.0,3.0,30.0,4.0,1.54,43.0,5.39,9.0,4.35,0.07,0.73,69.1,1.6730699999999998,1.63,1064.4489,220.97,1.61,2272.208,126.07,0.0,1941.0,76.4173359860676,2.224339982640017e-06
Fe2(V0.7W0.1Ti0.2)Al,Fe2.000,V0.778Ti0.222,W0.091Al0.909,350.0,0.4299999999999997,0.0,2.25333333333e-05,156.8584614,61.0,35.0,0.0,16.44087,6.0,0.546,4.0,1.6782500000000002,6.0,3.0,5.0023999999926e-06,14.0,17.0,6.0,2.25333333333e-05,1.0,22.0,6.0,1.61,51.0,5.091,7.0,4.545,0.7499999999999998,0.0899999999999998,70.998,1.61002,1.54,1184.76923,225.364,2.36,2129.276,124.731,0.0,3695.0,76.46704683815508,2.24272692773722e-06
Fe2V0.75Ti0.15W0.1Al,Fe2.000,V0.833Ti0.167,W0.091Al0.909,400.0,0.4299999999999997,0.0,2.25333333333e-05,156.8584614,61.0,35.0,0.0,16.44087,6.0,0.546,4.0,1.6782500000000002,6.0,3.0,3.7630666666611e-06,14.0,17.0,6.0,2.25333333333e-05,1.0,22.0,6.0,1.61,51.0,5.091,7.0,4.545,0.7499999999999998,0.0899999999999998,70.998,1.6149699999999998,1.54,1184.76923,225.364,2.36,2142.586,124.731,0.0,3695.0,17.055136449170735,8.279854163838607e-06
Fe2V0.75Ti0.15W0.1Al,Fe2.000,V0.833Ti0.167,W0.091Al0.909,450.0,0.4299999999999997,0.0,2.25333333333e-05,156.8584614,61.0,35.0,0.0,16.44087,6.0,0.546,4.0,1.6782500000000002,6.0,3.0,3.7630666666611e-06,14.0,17.0,6.0,2.25333333333e-05,1.0,22.0,6.0,1.61,51.0,5.091,7.0,4.545,0.7499999999999998,0.0899999999999998,70.998,1.6149699999999998,1.54,1184.76923,225.364,2.36,2142.586,124.731,0.0,3695.0,12.05415862988576,7.044223375983609e-06
Fe2V0.75Ti0.15W0.1Al,Fe2.000,V0.833Ti0.167,W0.091Al0.909,500.0,0.4299999999999997,0.0,2.25333333333e-05,156.8584614,61.0,35.0,0.0,16.44087,6.0,0.546,4.0,1.6782500000000002,6.0,3.0,3.7630666666611e-06,14.0,17.0,6.0,2.25333333333e-05,1.0,22.0,6.0,1.61,51.0,5.091,7.0,4.545,0.7499999999999998,0.0899999999999998,70.998,1.6149699999999998,1.54,1184.76923,225.364,2.36,2142.586,124.731,0.0,3695.0,8.145021356001369,6.111912349363948e-06
Fe2V0.75Ti0.15W0.1Al,Fe2.000,V0.833Ti0.167,W0.091Al0.909,550.0,0.4299999999999997,0.0,2.25333333333e-05,156.8584614,61.0,35.0,0.0,16.44087,6.0,0.546,4.0,1.6782500000000002,6.0,3.0,3.7630666666611e-06,14.0,17.0,6.0,2.25333333333e-05,1.0,22.0,6.0,1.61,51.0,5.091,7.0,4.545,0.7499999999999998,0.0899999999999998,70.998,1.6149699999999998,1.54,1184.76923,225.364,2.36,2142.586,124.731,0.0,3695.0,4.0666315554310515,5.4126101527054345e-06
Fe2V0.75Ti0.15W0.1Al,Fe2.000,V0.833Ti0.167,W0.091Al0.909,600.0,0.4299999999999997,0.0,2.25333333333e-05,156.8584614,61.0,35.0,0.0,16.44087,6.0,0.546,4.0,1.6782500000000002,6.0,3.0,3.7630666666611e-06,14.0,17.0,6.0,2.25333333333e-05,1.0,22.0,6.0,1.61,51.0,5.091,7.0,4.545,0.7499999999999998,0.0899999999999998,70.998,1.6149699999999998,1.54,1184.76923,225.364,2.36,2142.586,124.731,0.0,3695.0,0.05264761930579,4.881303624801211e-06
Fe2V0.75Ti0.15W0.1Al,Fe2.000,V0.833Ti0.167,W0.091Al0.909,650.0,0.4299999999999997,0.0,2.25333333333e-05,156.8584614,61.0,35.0,0.0,16.44087,6.0,0.546,4.0,1.6782500000000002,6.0,3.0,3.7630666666611e-06,14.0,17.0,6.0,2.25333333333e-05,1.0,22.0,6.0,1.61,51.0,5.091,7.0,4.545,0.7499999999999998,0.0899999999999998,70.998,1.6149699999999998,1.54,1184.76923,225.364,2.36,2142.586,124.731,0.0,3695.0,-2.9927908388443365,4.466666189184683e-06
Fe2V0.75Ti0.15W0.1Al,Fe2.000,V0.833Ti0.167,W0.091Al0.909,700.0,0.4299999999999997,0.0,2.25333333333e-05,156.8584614,61.0,35.0,0.0,16.44087,6.0,0.546,4.0,1.6782500000000002,6.0,3.0,3.7630666666611e-06,14.0,17.0,6.0,2.25333333333e-05,1.0,22.0,6.0,1.61,51.0,5.091,7.0,4.545,0.7499999999999998,0.0899999999999998,70.998,1.6149699999999998,1.54,1184.76923,225.364,2.36,2142.586,124.731,0.0,3695.0,-4.319333223887527,4.139446668802489e-06
Fe2V0.7Ti0.2W0.1Al,Fe2.000,V0.778Ti0.222,W0.091Al0.909,350.0,0.4299999999999997,0.0,2.25333333333e-05,156.8584614,61.0,35.0,0.0,16.44087,6.0,0.546,4.0,1.6782500000000002,6.0,3.0,5.0023999999926e-06,14.0,17.0,6.0,2.25333333333e-05,1.0,22.0,6.0,1.61,51.0,5.091,7.0,4.545,0.7499999999999998,0.0899999999999998,70.998,1.61002,1.54,1184.76923,225.364,2.36,2129.276,124.731,0.0,3695.0,81.4352692546246,7.57513980231268e-06
Fe2V0.7Ti0.2W0.1Al,Fe2.000,V0.778Ti0.222,W0.091Al0.909,400.0,0.4299999999999997,0.0,2.25333333333e-05,156.8584614,61.0,35.0,0.0,16.44087,6.0,0.546,4.0,1.6782500000000002,6.0,3.0,5.0023999999926e-06,14.0,17.0,6.0,2.25333333333e-05,1.0,22.0,6.0,1.61,51.0,5.091,7.0,4.545,0.7499999999999998,0.0899999999999998,70.998,1.61002,1.54,1184.76923,225.364,2.36,2129.276,124.731,0.0,3695.0,73.79536668558184,6.910582440962736e-06
Fe2V0.7Ti0.2W0.1Al,Fe2.000,V0.778Ti0.222,W0.091Al0.909,450.0,0.4299999999999997,0.0,2.25333333333e-05,156.8584614,61.0,35.0,0.0,16.44087,6.0,0.546,4.0,1.6782500000000002,6.0,3.0,5.0023999999926e-06,14.0,17.0,6.0,2.25333333333e-05,1.0,22.0,6.0,1.61,51.0,5.091,7.0,4.545,0.7499999999999998,0.0899999999999998,70.998,1.61002,1.54,1184.76923,225.364,2.36,2129.276,124.731,0.0,3695.0,60.58408025365856,6.278172687405225e-06
Fe2V0.7Ti0.2W0.1Al,Fe2.000,V0.778Ti0.222,W0.091Al0.909,500.0,0.4299999999999997,0.0,2.25333333333e-05,156.8584614,61.0,35.0,0.0,16.44087,6.0,0.546,4.0,1.6782500000000002,6.0,3.0,5.0023999999926e-06,14.0,17.0,6.0,2.25333333333e-05,1.0,22.0,6.0,1.61,51.0,5.091,7.0,4.545,0.7499999999999998,0.0899999999999998,70.998,1.61002,1.54,1184.76923,225.364,2.36,2129.276,124.731,0.0,3695.0,47.47324328709243,5.695959115779054e-06
Fe2V0.7Ti0.2W0.1Al,Fe2.000,V0.778Ti0.222,W0.091Al0.909,550.0,0.4299999999999997,0.0,2.25333333333e-05,156.8584614,61.0,35.0,0.0,16.44087,6.0,0.546,4.0,1.6782500000000002,6.0,3.0,5.0023999999926e-06,14.0,17.0,6.0,2.25333333333e-05,1.0,22.0,6.0,1.61,51.0,5.091,7.0,4.545,0.7499999999999998,0.0899999999999998,70.998,1.61002,1.54,1184.76923,225.364,2.36,2129.276,124.731,0.0,3695.0,36.41786965216968,5.176582588801175e-06
Fe2V0.7Ti0.2W0.1Al,Fe2.000,V0.778Ti0.222,W0.091Al0.909,600.0,0.4299999999999997,0.0,2.25333333333e-05,156.8584614,61.0,35.0,0.0,16.44087,6.0,0.546,4.0,1.6782500000000002,6.0,3.0,5.0023999999926e-06,14.0,17.0,6.0,2.25333333333e-05,1.0,22.0,6.0,1.61,51.0,5.091,7.0,4.545,0.7499999999999998,0.0899999999999998,70.998,1.61002,1.54,1184.76923,225.364,2.36,2129.276,124.731,0.0,3695.0,27.208223536931506,4.72976305555702e-06
Fe2V0.7Ti0.2W0.1Al,Fe2.000,V0.778Ti0.222,W0.091Al0.909,650.0,0.4299999999999997,0.0,2.25333333333e-05,156.8584614,61.0,35.0,0.0,16.44087,6.0,0.546,4.0,1.6782500000000002,6.0,3.0,5.0023999999926e-06,14.0,17.0,6.0,2.25333333333e-05,1.0,22.0,6.0,1.61,51.0,5.091,7.0,4.545,0.7499999999999998,0.0899999999999998,70.998,1.61002,1.54,1184.76923,225.364,2.36,2129.276,124.731,0.0,3695.0,19.0218892348994,4.364786349290924e-06
Fe2V0.7Ti0.2W0.1Al,Fe2.000,V0.778Ti0.222,W0.091Al0.909,700.0,0.4299999999999997,0.0,2.25333333333e-05,156.8584614,61.0,35.0,0.0,16.44087,6.0,0.546,4.0,1.6782500000000002,6.0,3.0,5.0023999999926e-06,14.0,17.0,6.0,2.25333333333e-05,1.0,22.0,6.0,1.61,51.0,5.091,7.0,4.545,0.7499999999999998,0.0899999999999998,70.998,1.61002,1.54,1184.76923,225.364,2.36,2129.276,124.731,0.0,3695.0,11.97584092877584,4.092990985196624e-06
Fe2V0.65Ti0.25W0.1Al,Fe2.000,V0.722Ti0.278,W0.091Al0.909,400.0,0.4299999999999997,0.0,2.25333333333e-05,156.8584614,61.0,35.0,0.0,16.44087,6.0,0.546,4.0,1.6782500000000002,6.0,3.0,6.264266666657401e-06,14.0,17.0,6.0,2.25333333333e-05,1.0,22.0,6.0,1.61,51.0,5.091,7.0,4.545,0.7499999999999998,0.0899999999999998,70.998,1.60498,1.54,1184.76923,225.364,2.36,2115.724,124.731,0.0,3695.0,92.46418714308771,4.690391858415761e-06
Fe2V0.65Ti0.25W0.1Al,Fe2.000,V0.722Ti0.278,W0.091Al0.909,450.0,0.4299999999999997,0.0,2.25333333333e-05,156.8584614,61.0,35.0,0.0,16.44087,6.0,0.546,4.0,1.6782500000000002,6.0,3.0,6.264266666657401e-06,14.0,17.0,6.0,2.25333333333e-05,1.0,22.0,6.0,1.61,51.0,5.091,7.0,4.545,0.7499999999999998,0.0899999999999998,70.998,1.60498,1.54,1184.76923,225.364,2.36,2115.724,124.731,0.0,3695.0,85.948871484016,4.665661628589317e-06
Fe2V0.65Ti0.25W0.1Al,Fe2.000,V0.722Ti0.278,W0.091Al0.909,500.0,0.4299999999999997,0.0,2.25333333333e-05,156.8584614,61.0,35.0,0.0,16.44087,6.0,0.546,4.0,1.6782500000000002,6.0,3.0,6.264266666657401e-06,14.0,17.0,6.0,2.25333333333e-05,1.0,22.0,6.0,1.61,51.0,5.091,7.0,4.545,0.7499999999999998,0.0899999999999998,70.998,1.60498,1.54,1184.76923,225.364,2.36,2115.724,124.731,0.0,3695.0,76.01442713808997,4.594409448939032e-06
Fe2V0.65Ti0.25W0.1Al,Fe2.000,V0.722Ti0.278,W0.091Al0.909,550.0,0.4299999999999997,0.0,2.25333333333e-05,156.8584614,61.0,35.0,0.0,16.44087,6.0,0.546,4.0,1.6782500000000002,6.0,3.0,6.264266666657401e-06,14.0,17.0,6.0,2.25333333333e-05,1.0,22.0,6.0,1.61,51.0,5.091,7.0,4.545,0.7499999999999998,0.0899999999999998,70.998,1.60498,1.54,1184.76923,225.364,2.36,2115.724,124.731,0.0,3695.0,63.87241478957164,4.454139282451949e-06
Fe2V0.65Ti0.25W0.1Al,Fe2.000,V0.722Ti0.278,W0.091Al0.909,600.0,0.4299999999999997,0.0,2.25333333333e-05,156.8584614,61.0,35.0,0.0,16.44087,6.0,0.546,4.0,1.6782500000000002,6.0,3.0,6.264266666657401e-06,14.0,17.0,6.0,2.25333333333e-05,1.0,22.0,6.0,1.61,51.0,5.091,7.0,4.545,0.7499999999999998,0.0899999999999998,70.998,1.60498,1.54,1184.76923,225.364,2.36,2115.724,124.731,0.0,3695.0,50.99677161528058,4.235339315135747e-06
Fe2V0.65Ti0.25W0.1Al,Fe2.000,V0.722Ti0.278,W0.091Al0.909,650.0,0.4299999999999997,0.0,2.25333333333e-05,156.8584614,61.0,35.0,0.0,16.44087,6.0,0.546,4.0,1.6782500000000002,6.0,3.0,6.264266666657401e-06,14.0,17.0,6.0,2.25333333333e-05,1.0,22.0,6.0,1.61,51.0,5.091,7.0,4.545,0.7499999999999998,0.0899999999999998,70.998,1.60498,1.54,1184.76923,225.364,2.36,2115.724,124.731,0.0,3695.0,38.82865759027889,3.965363093126327e-06
Fe2V0.65Ti0.25W0.1Al,Fe2.000,V0.722Ti0.278,W0.091Al0.909,700.0,0.4299999999999997,0.0,2.25333333333e-05,156.8584614,61.0,35.0,0.0,16.44087,6.0,0.546,4.0,1.6782500000000002,6.0,3.0,6.264266666657401e-06,14.0,17.0,6.0,2.25333333333e-05,1.0,22.0,6.0,1.61,51.0,5.091,7.0,4.545,0.7499999999999998,0.0899999999999998,70.998,1.60498,1.54,1184.76923,225.364,2.36,2115.724,124.731,0.0,3695.0,28.481301793559936,3.73231065979632e-06
Fe2V0.6Ti0.3W0.1Al,Fe2.000,V0.667Ti0.333,W0.091Al0.909,350.0,0.4299999999999997,0.0,2.25333333333e-05,156.8584614,61.0,35.0,0.0,16.44087,6.0,0.546,4.0,1.6782500000000002,6.0,3.0,7.503599999988901e-06,14.0,17.0,6.0,2.25333333333e-05,1.0,22.0,6.0,1.61,51.0,5.091,7.0,4.545,0.7499999999999998,0.0899999999999998,70.998,1.60003,1.54,1184.76923,225.364,2.36,2102.414,124.731,0.0,3695.0,80.85503387477007,3.2159656755047e-06
Fe2V0.6Ti0.3W0.1Al,Fe2.000,V0.667Ti0.333,W0.091Al0.909,400.0,0.4299999999999997,0.0,2.25333333333e-05,156.8584614,61.0,35.0,0.0,16.44087,6.0,0.546,4.0,1.6782500000000002,6.0,3.0,7.503599999988901e-06,14.0,17.0,6.0,2.25333333333e-05,1.0,22.0,6.0,1.61,51.0,5.091,7.0,4.545,0.7499999999999998,0.0899999999999998,70.998,1.60003,1.54,1184.76923,225.364,2.36,2102.414,124.731,0.0,3695.0,88.10036983327883,3.428089790843323e-06
Fe2V0.6Ti0.3W0.1Al,Fe2.000,V0.667Ti0.333,W0.091Al0.909,450.0,0.4299999999999997,0.0,2.25333333333e-05,156.8584614,61.0,35.0,0.0,16.44087,6.0,0.546,4.0,1.6782500000000002,6.0,3.0,7.503599999988901e-06,14.0,17.0,6.0,2.25333333333e-05,1.0,22.0,6.0,1.61,51.0,5.091,7.0,4.545,0.7499999999999998,0.0899999999999998,70.998,1.60003,1.54,1184.76923,225.364,2.36,2102.414,124.731,0.0,3695.0,87.03659604454269,3.616633153040848e-06
Fe2V0.6Ti0.3W0.1Al,Fe2.000,V0.667Ti0.333,W0.091Al0.909,500.0,0.4299999999999997,0.0,2.25333333333e-05,156.8584614,61.0,35.0,0.0,16.44087,6.0,0.546,4.0,1.6782500000000002,6.0,3.0,7.503599999988901e-06,14.0,17.0,6.0,2.25333333333e-05,1.0,22.0,6.0,1.61,51.0,5.091,7.0,4.545,0.7499999999999998,0.0899999999999998,70.998,1.60003,1.54,1184.76923,225.364,2.36,2102.414,124.731,0.0,3695.0,83.166220169688,3.7664323143850546e-06
Fe2V0.6Ti0.3W0.1Al,Fe2.000,V0.667Ti0.333,W0.091Al0.909,550.0,0.4299999999999997,0.0,2.25333333333e-05,156.8584614,61.0,35.0,0.0,16.44087,6.0,0.546,4.0,1.6782500000000002,6.0,3.0,7.503599999988901e-06,14.0,17.0,6.0,2.25333333333e-05,1.0,22.0,6.0,1.61,51.0,5.091,7.0,4.545,0.7499999999999998,0.0899999999999998,70.998,1.60003,1.54,1184.76923,225.364,2.36,2102.414,124.731,0.0,3695.0,77.43125901781998,3.84858958992083e-06
Fe2V0.6Ti0.3W0.1Al,Fe2.000,V0.667Ti0.333,W0.091Al0.909,600.0,0.4299999999999997,0.0,2.25333333333e-05,156.8584614,61.0,35.0,0.0,16.44087,6.0,0.546,4.0,1.6782500000000002,6.0,3.0,7.503599999988901e-06,14.0,17.0,6.0,2.25333333333e-05,1.0,22.0,6.0,1.61,51.0,5.091,7.0,4.545,0.7499999999999998,0.0899999999999998,70.998,1.60003,1.54,1184.76923,225.364,2.36,2102.414,124.731,0.0,3695.0,68.76829600009626,3.843401424655874e-06
Fe2V0.6Ti0.3W0.1Al,Fe2.000,V0.667Ti0.333,W0.091Al0.909,650.0,0.4299999999999997,0.0,2.25333333333e-05,156.8584614,61.0,35.0,0.0,16.44087,6.0,0.546,4.0,1.6782500000000002,6.0,3.0,7.503599999988901e-06,14.0,17.0,6.0,2.25333333333e-05,1.0,22.0,6.0,1.61,51.0,5.091,7.0,4.545,0.7499999999999998,0.0899999999999998,70.998,1.60003,1.54,1184.76923,225.364,2.36,2102.414,124.731,0.0,3695.0,56.66353858386867,3.763286760766365e-06
Fe2V0.6Ti0.3W0.1Al,Fe2.000,V0.667Ti0.333,W0.091Al0.909,700.0,0.4299999999999997,0.0,2.25333333333e-05,156.8584614,61.0,35.0,0.0,16.44087,6.0,0.546,4.0,1.6782500000000002,6.0,3.0,7.503599999988901e-06,14.0,17.0,6.0,2.25333333333e-05,1.0,22.0,6.0,1.61,51.0,5.091,7.0,4.545,0.7499999999999998,0.0899999999999998,70.998,1.60003,1.54,1184.76923,225.364,2.36,2102.414,124.731,0.0,3695.0,43.70787574674686,3.675715404802521e-06
Fe2V0.9Ti0.1Al,Fe2.000,V1.000,Ti0.091Al0.909,350.0,0.2100000000000008,0.0,0.0,20.885461399999997,9.0,0.0,2.25333333333e-05,16.49911,8.0,0.728,31.0,1.60363,8.0,1.0,0.0,0.0,1.0,8.0,0.0,3.0,30.0,4.0,1.54,43.0,5.273,9.0,4.545,0.07,0.0,70.27,1.63,1.63,1025.15523,222.179,1.61,2183.0,124.549,0.0,1941.0,85.75875859367466,3.279092477243589e-06
Fe2V0.9Ti0.1Al,Fe2.000,V1.000,Ti0.091Al0.909,400.0,0.2100000000000008,0.0,0.0,20.885461399999997,9.0,0.0,2.25333333333e-05,16.49911,8.0,0.728,31.0,1.60363,8.0,1.0,0.0,0.0,1.0,8.0,0.0,3.0,30.0,4.0,1.54,43.0,5.273,9.0,4.545,0.07,0.0,70.27,1.63,1.63,1025.15523,222.179,1.61,2183.0,124.549,0.0,1941.0,87.06623324936947,3.458200051174043e-06
Fe2V0.9Ti0.1Al,Fe2.000,V1.000,Ti0.091Al0.909,450.0,0.2100000000000008,0.0,0.0,20.885461399999997,9.0,0.0,2.25333333333e-05,16.49911,8.0,0.728,31.0,1.60363,8.0,1.0,0.0,0.0,1.0,8.0,0.0,3.0,30.0,4.0,1.54,43.0,5.273,9.0,4.545,0.07,0.0,70.27,1.63,1.63,1025.15523,222.179,1.61,2183.0,124.549,0.0,1941.0,82.83171902891432,3.6311741551563415e-06
Fe2V0.9Ti0.1Al,Fe2.000,V1.000,Ti0.091Al0.909,500.0,0.2100000000000008,0.0,0.0,20.885461399999997,9.0,0.0,2.25333333333e-05,16.49911,8.0,0.728,31.0,1.60363,8.0,1.0,0.0,0.0,1.0,8.0,0.0,3.0,30.0,4.0,1.54,43.0,5.273,9.0,4.545,0.07,0.0,70.27,1.63,1.63,1025.15523,222.179,1.61,2183.0,124.549,0.0,1941.0,75.83192056701037,3.750202757378566e-06
Fe2V0.9Ti0.1Al,Fe2.000,V1.000,Ti0.091Al0.909,550.0,0.2100000000000008,0.0,0.0,20.885461399999997,9.0,0.0,2.25333333333e-05,16.49911,8.0,0.728,31.0,1.60363,8.0,1.0,0.0,0.0,1.0,8.0,0.0,3.0,30.0,4.0,1.54,43.0,5.273,9.0,4.545,0.07,0.0,70.27,1.63,1.63,1025.15523,222.179,1.61,2183.0,124.549,0.0,1941.0,67.10292300943611,3.795941320916114e-06
Fe2V0.9Ti0.1Al,Fe2.000,V1.000,Ti0.091Al0.909,600.0,0.2100000000000008,0.0,0.0,20.885461399999997,9.0,0.0,2.25333333333e-05,16.49911,8.0,0.728,31.0,1.60363,8.0,1.0,0.0,0.0,1.0,8.0,0.0,3.0,30.0,4.0,1.54,43.0,5.273,9.0,4.545,0.07,0.0,70.27,1.63,1.63,1025.15523,222.179,1.61,2183.0,124.549,0.0,1941.0,56.841204403611194,3.7734696861439743e-06
Fe2V0.9Ti0.1Al,Fe2.000,V1.000,Ti0.091Al0.909,650.0,0.2100000000000008,0.0,0.0,20.885461399999997,9.0,0.0,2.25333333333e-05,16.49911,8.0,0.728,31.0,1.60363,8.0,1.0,0.0,0.0,1.0,8.0,0.0,3.0,30.0,4.0,1.54,43.0,5.273,9.0,4.545,0.07,0.0,70.27,1.63,1.63,1025.15523,222.179,1.61,2183.0,124.549,0.0,1941.0,45.304648089171,3.708248953148853e-06
Fe2V0.9Ti0.1Al,Fe2.000,V1.000,Ti0.091Al0.909,700.0,0.2100000000000008,0.0,0.0,20.885461399999997,9.0,0.0,2.25333333333e-05,16.49911,8.0,0.728,31.0,1.60363,8.0,1.0,0.0,0.0,1.0,8.0,0.0,3.0,30.0,4.0,1.54,43.0,5.273,9.0,4.545,0.07,0.0,70.27,1.63,1.63,1025.15523,222.179,1.61,2183.0,124.549,0.0,1941.0,33.71355508854337,3.642078364141456e-06
Fe2VAl,Fe2.000,V1.000,Al1.000,350.0,0.0,0.0,0.0,0.0,0.0,0.0,0.0,16.48,0.0,0.0,0.0,1.61,0.0,0.0,0.0,0.0,0.0,5.0,0.0,0.0,0.0,13.0,1.61,73.0,5.0,0.0,5.0,0.0,0.0,73.0,1.63,1.63,933.47,225.0,1.61,2183.0,121.0,0.0,933.47,-24.53596436049549,9.46683339960068e-06
Fe2VAl,Fe2.000,V1.000,Al1.000,400.0,0.0,0.0,0.0,0.0,0.0,0.0,0.0,16.48,0.0,0.0,0.0,1.61,0.0,0.0,0.0,0.0,0.0,5.0,0.0,0.0,0.0,13.0,1.61,73.0,5.0,0.0,5.0,0.0,0.0,73.0,1.63,1.63,933.47,225.0,1.61,2183.0,121.0,0.0,933.47,-21.791443702840645,7.668494700939523e-06
Fe2VAl,Fe2.000,V1.000,Al1.000,450.0,0.0,0.0,0.0,0.0,0.0,0.0,0.0,16.48,0.0,0.0,0.0,1.61,0.0,0.0,0.0,0.0,0.0,5.0,0.0,0.0,0.0,13.0,1.61,73.0,5.0,0.0,5.0,0.0,0.0,73.0,1.63,1.63,933.47,225.0,1.61,2183.0,121.0,0.0,933.47,-17.720194922117496,6.393029379578304e-06
Fe2VAl,Fe2.000,V1.000,Al1.000,500.0,0.0,0.0,0.0,0.0,0.0,0.0,0.0,16.48,0.0,0.0,0.0,1.61,0.0,0.0,0.0,0.0,0.0,5.0,0.0,0.0,0.0,13.0,1.61,73.0,5.0,0.0,5.0,0.0,0.0,73.0,1.63,1.63,933.47,225.0,1.61,2183.0,121.0,0.0,933.47,-14.072401622170698,5.4898821464749415e-06
Fe2VAl,Fe2.000,V1.000,Al1.000,550.0,0.0,0.0,0.0,0.0,0.0,0.0,0.0,16.48,0.0,0.0,0.0,1.61,0.0,0.0,0.0,0.0,0.0,5.0,0.0,0.0,0.0,13.0,1.61,73.0,5.0,0.0,5.0,0.0,0.0,73.0,1.63,1.63,933.47,225.0,1.61,2183.0,121.0,0.0,933.47,-11.665924280868644,4.848988577975169e-06
Fe2VAl,Fe2.000,V1.000,Al1.000,600.0,0.0,0.0,0.0,0.0,0.0,0.0,0.0,16.48,0.0,0.0,0.0,1.61,0.0,0.0,0.0,0.0,0.0,5.0,0.0,0.0,0.0,13.0,1.61,73.0,5.0,0.0,5.0,0.0,0.0,73.0,1.63,1.63,933.47,225.0,1.61,2183.0,121.0,0.0,933.47,-10.57517956846223,4.392841029729063e-06
Fe2VAl,Fe2.000,V1.000,Al1.000,650.0,0.0,0.0,0.0,0.0,0.0,0.0,0.0,16.48,0.0,0.0,0.0,1.61,0.0,0.0,0.0,0.0,0.0,5.0,0.0,0.0,0.0,13.0,1.61,73.0,5.0,0.0,5.0,0.0,0.0,73.0,1.63,1.63,933.47,225.0,1.61,2183.0,121.0,0.0,933.47,-10.320019665953948,4.068554550607626e-06
Fe2VAl,Fe2.000,V1.000,Al1.000,700.0,0.0,0.0,0.0,0.0,0.0,0.0,0.0,16.48,0.0,0.0,0.0,1.61,0.0,0.0,0.0,0.0,0.0,5.0,0.0,0.0,0.0,13.0,1.61,73.0,5.0,0.0,5.0,0.0,0.0,73.0,1.63,1.63,933.47,225.0,1.61,2183.0,121.0,0.0,933.47,-10.054611583450017,3.839932796619123e-06
Fe1.98(V0.97Ta0.05)Al,Fe2.000,V1.000,Ta0.048Al0.952,150.0,1.6400000000000006,0.0,0.0,153.9663414,60.0,0.0,0.0,16.55872,7.0,0.336,4.0,1.60472,7.0,3.0,0.0,14.0,16.0,7.0,0.0,2.0,25.0,5.0,1.5,48.0,5.096,8.0,4.76,0.1100000000000001,0.0,71.8,1.63,1.63,1046.58344,225.192,1.61,2183.0,123.352,0.0,3290.0,-109.4304387641,1.7666682043219682e-05
Fe1.98(V0.97Ta0.05)Al,Fe2.000,V1.000,Ta0.048Al0.952,200.0,1.6400000000000006,0.0,0.0,153.9663414,60.0,0.0,0.0,16.55872,7.0,0.336,4.0,1.60472,7.0,3.0,0.0,14.0,16.0,7.0,0.0,2.0,25.0,5.0,1.5,48.0,5.096,8.0,4.76,0.1100000000000001,0.0,71.8,1.63,1.63,1046.58344,225.192,1.61,2183.0,123.352,0.0,3290.0,-144.6365249339,1.6881550683759887e-05
Fe1.98(V0.97Ta0.05)Al,Fe2.000,V1.000,Ta0.048Al0.952,250.0,1.6400000000000006,0.0,0.0,153.9663414,60.0,0.0,0.0,16.55872,7.0,0.336,4.0,1.60472,7.0,3.0,0.0,14.0,16.0,7.0,0.0,2.0,25.0,5.0,1.5,48.0,5.096,8.0,4.76,0.1100000000000001,0.0,71.8,1.63,1.63,1046.58344,225.192,1.61,2183.0,123.352,0.0,3290.0,-151.912782063,1.527771708782106e-05
Fe1.98(V0.97Ta0.05)Al,Fe2.000,V1.000,Ta0.048Al0.952,300.0,1.6400000000000006,0.0,0.0,153.9663414,60.0,0.0,0.0,16.55872,7.0,0.336,4.0,1.60472,7.0,3.0,0.0,14.0,16.0,7.0,0.0,2.0,25.0,5.0,1.5,48.0,5.096,8.0,4.76,0.1100000000000001,0.0,71.8,1.63,1.63,1046.58344,225.192,1.61,2183.0,123.352,0.0,3290.0,-137.034711502,1.3105692695486016e-05
Fe1.98(V0.97Ta0.05)Al,Fe2.000,V1.000,Ta0.048Al0.952,350.0,1.6400000000000006,0.0,0.0,153.9663414,60.0,0.0,0.0,16.55872,7.0,0.336,4.0,1.60472,7.0,3.0,0.0,14.0,16.0,7.0,0.0,2.0,25.0,5.0,1.5,48.0,5.096,8.0,4.76,0.1100000000000001,0.0,71.8,1.63,1.63,1046.58344,225.192,1.61,2183.0,123.352,0.0,3290.0,-116.920530885,1.083370170119834e-05
Fe1.98(V0.97Ta0.05)(Al0.97Si0.03),Fe2.000,V1.000,Ta0.048Al0.924Si0.029,150.0,3.960000000000001,0.773,0.0,153.9663414,60.0,0.0,0.0,16.67336663336663,7.0,0.3356643356643356,4.0,1.613126873126873,7.0,3.0,0.0,14.0,16.0,7.0,0.0,3.0,30.0,5.0,1.5,48.0,5.066933066933067,9.0,4.731268731268731,0.3999999999999999,0.0,71.94605394605394,1.63,1.63,1068.300979020979,225.2497502497502,1.9,2183.0,123.05994005994005,0.0223946053946053,3290.0,-125.9618598213,7.259299911645334e-06
Fe1.98(V0.97Ta0.05)(Al0.97Si0.03),Fe2.000,V1.000,Ta0.048Al0.924Si0.029,200.0,3.960000000000001,0.773,0.0,153.9663414,60.0,0.0,0.0,16.67336663336663,7.0,0.3356643356643356,4.0,1.613126873126873,7.0,3.0,0.0,14.0,16.0,7.0,0.0,3.0,30.0,5.0,1.5,48.0,5.066933066933067,9.0,4.731268731268731,0.3999999999999999,0.0,71.94605394605394,1.63,1.63,1068.300979020979,225.2497502497502,1.9,2183.0,123.05994005994005,0.0223946053946053,3290.0,-152.7573506011,7.476683744666427e-06
Fe1.98(V0.97Ta0.05)(Al0.97Si0.03),Fe2.000,V1.000,Ta0.048Al0.924Si0.029,250.0,3.960000000000001,0.773,0.0,153.9663414,60.0,0.0,0.0,16.67336663336663,7.0,0.3356643356643356,4.0,1.613126873126873,7.0,3.0,0.0,14.0,16.0,7.0,0.0,3.0,30.0,5.0,1.5,48.0,5.066933066933067,9.0,4.731268731268731,0.3999999999999999,0.0,71.94605394605394,1.63,1.63,1068.300979020979,225.2497502497502,1.9,2183.0,123.05994005994005,0.0223946053946053,3290.0,-169.3231945766,7.5527059715921e-06
Fe1.98(V0.97Ta0.05)(Al0.97Si0.03),Fe2.000,V1.000,Ta0.048Al0.924Si0.029,300.0,3.960000000000001,0.773,0.0,153.9663414,60.0,0.0,0.0,16.67336663336663,7.0,0.3356643356643356,4.0,1.613126873126873,7.0,3.0,0.0,14.0,16.0,7.0,0.0,3.0,30.0,5.0,1.5,48.0,5.066933066933067,9.0,4.731268731268731,0.3999999999999999,0.0,71.94605394605394,1.63,1.63,1068.300979020979,225.2497502497502,1.9,2183.0,123.05994005994005,0.0223946053946053,3290.0,-171.98672403319998,7.463299331963101e-06
Fe1.98(V0.97Ta0.05)(Al0.97Si0.03),Fe2.000,V1.000,Ta0.048Al0.924Si0.029,350.0,3.960000000000001,0.773,0.0,153.9663414,60.0,0.0,0.0,16.67336663336663,7.0,0.3356643356643356,4.0,1.613126873126873,7.0,3.0,0.0,14.0,16.0,7.0,0.0,3.0,30.0,5.0,1.5,48.0,5.066933066933067,9.0,4.731268731268731,0.3999999999999999,0.0,71.94605394605394,1.63,1.63,1068.300979020979,225.2497502497502,1.9,2183.0,123.05994005994005,0.0223946053946053,3290.0,-160.1881861582,7.218729946068954e-06
Fe1.98(V0.97Ta0.05)(Al0.95Si0.05),Fe2.000,V1.000,Ta0.048Al0.905Si0.048,150.0,3.960000000000001,0.773,0.0,153.9663414,60.0,0.0,0.0,16.748531468531468,7.0,0.3356643356643356,4.0,1.6186313686313687,7.0,3.0,0.0,14.0,16.0,7.0,0.0,3.0,30.0,5.0,1.5,48.0,5.047952047952048,9.0,4.712287712287712,0.3999999999999999,0.0,72.04095904095904,1.63,1.63,1082.603746253746,225.28771228771225,1.9,2183.0,122.87012987012989,0.037066933066933,3290.0,-113.0210725888,4.870731672545164e-06
Fe1.98(V0.97Ta0.05)(Al0.95Si0.05),Fe2.000,V1.000,Ta0.048Al0.905Si0.048,200.0,3.960000000000001,0.773,0.0,153.9663414,60.0,0.0,0.0,16.748531468531468,7.0,0.3356643356643356,4.0,1.6186313686313687,7.0,3.0,0.0,14.0,16.0,7.0,0.0,3.0,30.0,5.0,1.5,48.0,5.047952047952048,9.0,4.712287712287712,0.3999999999999999,0.0,72.04095904095904,1.63,1.63,1082.603746253746,225.28771228771225,1.9,2183.0,122.87012987012989,0.037066933066933,3290.0,-147.2231100448,5.339336519523394e-06
Fe1.98(V0.97Ta0.05)(Al0.95Si0.05),Fe2.000,V1.000,Ta0.048Al0.905Si0.048,250.0,3.960000000000001,0.773,0.0,153.9663414,60.0,0.0,0.0,16.748531468531468,7.0,0.3356643356643356,4.0,1.6186313686313687,7.0,3.0,0.0,14.0,16.0,7.0,0.0,3.0,30.0,5.0,1.5,48.0,5.047952047952048,9.0,4.712287712287712,0.3999999999999999,0.0,72.04095904095904,1.63,1.63,1082.603746253746,225.28771228771225,1.9,2183.0,122.87012987012989,0.037066933066933,3290.0,-168.33017892759997,5.6915386733238135e-06
Fe1.98(V0.97Ta0.05)(Al0.95Si0.05),Fe2.000,V1.000,Ta0.048Al0.905Si0.048,300.0,3.960000000000001,0.773,0.0,153.9663414,60.0,0.0,0.0,16.748531468531468,7.0,0.3356643356643356,4.0,1.6186313686313687,7.0,3.0,0.0,14.0,16.0,7.0,0.0,3.0,30.0,5.0,1.5,48.0,5.047952047952048,9.0,4.712287712287712,0.3999999999999999,0.0,72.04095904095904,1.63,1.63,1082.603746253746,225.28771228771225,1.9,2183.0,122.87012987012989,0.037066933066933,3290.0,-173.2204765647,5.959723931122497e-06
Fe1.98(V0.97Ta0.05)(Al0.95Si0.05),Fe2.000,V1.000,Ta0.048Al0.905Si0.048,350.0,3.960000000000001,0.773,0.0,153.9663414,60.0,0.0,0.0,16.748531468531468,7.0,0.3356643356643356,4.0,1.6186313686313687,7.0,3.0,0.0,14.0,16.0,7.0,0.0,3.0,30.0,5.0,1.5,48.0,5.047952047952048,9.0,4.712287712287712,0.3999999999999999,0.0,72.04095904095904,1.63,1.63,1082.603746253746,225.28771228771225,1.9,2183.0,122.87012987012989,0.037066933066933,3290.0,-166.42509434689998,6.2112928555812215e-06
Fe1.98(V0.97Ta0.05)(Al0.9Si0.1),Fe2.000,V1.000,Ta0.048Al0.857Si0.095,150.0,3.960000000000001,0.773,0.0,153.9663414,60.0,0.0,0.0,16.934919999999998,7.0,0.336,4.0,1.63227,7.0,3.0,0.0,14.0,16.0,7.0,0.0,3.0,30.0,5.0,1.5,48.0,5.001,9.0,4.665,0.3999999999999999,0.0,72.27499999999999,1.63,1.63,1118.1687900000002,225.382,1.9,2183.0,122.402,0.073435,3290.0,-86.6960266416195,2.13300181773177e-06
Fe1.98(V0.97Ta0.05)(Al0.9Si0.1),Fe2.000,V1.000,Ta0.048Al0.857Si0.095,200.0,3.960000000000001,0.773,0.0,153.9663414,60.0,0.0,0.0,16.934919999999998,7.0,0.336,4.0,1.63227,7.0,3.0,0.0,14.0,16.0,7.0,0.0,3.0,30.0,5.0,1.5,48.0,5.001,9.0,4.665,0.3999999999999999,0.0,72.27499999999999,1.63,1.63,1118.1687900000002,225.382,1.9,2183.0,122.402,0.073435,3290.0,-107.6314757116,2.6102011070518697e-06
Fe1.98(V0.97Ta0.05)(Al0.9Si0.1),Fe2.000,V1.000,Ta0.048Al0.857Si0.095,250.0,3.960000000000001,0.773,0.0,153.9663414,60.0,0.0,0.0,16.934919999999998,7.0,0.336,4.0,1.63227,7.0,3.0,0.0,14.0,16.0,7.0,0.0,3.0,30.0,5.0,1.5,48.0,5.001,9.0,4.665,0.3999999999999999,0.0,72.27499999999999,1.63,1.63,1118.1687900000002,225.382,1.9,2183.0,122.402,0.073435,3290.0,-125.2161003492,3.053939282060919e-06
Fe1.98(V0.97Ta0.05)(Al0.9Si0.1),Fe2.000,V1.000,Ta0.048Al0.857Si0.095,300.0,3.960000000000001,0.773,0.0,153.9663414,60.0,0.0,0.0,16.934919999999998,7.0,0.336,4.0,1.63227,7.0,3.0,0.0,14.0,16.0,7.0,0.0,3.0,30.0,5.0,1.5,48.0,5.001,9.0,4.665,0.3999999999999999,0.0,72.27499999999999,1.63,1.63,1118.1687900000002,225.382,1.9,2183.0,122.402,0.073435,3290.0,-139.03538052789995,3.4922623886586036e-06
Fe1.98(V0.97Ta0.05)(Al0.9Si0.1),Fe2.000,V1.000,Ta0.048Al0.857Si0.095,350.0,3.960000000000001,0.773,0.0,153.9663414,60.0,0.0,0.0,16.934919999999998,7.0,0.336,4.0,1.63227,7.0,3.0,0.0,14.0,16.0,7.0,0.0,3.0,30.0,5.0,1.5,48.0,5.001,9.0,4.665,0.3999999999999999,0.0,72.27499999999999,1.63,1.63,1118.1687900000002,225.382,1.9,2183.0,122.402,0.073435,3290.0,-148.2838750729,3.943065520694599e-06
Fe1.95(V1.00Ta0.05)Al,Fe2.000,V1.000,Ta0.048Al0.952,150.0,1.6400000000000006,0.0,0.0,153.9663414,60.0,0.0,0.0,16.55872,7.0,0.336,4.0,1.60472,7.0,3.0,0.0,14.0,16.0,7.0,0.0,2.0,25.0,5.0,1.5,48.0,5.096,8.0,4.76,0.1100000000000001,0.0,71.8,1.63,1.63,1046.58344,225.192,1.61,2183.0,123.352,0.0,3290.0,-116.0816501776,3.558681892536467e-05
Fe1.95(V1.00Ta0.05)Al,Fe2.000,V1.000,Ta0.048Al0.952,200.0,1.6400000000000006,0.0,0.0,153.9663414,60.0,0.0,0.0,16.55872,7.0,0.336,4.0,1.60472,7.0,3.0,0.0,14.0,16.0,7.0,0.0,2.0,25.0,5.0,1.5,48.0,5.096,8.0,4.76,0.1100000000000001,0.0,71.8,1.63,1.63,1046.58344,225.192,1.61,2183.0,123.352,0.0,3290.0,-142.40517294920002,2.7186085961198792e-05
Fe1.95(V1.00Ta0.05)Al,Fe2.000,V1.000,Ta0.048Al0.952,250.0,1.6400000000000006,0.0,0.0,153.9663414,60.0,0.0,0.0,16.55872,7.0,0.336,4.0,1.60472,7.0,3.0,0.0,14.0,16.0,7.0,0.0,2.0,25.0,5.0,1.5,48.0,5.096,8.0,4.76,0.1100000000000001,0.0,71.8,1.63,1.63,1046.58344,225.192,1.61,2183.0,123.352,0.0,3290.0,-149.6273183856,2.092506546807369e-05
Fe1.95(V1.00Ta0.05)Al,Fe2.000,V1.000,Ta0.048Al0.952,300.0,1.6400000000000006,0.0,0.0,153.9663414,60.0,0.0,0.0,16.55872,7.0,0.336,4.0,1.60472,7.0,3.0,0.0,14.0,16.0,7.0,0.0,2.0,25.0,5.0,1.5,48.0,5.096,8.0,4.76,0.1100000000000001,0.0,71.8,1.63,1.63,1046.58344,225.192,1.61,2183.0,123.352,0.0,3290.0,-142.1025657053,1.653811129385734e-05
Fe1.95(V1.00Ta0.05)Al,Fe2.000,V1.000,Ta0.048Al0.952,350.0,1.6400000000000006,0.0,0.0,153.9663414,60.0,0.0,0.0,16.55872,7.0,0.336,4.0,1.60472,7.0,3.0,0.0,14.0,16.0,7.0,0.0,2.0,25.0,5.0,1.5,48.0,5.096,8.0,4.76,0.1100000000000001,0.0,71.8,1.63,1.63,1046.58344,225.192,1.61,2183.0,123.352,0.0,3290.0,-127.9135330697,1.3452805067084536e-05
Fe 1.95(V1.00Ta0.05)(Al0.97Si0.03),Fe2.000,V1.000,Ta0.048Al0.924Si0.029,150.0,3.960000000000001,0.773,0.0,153.9663414,60.0,0.0,0.0,16.67336663336663,7.0,0.3356643356643356,4.0,1.613126873126873,7.0,3.0,0.0,14.0,16.0,7.0,0.0,3.0,30.0,5.0,1.5,48.0,5.066933066933067,9.0,4.731268731268731,0.3999999999999999,0.0,71.94605394605394,1.63,1.63,1068.300979020979,225.2497502497502,1.9,2183.0,123.05994005994005,0.0223946053946053,3290.0,-155.13540527790002,1.2985656353677028e-05
Fe 1.95(V1.00Ta0.05)(Al0.97Si0.03),Fe2.000,V1.000,Ta0.048Al0.924Si0.029,200.0,3.960000000000001,0.773,0.0,153.9663414,60.0,0.0,0.0,16.67336663336663,7.0,0.3356643356643356,4.0,1.613126873126873,7.0,3.0,0.0,14.0,16.0,7.0,0.0,3.0,30.0,5.0,1.5,48.0,5.066933066933067,9.0,4.731268731268731,0.3999999999999999,0.0,71.94605394605394,1.63,1.63,1068.300979020979,225.2497502497502,1.9,2183.0,123.05994005994005,0.0223946053946053,3290.0,-184.9557233607,1.1537320205232094e-05
Fe 1.95(V1.00Ta0.05)(Al0.97Si0.03),Fe2.000,V1.000,Ta0.048Al0.924Si0.029,250.0,3.960000000000001,0.773,0.0,153.9663414,60.0,0.0,0.0,16.67336663336663,7.0,0.3356643356643356,4.0,1.613126873126873,7.0,3.0,0.0,14.0,16.0,7.0,0.0,3.0,30.0,5.0,1.5,48.0,5.066933066933067,9.0,4.731268731268731,0.3999999999999999,0.0,71.94605394605394,1.63,1.63,1068.300979020979,225.2497502497502,1.9,2183.0,123.05994005994005,0.0223946053946053,3290.0,-195.0789126573,1.0312812942285682e-05
Fe 1.95(V1.00Ta0.05)(Al0.97Si0.03),Fe2.000,V1.000,Ta0.048Al0.924Si0.029,300.0,3.960000000000001,0.773,0.0,153.9663414,60.0,0.0,0.0,16.67336663336663,7.0,0.3356643356643356,4.0,1.613126873126873,7.0,3.0,0.0,14.0,16.0,7.0,0.0,3.0,30.0,5.0,1.5,48.0,5.066933066933067,9.0,4.731268731268731,0.3999999999999999,0.0,71.94605394605394,1.63,1.63,1068.300979020979,225.2497502497502,1.9,2183.0,123.05994005994005,0.0223946053946053,3290.0,-190.6597604335,9.379409697274408e-06
Fe 1.95(V1.00Ta0.05)(Al0.97Si0.03),Fe2.000,V1.000,Ta0.048Al0.924Si0.029,350.0,3.960000000000001,0.773,0.0,153.9663414,60.0,0.0,0.0,16.67336663336663,7.0,0.3356643356643356,4.0,1.613126873126873,7.0,3.0,0.0,14.0,16.0,7.0,0.0,3.0,30.0,5.0,1.5,48.0,5.066933066933067,9.0,4.731268731268731,0.3999999999999999,0.0,71.94605394605394,1.63,1.63,1068.300979020979,225.2497502497502,1.9,2183.0,123.05994005994005,0.0223946053946053,3290.0,-178.4316907496,8.647169634507206e-06
Fe1.95(V1.00Ta0.05)(Al0.95Si0.05),Fe2.000,V1.000,Ta0.048Al0.905Si0.048,150.0,3.960000000000001,0.773,0.0,153.9663414,60.0,0.0,0.0,16.748531468531468,7.0,0.3356643356643356,4.0,1.6186313686313687,7.0,3.0,0.0,14.0,16.0,7.0,0.0,3.0,30.0,5.0,1.5,48.0,5.047952047952048,9.0,4.712287712287712,0.3999999999999999,0.0,72.04095904095904,1.63,1.63,1082.603746253746,225.28771228771225,1.9,2183.0,122.87012987012989,0.037066933066933,3290.0,-148.7534335212,1.0082488590416348e-05
Fe1.95(V1.00Ta0.05)(Al0.95Si0.05),Fe2.000,V1.000,Ta0.048Al0.905Si0.048,200.0,3.960000000000001,0.773,0.0,153.9663414,60.0,0.0,0.0,16.748531468531468,7.0,0.3356643356643356,4.0,1.6186313686313687,7.0,3.0,0.0,14.0,16.0,7.0,0.0,3.0,30.0,5.0,1.5,48.0,5.047952047952048,9.0,4.712287712287712,0.3999999999999999,0.0,72.04095904095904,1.63,1.63,1082.603746253746,225.28771228771225,1.9,2183.0,122.87012987012989,0.037066933066933,3290.0,-173.63393734,9.065563237531586e-06
Fe1.95(V1.00Ta0.05)(Al0.95Si0.05),Fe2.000,V1.000,Ta0.048Al0.905Si0.048,250.0,3.960000000000001,0.773,0.0,153.9663414,60.0,0.0,0.0,16.748531468531468,7.0,0.3356643356643356,4.0,1.6186313686313687,7.0,3.0,0.0,14.0,16.0,7.0,0.0,3.0,30.0,5.0,1.5,48.0,5.047952047952048,9.0,4.712287712287712,0.3999999999999999,0.0,72.04095904095904,1.63,1.63,1082.603746253746,225.28771228771225,1.9,2183.0,122.87012987012989,0.037066933066933,3290.0,-186.4779871031,8.613059649758843e-06
Fe1.95(V1.00Ta0.05)(Al0.95Si0.05),Fe2.000,V1.000,Ta0.048Al0.905Si0.048,300.0,3.960000000000001,0.773,0.0,153.9663414,60.0,0.0,0.0,16.748531468531468,7.0,0.3356643356643356,4.0,1.6186313686313687,7.0,3.0,0.0,14.0,16.0,7.0,0.0,3.0,30.0,5.0,1.5,48.0,5.047952047952048,9.0,4.712287712287712,0.3999999999999999,0.0,72.04095904095904,1.63,1.63,1082.603746253746,225.28771228771225,1.9,2183.0,122.87012987012989,0.037066933066933,3290.0,-190.1664081846,8.323751071711848e-06
Fe1.95(V1.00Ta0.05)(Al0.95Si0.05),Fe2.000,V1.000,Ta0.048Al0.905Si0.048,350.0,3.960000000000001,0.773,0.0,153.9663414,60.0,0.0,0.0,16.748531468531468,7.0,0.3356643356643356,4.0,1.6186313686313687,7.0,3.0,0.0,14.0,16.0,7.0,0.0,3.0,30.0,5.0,1.5,48.0,5.047952047952048,9.0,4.712287712287712,0.3999999999999999,0.0,72.04095904095904,1.63,1.63,1082.603746253746,225.28771228771225,1.9,2183.0,122.87012987012989,0.037066933066933,3290.0,-188.5800079663,7.803878775244208e-06
Fe 1.95(V1.00Ta0.05)(Al0.9Si0.1),Fe2.000,V1.000,Ta0.048Al0.857Si0.095,150.0,3.960000000000001,0.773,0.0,153.9663414,60.0,0.0,0.0,16.934919999999998,7.0,0.336,4.0,1.63227,7.0,3.0,0.0,14.0,16.0,7.0,0.0,3.0,30.0,5.0,1.5,48.0,5.001,9.0,4.665,0.3999999999999999,0.0,72.27499999999999,1.63,1.63,1118.1687900000002,225.382,1.9,2183.0,122.402,0.073435,3290.0,-112.7931905897,5.747106591738977e-06
Fe 1.95(V1.00Ta0.05)(Al0.9Si0.1),Fe2.000,V1.000,Ta0.048Al0.857Si0.095,200.0,3.960000000000001,0.773,0.0,153.9663414,60.0,0.0,0.0,16.934919999999998,7.0,0.336,4.0,1.63227,7.0,3.0,0.0,14.0,16.0,7.0,0.0,3.0,30.0,5.0,1.5,48.0,5.001,9.0,4.665,0.3999999999999999,0.0,72.27499999999999,1.63,1.63,1118.1687900000002,225.382,1.9,2183.0,122.402,0.073435,3290.0,-132.96679801710002,5.869548981611288e-06
Fe 1.95(V1.00Ta0.05)(Al0.9Si0.1),Fe2.000,V1.000,Ta0.048Al0.857Si0.095,250.0,3.960000000000001,0.773,0.0,153.9663414,60.0,0.0,0.0,16.934919999999998,7.0,0.336,4.0,1.63227,7.0,3.0,0.0,14.0,16.0,7.0,0.0,3.0,30.0,5.0,1.5,48.0,5.001,9.0,4.665,0.3999999999999999,0.0,72.27499999999999,1.63,1.63,1118.1687900000002,225.382,1.9,2183.0,122.402,0.073435,3290.0,-146.76229476170002,6.035542330972767e-06
Fe 1.95(V1.00Ta0.05)(Al0.9Si0.1),Fe2.000,V1.000,Ta0.048Al0.857Si0.095,300.0,3.960000000000001,0.773,0.0,153.9663414,60.0,0.0,0.0,16.934919999999998,7.0,0.336,4.0,1.63227,7.0,3.0,0.0,14.0,16.0,7.0,0.0,3.0,30.0,5.0,1.5,48.0,5.001,9.0,4.665,0.3999999999999999,0.0,72.27499999999999,1.63,1.63,1118.1687900000002,225.382,1.9,2183.0,122.402,0.073435,3290.0,-154.5943597508,6.191348391119601e-06
Fe 1.95(V1.00Ta0.05)(Al0.9Si0.1),Fe2.000,V1.000,Ta0.048Al0.857Si0.095,350.0,3.960000000000001,0.773,0.0,153.9663414,60.0,0.0,0.0,16.934919999999998,7.0,0.336,4.0,1.63227,7.0,3.0,0.0,14.0,16.0,7.0,0.0,3.0,30.0,5.0,1.5,48.0,5.001,9.0,4.665,0.3999999999999999,0.0,72.27499999999999,1.63,1.63,1118.1687900000002,225.382,1.9,2183.0,122.402,0.073435,3290.0,-157.5631067596,6.286286059988625e-06
Fe2VGa,Fe2.000,V1.000,Ga1.000,50.0,0.0,0.0,0.0,0.0,0.0,0.0,0.0,18.8575,0.0,0.0,0.0,1.81,0.0,0.0,0.0,0.0,0.0,5.0,0.0,0.0,0.0,13.0,1.81,74.0,5.0,0.0,5.0,0.0,0.0,74.0,1.63,1.63,302.91,64.0,1.81,2183.0,122.0,0.0,302.91,21.97414060484277,2.918235103724382e-06
Fe2VGa,Fe2.000,V1.000,Ga1.000,100.0,0.0,0.0,0.0,0.0,0.0,0.0,0.0,18.8575,0.0,0.0,0.0,1.81,0.0,0.0,0.0,0.0,0.0,5.0,0.0,0.0,0.0,13.0,1.81,74.0,5.0,0.0,5.0,0.0,0.0,74.0,1.63,1.63,302.91,64.0,1.81,2183.0,122.0,0.0,302.91,30.758784832052704,2.870222382735359e-06
Fe2VGa,Fe2.000,V1.000,Ga1.000,150.0,0.0,0.0,0.0,0.0,0.0,0.0,0.0,18.8575,0.0,0.0,0.0,1.81,0.0,0.0,0.0,0.0,0.0,5.0,0.0,0.0,0.0,13.0,1.81,74.0,5.0,0.0,5.0,0.0,0.0,74.0,1.63,1.63,302.91,64.0,1.81,2183.0,122.0,0.0,302.91,33.85674429837757,2.8110720285416698e-06
Fe2VGa,Fe2.000,V1.000,Ga1.000,200.0,0.0,0.0,0.0,0.0,0.0,0.0,0.0,18.8575,0.0,0.0,0.0,1.81,0.0,0.0,0.0,0.0,0.0,5.0,0.0,0.0,0.0,13.0,1.81,74.0,5.0,0.0,5.0,0.0,0.0,74.0,1.63,1.63,302.91,64.0,1.81,2183.0,122.0,0.0,302.91,34.2882082642624,2.765198760509873e-06
Fe2VGa,Fe2.000,V1.000,Ga1.000,250.0,0.0,0.0,0.0,0.0,0.0,0.0,0.0,18.8575,0.0,0.0,0.0,1.81,0.0,0.0,0.0,0.0,0.0,5.0,0.0,0.0,0.0,13.0,1.81,74.0,5.0,0.0,5.0,0.0,0.0,74.0,1.63,1.63,302.91,64.0,1.81,2183.0,122.0,0.0,302.91,33.537643451364985,2.700949807604714e-06
Fe2VGa0.98Ge0.02,Fe2.000,V1.000,Ga0.980Ge0.020,50.0,4.147499999999997,0.383,0.0,2.9170000000000016,1.0,0.0,0.0,18.94045,0.0,0.0,161.0,1.814,0.0,0.0,0.0,0.0,1.0,5.0,0.0,1.0,5.0,13.0,1.81,74.0,4.98,1.0,4.98,0.1999999999999997,0.0,74.1,1.63,1.63,321.07980000000003,67.22,2.01,2183.0,121.96,0.00766,1211.4,-12.368107942048896,2.4592986366827615e-06
Fe2VGa0.98Ge0.02,Fe2.000,V1.000,Ga0.980Ge0.020,100.0,4.147499999999997,0.383,0.0,2.9170000000000016,1.0,0.0,0.0,18.94045,0.0,0.0,161.0,1.814,0.0,0.0,0.0,0.0,1.0,5.0,0.0,1.0,5.0,13.0,1.81,74.0,4.98,1.0,4.98,0.1999999999999997,0.0,74.1,1.63,1.63,321.07980000000003,67.22,2.01,2183.0,121.96,0.00766,1211.4,-17.029311406654212,2.510652928043826e-06
Fe2VGa0.98Ge0.02,Fe2.000,V1.000,Ga0.980Ge0.020,150.0,4.147499999999997,0.383,0.0,2.9170000000000016,1.0,0.0,0.0,18.94045,0.0,0.0,161.0,1.814,0.0,0.0,0.0,0.0,1.0,5.0,0.0,1.0,5.0,13.0,1.81,74.0,4.98,1.0,4.98,0.1999999999999997,0.0,74.1,1.63,1.63,321.07980000000003,67.22,2.01,2183.0,121.96,0.00766,1211.4,-14.279915783487011,2.5131279947387066e-06
Fe2VGa0.98Ge0.02,Fe2.000,V1.000,Ga0.980Ge0.020,200.0,4.147499999999997,0.383,0.0,2.9170000000000016,1.0,0.0,0.0,18.94045,0.0,0.0,161.0,1.814,0.0,0.0,0.0,0.0,1.0,5.0,0.0,1.0,5.0,13.0,1.81,74.0,4.98,1.0,4.98,0.1999999999999997,0.0,74.1,1.63,1.63,321.07980000000003,67.22,2.01,2183.0,121.96,0.00766,1211.4,-6.225628913377949,2.4808386949806833e-06
Fe2VGa0.98Ge0.02,Fe2.000,V1.000,Ga0.980Ge0.020,250.0,4.147499999999997,0.383,0.0,2.9170000000000016,1.0,0.0,0.0,18.94045,0.0,0.0,161.0,1.814,0.0,0.0,0.0,0.0,1.0,5.0,0.0,1.0,5.0,13.0,1.81,74.0,4.98,1.0,4.98,0.1999999999999997,0.0,74.1,1.63,1.63,321.07980000000003,67.22,2.01,2183.0,121.96,0.00766,1211.4,3.422466524061542,2.4368904171062067e-06
Fe2VGa0.95Ge0.05,Fe2.000,V1.000,Ga0.950Ge0.050,50.0,4.147499999999997,0.383,0.0,2.9170000000000016,1.0,0.0,0.0,19.064875,0.0,0.0,161.0,1.82,0.0,0.0,0.0,0.0,1.0,5.0,0.0,1.0,5.0,13.0,1.81,74.0,4.95,1.0,4.95,0.1999999999999997,0.0,74.25,1.63,1.63,348.3345,72.05,2.01,2183.0,121.9,0.01915,1211.4,-16.674539649223792,1.2579118368527015e-06
Fe2VGa0.95Ge0.05,Fe2.000,V1.000,Ga0.950Ge0.050,100.0,4.147499999999997,0.383,0.0,2.9170000000000016,1.0,0.0,0.0,19.064875,0.0,0.0,161.0,1.82,0.0,0.0,0.0,0.0,1.0,5.0,0.0,1.0,5.0,13.0,1.81,74.0,4.95,1.0,4.95,0.1999999999999997,0.0,74.25,1.63,1.63,348.3345,72.05,2.01,2183.0,121.9,0.01915,1211.4,-22.316825177339783,1.4498731541934809e-06
Fe2VGa0.95Ge0.05,Fe2.000,V1.000,Ga0.950Ge0.050,150.0,4.147499999999997,0.383,0.0,2.9170000000000016,1.0,0.0,0.0,19.064875,0.0,0.0,161.0,1.82,0.0,0.0,0.0,0.0,1.0,5.0,0.0,1.0,5.0,13.0,1.81,74.0,4.95,1.0,4.95,0.1999999999999997,0.0,74.25,1.63,1.63,348.3345,72.05,2.01,2183.0,121.9,0.01915,1211.4,-18.118051881824087,1.649557068115437e-06
Fe2VGa0.95Ge0.05,Fe2.000,V1.000,Ga0.950Ge0.050,200.0,4.147499999999997,0.383,0.0,2.9170000000000016,1.0,0.0,0.0,19.064875,0.0,0.0,161.0,1.82,0.0,0.0,0.0,0.0,1.0,5.0,0.0,1.0,5.0,13.0,1.81,74.0,4.95,1.0,4.95,0.1999999999999997,0.0,74.25,1.63,1.63,348.3345,72.05,2.01,2183.0,121.9,0.01915,1211.4,-7.63702174966459,1.7736669260255462e-06
Fe2VGa0.95Ge0.05,Fe2.000,V1.000,Ga0.950Ge0.050,250.0,4.147499999999997,0.383,0.0,2.9170000000000016,1.0,0.0,0.0,19.064875,0.0,0.0,161.0,1.82,0.0,0.0,0.0,0.0,1.0,5.0,0.0,1.0,5.0,13.0,1.81,74.0,4.95,1.0,4.95,0.1999999999999997,0.0,74.25,1.63,1.63,348.3345,72.05,2.01,2183.0,121.9,0.01915,1211.4,4.091557875107283,1.8544155973049837e-06
Fe2VGa0.9Ge0.1,Fe2.000,V1.000,Ga0.900Ge0.100,50.0,4.147499999999997,0.383,0.0,2.9170000000000016,1.0,0.0,0.0,19.272250000000003,0.0,0.0,161.0,1.83,0.0,0.0,0.0,0.0,1.0,5.0,0.0,1.0,5.0,13.0,1.81,74.0,4.9,1.0,4.9,0.1999999999999997,0.0,74.50000000000001,1.63,1.63,393.759,80.1,2.01,2183.0,121.8,0.0383,1211.4,-62.09383822566856,1.0977518776774526e-06
Fe2VGa0.9Ge0.1,Fe2.000,V1.000,Ga0.900Ge0.100,100.0,4.147499999999997,0.383,0.0,2.9170000000000016,1.0,0.0,0.0,19.272250000000003,0.0,0.0,161.0,1.83,0.0,0.0,0.0,0.0,1.0,5.0,0.0,1.0,5.0,13.0,1.81,74.0,4.9,1.0,4.9,0.1999999999999997,0.0,74.50000000000001,1.63,1.63,393.759,80.1,2.01,2183.0,121.8,0.0383,1211.4,-82.61336984889476,1.1675295748151275e-06
Fe2VGa0.9Ge0.1,Fe2.000,V1.000,Ga0.900Ge0.100,150.0,4.147499999999997,0.383,0.0,2.9170000000000016,1.0,0.0,0.0,19.272250000000003,0.0,0.0,161.0,1.83,0.0,0.0,0.0,0.0,1.0,5.0,0.0,1.0,5.0,13.0,1.81,74.0,4.9,1.0,4.9,0.1999999999999997,0.0,74.50000000000001,1.63,1.63,393.759,80.1,2.01,2183.0,121.8,0.0383,1211.4,-81.17873040730676,1.3037298858402076e-06
Fe2VGa0.9Ge0.1,Fe2.000,V1.000,Ga0.900Ge0.100,200.0,4.147499999999997,0.383,0.0,2.9170000000000016,1.0,0.0,0.0,19.272250000000003,0.0,0.0,161.0,1.83,0.0,0.0,0.0,0.0,1.0,5.0,0.0,1.0,5.0,13.0,1.81,74.0,4.9,1.0,4.9,0.1999999999999997,0.0,74.50000000000001,1.63,1.63,393.759,80.1,2.01,2183.0,121.8,0.0383,1211.4,-72.99002744450911,1.4774044435280757e-06
Fe2VGa0.9Ge0.1,Fe2.000,V1.000,Ga0.900Ge0.100,250.0,4.147499999999997,0.383,0.0,2.9170000000000016,1.0,0.0,0.0,19.272250000000003,0.0,0.0,161.0,1.83,0.0,0.0,0.0,0.0,1.0,5.0,0.0,1.0,5.0,13.0,1.81,74.0,4.9,1.0,4.9,0.1999999999999997,0.0,74.50000000000001,1.63,1.63,393.759,80.1,2.01,2183.0,121.8,0.0383,1211.4,-60.60192307834054,1.6371125497962735e-06
Fe2VGa0.8Ge0.2,Fe2.000,V1.000,Ga0.800Ge0.200,50.0,4.147499999999997,0.383,0.0,2.9170000000000016,1.0,0.0,0.0,19.687,0.0,0.0,161.0,1.85,0.0,0.0,0.0,0.0,1.0,5.0,0.0,1.0,5.0,13.0,1.81,74.0,4.8,1.0,4.8,0.1999999999999997,0.0,75.0,1.63,1.63,484.60800000000006,96.2,2.01,2183.0,121.6,0.0766,1211.4,-20.5881096509312,8.130582961655839e-07
Fe2VGa0.8Ge0.2,Fe2.000,V1.000,Ga0.800Ge0.200,100.0,4.147499999999997,0.383,0.0,2.9170000000000016,1.0,0.0,0.0,19.687,0.0,0.0,161.0,1.85,0.0,0.0,0.0,0.0,1.0,5.0,0.0,1.0,5.0,13.0,1.81,74.0,4.8,1.0,4.8,0.1999999999999997,0.0,75.0,1.63,1.63,484.60800000000006,96.2,2.01,2183.0,121.6,0.0766,1211.4,-33.00514815579186,9.749407728856694e-07
Fe2VGa0.8Ge0.2,Fe2.000,V1.000,Ga0.800Ge0.200,150.0,4.147499999999997,0.383,0.0,2.9170000000000016,1.0,0.0,0.0,19.687,0.0,0.0,161.0,1.85,0.0,0.0,0.0,0.0,1.0,5.0,0.0,1.0,5.0,13.0,1.81,74.0,4.8,1.0,4.8,0.1999999999999997,0.0,75.0,1.63,1.63,484.60800000000006,96.2,2.01,2183.0,121.6,0.0766,1211.4,-39.77943547722807,1.1667345621866865e-06
Fe2VGa0.8Ge0.2,Fe2.000,V1.000,Ga0.800Ge0.200,200.0,4.147499999999997,0.383,0.0,2.9170000000000016,1.0,0.0,0.0,19.687,0.0,0.0,161.0,1.85,0.0,0.0,0.0,0.0,1.0,5.0,0.0,1.0,5.0,13.0,1.81,74.0,4.8,1.0,4.8,0.1999999999999997,0.0,75.0,1.63,1.63,484.60800000000006,96.2,2.01,2183.0,121.6,0.0766,1211.4,-42.52599946133882,1.3585144549023797e-06
Fe2VGa0.8Ge0.2,Fe2.000,V1.000,Ga0.800Ge0.200,250.0,4.147499999999997,0.383,0.0,2.9170000000000016,1.0,0.0,0.0,19.687,0.0,0.0,161.0,1.85,0.0,0.0,0.0,0.0,1.0,5.0,0.0,1.0,5.0,13.0,1.81,74.0,4.8,1.0,4.8,0.1999999999999997,0.0,75.0,1.63,1.63,484.60800000000006,96.2,2.01,2183.0,121.6,0.0766,1211.4,-41.50145002640408,1.5182611403521715e-06
Fe2VAl,Fe2.000,V1.000,Al1.000,100.0,0.0,0.0,0.0,0.0,0.0,0.0,0.0,16.48,0.0,0.0,0.0,1.61,0.0,0.0,0.0,0.0,0.0,5.0,0.0,0.0,0.0,13.0,1.61,73.0,5.0,0.0,5.0,0.0,0.0,73.0,1.63,1.63,933.47,225.0,1.61,2183.0,121.0,0.0,933.47,17.21122456209881,1.9770926397009176e-05
Fe2VAl,Fe2.000,V1.000,Al1.000,150.0,0.0,0.0,0.0,0.0,0.0,0.0,0.0,16.48,0.0,0.0,0.0,1.61,0.0,0.0,0.0,0.0,0.0,5.0,0.0,0.0,0.0,13.0,1.61,73.0,5.0,0.0,5.0,0.0,0.0,73.0,1.63,1.63,933.47,225.0,1.61,2183.0,121.0,0.0,933.47,22.2013544357706,1.6056797038558458e-05
Fe2VAl,Fe2.000,V1.000,Al1.000,200.0,0.0,0.0,0.0,0.0,0.0,0.0,0.0,16.48,0.0,0.0,0.0,1.61,0.0,0.0,0.0,0.0,0.0,5.0,0.0,0.0,0.0,13.0,1.61,73.0,5.0,0.0,5.0,0.0,0.0,73.0,1.63,1.63,933.47,225.0,1.61,2183.0,121.0,0.0,933.47,24.976769565663332,1.2846377487898448e-05
Fe2VAl,Fe2.000,V1.000,Al1.000,250.0,0.0,0.0,0.0,0.0,0.0,0.0,0.0,16.48,0.0,0.0,0.0,1.61,0.0,0.0,0.0,0.0,0.0,5.0,0.0,0.0,0.0,13.0,1.61,73.0,5.0,0.0,5.0,0.0,0.0,73.0,1.63,1.63,933.47,225.0,1.61,2183.0,121.0,0.0,933.47,26.403549028057487,1.014360752498216e-05
Fe2VAl,Fe2.000,V1.000,Al1.000,300.0,0.0,0.0,0.0,0.0,0.0,0.0,0.0,16.48,0.0,0.0,0.0,1.61,0.0,0.0,0.0,0.0,0.0,5.0,0.0,0.0,0.0,13.0,1.61,73.0,5.0,0.0,5.0,0.0,0.0,73.0,1.63,1.63,933.47,225.0,1.61,2183.0,121.0,0.0,933.47,27.06270320644144,7.935680273573395e-06
Fe2VAl,Fe2.000,V1.000,Al1.000,350.0,0.0,0.0,0.0,0.0,0.0,0.0,0.0,16.48,0.0,0.0,0.0,1.61,0.0,0.0,0.0,0.0,0.0,5.0,0.0,0.0,0.0,13.0,1.61,73.0,5.0,0.0,5.0,0.0,0.0,73.0,1.63,1.63,933.47,225.0,1.61,2183.0,121.0,0.0,933.47,27.11770776940021,6.1954967301043934e-06
(Fe1.97Co0.03)(V0.94Ti0.06)Al ,Fe2.000,V1.000,Co0.028Ti0.055Al0.917,150.0,6.445000000000002,0.0,0.0,31.951656399999997,14.0,0.0,1.5484712,16.31697,8.0,0.524,31.0,1.6137100000000002,8.0,1.0,0.0,0.0,6.0,8.0,0.0,5.0,30.0,4.0,1.54,43.0,5.109,9.0,4.585,0.3399999999999998,0.0,70.93,1.63,1.63,1012.25099,222.427,1.88,2183.0,123.285,0.0,1941.0,32.18173313332507,3.672020729162775e-06
(Fe1.97Co0.03)(V0.94Ti0.06)Al ,Fe2.000,V1.000,Co0.028Ti0.055Al0.917,200.0,6.445000000000002,0.0,0.0,31.951656399999997,14.0,0.0,1.5484712,16.31697,8.0,0.524,31.0,1.6137100000000002,8.0,1.0,0.0,0.0,6.0,8.0,0.0,5.0,30.0,4.0,1.54,43.0,5.109,9.0,4.585,0.3399999999999998,0.0,70.93,1.63,1.63,1012.25099,222.427,1.88,2183.0,123.285,0.0,1941.0,43.69624898669392,3.610240656778613e-06
(Fe1.97Co0.03)(V0.94Ti0.06)Al ,Fe2.000,V1.000,Co0.028Ti0.055Al0.917,250.0,6.445000000000002,0.0,0.0,31.951656399999997,14.0,0.0,1.5484712,16.31697,8.0,0.524,31.0,1.6137100000000002,8.0,1.0,0.0,0.0,6.0,8.0,0.0,5.0,30.0,4.0,1.54,43.0,5.109,9.0,4.585,0.3399999999999998,0.0,70.93,1.63,1.63,1012.25099,222.427,1.88,2183.0,123.285,0.0,1941.0,60.45287569709796,3.557525385181655e-06
(Fe1.97Co0.03)(V0.94Ti0.06)Al ,Fe2.000,V1.000,Co0.028Ti0.055Al0.917,300.0,6.445000000000002,0.0,0.0,31.951656399999997,14.0,0.0,1.5484712,16.31697,8.0,0.524,31.0,1.6137100000000002,8.0,1.0,0.0,0.0,6.0,8.0,0.0,5.0,30.0,4.0,1.54,43.0,5.109,9.0,4.585,0.3399999999999998,0.0,70.93,1.63,1.63,1012.25099,222.427,1.88,2183.0,123.285,0.0,1941.0,75.43758761798493,3.5076423352953134e-06
(Fe1.97Co0.03)(V0.94Ti0.06)Al ,Fe2.000,V1.000,Co0.028Ti0.055Al0.917,350.0,6.445000000000002,0.0,0.0,31.951656399999997,14.0,0.0,1.5484712,16.31697,8.0,0.524,31.0,1.6137100000000002,8.0,1.0,0.0,0.0,6.0,8.0,0.0,5.0,30.0,4.0,1.54,43.0,5.109,9.0,4.585,0.3399999999999998,0.0,70.93,1.63,1.63,1012.25099,222.427,1.88,2183.0,123.285,0.0,1941.0,81.55883093029486,3.456653583113609e-06
(Fe1.97Co0.03)(V0.94Ti0.06)Al ,Fe2.000,V1.000,Co0.028Ti0.055Al0.917,400.0,6.445000000000002,0.0,0.0,31.951656399999997,14.0,0.0,1.5484712,16.31697,8.0,0.524,31.0,1.6137100000000002,8.0,1.0,0.0,0.0,6.0,8.0,0.0,5.0,30.0,4.0,1.54,43.0,5.109,9.0,4.585,0.3399999999999998,0.0,70.93,1.63,1.63,1012.25099,222.427,1.88,2183.0,123.285,0.0,1941.0,81.78402268952588,3.4025679721225793e-06
(Fe1.97Co0.03)(V0.9Ti0.1)Al,Fe2.000,V1.000,Co0.027Ti0.088Al0.885,150.0,6.445000000000002,0.0,0.0,31.951656399999997,14.0,0.0,1.5484712,16.330135000000002,8.0,0.7849999999999999,31.0,1.6111300000000002,8.0,1.0,0.0,0.0,6.0,8.0,0.0,5.0,30.0,4.0,1.54,43.0,5.21,9.0,4.425,0.3399999999999998,0.0,69.955,1.63,1.63,1044.66495,221.435,1.88,2183.0,124.567,0.0,1941.0,34.67233969630851,1.220310536644183e-06
(Fe1.97Co0.03)(V0.9Ti0.1)Al,Fe2.000,V1.000,Co0.027Ti0.088Al0.885,200.0,6.445000000000002,0.0,0.0,31.951656399999997,14.0,0.0,1.5484712,16.330135000000002,8.0,0.7849999999999999,31.0,1.6111300000000002,8.0,1.0,0.0,0.0,6.0,8.0,0.0,5.0,30.0,4.0,1.54,43.0,5.21,9.0,4.425,0.3399999999999998,0.0,69.955,1.63,1.63,1044.66495,221.435,1.88,2183.0,124.567,0.0,1941.0,44.98992317985982,1.4168735123284692e-06
(Fe1.97Co0.03)(V0.9Ti0.1)Al,Fe2.000,V1.000,Co0.027Ti0.088Al0.885,250.0,6.445000000000002,0.0,0.0,31.951656399999997,14.0,0.0,1.5484712,16.330135000000002,8.0,0.7849999999999999,31.0,1.6111300000000002,8.0,1.0,0.0,0.0,6.0,8.0,0.0,5.0,30.0,4.0,1.54,43.0,5.21,9.0,4.425,0.3399999999999998,0.0,69.955,1.63,1.63,1044.66495,221.435,1.88,2183.0,124.567,0.0,1941.0,57.56421766245119,1.6591952249164797e-06
(Fe1.97Co0.03)(V0.9Ti0.1)Al,Fe2.000,V1.000,Co0.027Ti0.088Al0.885,300.0,6.445000000000002,0.0,0.0,31.951656399999997,14.0,0.0,1.5484712,16.330135000000002,8.0,0.7849999999999999,31.0,1.6111300000000002,8.0,1.0,0.0,0.0,6.0,8.0,0.0,5.0,30.0,4.0,1.54,43.0,5.21,9.0,4.425,0.3399999999999998,0.0,69.955,1.63,1.63,1044.66495,221.435,1.88,2183.0,124.567,0.0,1941.0,69.9471804067126,1.9190845401436087e-06
(Fe1.97Co0.03)(V0.9Ti0.1)Al,Fe2.000,V1.000,Co0.027Ti0.088Al0.885,350.0,6.445000000000002,0.0,0.0,31.951656399999997,14.0,0.0,1.5484712,16.330135000000002,8.0,0.7849999999999999,31.0,1.6111300000000002,8.0,1.0,0.0,0.0,6.0,8.0,0.0,5.0,30.0,4.0,1.54,43.0,5.21,9.0,4.425,0.3399999999999998,0.0,69.955,1.63,1.63,1044.66495,221.435,1.88,2183.0,124.567,0.0,1941.0,79.52551615047258,2.1748167270516996e-06
(Fe1.97Co0.03)(V0.9Ti0.1)Al,Fe2.000,V1.000,Co0.027Ti0.088Al0.885,400.0,6.445000000000002,0.0,0.0,31.951656399999997,14.0,0.0,1.5484712,16.330135000000002,8.0,0.7849999999999999,31.0,1.6111300000000002,8.0,1.0,0.0,0.0,6.0,8.0,0.0,5.0,30.0,4.0,1.54,43.0,5.21,9.0,4.425,0.3399999999999998,0.0,69.955,1.63,1.63,1044.66495,221.435,1.88,2183.0,124.567,0.0,1941.0,86.1377582161072,2.410468491572166e-06
Fe2VAl0.97Sb0.03,Fe2.000,V1.000,Al0.970Sb0.030,350.0,15.079999999999998,0.0,0.0,94.7784614,38.0,0.0,0.0,16.9324,0.0,0.0,59.0,1.6232,0.0,2.0,0.0,0.0,12.0,5.0,0.0,2.0,12.0,13.0,1.61,73.0,4.9399999999999995,2.0,4.9399999999999995,0.4399999999999997,0.0,73.36,1.63,1.63,932.5793,223.23,2.05,2183.0,121.54,0.0,933.47,-110.5764493067,6.973613386414624e-06
Fe2VAl0.97Sb0.03,Fe2.000,V1.000,Al0.970Sb0.030,400.0,15.079999999999998,0.0,0.0,94.7784614,38.0,0.0,0.0,16.9324,0.0,0.0,59.0,1.6232,0.0,2.0,0.0,0.0,12.0,5.0,0.0,2.0,12.0,13.0,1.61,73.0,4.9399999999999995,2.0,4.9399999999999995,0.4399999999999997,0.0,73.36,1.63,1.63,932.5793,223.23,2.05,2183.0,121.54,0.0,933.47,-94.64859478717383,6.400826766590729e-06
Fe2VAl0.97Sb0.03,Fe2.000,V1.000,Al0.970Sb0.030,450.0,15.079999999999998,0.0,0.0,94.7784614,38.0,0.0,0.0,16.9324,0.0,0.0,59.0,1.6232,0.0,2.0,0.0,0.0,12.0,5.0,0.0,2.0,12.0,13.0,1.61,73.0,4.9399999999999995,2.0,4.9399999999999995,0.4399999999999997,0.0,73.36,1.63,1.63,932.5793,223.23,2.05,2183.0,121.54,0.0,933.47,-76.00869068600342,5.8302379735458036e-06
Fe2VAl0.97Sb0.03,Fe2.000,V1.000,Al0.970Sb0.030,500.0,15.079999999999998,0.0,0.0,94.7784614,38.0,0.0,0.0,16.9324,0.0,0.0,59.0,1.6232,0.0,2.0,0.0,0.0,12.0,5.0,0.0,2.0,12.0,13.0,1.61,73.0,4.9399999999999995,2.0,4.9399999999999995,0.4399999999999997,0.0,73.36,1.63,1.63,932.5793,223.23,2.05,2183.0,121.54,0.0,933.47,-58.97387851782656,5.330438069291127e-06
Fe2VAl0.97Sb0.03,Fe2.000,V1.000,Al0.970Sb0.030,550.0,15.079999999999998,0.0,0.0,94.7784614,38.0,0.0,0.0,16.9324,0.0,0.0,59.0,1.6232,0.0,2.0,0.0,0.0,12.0,5.0,0.0,2.0,12.0,13.0,1.61,73.0,4.9399999999999995,2.0,4.9399999999999995,0.4399999999999997,0.0,73.36,1.63,1.63,932.5793,223.23,2.05,2183.0,121.54,0.0,933.47,-45.45298325128212,4.90978804372633e-06
Fe2VAl0.97Sb0.03,Fe2.000,V1.000,Al0.970Sb0.030,600.0,15.079999999999998,0.0,0.0,94.7784614,38.0,0.0,0.0,16.9324,0.0,0.0,59.0,1.6232,0.0,2.0,0.0,0.0,12.0,5.0,0.0,2.0,12.0,13.0,1.61,73.0,4.9399999999999995,2.0,4.9399999999999995,0.4399999999999997,0.0,73.36,1.63,1.63,932.5793,223.23,2.05,2183.0,121.54,0.0,933.47,-35.69800971760348,4.5463034262406526e-06
Fe2VAl0.97Sb0.03,Fe2.000,V1.000,Al0.970Sb0.030,650.0,15.079999999999998,0.0,0.0,94.7784614,38.0,0.0,0.0,16.9324,0.0,0.0,59.0,1.6232,0.0,2.0,0.0,0.0,12.0,5.0,0.0,2.0,12.0,13.0,1.61,73.0,4.9399999999999995,2.0,4.9399999999999995,0.4399999999999997,0.0,73.36,1.63,1.63,932.5793,223.23,2.05,2183.0,121.54,0.0,933.47,-29.05563901912868,4.217538897315034e-06
Fe2VAl0.97Sb0.03,Fe2.000,V1.000,Al0.970Sb0.030,700.0,15.079999999999998,0.0,0.0,94.7784614,38.0,0.0,0.0,16.9324,0.0,0.0,59.0,1.6232,0.0,2.0,0.0,0.0,12.0,5.0,0.0,2.0,12.0,13.0,1.61,73.0,4.9399999999999995,2.0,4.9399999999999995,0.4399999999999997,0.0,73.36,1.63,1.63,932.5793,223.23,2.05,2183.0,121.54,0.0,933.47,-24.718724937802676,3.930472900123437e-06
Fe2V0.84Ti0.16Al0.97Sb0.03,Fe2.000,V0.840Ti0.160,Al0.970Sb0.030,350.0,15.079999999999998,0.0,2.25333333333e-05,94.7784614,38.0,35.0,0.0,16.9324,0.0,0.0,59.0,1.6232,0.0,2.0,3.605333333328e-06,0.0,12.0,5.0,2.25333333333e-05,2.0,12.0,13.0,1.61,73.0,4.9399999999999995,2.0,4.9399999999999995,0.4399999999999997,0.0899999999999998,73.36,1.6155999999999997,1.54,932.5793,223.23,2.05,2144.28,121.54,0.0,933.47,89.99041185458069,4.04135414528267e-06
Fe2V0.84Ti0.16Al0.97Sb0.03,Fe2.000,V0.840Ti0.160,Al0.970Sb0.030,400.0,15.079999999999998,0.0,2.25333333333e-05,94.7784614,38.0,35.0,0.0,16.9324,0.0,0.0,59.0,1.6232,0.0,2.0,3.605333333328e-06,0.0,12.0,5.0,2.25333333333e-05,2.0,12.0,13.0,1.61,73.0,4.9399999999999995,2.0,4.9399999999999995,0.4399999999999997,0.0899999999999998,73.36,1.6155999999999997,1.54,932.5793,223.23,2.05,2144.28,121.54,0.0,933.47,90.35674940451348,4.090561205008974e-06
Fe2V0.84Ti0.16Al0.97Sb0.03,Fe2.000,V0.840Ti0.160,Al0.970Sb0.030,450.0,15.079999999999998,0.0,2.25333333333e-05,94.7784614,38.0,35.0,0.0,16.9324,0.0,0.0,59.0,1.6232,0.0,2.0,3.605333333328e-06,0.0,12.0,5.0,2.25333333333e-05,2.0,12.0,13.0,1.61,73.0,4.9399999999999995,2.0,4.9399999999999995,0.4399999999999997,0.0899999999999998,73.36,1.6155999999999997,1.54,932.5793,223.23,2.05,2144.28,121.54,0.0,933.47,82.75010525327521,4.121455975851115e-06
Fe2V0.84Ti0.16Al0.97Sb0.03,Fe2.000,V0.840Ti0.160,Al0.970Sb0.030,500.0,15.079999999999998,0.0,2.25333333333e-05,94.7784614,38.0,35.0,0.0,16.9324,0.0,0.0,59.0,1.6232,0.0,2.0,3.605333333328e-06,0.0,12.0,5.0,2.25333333333e-05,2.0,12.0,13.0,1.61,73.0,4.9399999999999995,2.0,4.9399999999999995,0.4399999999999997,0.0899999999999998,73.36,1.6155999999999997,1.54,932.5793,223.23,2.05,2144.28,121.54,0.0,933.47,72.22384310612392,4.087755602476641e-06
Fe2V0.84Ti0.16Al0.97Sb0.03,Fe2.000,V0.840Ti0.160,Al0.970Sb0.030,550.0,15.079999999999998,0.0,2.25333333333e-05,94.7784614,38.0,35.0,0.0,16.9324,0.0,0.0,59.0,1.6232,0.0,2.0,3.605333333328e-06,0.0,12.0,5.0,2.25333333333e-05,2.0,12.0,13.0,1.61,73.0,4.9399999999999995,2.0,4.9399999999999995,0.4399999999999997,0.0899999999999998,73.36,1.6155999999999997,1.54,932.5793,223.23,2.05,2144.28,121.54,0.0,933.47,61.02656039567089,3.996273569450432e-06
Fe2V0.84Ti0.16Al0.97Sb0.03,Fe2.000,V0.840Ti0.160,Al0.970Sb0.030,600.0,15.079999999999998,0.0,2.25333333333e-05,94.7784614,38.0,35.0,0.0,16.9324,0.0,0.0,59.0,1.6232,0.0,2.0,3.605333333328e-06,0.0,12.0,5.0,2.25333333333e-05,2.0,12.0,13.0,1.61,73.0,4.9399999999999995,2.0,4.9399999999999995,0.4399999999999997,0.0899999999999998,73.36,1.6155999999999997,1.54,932.5793,223.23,2.05,2144.28,121.54,0.0,933.47,49.7263098654529,3.87704733872592e-06
Fe2V0.84Ti0.16Al0.97Sb0.03,Fe2.000,V0.840Ti0.160,Al0.970Sb0.030,650.0,15.079999999999998,0.0,2.25333333333e-05,94.7784614,38.0,35.0,0.0,16.9324,0.0,0.0,59.0,1.6232,0.0,2.0,3.605333333328e-06,0.0,12.0,5.0,2.25333333333e-05,2.0,12.0,13.0,1.61,73.0,4.9399999999999995,2.0,4.9399999999999995,0.4399999999999997,0.0899999999999998,73.36,1.6155999999999997,1.54,932.5793,223.23,2.05,2144.28,121.54,0.0,933.47,38.3348211534869,3.753465987136359e-06
Fe2V0.84Ti0.16Al0.97Sb0.03,Fe2.000,V0.840Ti0.160,Al0.970Sb0.030,700.0,15.079999999999998,0.0,2.25333333333e-05,94.7784614,38.0,35.0,0.0,16.9324,0.0,0.0,59.0,1.6232,0.0,2.0,3.605333333328e-06,0.0,12.0,5.0,2.25333333333e-05,2.0,12.0,13.0,1.61,73.0,4.9399999999999995,2.0,4.9399999999999995,0.4399999999999997,0.0899999999999998,73.36,1.6155999999999997,1.54,932.5793,223.23,2.05,2144.28,121.54,0.0,933.47,27.4317223758556,3.612397843886089e-06
Fe2V0.90Ti0.10Al,Fe2.000,V1.000,Ti0.091Al0.909,350.0,0.2100000000000008,0.0,0.0,20.885461399999997,9.0,0.0,2.25333333333e-05,16.49911,8.0,0.728,31.0,1.60363,8.0,1.0,0.0,0.0,1.0,8.0,0.0,3.0,30.0,4.0,1.54,43.0,5.273,9.0,4.545,0.07,0.0,70.27,1.63,1.63,1025.15523,222.179,1.61,2183.0,124.549,0.0,1941.0,85.32785184727572,4.240435830999687e-06
Fe2V0.90Ti0.10Al,Fe2.000,V1.000,Ti0.091Al0.909,400.0,0.2100000000000008,0.0,0.0,20.885461399999997,9.0,0.0,2.25333333333e-05,16.49911,8.0,0.728,31.0,1.60363,8.0,1.0,0.0,0.0,1.0,8.0,0.0,3.0,30.0,4.0,1.54,43.0,5.273,9.0,4.545,0.07,0.0,70.27,1.63,1.63,1025.15523,222.179,1.61,2183.0,124.549,0.0,1941.0,86.9736215120924,4.28133323101216e-06
Fe2V0.90Ti0.10Al,Fe2.000,V1.000,Ti0.091Al0.909,450.0,0.2100000000000008,0.0,0.0,20.885461399999997,9.0,0.0,2.25333333333e-05,16.49911,8.0,0.728,31.0,1.60363,8.0,1.0,0.0,0.0,1.0,8.0,0.0,3.0,30.0,4.0,1.54,43.0,5.273,9.0,4.545,0.07,0.0,70.27,1.63,1.63,1025.15523,222.179,1.61,2183.0,124.549,0.0,1941.0,79.49872882115154,4.253189408331846e-06
Fe2V0.90Ti0.10Al,Fe2.000,V1.000,Ti0.091Al0.909,500.0,0.2100000000000008,0.0,0.0,20.885461399999997,9.0,0.0,2.25333333333e-05,16.49911,8.0,0.728,31.0,1.60363,8.0,1.0,0.0,0.0,1.0,8.0,0.0,3.0,30.0,4.0,1.54,43.0,5.273,9.0,4.545,0.07,0.0,70.27,1.63,1.63,1025.15523,222.179,1.61,2183.0,124.549,0.0,1941.0,68.04179122888019,4.167289212355258e-06
Fe2V0.90Ti0.10Al,Fe2.000,V1.000,Ti0.091Al0.909,550.0,0.2100000000000008,0.0,0.0,20.885461399999997,9.0,0.0,2.25333333333e-05,16.49911,8.0,0.728,31.0,1.60363,8.0,1.0,0.0,0.0,1.0,8.0,0.0,3.0,30.0,4.0,1.54,43.0,5.273,9.0,4.545,0.07,0.0,70.27,1.63,1.63,1025.15523,222.179,1.61,2183.0,124.549,0.0,1941.0,55.44399068892767,4.034318591926362e-06
Fe2V0.90Ti0.10Al,Fe2.000,V1.000,Ti0.091Al0.909,600.0,0.2100000000000008,0.0,0.0,20.885461399999997,9.0,0.0,2.25333333333e-05,16.49911,8.0,0.728,31.0,1.60363,8.0,1.0,0.0,0.0,1.0,8.0,0.0,3.0,30.0,4.0,1.54,43.0,5.273,9.0,4.545,0.07,0.0,70.27,1.63,1.63,1025.15523,222.179,1.61,2183.0,124.549,0.0,1941.0,43.034172251198505,3.867878408000615e-06
Fe2V0.90Ti0.10Al,Fe2.000,V1.000,Ti0.091Al0.909,650.0,0.2100000000000008,0.0,0.0,20.885461399999997,9.0,0.0,2.25333333333e-05,16.49911,8.0,0.728,31.0,1.60363,8.0,1.0,0.0,0.0,1.0,8.0,0.0,3.0,30.0,4.0,1.54,43.0,5.273,9.0,4.545,0.07,0.0,70.27,1.63,1.63,1025.15523,222.179,1.61,2183.0,124.549,0.0,1941.0,31.413942658876188,3.687998246308974e-06
Fe2V0.90Ti0.10Al,Fe2.000,V1.000,Ti0.091Al0.909,700.0,0.2100000000000008,0.0,0.0,20.885461399999997,9.0,0.0,2.25333333333e-05,16.49911,8.0,0.728,31.0,1.60363,8.0,1.0,0.0,0.0,1.0,8.0,0.0,3.0,30.0,4.0,1.54,43.0,5.273,9.0,4.545,0.07,0.0,70.27,1.63,1.63,1025.15523,222.179,1.61,2183.0,124.549,0.0,1941.0,21.24276894545558,3.5246502300218797e-06
Fe2VAl0.90Si0.07Sb0.03,Fe2.000,V1.000,Al0.900Si0.070Sb0.030,400.0,15.079999999999998,0.773,0.0,94.7784614,38.0,0.0,0.0,17.209600000000002,0.0,0.0,61.0,1.6435,0.0,2.0,0.0,0.0,12.0,5.0,0.0,2.0,12.0,13.0,1.61,73.0,4.87,2.0,4.87,0.4399999999999997,0.0,73.71,1.63,1.63,985.3264,223.37,2.05,2183.0,120.84,0.05411,1687.0,-111.7996198985,4.241714182068203e-06
Fe2VAl0.90Si0.07Sb0.03,Fe2.000,V1.000,Al0.900Si0.070Sb0.030,450.0,15.079999999999998,0.773,0.0,94.7784614,38.0,0.0,0.0,17.209600000000002,0.0,0.0,61.0,1.6435,0.0,2.0,0.0,0.0,12.0,5.0,0.0,2.0,12.0,13.0,1.61,73.0,4.87,2.0,4.87,0.4399999999999997,0.0,73.71,1.63,1.63,985.3264,223.37,2.05,2183.0,120.84,0.05411,1687.0,-103.4118306857,4.310442483689332e-06
Fe2VAl0.90Si0.07Sb0.03,Fe2.000,V1.000,Al0.900Si0.070Sb0.030,500.0,15.079999999999998,0.773,0.0,94.7784614,38.0,0.0,0.0,17.209600000000002,0.0,0.0,61.0,1.6435,0.0,2.0,0.0,0.0,12.0,5.0,0.0,2.0,12.0,13.0,1.61,73.0,4.87,2.0,4.87,0.4399999999999997,0.0,73.71,1.63,1.63,985.3264,223.37,2.05,2183.0,120.84,0.05411,1687.0,-91.51240627368892,4.330737671149422e-06
Fe2VAl0.90Si0.07Sb0.03,Fe2.000,V1.000,Al0.900Si0.070Sb0.030,550.0,15.079999999999998,0.773,0.0,94.7784614,38.0,0.0,0.0,17.209600000000002,0.0,0.0,61.0,1.6435,0.0,2.0,0.0,0.0,12.0,5.0,0.0,2.0,12.0,13.0,1.61,73.0,4.87,2.0,4.87,0.4399999999999997,0.0,73.71,1.63,1.63,985.3264,223.37,2.05,2183.0,120.84,0.05411,1687.0,-78.4560782776055,4.303589471661136e-06
Fe2VAl0.90Si0.07Sb0.03,Fe2.000,V1.000,Al0.900Si0.070Sb0.030,600.0,15.079999999999998,0.773,0.0,94.7784614,38.0,0.0,0.0,17.209600000000002,0.0,0.0,61.0,1.6435,0.0,2.0,0.0,0.0,12.0,5.0,0.0,2.0,12.0,13.0,1.61,73.0,4.87,2.0,4.87,0.4399999999999997,0.0,73.71,1.63,1.63,985.3264,223.37,2.05,2183.0,120.84,0.05411,1687.0,-65.81662929481071,4.2157428046382054e-06
Fe2VAl0.90Si0.07Sb0.03,Fe2.000,V1.000,Al0.900Si0.070Sb0.030,650.0,15.079999999999998,0.773,0.0,94.7784614,38.0,0.0,0.0,17.209600000000002,0.0,0.0,61.0,1.6435,0.0,2.0,0.0,0.0,12.0,5.0,0.0,2.0,12.0,13.0,1.61,73.0,4.87,2.0,4.87,0.4399999999999997,0.0,73.71,1.63,1.63,985.3264,223.37,2.05,2183.0,120.84,0.05411,1687.0,-54.563655843834844,4.0666161473944696e-06
Fe2VAl0.90Si0.07Sb0.03,Fe2.000,V1.000,Al0.900Si0.070Sb0.030,700.0,15.079999999999998,0.773,0.0,94.7784614,38.0,0.0,0.0,17.209600000000002,0.0,0.0,61.0,1.6435,0.0,2.0,0.0,0.0,12.0,5.0,0.0,2.0,12.0,13.0,1.61,73.0,4.87,2.0,4.87,0.4399999999999997,0.0,73.71,1.63,1.63,985.3264,223.37,2.05,2183.0,120.84,0.05411,1687.0,-45.23933130381021,3.895219900842218e-06
Fe2VAl0.90Si0.10,Fe2.000,V1.000,Al0.900Si0.100,400.0,3.960000000000001,0.773,0.0,1.103961399999999,1.0,0.0,0.0,16.876,0.0,0.0,2.0,1.639,0.0,0.0,0.0,0.0,1.0,5.0,0.0,1.0,5.0,13.0,1.61,73.0,4.9,1.0,4.9,0.2899999999999998,0.0,73.5,1.63,1.63,1008.823,225.2,1.9,2183.0,120.0,0.0773,1687.0,-113.5986206256,4.246566619795984e-06
Fe2VAl0.90Si0.10,Fe2.000,V1.000,Al0.900Si0.100,450.0,3.960000000000001,0.773,0.0,1.103961399999999,1.0,0.0,0.0,16.876,0.0,0.0,2.0,1.639,0.0,0.0,0.0,0.0,1.0,5.0,0.0,1.0,5.0,13.0,1.61,73.0,4.9,1.0,4.9,0.2899999999999998,0.0,73.5,1.63,1.63,1008.823,225.2,1.9,2183.0,120.0,0.0773,1687.0,-106.3886453637,4.344047840360213e-06
Fe2VAl0.90Si0.10,Fe2.000,V1.000,Al0.900Si0.100,500.0,3.960000000000001,0.773,0.0,1.103961399999999,1.0,0.0,0.0,16.876,0.0,0.0,2.0,1.639,0.0,0.0,0.0,0.0,1.0,5.0,0.0,1.0,5.0,13.0,1.61,73.0,4.9,1.0,4.9,0.2899999999999998,0.0,73.5,1.63,1.63,1008.823,225.2,1.9,2183.0,120.0,0.0773,1687.0,-95.53390174638596,4.356580279137758e-06
Fe2VAl0.90Si0.10,Fe2.000,V1.000,Al0.900Si0.100,550.0,3.960000000000001,0.773,0.0,1.103961399999999,1.0,0.0,0.0,16.876,0.0,0.0,2.0,1.639,0.0,0.0,0.0,0.0,1.0,5.0,0.0,1.0,5.0,13.0,1.61,73.0,4.9,1.0,4.9,0.2899999999999998,0.0,73.5,1.63,1.63,1008.823,225.2,1.9,2183.0,120.0,0.0773,1687.0,-81.40556328444566,4.268292088937496e-06
Fe2VAl0.90Si0.10,Fe2.000,V1.000,Al0.900Si0.100,600.0,3.960000000000001,0.773,0.0,1.103961399999999,1.0,0.0,0.0,16.876,0.0,0.0,2.0,1.639,0.0,0.0,0.0,0.0,1.0,5.0,0.0,1.0,5.0,13.0,1.61,73.0,4.9,1.0,4.9,0.2899999999999998,0.0,73.5,1.63,1.63,1008.823,225.2,1.9,2183.0,120.0,0.0773,1687.0,-66.94071287220108,4.092374563068064e-06
Fe2VAl0.90Si0.10,Fe2.000,V1.000,Al0.900Si0.100,650.0,3.960000000000001,0.773,0.0,1.103961399999999,1.0,0.0,0.0,16.876,0.0,0.0,2.0,1.639,0.0,0.0,0.0,0.0,1.0,5.0,0.0,1.0,5.0,13.0,1.61,73.0,4.9,1.0,4.9,0.2899999999999998,0.0,73.5,1.63,1.63,1008.823,225.2,1.9,2183.0,120.0,0.0773,1687.0,-55.17670122150891,3.870611632498958e-06
Fe2VAl0.90Si0.10,Fe2.000,V1.000,Al0.900Si0.100,700.0,3.960000000000001,0.773,0.0,1.103961399999999,1.0,0.0,0.0,16.876,0.0,0.0,2.0,1.639,0.0,0.0,0.0,0.0,1.0,5.0,0.0,1.0,5.0,13.0,1.61,73.0,4.9,1.0,4.9,0.2899999999999998,0.0,73.5,1.63,1.63,1008.823,225.2,1.9,2183.0,120.0,0.0773,1687.0,-46.785505295994426,3.6729093630213903e-06
(Fe0.5Co0.5)2TiAl,Ti1.000Al1.000,Fe1.000,Co1.000,100.0,0.0,0.0,0.0,0.0,0.0,0.0,0.0,10.245,3.0,3.0,0.0,1.88,0.0,0.0,2.1106628,0.0,0.0,3.0,2.1106628,0.0,0.0,9.0,1.88,58.0,3.0,0.0,0.0,0.0,0.0,58.0,1.83,1.83,1768.0,194.0,1.88,1811.0,126.0,0.0,1768.0,-5.799129616216134,2.5377821057930328e-06
(Fe0.5Co0.5)2TiAl,Ti1.000Al1.000,Fe1.000,Co1.000,150.0,0.0,0.0,0.0,0.0,0.0,0.0,0.0,10.245,3.0,3.0,0.0,1.88,0.0,0.0,2.1106628,0.0,0.0,3.0,2.1106628,0.0,0.0,9.0,1.88,58.0,3.0,0.0,0.0,0.0,0.0,58.0,1.83,1.83,1768.0,194.0,1.88,1811.0,126.0,0.0,1768.0,-7.102880345766438,2.654322158032418e-06
(Fe0.5Co0.5)2TiAl,Ti1.000Al1.000,Fe1.000,Co1.000,200.0,0.0,0.0,0.0,0.0,0.0,0.0,0.0,10.245,3.0,3.0,0.0,1.88,0.0,0.0,2.1106628,0.0,0.0,3.0,2.1106628,0.0,0.0,9.0,1.88,58.0,3.0,0.0,0.0,0.0,0.0,58.0,1.83,1.83,1768.0,194.0,1.88,1811.0,126.0,0.0,1768.0,-9.874263791751096,2.7678928674211243e-06
(Fe0.5Co0.5)2TiAl,Ti1.000Al1.000,Fe1.000,Co1.000,250.0,0.0,0.0,0.0,0.0,0.0,0.0,0.0,10.245,3.0,3.0,0.0,1.88,0.0,0.0,2.1106628,0.0,0.0,3.0,2.1106628,0.0,0.0,9.0,1.88,58.0,3.0,0.0,0.0,0.0,0.0,58.0,1.83,1.83,1768.0,194.0,1.88,1811.0,126.0,0.0,1768.0,-13.275555022998349,2.8709761694860944e-06
(Fe0.5Co0.5)2TiAl,Ti1.000Al1.000,Fe1.000,Co1.000,300.0,0.0,0.0,0.0,0.0,0.0,0.0,0.0,10.245,3.0,3.0,0.0,1.88,0.0,0.0,2.1106628,0.0,0.0,3.0,2.1106628,0.0,0.0,9.0,1.88,58.0,3.0,0.0,0.0,0.0,0.0,58.0,1.83,1.83,1768.0,194.0,1.88,1811.0,126.0,0.0,1768.0,-16.835505535443886,2.9582079790681664e-06
(Fe0.5Co0.5)2TiAl,Ti1.000Al1.000,Fe1.000,Co1.000,350.0,0.0,0.0,0.0,0.0,0.0,0.0,0.0,10.245,3.0,3.0,0.0,1.88,0.0,0.0,2.1106628,0.0,0.0,3.0,2.1106628,0.0,0.0,9.0,1.88,58.0,3.0,0.0,0.0,0.0,0.0,58.0,1.83,1.83,1768.0,194.0,1.88,1811.0,126.0,0.0,1768.0,-20.360666185789825,3.02614373727607e-06
(Fe0.5Co0.5)2TiAl,Ti1.000Al1.000,Fe1.000,Co1.000,400.0,0.0,0.0,0.0,0.0,0.0,0.0,0.0,10.245,3.0,3.0,0.0,1.88,0.0,0.0,2.1106628,0.0,0.0,3.0,2.1106628,0.0,0.0,9.0,1.88,58.0,3.0,0.0,0.0,0.0,0.0,58.0,1.83,1.83,1768.0,194.0,1.88,1811.0,126.0,0.0,1768.0,-23.84671012516368,3.0730239584404206e-06
(Fe0.5Co0.5)2TiAl,Ti1.000Al1.000,Fe1.000,Co1.000,450.0,0.0,0.0,0.0,0.0,0.0,0.0,0.0,10.245,3.0,3.0,0.0,1.88,0.0,0.0,2.1106628,0.0,0.0,3.0,2.1106628,0.0,0.0,9.0,1.88,58.0,3.0,0.0,0.0,0.0,0.0,58.0,1.83,1.83,1768.0,194.0,1.88,1811.0,126.0,0.0,1768.0,-27.389755732777523,3.0985397770677163e-06
(Fe0.5Co0.5)2TiAl,Ti1.000Al1.000,Fe1.000,Co1.000,500.0,0.0,0.0,0.0,0.0,0.0,0.0,0.0,10.245,3.0,3.0,0.0,1.88,0.0,0.0,2.1106628,0.0,0.0,3.0,2.1106628,0.0,0.0,9.0,1.88,58.0,3.0,0.0,0.0,0.0,0.0,58.0,1.83,1.83,1768.0,194.0,1.88,1811.0,126.0,0.0,1768.0,-31.097689549586896,3.1035984947943323e-06
(Fe0.5Co0.5)2TiAl,Ti1.000Al1.000,Fe1.000,Co1.000,550.0,0.0,0.0,0.0,0.0,0.0,0.0,0.0,10.245,3.0,3.0,0.0,1.88,0.0,0.0,2.1106628,0.0,0.0,3.0,2.1106628,0.0,0.0,9.0,1.88,58.0,3.0,0.0,0.0,0.0,0.0,58.0,1.83,1.83,1768.0,194.0,1.88,1811.0,126.0,0.0,1768.0,-35.00148921194969,3.0900891273405173e-06
(Fe0.5Co0.5)2TiAl,Ti1.000Al1.000,Fe1.000,Co1.000,600.0,0.0,0.0,0.0,0.0,0.0,0.0,0.0,10.245,3.0,3.0,0.0,1.88,0.0,0.0,2.1106628,0.0,0.0,3.0,2.1106628,0.0,0.0,9.0,1.88,58.0,3.0,0.0,0.0,0.0,0.0,58.0,1.83,1.83,1768.0,194.0,1.88,1811.0,126.0,0.0,1768.0,-38.96654638528552,3.0606479514643883e-06
(Fe0.5Co0.5)2TiAl,Ti1.000Al1.000,Fe1.000,Co1.000,650.0,0.0,0.0,0.0,0.0,0.0,0.0,0.0,10.245,3.0,3.0,0.0,1.88,0.0,0.0,2.1106628,0.0,0.0,3.0,2.1106628,0.0,0.0,9.0,1.88,58.0,3.0,0.0,0.0,0.0,0.0,58.0,1.83,1.83,1768.0,194.0,1.88,1811.0,126.0,0.0,1768.0,-42.60398969773434,3.018424051915927e-06
(Fe0.5Co0.5)2TiAl,Ti1.000Al1.000,Fe1.000,Co1.000,700.0,0.0,0.0,0.0,0.0,0.0,0.0,0.0,10.245,3.0,3.0,0.0,1.88,0.0,0.0,2.1106628,0.0,0.0,3.0,2.1106628,0.0,0.0,9.0,1.88,58.0,3.0,0.0,0.0,0.0,0.0,58.0,1.83,1.83,1768.0,194.0,1.88,1811.0,126.0,0.0,1768.0,-45.18200767381584,2.966844868390973e-06
(Fe0.55Co0.45)2TiAl,Ti1.000Al1.000,Fe1.000,Co1.000,150.0,0.0,0.0,0.0,0.0,0.0,0.0,0.0,10.245,3.0,3.0,0.0,1.88,0.0,0.0,2.1106628,0.0,0.0,3.0,2.1106628,0.0,0.0,9.0,1.88,58.0,3.0,0.0,0.0,0.0,0.0,58.0,1.83,1.83,1768.0,194.0,1.88,1811.0,126.0,0.0,1768.0,-1.393410303850891,2.538961025600662e-06
(Fe0.55Co0.45)2TiAl,Ti1.000Al1.000,Fe1.000,Co1.000,200.0,0.0,0.0,0.0,0.0,0.0,0.0,0.0,10.245,3.0,3.0,0.0,1.88,0.0,0.0,2.1106628,0.0,0.0,3.0,2.1106628,0.0,0.0,9.0,1.88,58.0,3.0,0.0,0.0,0.0,0.0,58.0,1.83,1.83,1768.0,194.0,1.88,1811.0,126.0,0.0,1768.0,-1.5330925199016008,2.6779315833706613e-06
(Fe0.55Co0.45)2TiAl,Ti1.000Al1.000,Fe1.000,Co1.000,250.0,0.0,0.0,0.0,0.0,0.0,0.0,0.0,10.245,3.0,3.0,0.0,1.88,0.0,0.0,2.1106628,0.0,0.0,3.0,2.1106628,0.0,0.0,9.0,1.88,58.0,3.0,0.0,0.0,0.0,0.0,58.0,1.83,1.83,1768.0,194.0,1.88,1811.0,126.0,0.0,1768.0,-1.8508363578031184,2.805182186728301e-06
(Fe0.55Co0.45)2TiAl,Ti1.000Al1.000,Fe1.000,Co1.000,300.0,0.0,0.0,0.0,0.0,0.0,0.0,0.0,10.245,3.0,3.0,0.0,1.88,0.0,0.0,2.1106628,0.0,0.0,3.0,2.1106628,0.0,0.0,9.0,1.88,58.0,3.0,0.0,0.0,0.0,0.0,58.0,1.83,1.83,1768.0,194.0,1.88,1811.0,126.0,0.0,1768.0,-2.4464546712780715,2.914228876161139e-06
(Fe0.55Co0.45)2TiAl,Ti1.000Al1.000,Fe1.000,Co1.000,350.0,0.0,0.0,0.0,0.0,0.0,0.0,0.0,10.245,3.0,3.0,0.0,1.88,0.0,0.0,2.1106628,0.0,0.0,3.0,2.1106628,0.0,0.0,9.0,1.88,58.0,3.0,0.0,0.0,0.0,0.0,58.0,1.83,1.83,1768.0,194.0,1.88,1811.0,126.0,0.0,1768.0,-3.3986373830257173,3.000917499330611e-06
(Fe0.55Co0.45)2TiAl,Ti1.000Al1.000,Fe1.000,Co1.000,400.0,0.0,0.0,0.0,0.0,0.0,0.0,0.0,10.245,3.0,3.0,0.0,1.88,0.0,0.0,2.1106628,0.0,0.0,3.0,2.1106628,0.0,0.0,9.0,1.88,58.0,3.0,0.0,0.0,0.0,0.0,58.0,1.83,1.83,1768.0,194.0,1.88,1811.0,126.0,0.0,1768.0,-4.76551909155855,3.0631327872528927e-06
(Fe0.55Co0.45)2TiAl,Ti1.000Al1.000,Fe1.000,Co1.000,450.0,0.0,0.0,0.0,0.0,0.0,0.0,0.0,10.245,3.0,3.0,0.0,1.88,0.0,0.0,2.1106628,0.0,0.0,3.0,2.1106628,0.0,0.0,9.0,1.88,58.0,3.0,0.0,0.0,0.0,0.0,58.0,1.83,1.83,1768.0,194.0,1.88,1811.0,126.0,0.0,1768.0,-6.58524667803893,3.100507430479763e-06
(Fe0.55Co0.45)2TiAl,Ti1.000Al1.000,Fe1.000,Co1.000,500.0,0.0,0.0,0.0,0.0,0.0,0.0,0.0,10.245,3.0,3.0,0.0,1.88,0.0,0.0,2.1106628,0.0,0.0,3.0,2.1106628,0.0,0.0,9.0,1.88,58.0,3.0,0.0,0.0,0.0,0.0,58.0,1.83,1.83,1768.0,194.0,1.88,1811.0,126.0,0.0,1768.0,-8.876546913115689,3.114131155279466e-06
(Fe0.55Co0.45)2TiAl,Ti1.000Al1.000,Fe1.000,Co1.000,550.0,0.0,0.0,0.0,0.0,0.0,0.0,0.0,10.245,3.0,3.0,0.0,1.88,0.0,0.0,2.1106628,0.0,0.0,3.0,2.1106628,0.0,0.0,9.0,1.88,58.0,3.0,0.0,0.0,0.0,0.0,58.0,1.83,1.83,1768.0,194.0,1.88,1811.0,126.0,0.0,1768.0,-11.639294063760744,3.106259799817572e-06
(Fe0.55Co0.45)2TiAl,Ti1.000Al1.000,Fe1.000,Co1.000,600.0,0.0,0.0,0.0,0.0,0.0,0.0,0.0,10.245,3.0,3.0,0.0,1.88,0.0,0.0,2.1106628,0.0,0.0,3.0,2.1106628,0.0,0.0,9.0,1.88,58.0,3.0,0.0,0.0,0.0,0.0,58.0,1.83,1.83,1768.0,194.0,1.88,1811.0,126.0,0.0,1768.0,-14.85507750010573,3.080024390337845e-06
(Fe0.55Co0.45)2TiAl,Ti1.000Al1.000,Fe1.000,Co1.000,650.0,0.0,0.0,0.0,0.0,0.0,0.0,0.0,10.245,3.0,3.0,0.0,1.88,0.0,0.0,2.1106628,0.0,0.0,3.0,2.1106628,0.0,0.0,9.0,1.88,58.0,3.0,0.0,0.0,0.0,0.0,58.0,1.83,1.83,1768.0,194.0,1.88,1811.0,126.0,0.0,1768.0,-18.48776930227863,3.0391402173430974e-06
(Fe0.55Co0.45)2TiAl,Ti1.000Al1.000,Fe1.000,Co1.000,700.0,0.0,0.0,0.0,0.0,0.0,0.0,0.0,10.245,3.0,3.0,0.0,1.88,0.0,0.0,2.1106628,0.0,0.0,3.0,2.1106628,0.0,0.0,9.0,1.88,58.0,3.0,0.0,0.0,0.0,0.0,58.0,1.83,1.83,1768.0,194.0,1.88,1811.0,126.0,0.0,1768.0,-22.48409186724031,2.987615911776062e-06
(Fe0.65Co0.35)2TiAl,Fe1.300Co0.700,Ti1.000,Al1.000,100.0,0.0,0.0,0.0,0.0,0.0,0.0,0.0,16.48,0.0,0.0,0.0,1.61,0.0,0.0,2.25333333333e-05,0.0,0.0,5.0,2.25333333333e-05,0.0,0.0,13.0,1.61,73.0,5.0,0.0,5.0,0.0,0.0,73.0,1.54,1.54,933.47,225.0,1.61,1941.0,121.0,0.0,933.47,6.754929837741742,1.9308486745530257e-06
(Fe0.65Co0.35)2TiAl,Fe1.300Co0.700,Ti1.000,Al1.000,150.0,0.0,0.0,0.0,0.0,0.0,0.0,0.0,16.48,0.0,0.0,0.0,1.61,0.0,0.0,2.25333333333e-05,0.0,0.0,5.0,2.25333333333e-05,0.0,0.0,13.0,1.61,73.0,5.0,0.0,5.0,0.0,0.0,73.0,1.54,1.54,933.47,225.0,1.61,1941.0,121.0,0.0,933.47,9.516772636404417,2.0857726794749052e-06
(Fe0.65Co0.35)2TiAl,Fe1.300Co0.700,Ti1.000,Al1.000,200.0,0.0,0.0,0.0,0.0,0.0,0.0,0.0,16.48,0.0,0.0,0.0,1.61,0.0,0.0,2.25333333333e-05,0.0,0.0,5.0,2.25333333333e-05,0.0,0.0,13.0,1.61,73.0,5.0,0.0,5.0,0.0,0.0,73.0,1.54,1.54,933.47,225.0,1.61,1941.0,121.0,0.0,933.47,13.38297371832484,2.247786073341948e-06
(Fe0.65Co0.35)2TiAl,Fe1.300Co0.700,Ti1.000,Al1.000,250.0,0.0,0.0,0.0,0.0,0.0,0.0,0.0,16.48,0.0,0.0,0.0,1.61,0.0,0.0,2.25333333333e-05,0.0,0.0,5.0,2.25333333333e-05,0.0,0.0,13.0,1.61,73.0,5.0,0.0,5.0,0.0,0.0,73.0,1.54,1.54,933.47,225.0,1.61,1941.0,121.0,0.0,933.47,17.303606420543908,2.406223448648166e-06
(Fe0.65Co0.35)2TiAl,Fe1.300Co0.700,Ti1.000,Al1.000,300.0,0.0,0.0,0.0,0.0,0.0,0.0,0.0,16.48,0.0,0.0,0.0,1.61,0.0,0.0,2.25333333333e-05,0.0,0.0,5.0,2.25333333333e-05,0.0,0.0,13.0,1.61,73.0,5.0,0.0,5.0,0.0,0.0,73.0,1.54,1.54,933.47,225.0,1.61,1941.0,121.0,0.0,933.47,20.550924109136147,2.552873025220069e-06
(Fe0.65Co0.35)2TiAl,Fe1.300Co0.700,Ti1.000,Al1.000,350.0,0.0,0.0,0.0,0.0,0.0,0.0,0.0,16.48,0.0,0.0,0.0,1.61,0.0,0.0,2.25333333333e-05,0.0,0.0,5.0,2.25333333333e-05,0.0,0.0,13.0,1.61,73.0,5.0,0.0,5.0,0.0,0.0,73.0,1.54,1.54,933.47,225.0,1.61,1941.0,121.0,0.0,933.47,22.672513227210963,2.6817472774185685e-06
(Fe0.65Co0.35)2TiAl,Fe1.300Co0.700,Ti1.000,Al1.000,400.0,0.0,0.0,0.0,0.0,0.0,0.0,0.0,16.48,0.0,0.0,0.0,1.61,0.0,0.0,2.25333333333e-05,0.0,0.0,5.0,2.25333333333e-05,0.0,0.0,13.0,1.61,73.0,5.0,0.0,5.0,0.0,0.0,73.0,1.54,1.54,933.47,225.0,1.61,1941.0,121.0,0.0,933.47,23.44444634291372,2.788853561340879e-06
(Fe0.65Co0.35)2TiAl,Fe1.300Co0.700,Ti1.000,Al1.000,450.0,0.0,0.0,0.0,0.0,0.0,0.0,0.0,16.48,0.0,0.0,0.0,1.61,0.0,0.0,2.25333333333e-05,0.0,0.0,5.0,2.25333333333e-05,0.0,0.0,13.0,1.61,73.0,5.0,0.0,5.0,0.0,0.0,73.0,1.54,1.54,933.47,225.0,1.61,1941.0,121.0,0.0,933.47,22.82443519742691,2.8719647420224184e-06
(Fe0.65Co0.35)2TiAl,Fe1.300Co0.700,Ti1.000,Al1.000,500.0,0.0,0.0,0.0,0.0,0.0,0.0,0.0,16.48,0.0,0.0,0.0,1.61,0.0,0.0,2.25333333333e-05,0.0,0.0,5.0,2.25333333333e-05,0.0,0.0,13.0,1.61,73.0,5.0,0.0,5.0,0.0,0.0,73.0,1.54,1.54,933.47,225.0,1.61,1941.0,121.0,0.0,933.47,20.9049837529714,2.9303898206387093e-06
(Fe0.65Co0.35)2TiAl,Fe1.300Co0.700,Ti1.000,Al1.000,550.0,0.0,0.0,0.0,0.0,0.0,0.0,0.0,16.48,0.0,0.0,0.0,1.61,0.0,0.0,2.25333333333e-05,0.0,0.0,5.0,2.25333333333e-05,0.0,0.0,13.0,1.61,73.0,5.0,0.0,5.0,0.0,0.0,73.0,1.54,1.54,933.47,225.0,1.61,1941.0,121.0,0.0,933.47,17.866541240807607,2.9647445617072818e-06
(Fe0.65Co0.35)2TiAl,Fe1.300Co0.700,Ti1.000,Al1.000,600.0,0.0,0.0,0.0,0.0,0.0,0.0,0.0,16.48,0.0,0.0,0.0,1.61,0.0,0.0,2.25333333333e-05,0.0,0.0,5.0,2.25333333333e-05,0.0,0.0,13.0,1.61,73.0,5.0,0.0,5.0,0.0,0.0,73.0,1.54,1.54,933.47,225.0,1.61,1941.0,121.0,0.0,933.47,13.93065520923659,2.976722120289577e-06
(Fe0.65Co0.35)2TiAl,Fe1.300Co0.700,Ti1.000,Al1.000,650.0,0.0,0.0,0.0,0.0,0.0,0.0,0.0,16.48,0.0,0.0,0.0,1.61,0.0,0.0,2.25333333333e-05,0.0,0.0,5.0,2.25333333333e-05,0.0,0.0,13.0,1.61,73.0,5.0,0.0,5.0,0.0,0.0,73.0,1.54,1.54,933.47,225.0,1.61,1941.0,121.0,0.0,933.47,9.31312457160113,2.968863669192843e-06
(Fe0.65Co0.35)2TiAl,Fe1.300Co0.700,Ti1.000,Al1.000,700.0,0.0,0.0,0.0,0.0,0.0,0.0,0.0,16.48,0.0,0.0,0.0,1.61,0.0,0.0,2.25333333333e-05,0.0,0.0,5.0,2.25333333333e-05,0.0,0.0,13.0,1.61,73.0,5.0,0.0,5.0,0.0,0.0,73.0,1.54,1.54,933.47,225.0,1.61,1941.0,121.0,0.0,933.47,4.177152654287363,2.9443290261720417e-06
(Fe0.75Co0.25)2TiAl,Fe1.500Co0.500,Ti1.000,Al1.000,100.0,0.0,0.0,0.0,0.0,0.0,0.0,0.0,16.48,0.0,0.0,0.0,1.61,0.0,0.0,2.25333333333e-05,0.0,0.0,5.0,2.25333333333e-05,0.0,0.0,13.0,1.61,73.0,5.0,0.0,5.0,0.0,0.0,73.0,1.54,1.54,933.47,225.0,1.61,1941.0,121.0,0.0,933.47,9.788023295758824,1.3413397381136705e-06
(Fe0.75Co0.25)2TiAl,Fe1.500Co0.500,Ti1.000,Al1.000,150.0,0.0,0.0,0.0,0.0,0.0,0.0,0.0,16.48,0.0,0.0,0.0,1.61,0.0,0.0,2.25333333333e-05,0.0,0.0,5.0,2.25333333333e-05,0.0,0.0,13.0,1.61,73.0,5.0,0.0,5.0,0.0,0.0,73.0,1.54,1.54,933.47,225.0,1.61,1941.0,121.0,0.0,933.47,14.341826896590328,1.4856331455504262e-06
(Fe0.75Co0.25)2TiAl,Fe1.500Co0.500,Ti1.000,Al1.000,200.0,0.0,0.0,0.0,0.0,0.0,0.0,0.0,16.48,0.0,0.0,0.0,1.61,0.0,0.0,2.25333333333e-05,0.0,0.0,5.0,2.25333333333e-05,0.0,0.0,13.0,1.61,73.0,5.0,0.0,5.0,0.0,0.0,73.0,1.54,1.54,933.47,225.0,1.61,1941.0,121.0,0.0,933.47,19.422590726742506,1.6490862718397022e-06
(Fe0.75Co0.25)2TiAl,Fe1.500Co0.500,Ti1.000,Al1.000,250.0,0.0,0.0,0.0,0.0,0.0,0.0,0.0,16.48,0.0,0.0,0.0,1.61,0.0,0.0,2.25333333333e-05,0.0,0.0,5.0,2.25333333333e-05,0.0,0.0,13.0,1.61,73.0,5.0,0.0,5.0,0.0,0.0,73.0,1.54,1.54,933.47,225.0,1.61,1941.0,121.0,0.0,933.47,24.358667910680836,1.819817022456957e-06
(Fe0.75Co0.25)2TiAl,Fe1.500Co0.500,Ti1.000,Al1.000,300.0,0.0,0.0,0.0,0.0,0.0,0.0,0.0,16.48,0.0,0.0,0.0,1.61,0.0,0.0,2.25333333333e-05,0.0,0.0,5.0,2.25333333333e-05,0.0,0.0,13.0,1.61,73.0,5.0,0.0,5.0,0.0,0.0,73.0,1.54,1.54,933.47,225.0,1.61,1941.0,121.0,0.0,933.47,28.695951373940304,1.9882672945440012e-06
(Fe0.75Co0.25)2TiAl,Fe1.500Co0.500,Ti1.000,Al1.000,350.0,0.0,0.0,0.0,0.0,0.0,0.0,0.0,16.48,0.0,0.0,0.0,1.61,0.0,0.0,2.25333333333e-05,0.0,0.0,5.0,2.25333333333e-05,0.0,0.0,13.0,1.61,73.0,5.0,0.0,5.0,0.0,0.0,73.0,1.54,1.54,933.47,225.0,1.61,1941.0,121.0,0.0,933.47,32.15426093976532,2.1470081890038903e-06
(Fe0.75Co0.25)2TiAl,Fe1.500Co0.500,Ti1.000,Al1.000,400.0,0.0,0.0,0.0,0.0,0.0,0.0,0.0,16.48,0.0,0.0,0.0,1.61,0.0,0.0,2.25333333333e-05,0.0,0.0,5.0,2.25333333333e-05,0.0,0.0,13.0,1.61,73.0,5.0,0.0,5.0,0.0,0.0,73.0,1.54,1.54,933.47,225.0,1.61,1941.0,121.0,0.0,933.47,34.58373042574973,2.290545222595815e-06
(Fe0.75Co0.25)2TiAl,Fe1.500Co0.500,Ti1.000,Al1.000,450.0,0.0,0.0,0.0,0.0,0.0,0.0,0.0,16.48,0.0,0.0,0.0,1.61,0.0,0.0,2.25333333333e-05,0.0,0.0,5.0,2.25333333333e-05,0.0,0.0,13.0,1.61,73.0,5.0,0.0,5.0,0.0,0.0,73.0,1.54,1.54,933.47,225.0,1.61,1941.0,121.0,0.0,933.47,35.92119474047672,2.4151235400299954e-06
(Fe0.75Co0.25)2TiAl,Fe1.500Co0.500,Ti1.000,Al1.000,500.0,0.0,0.0,0.0,0.0,0.0,0.0,0.0,16.48,0.0,0.0,0.0,1.61,0.0,0.0,2.25333333333e-05,0.0,0.0,5.0,2.25333333333e-05,0.0,0.0,13.0,1.61,73.0,5.0,0.0,5.0,0.0,0.0,73.0,1.54,1.54,933.47,225.0,1.61,1941.0,121.0,0.0,933.47,36.1465769801587,2.51853312606257e-06
(Fe0.75Co0.25)2TiAl,Fe1.500Co0.500,Ti1.000,Al1.000,550.0,0.0,0.0,0.0,0.0,0.0,0.0,0.0,16.48,0.0,0.0,0.0,1.61,0.0,0.0,2.25333333333e-05,0.0,0.0,5.0,2.25333333333e-05,0.0,0.0,13.0,1.61,73.0,5.0,0.0,5.0,0.0,0.0,73.0,1.54,1.54,933.47,225.0,1.61,1941.0,121.0,0.0,933.47,35.23927552527742,2.59991401759049e-06
(Fe0.75Co0.25)2TiAl,Fe1.500Co0.500,Ti1.000,Al1.000,600.0,0.0,0.0,0.0,0.0,0.0,0.0,0.0,16.48,0.0,0.0,0.0,1.61,0.0,0.0,2.25333333333e-05,0.0,0.0,5.0,2.25333333333e-05,0.0,0.0,13.0,1.61,73.0,5.0,0.0,5.0,0.0,0.0,73.0,1.54,1.54,933.47,225.0,1.61,1941.0,121.0,0.0,933.47,33.134551137223795,2.659561515746412e-06
(Fe0.75Co0.25)2TiAl,Fe1.500Co0.500,Ti1.000,Al1.000,650.0,0.0,0.0,0.0,0.0,0.0,0.0,0.0,16.48,0.0,0.0,0.0,1.61,0.0,0.0,2.25333333333e-05,0.0,0.0,5.0,2.25333333333e-05,0.0,0.0,13.0,1.61,73.0,5.0,0.0,5.0,0.0,0.0,73.0,1.54,1.54,933.47,225.0,1.61,1941.0,121.0,0.0,933.47,29.679914054937782,2.698731397993584e-06
(Fe0.75Co0.25)2TiAl,Fe1.500Co0.500,Ti1.000,Al1.000,700.0,0.0,0.0,0.0,0.0,0.0,0.0,0.0,16.48,0.0,0.0,0.0,1.61,0.0,0.0,2.25333333333e-05,0.0,0.0,5.0,2.25333333333e-05,0.0,0.0,13.0,1.61,73.0,5.0,0.0,5.0,0.0,0.0,73.0,1.54,1.54,933.47,225.0,1.61,1941.0,121.0,0.0,933.47,24.591511091548593,2.7194451302207476e-06
(Fe0.3Co0.7)2TiAl,Fe0.600Co1.400,Ti1.000,Al1.000,100.0,0.0,0.0,0.0,0.0,0.0,0.0,0.0,16.48,0.0,0.0,0.0,1.61,0.0,0.0,2.25333333333e-05,0.0,0.0,5.0,2.25333333333e-05,0.0,0.0,13.0,1.61,73.0,5.0,0.0,5.0,0.0,0.0,73.0,1.54,1.54,933.47,225.0,1.61,1941.0,121.0,0.0,933.47,-6.99019557337252,1.1280466911827528e-06
(Fe0.3Co0.7)2TiAl,Fe0.600Co1.400,Ti1.000,Al1.000,150.0,0.0,0.0,0.0,0.0,0.0,0.0,0.0,16.48,0.0,0.0,0.0,1.61,0.0,0.0,2.25333333333e-05,0.0,0.0,5.0,2.25333333333e-05,0.0,0.0,13.0,1.61,73.0,5.0,0.0,5.0,0.0,0.0,73.0,1.54,1.54,933.47,225.0,1.61,1941.0,121.0,0.0,933.47,-11.505958277899236,1.271092028369568e-06
(Fe0.3Co0.7)2TiAl,Fe0.600Co1.400,Ti1.000,Al1.000,200.0,0.0,0.0,0.0,0.0,0.0,0.0,0.0,16.48,0.0,0.0,0.0,1.61,0.0,0.0,2.25333333333e-05,0.0,0.0,5.0,2.25333333333e-05,0.0,0.0,13.0,1.61,73.0,5.0,0.0,5.0,0.0,0.0,73.0,1.54,1.54,933.47,225.0,1.61,1941.0,121.0,0.0,933.47,-19.017704376880772,1.4179919297196515e-06
(Fe0.3Co0.7)2TiAl,Fe0.600Co1.400,Ti1.000,Al1.000,250.0,0.0,0.0,0.0,0.0,0.0,0.0,0.0,16.48,0.0,0.0,0.0,1.61,0.0,0.0,2.25333333333e-05,0.0,0.0,5.0,2.25333333333e-05,0.0,0.0,13.0,1.61,73.0,5.0,0.0,5.0,0.0,0.0,73.0,1.54,1.54,933.47,225.0,1.61,1941.0,121.0,0.0,933.47,-27.303460337017448,1.5626522443435338e-06
(Fe0.3Co0.7)2TiAl,Fe0.600Co1.400,Ti1.000,Al1.000,300.0,0.0,0.0,0.0,0.0,0.0,0.0,0.0,16.48,0.0,0.0,0.0,1.61,0.0,0.0,2.25333333333e-05,0.0,0.0,5.0,2.25333333333e-05,0.0,0.0,13.0,1.61,73.0,5.0,0.0,5.0,0.0,0.0,73.0,1.54,1.54,933.47,225.0,1.61,1941.0,121.0,0.0,933.47,-35.02454327740847,1.7003409255920089e-06
(Fe0.3Co0.7)2TiAl,Fe0.600Co1.400,Ti1.000,Al1.000,350.0,0.0,0.0,0.0,0.0,0.0,0.0,0.0,16.48,0.0,0.0,0.0,1.61,0.0,0.0,2.25333333333e-05,0.0,0.0,5.0,2.25333333333e-05,0.0,0.0,13.0,1.61,73.0,5.0,0.0,5.0,0.0,0.0,73.0,1.54,1.54,933.47,225.0,1.61,1941.0,121.0,0.0,933.47,-41.54564867142541,1.827558936680428e-06
(Fe0.3Co0.7)2TiAl,Fe0.600Co1.400,Ti1.000,Al1.000,400.0,0.0,0.0,0.0,0.0,0.0,0.0,0.0,16.48,0.0,0.0,0.0,1.61,0.0,0.0,2.25333333333e-05,0.0,0.0,5.0,2.25333333333e-05,0.0,0.0,13.0,1.61,73.0,5.0,0.0,5.0,0.0,0.0,73.0,1.54,1.54,933.47,225.0,1.61,1941.0,121.0,0.0,933.47,-46.75493804858631,1.941911156312995e-06
(Fe0.3Co0.7)2TiAl,Fe0.600Co1.400,Ti1.000,Al1.000,450.0,0.0,0.0,0.0,0.0,0.0,0.0,0.0,16.48,0.0,0.0,0.0,1.61,0.0,0.0,2.25333333333e-05,0.0,0.0,5.0,2.25333333333e-05,0.0,0.0,13.0,1.61,73.0,5.0,0.0,5.0,0.0,0.0,73.0,1.54,1.54,933.47,225.0,1.61,1941.0,121.0,0.0,933.47,-50.88412669642898,2.041977284307058e-06
(Fe0.3Co0.7)2TiAl,Fe0.600Co1.400,Ti1.000,Al1.000,500.0,0.0,0.0,0.0,0.0,0.0,0.0,0.0,16.48,0.0,0.0,0.0,1.61,0.0,0.0,2.25333333333e-05,0.0,0.0,5.0,2.25333333333e-05,0.0,0.0,13.0,1.61,73.0,5.0,0.0,5.0,0.0,0.0,73.0,1.54,1.54,933.47,225.0,1.61,1941.0,121.0,0.0,933.47,-54.32857136238483,2.127182747217406e-06
(Fe0.3Co0.7)2TiAl,Fe0.600Co1.400,Ti1.000,Al1.000,550.0,0.0,0.0,0.0,0.0,0.0,0.0,0.0,16.48,0.0,0.0,0.0,1.61,0.0,0.0,2.25333333333e-05,0.0,0.0,5.0,2.25333333333e-05,0.0,0.0,13.0,1.61,73.0,5.0,0.0,5.0,0.0,0.0,73.0,1.54,1.54,933.47,225.0,1.61,1941.0,121.0,0.0,933.47,-57.46735795565285,2.1976696039605617e-06
(Fe0.3Co0.7)2TiAl,Fe0.600Co1.400,Ti1.000,Al1.000,600.0,0.0,0.0,0.0,0.0,0.0,0.0,0.0,16.48,0.0,0.0,0.0,1.61,0.0,0.0,2.25333333333e-05,0.0,0.0,5.0,2.25333333333e-05,0.0,0.0,13.0,1.61,73.0,5.0,0.0,5.0,0.0,0.0,73.0,1.54,1.54,933.47,225.0,1.61,1941.0,121.0,0.0,933.47,-60.48338924907265,2.2541674514390732e-06
(Fe0.3Co0.7)2TiAl,Fe0.600Co1.400,Ti1.000,Al1.000,650.0,0.0,0.0,0.0,0.0,0.0,0.0,0.0,16.48,0.0,0.0,0.0,1.61,0.0,0.0,2.25333333333e-05,0.0,0.0,5.0,2.25333333333e-05,0.0,0.0,13.0,1.61,73.0,5.0,0.0,5.0,0.0,0.0,73.0,1.54,1.54,933.47,225.0,1.61,1941.0,121.0,0.0,933.47,-63.183472580999485,2.2978643301658127e-06
(Fe0.3Co0.7)2TiAl,Fe0.600Co1.400,Ti1.000,Al1.000,700.0,0.0,0.0,0.0,0.0,0.0,0.0,0.0,16.48,0.0,0.0,0.0,1.61,0.0,0.0,2.25333333333e-05,0.0,0.0,5.0,2.25333333333e-05,0.0,0.0,13.0,1.61,73.0,5.0,0.0,5.0,0.0,0.0,73.0,1.54,1.54,933.47,225.0,1.61,1941.0,121.0,0.0,933.47,-64.81840755717518,2.3302776298882686e-06
Fe2(V0.90Ta0.10)Al ,Fe2.000,V1.000,Ta0.091Al0.909,300.0,1.6400000000000006,0.0,0.0,153.9663414,60.0,0.0,0.0,16.62924,7.0,0.637,4.0,1.5999900000000002,7.0,3.0,0.0,14.0,16.0,7.0,0.0,2.0,25.0,5.0,1.5,48.0,5.182,8.0,4.545,0.1100000000000001,0.0,70.725,1.63,1.63,1147.91423,225.364,1.61,2183.0,125.459,0.0,3290.0,32.894249549746625,8.755711924844103e-06
Fe2(V0.90Ta0.10)Al ,Fe2.000,V1.000,Ta0.091Al0.909,350.0,1.6400000000000006,0.0,0.0,153.9663414,60.0,0.0,0.0,16.62924,7.0,0.637,4.0,1.5999900000000002,7.0,3.0,0.0,14.0,16.0,7.0,0.0,2.0,25.0,5.0,1.5,48.0,5.182,8.0,4.545,0.1100000000000001,0.0,70.725,1.63,1.63,1147.91423,225.364,1.61,2183.0,125.459,0.0,3290.0,38.193953964281505,6.73336322781327e-06
Fe2(V0.90Ta0.10)Al ,Fe2.000,V1.000,Ta0.091Al0.909,400.0,1.6400000000000006,0.0,0.0,153.9663414,60.0,0.0,0.0,16.62924,7.0,0.637,4.0,1.5999900000000002,7.0,3.0,0.0,14.0,16.0,7.0,0.0,2.0,25.0,5.0,1.5,48.0,5.182,8.0,4.545,0.1100000000000001,0.0,70.725,1.63,1.63,1147.91423,225.364,1.61,2183.0,125.459,0.0,3290.0,38.930752322018584,5.388436814181841e-06
Fe2(V0.90Ta0.10)Al ,Fe2.000,V1.000,Ta0.091Al0.909,450.0,1.6400000000000006,0.0,0.0,153.9663414,60.0,0.0,0.0,16.62924,7.0,0.637,4.0,1.5999900000000002,7.0,3.0,0.0,14.0,16.0,7.0,0.0,2.0,25.0,5.0,1.5,48.0,5.182,8.0,4.545,0.1100000000000001,0.0,70.725,1.63,1.63,1147.91423,225.364,1.61,2183.0,125.459,0.0,3290.0,35.35849572299958,4.528531715494342e-06
Fe2(V0.90Ta0.10)Al ,Fe2.000,V1.000,Ta0.091Al0.909,500.0,1.6400000000000006,0.0,0.0,153.9663414,60.0,0.0,0.0,16.62924,7.0,0.637,4.0,1.5999900000000002,7.0,3.0,0.0,14.0,16.0,7.0,0.0,2.0,25.0,5.0,1.5,48.0,5.182,8.0,4.545,0.1100000000000001,0.0,70.725,1.63,1.63,1147.91423,225.364,1.61,2183.0,125.459,0.0,3290.0,28.691203732530685,4.000840938295577e-06
Fe2(V0.90Ta0.10)Al ,Fe2.000,V1.000,Ta0.091Al0.909,550.0,1.6400000000000006,0.0,0.0,153.9663414,60.0,0.0,0.0,16.62924,7.0,0.637,4.0,1.5999900000000002,7.0,3.0,0.0,14.0,16.0,7.0,0.0,2.0,25.0,5.0,1.5,48.0,5.182,8.0,4.545,0.1100000000000001,0.0,70.725,1.63,1.63,1147.91423,225.364,1.61,2183.0,125.459,0.0,3290.0,20.867686300119267,3.6877862640670586e-06
Fe2(V0.87Ti0.03Ta0.10)Al ,Fe2.000,V1.000,Ti0.027Ta0.088Al0.885,150.0,1.6400000000000006,0.0,0.0,153.9663414,60.0,0.0,2.25333333333e-05,16.62999,8.0,0.832,35.0,1.5984300000000002,8.0,3.0,0.0,14.0,16.0,8.0,0.0,3.0,30.0,4.0,1.5,43.0,5.257,9.0,4.425,0.1100000000000001,0.0,69.99000000000001,1.63,1.63,1168.04795,224.515,1.61,2183.0,126.365,0.0,3290.0,51.63906297238172,1.7727538427865788e-06
Fe2(V0.87Ti0.03Ta0.10)Al ,Fe2.000,V1.000,Ti0.027Ta0.088Al0.885,200.0,1.6400000000000006,0.0,0.0,153.9663414,60.0,0.0,2.25333333333e-05,16.62999,8.0,0.832,35.0,1.5984300000000002,8.0,3.0,0.0,14.0,16.0,8.0,0.0,3.0,30.0,4.0,1.5,43.0,5.257,9.0,4.425,0.1100000000000001,0.0,69.99000000000001,1.63,1.63,1168.04795,224.515,1.61,2183.0,126.365,0.0,3290.0,64.25318025302148,1.94539656008153e-06
Fe2(V0.87Ti0.03Ta0.10)Al ,Fe2.000,V1.000,Ti0.027Ta0.088Al0.885,250.0,1.6400000000000006,0.0,0.0,153.9663414,60.0,0.0,2.25333333333e-05,16.62999,8.0,0.832,35.0,1.5984300000000002,8.0,3.0,0.0,14.0,16.0,8.0,0.0,3.0,30.0,4.0,1.5,43.0,5.257,9.0,4.425,0.1100000000000001,0.0,69.99000000000001,1.63,1.63,1168.04795,224.515,1.61,2183.0,126.365,0.0,3290.0,75.39675117545222,2.146142776826658e-06
Fe2(V0.87Ti0.03Ta0.10)Al ,Fe2.000,V1.000,Ti0.027Ta0.088Al0.885,300.0,1.6400000000000006,0.0,0.0,153.9663414,60.0,0.0,2.25333333333e-05,16.62999,8.0,0.832,35.0,1.5984300000000002,8.0,3.0,0.0,14.0,16.0,8.0,0.0,3.0,30.0,4.0,1.5,43.0,5.257,9.0,4.425,0.1100000000000001,0.0,69.99000000000001,1.63,1.63,1168.04795,224.515,1.61,2183.0,126.365,0.0,3290.0,84.10416874358445,2.350795225951035e-06
Fe2(V0.87Ti0.03Ta0.10)Al ,Fe2.000,V1.000,Ti0.027Ta0.088Al0.885,350.0,1.6400000000000006,0.0,0.0,153.9663414,60.0,0.0,2.25333333333e-05,16.62999,8.0,0.832,35.0,1.5984300000000002,8.0,3.0,0.0,14.0,16.0,8.0,0.0,3.0,30.0,4.0,1.5,43.0,5.257,9.0,4.425,0.1100000000000001,0.0,69.99000000000001,1.63,1.63,1168.04795,224.515,1.61,2183.0,126.365,0.0,3290.0,88.86255056184034,2.5416301904082694e-06
Fe2(V0.87Ti0.03Ta0.10)Al ,Fe2.000,V1.000,Ti0.027Ta0.088Al0.885,400.0,1.6400000000000006,0.0,0.0,153.9663414,60.0,0.0,2.25333333333e-05,16.62999,8.0,0.832,35.0,1.5984300000000002,8.0,3.0,0.0,14.0,16.0,8.0,0.0,3.0,30.0,4.0,1.5,43.0,5.257,9.0,4.425,0.1100000000000001,0.0,69.99000000000001,1.63,1.63,1168.04795,224.515,1.61,2183.0,126.365,0.0,3290.0,88.30660506420037,2.7066431994061643e-06
Fe2(V0.87Ti0.03Ta0.10)Al ,Fe2.000,V1.000,Ti0.027Ta0.088Al0.885,450.0,1.6400000000000006,0.0,0.0,153.9663414,60.0,0.0,2.25333333333e-05,16.62999,8.0,0.832,35.0,1.5984300000000002,8.0,3.0,0.0,14.0,16.0,8.0,0.0,3.0,30.0,4.0,1.5,43.0,5.257,9.0,4.425,0.1100000000000001,0.0,69.99000000000001,1.63,1.63,1168.04795,224.515,1.61,2183.0,126.365,0.0,3290.0,81.91349774324976,2.838794724636385e-06
Fe2(V0.87Ti0.03Ta0.10)Al ,Fe2.000,V1.000,Ti0.027Ta0.088Al0.885,500.0,1.6400000000000006,0.0,0.0,153.9663414,60.0,0.0,2.25333333333e-05,16.62999,8.0,0.832,35.0,1.5984300000000002,8.0,3.0,0.0,14.0,16.0,8.0,0.0,3.0,30.0,4.0,1.5,43.0,5.257,9.0,4.425,0.1100000000000001,0.0,69.99000000000001,1.63,1.63,1168.04795,224.515,1.61,2183.0,126.365,0.0,3290.0,70.69771737922493,2.935255876504116e-06
Fe2(V0.87Ti0.03Ta0.10)Al ,Fe2.000,V1.000,Ti0.027Ta0.088Al0.885,550.0,1.6400000000000006,0.0,0.0,153.9663414,60.0,0.0,2.25333333333e-05,16.62999,8.0,0.832,35.0,1.5984300000000002,8.0,3.0,0.0,14.0,16.0,8.0,0.0,3.0,30.0,4.0,1.5,43.0,5.257,9.0,4.425,0.1100000000000001,0.0,69.99000000000001,1.63,1.63,1168.04795,224.515,1.61,2183.0,126.365,0.0,3290.0,57.90594226906072,2.996654100357733e-06
Fe2(V0.8Ti0.1Ta0.10)Al,Fe2.000,V0.889Ti0.111,Ta0.091Al0.909,150.0,1.6400000000000006,0.0,2.25333333333e-05,153.9663414,60.0,35.0,0.0,16.62924,7.0,0.637,4.0,1.5999900000000002,7.0,3.0,2.5011999999963e-06,14.0,16.0,7.0,2.25333333333e-05,2.0,25.0,5.0,1.5,48.0,5.182,8.0,4.545,0.1100000000000001,0.0899999999999998,70.725,1.62001,1.54,1147.91423,225.364,1.61,2156.138,125.459,0.0,3290.0,32.68670437415278,6.407564175964639e-07
Fe2(V0.8Ti0.1Ta0.10)Al,Fe2.000,V0.889Ti0.111,Ta0.091Al0.909,200.0,1.6400000000000006,0.0,2.25333333333e-05,153.9663414,60.0,35.0,0.0,16.62924,7.0,0.637,4.0,1.5999900000000002,7.0,3.0,2.5011999999963e-06,14.0,16.0,7.0,2.25333333333e-05,2.0,25.0,5.0,1.5,48.0,5.182,8.0,4.545,0.1100000000000001,0.0899999999999998,70.725,1.62001,1.54,1147.91423,225.364,1.61,2156.138,125.459,0.0,3290.0,39.34960506876225,8.213541880526208e-07
Fe2(V0.8Ti0.1Ta0.10)Al,Fe2.000,V0.889Ti0.111,Ta0.091Al0.909,250.0,1.6400000000000006,0.0,2.25333333333e-05,153.9663414,60.0,35.0,0.0,16.62924,7.0,0.637,4.0,1.5999900000000002,7.0,3.0,2.5011999999963e-06,14.0,16.0,7.0,2.25333333333e-05,2.0,25.0,5.0,1.5,48.0,5.182,8.0,4.545,0.1100000000000001,0.0899999999999998,70.725,1.62001,1.54,1147.91423,225.364,1.61,2156.138,125.459,0.0,3290.0,46.57810289267681,1.0550151021170735e-06
Fe2(V0.8Ti0.1Ta0.10)Al,Fe2.000,V0.889Ti0.111,Ta0.091Al0.909,300.0,1.6400000000000006,0.0,2.25333333333e-05,153.9663414,60.0,35.0,0.0,16.62924,7.0,0.637,4.0,1.5999900000000002,7.0,3.0,2.5011999999963e-06,14.0,16.0,7.0,2.25333333333e-05,2.0,25.0,5.0,1.5,48.0,5.182,8.0,4.545,0.1100000000000001,0.0899999999999998,70.725,1.62001,1.54,1147.91423,225.364,1.61,2156.138,125.459,0.0,3290.0,54.32256794135101,1.3185361108645295e-06
Fe2(V0.8Ti0.1Ta0.10)Al,Fe2.000,V0.889Ti0.111,Ta0.091Al0.909,350.0,1.6400000000000006,0.0,2.25333333333e-05,153.9663414,60.0,35.0,0.0,16.62924,7.0,0.637,4.0,1.5999900000000002,7.0,3.0,2.5011999999963e-06,14.0,16.0,7.0,2.25333333333e-05,2.0,25.0,5.0,1.5,48.0,5.182,8.0,4.545,0.1100000000000001,0.0899999999999998,70.725,1.62001,1.54,1147.91423,225.364,1.61,2156.138,125.459,0.0,3290.0,61.94952499956968,1.592676691779507e-06
Fe2(V0.8Ti0.1Ta0.10)Al,Fe2.000,V0.889Ti0.111,Ta0.091Al0.909,400.0,1.6400000000000006,0.0,2.25333333333e-05,153.9663414,60.0,35.0,0.0,16.62924,7.0,0.637,4.0,1.5999900000000002,7.0,3.0,2.5011999999963e-06,14.0,16.0,7.0,2.25333333333e-05,2.0,25.0,5.0,1.5,48.0,5.182,8.0,4.545,0.1100000000000001,0.0899999999999998,70.725,1.62001,1.54,1147.91423,225.364,1.61,2156.138,125.459,0.0,3290.0,68.47671610348739,1.8618680137872123e-06
Fe2(V0.8Ti0.1Ta0.10)Al,Fe2.000,V0.889Ti0.111,Ta0.091Al0.909,450.0,1.6400000000000006,0.0,2.25333333333e-05,153.9663414,60.0,35.0,0.0,16.62924,7.0,0.637,4.0,1.5999900000000002,7.0,3.0,2.5011999999963e-06,14.0,16.0,7.0,2.25333333333e-05,2.0,25.0,5.0,1.5,48.0,5.182,8.0,4.545,0.1100000000000001,0.0899999999999998,70.725,1.62001,1.54,1147.91423,225.364,1.61,2156.138,125.459,0.0,3290.0,72.80816310266812,2.1139221022844075e-06
Fe2(V0.8Ti0.1Ta0.10)Al,Fe2.000,V0.889Ti0.111,Ta0.091Al0.909,500.0,1.6400000000000006,0.0,2.25333333333e-05,153.9663414,60.0,35.0,0.0,16.62924,7.0,0.637,4.0,1.5999900000000002,7.0,3.0,2.5011999999963e-06,14.0,16.0,7.0,2.25333333333e-05,2.0,25.0,5.0,1.5,48.0,5.182,8.0,4.545,0.1100000000000001,0.0899999999999998,70.725,1.62001,1.54,1147.91423,225.364,1.61,2156.138,125.459,0.0,3290.0,73.96923022212515,2.339741004170288e-06
Fe2(V0.8Ti0.1Ta0.10)Al,Fe2.000,V0.889Ti0.111,Ta0.091Al0.909,550.0,1.6400000000000006,0.0,2.25333333333e-05,153.9663414,60.0,35.0,0.0,16.62924,7.0,0.637,4.0,1.5999900000000002,7.0,3.0,2.5011999999963e-06,14.0,16.0,7.0,2.25333333333e-05,2.0,25.0,5.0,1.5,48.0,5.182,8.0,4.545,0.1100000000000001,0.0899999999999998,70.725,1.62001,1.54,1147.91423,225.364,1.61,2156.138,125.459,0.0,3290.0,71.34168662436012,2.5330259528773536e-06
(Fe1.98)V1.02Al ,Fe2.000,V1.000,Al1.000,100.0,0.0,0.0,0.0,0.0,0.0,0.0,0.0,16.48,0.0,0.0,0.0,1.61,0.0,0.0,0.0,0.0,0.0,5.0,0.0,0.0,0.0,13.0,1.61,73.0,5.0,0.0,5.0,0.0,0.0,73.0,1.63,1.63,933.47,225.0,1.61,2183.0,121.0,0.0,933.47,-60.16378805383463,5.667952418725244e-06
(Fe1.98)V1.02Al ,Fe2.000,V1.000,Al1.000,150.0,0.0,0.0,0.0,0.0,0.0,0.0,0.0,16.48,0.0,0.0,0.0,1.61,0.0,0.0,0.0,0.0,0.0,5.0,0.0,0.0,0.0,13.0,1.61,73.0,5.0,0.0,5.0,0.0,0.0,73.0,1.63,1.63,933.47,225.0,1.61,2183.0,121.0,0.0,933.47,-92.7415608893456,6.197048984064848e-06
(Fe1.98)V1.02Al ,Fe2.000,V1.000,Al1.000,200.0,0.0,0.0,0.0,0.0,0.0,0.0,0.0,16.48,0.0,0.0,0.0,1.61,0.0,0.0,0.0,0.0,0.0,5.0,0.0,0.0,0.0,13.0,1.61,73.0,5.0,0.0,5.0,0.0,0.0,73.0,1.63,1.63,933.47,225.0,1.61,2183.0,121.0,0.0,933.47,-107.180055541,6.574654539027119e-06
(Fe1.98)V1.02Al ,Fe2.000,V1.000,Al1.000,250.0,0.0,0.0,0.0,0.0,0.0,0.0,0.0,16.48,0.0,0.0,0.0,1.61,0.0,0.0,0.0,0.0,0.0,5.0,0.0,0.0,0.0,13.0,1.61,73.0,5.0,0.0,5.0,0.0,0.0,73.0,1.63,1.63,933.47,225.0,1.61,2183.0,121.0,0.0,933.47,-100.6084936186,6.725507548715349e-06
(Fe1.98)V1.02Al ,Fe2.000,V1.000,Al1.000,300.0,0.0,0.0,0.0,0.0,0.0,0.0,0.0,16.48,0.0,0.0,0.0,1.61,0.0,0.0,0.0,0.0,0.0,5.0,0.0,0.0,0.0,13.0,1.61,73.0,5.0,0.0,5.0,0.0,0.0,73.0,1.63,1.63,933.47,225.0,1.61,2183.0,121.0,0.0,933.47,-79.06894666914587,6.626060245368138e-06
(Fe1.98)V1.02Al ,Fe2.000,V1.000,Al1.000,350.0,0.0,0.0,0.0,0.0,0.0,0.0,0.0,16.48,0.0,0.0,0.0,1.61,0.0,0.0,0.0,0.0,0.0,5.0,0.0,0.0,0.0,13.0,1.61,73.0,5.0,0.0,5.0,0.0,0.0,73.0,1.63,1.63,933.47,225.0,1.61,2183.0,121.0,0.0,933.47,-53.583277929128634,6.294285597861935e-06
(Fe1.98)V1.02Al ,Fe2.000,V1.000,Al1.000,400.0,0.0,0.0,0.0,0.0,0.0,0.0,0.0,16.48,0.0,0.0,0.0,1.61,0.0,0.0,0.0,0.0,0.0,5.0,0.0,0.0,0.0,13.0,1.61,73.0,5.0,0.0,5.0,0.0,0.0,73.0,1.63,1.63,933.47,225.0,1.61,2183.0,121.0,0.0,933.47,-36.22008407748414,5.7794842812135755e-06
(Fe1.9Ir0.03)V1.02Al ,Fe2.000,V1.000,Ir0.029Al0.971,100.0,2.2699999999999996,0.0,0.0,165.23546140000002,64.0,0.0,0.0,16.41417,3.0,0.087,0.0,1.62711,3.0,3.0,0.0,14.0,20.0,5.0,0.0,2.0,13.0,9.0,1.61,60.0,4.941999999999999,4.0,4.8549999999999995,0.5900000000000001,0.0,72.62299999999999,1.63,1.63,985.83037,225.0,2.2,2183.0,121.58,0.0,2739.0,-84.71315278530537,2.2038035674728416e-06
(Fe1.9Ir0.03)V1.02Al ,Fe2.000,V1.000,Ir0.029Al0.971,150.0,2.2699999999999996,0.0,0.0,165.23546140000002,64.0,0.0,0.0,16.41417,3.0,0.087,0.0,1.62711,3.0,3.0,0.0,14.0,20.0,5.0,0.0,2.0,13.0,9.0,1.61,60.0,4.941999999999999,4.0,4.8549999999999995,0.5900000000000001,0.0,72.62299999999999,1.63,1.63,985.83037,225.0,2.2,2183.0,121.58,0.0,2739.0,-114.6314181685,2.7061422642647328e-06
(Fe1.9Ir0.03)V1.02Al ,Fe2.000,V1.000,Ir0.029Al0.971,200.0,2.2699999999999996,0.0,0.0,165.23546140000002,64.0,0.0,0.0,16.41417,3.0,0.087,0.0,1.62711,3.0,3.0,0.0,14.0,20.0,5.0,0.0,2.0,13.0,9.0,1.61,60.0,4.941999999999999,4.0,4.8549999999999995,0.5900000000000001,0.0,72.62299999999999,1.63,1.63,985.83037,225.0,2.2,2183.0,121.58,0.0,2739.0,-140.6361114787,3.248839222320997e-06
(Fe1.9Ir0.03)V1.02Al ,Fe2.000,V1.000,Ir0.029Al0.971,250.0,2.2699999999999996,0.0,0.0,165.23546140000002,64.0,0.0,0.0,16.41417,3.0,0.087,0.0,1.62711,3.0,3.0,0.0,14.0,20.0,5.0,0.0,2.0,13.0,9.0,1.61,60.0,4.941999999999999,4.0,4.8549999999999995,0.5900000000000001,0.0,72.62299999999999,1.63,1.63,985.83037,225.0,2.2,2183.0,121.58,0.0,2739.0,-156.77685062380002,3.7361648338099305e-06
(Fe1.9Ir0.03)V1.02Al ,Fe2.000,V1.000,Ir0.029Al0.971,300.0,2.2699999999999996,0.0,0.0,165.23546140000002,64.0,0.0,0.0,16.41417,3.0,0.087,0.0,1.62711,3.0,3.0,0.0,14.0,20.0,5.0,0.0,2.0,13.0,9.0,1.61,60.0,4.941999999999999,4.0,4.8549999999999995,0.5900000000000001,0.0,72.62299999999999,1.63,1.63,985.83037,225.0,2.2,2183.0,121.58,0.0,2739.0,-156.9506186075,4.108318891934773e-06
(Fe1.9Ir0.03)V1.02Al ,Fe2.000,V1.000,Ir0.029Al0.971,350.0,2.2699999999999996,0.0,0.0,165.23546140000002,64.0,0.0,0.0,16.41417,3.0,0.087,0.0,1.62711,3.0,3.0,0.0,14.0,20.0,5.0,0.0,2.0,13.0,9.0,1.61,60.0,4.941999999999999,4.0,4.8549999999999995,0.5900000000000001,0.0,72.62299999999999,1.63,1.63,985.83037,225.0,2.2,2183.0,121.58,0.0,2739.0,-141.5013471616,4.336007828838999e-06
(Fe1.88Ir0.1)V1.02Al,Fe2.000,V1.000,Ir0.091Al0.909,100.0,2.2699999999999996,0.0,0.0,165.23546140000002,64.0,0.0,0.0,16.27343,3.0,0.273,0.0,1.66369,3.0,3.0,0.0,14.0,20.0,5.0,0.0,2.0,13.0,9.0,1.61,60.0,4.818,4.0,4.545,0.5900000000000001,0.0,71.817,1.63,1.63,1097.77323,225.0,2.2,2183.0,122.82,0.0,2739.0,-58.27027755404677,9.46113587859548e-07
(Fe1.88Ir0.1)V1.02Al,Fe2.000,V1.000,Ir0.091Al0.909,150.0,2.2699999999999996,0.0,0.0,165.23546140000002,64.0,0.0,0.0,16.27343,3.0,0.273,0.0,1.66369,3.0,3.0,0.0,14.0,20.0,5.0,0.0,2.0,13.0,9.0,1.61,60.0,4.818,4.0,4.545,0.5900000000000001,0.0,71.817,1.63,1.63,1097.77323,225.0,2.2,2183.0,122.82,0.0,2739.0,-78.12026624737541,1.2683524903327658e-06
(Fe1.88Ir0.1)V1.02Al,Fe2.000,V1.000,Ir0.091Al0.909,200.0,2.2699999999999996,0.0,0.0,165.23546140000002,64.0,0.0,0.0,16.27343,3.0,0.273,0.0,1.66369,3.0,3.0,0.0,14.0,20.0,5.0,0.0,2.0,13.0,9.0,1.61,60.0,4.818,4.0,4.545,0.5900000000000001,0.0,71.817,1.63,1.63,1097.77323,225.0,2.2,2183.0,122.82,0.0,2739.0,-96.74085682719812,1.6637399543730692e-06
(Fe1.88Ir0.1)V1.02Al,Fe2.000,V1.000,Ir0.091Al0.909,250.0,2.2699999999999996,0.0,0.0,165.23546140000002,64.0,0.0,0.0,16.27343,3.0,0.273,0.0,1.66369,3.0,3.0,0.0,14.0,20.0,5.0,0.0,2.0,13.0,9.0,1.61,60.0,4.818,4.0,4.545,0.5900000000000001,0.0,71.817,1.63,1.63,1097.77323,225.0,2.2,2183.0,122.82,0.0,2739.0,-113.3542460408,2.081665218630243e-06
(Fe1.88Ir0.1)V1.02Al,Fe2.000,V1.000,Ir0.091Al0.909,300.0,2.2699999999999996,0.0,0.0,165.23546140000002,64.0,0.0,0.0,16.27343,3.0,0.273,0.0,1.66369,3.0,3.0,0.0,14.0,20.0,5.0,0.0,2.0,13.0,9.0,1.61,60.0,4.818,4.0,4.545,0.5900000000000001,0.0,71.817,1.63,1.63,1097.77323,225.0,2.2,2183.0,122.82,0.0,2739.0,-125.1547655493,2.4836362829053854e-06
(Fe1.88Ir0.1)V1.02Al,Fe2.000,V1.000,Ir0.091Al0.909,350.0,2.2699999999999996,0.0,0.0,165.23546140000002,64.0,0.0,0.0,16.27343,3.0,0.273,0.0,1.66369,3.0,3.0,0.0,14.0,20.0,5.0,0.0,2.0,13.0,9.0,1.61,60.0,4.818,4.0,4.545,0.5900000000000001,0.0,71.817,1.63,1.63,1097.77323,225.0,2.2,2183.0,122.82,0.0,2739.0,-130.4172818899,2.8420323736601433e-06
(Fe1.88Ir0.1)V1.02Al,Fe2.000,V1.000,Ir0.091Al0.909,400.0,2.2699999999999996,0.0,0.0,165.23546140000002,64.0,0.0,0.0,16.27343,3.0,0.273,0.0,1.66369,3.0,3.0,0.0,14.0,20.0,5.0,0.0,2.0,13.0,9.0,1.61,60.0,4.818,4.0,4.545,0.5900000000000001,0.0,71.817,1.63,1.63,1097.77323,225.0,2.2,2183.0,122.82,0.0,2739.0,-131.6055964384,3.138856409525936e-06
Fe2VAl0.95Si0.05,Fe2.000,V1.000,Al0.950Si0.050,200.0,3.960000000000001,0.773,0.0,1.103961399999999,1.0,0.0,0.0,16.677999999999997,0.0,0.0,2.0,1.6245,0.0,0.0,0.0,0.0,1.0,5.0,0.0,1.0,5.0,13.0,1.61,73.0,4.95,1.0,4.95,0.2899999999999998,0.0,73.25,1.63,1.63,971.1465,225.1,1.9,2183.0,120.5,0.03865,1687.0,-103.5799557972,3.7738826672794983e-06
Fe2VAl0.95Si0.05,Fe2.000,V1.000,Al0.950Si0.050,250.0,3.960000000000001,0.773,0.0,1.103961399999999,1.0,0.0,0.0,16.677999999999997,0.0,0.0,2.0,1.6245,0.0,0.0,0.0,0.0,1.0,5.0,0.0,1.0,5.0,13.0,1.61,73.0,4.95,1.0,4.95,0.2899999999999998,0.0,73.25,1.63,1.63,971.1465,225.1,1.9,2183.0,120.5,0.03865,1687.0,-119.4598199917,4.622328869032965e-06
Fe2VAl0.95Si0.05,Fe2.000,V1.000,Al0.950Si0.050,300.0,3.960000000000001,0.773,0.0,1.103961399999999,1.0,0.0,0.0,16.677999999999997,0.0,0.0,2.0,1.6245,0.0,0.0,0.0,0.0,1.0,5.0,0.0,1.0,5.0,13.0,1.61,73.0,4.95,1.0,4.95,0.2899999999999998,0.0,73.25,1.63,1.63,971.1465,225.1,1.9,2183.0,120.5,0.03865,1687.0,-127.3437352476,5.317659492776969e-06
Fe2VAl0.95Si0.05,Fe2.000,V1.000,Al0.950Si0.050,350.0,3.960000000000001,0.773,0.0,1.103961399999999,1.0,0.0,0.0,16.677999999999997,0.0,0.0,2.0,1.6245,0.0,0.0,0.0,0.0,1.0,5.0,0.0,1.0,5.0,13.0,1.61,73.0,4.95,1.0,4.95,0.2899999999999998,0.0,73.25,1.63,1.63,971.1465,225.1,1.9,2183.0,120.5,0.03865,1687.0,-117.5125747914,5.7585466493252955e-06
Fe2(V0.975Ta0.025)Al0.95Si0.05,Fe2.000,V1.000,Ta0.024Al0.927Si0.049,200.0,3.960000000000001,0.773,0.0,153.9663414,60.0,0.0,0.0,16.7134,7.0,0.168,4.0,1.6215700000000002,7.0,3.0,0.0,14.0,16.0,7.0,0.0,3.0,30.0,5.0,1.5,48.0,4.999,9.0,4.8309999999999995,0.3999999999999999,0.0,72.64500000000001,1.63,1.63,1026.94969,225.194,1.9,2183.0,121.686,0.037877,3290.0,-116.5437543629,3.228010564285982e-06
Fe2(V0.975Ta0.025)Al0.95Si0.05,Fe2.000,V1.000,Ta0.024Al0.927Si0.049,250.0,3.960000000000001,0.773,0.0,153.9663414,60.0,0.0,0.0,16.7134,7.0,0.168,4.0,1.6215700000000002,7.0,3.0,0.0,14.0,16.0,7.0,0.0,3.0,30.0,5.0,1.5,48.0,4.999,9.0,4.8309999999999995,0.3999999999999999,0.0,72.64500000000001,1.63,1.63,1026.94969,225.194,1.9,2183.0,121.686,0.037877,3290.0,-130.04989271730005,3.706422400076574e-06
Fe2(V0.975Ta0.025)Al0.95Si0.05,Fe2.000,V1.000,Ta0.024Al0.927Si0.049,300.0,3.960000000000001,0.773,0.0,153.9663414,60.0,0.0,0.0,16.7134,7.0,0.168,4.0,1.6215700000000002,7.0,3.0,0.0,14.0,16.0,7.0,0.0,3.0,30.0,5.0,1.5,48.0,4.999,9.0,4.8309999999999995,0.3999999999999999,0.0,72.64500000000001,1.63,1.63,1026.94969,225.194,1.9,2183.0,121.686,0.037877,3290.0,-134.8470280032,4.1043251661765215e-06
Fe2(V0.975Ta0.025)Al0.95Si0.05,Fe2.000,V1.000,Ta0.024Al0.927Si0.049,350.0,3.960000000000001,0.773,0.0,153.9663414,60.0,0.0,0.0,16.7134,7.0,0.168,4.0,1.6215700000000002,7.0,3.0,0.0,14.0,16.0,7.0,0.0,3.0,30.0,5.0,1.5,48.0,4.999,9.0,4.8309999999999995,0.3999999999999999,0.0,72.64500000000001,1.63,1.63,1026.94969,225.194,1.9,2183.0,121.686,0.037877,3290.0,-127.5302667739,4.347353948284386e-06
Fe2(V0.95Ta0.05)Al0.95Si0.05,Fe2.000,V1.000,Ta0.048Al0.905Si0.048,250.0,3.960000000000001,0.773,0.0,153.9663414,60.0,0.0,0.0,16.748531468531468,7.0,0.3356643356643356,4.0,1.6186313686313687,7.0,3.0,0.0,14.0,16.0,7.0,0.0,3.0,30.0,5.0,1.5,48.0,5.047952047952048,9.0,4.712287712287712,0.3999999999999999,0.0,72.04095904095904,1.63,1.63,1082.603746253746,225.28771228771225,1.9,2183.0,122.87012987012989,0.037066933066933,3290.0,-152.76198267520002,4.540125909639898e-06
Fe2(V0.95Ta0.05)Al0.95Si0.05,Fe2.000,V1.000,Ta0.048Al0.905Si0.048,300.0,3.960000000000001,0.773,0.0,153.9663414,60.0,0.0,0.0,16.748531468531468,7.0,0.3356643356643356,4.0,1.6186313686313687,7.0,3.0,0.0,14.0,16.0,7.0,0.0,3.0,30.0,5.0,1.5,48.0,5.047952047952048,9.0,4.712287712287712,0.3999999999999999,0.0,72.04095904095904,1.63,1.63,1082.603746253746,225.28771228771225,1.9,2183.0,122.87012987012989,0.037066933066933,3290.0,-150.103820043,4.998298767805151e-06
Fe2(V0.95Ta0.05)Al0.95Si0.05,Fe2.000,V1.000,Ta0.048Al0.905Si0.048,350.0,3.960000000000001,0.773,0.0,153.9663414,60.0,0.0,0.0,16.748531468531468,7.0,0.3356643356643356,4.0,1.6186313686313687,7.0,3.0,0.0,14.0,16.0,7.0,0.0,3.0,30.0,5.0,1.5,48.0,5.047952047952048,9.0,4.712287712287712,0.3999999999999999,0.0,72.04095904095904,1.63,1.63,1082.603746253746,225.28771228771225,1.9,2183.0,122.87012987012989,0.037066933066933,3290.0,-136.64521108120002,5.257770463471418e-06
Fe2(V0.9Ti0.1)Al ,Fe2.000,V1.000,Ti0.091Al0.909,350.0,0.2100000000000008,0.0,0.0,20.885461399999997,9.0,0.0,2.25333333333e-05,16.49911,8.0,0.728,31.0,1.60363,8.0,1.0,0.0,0.0,1.0,8.0,0.0,3.0,30.0,4.0,1.54,43.0,5.273,9.0,4.545,0.07,0.0,70.27,1.63,1.63,1025.15523,222.179,1.61,2183.0,124.549,0.0,1941.0,89.75150185041441,3.0876180966347905e-06
Fe2(V0.8W0.05Ti0.15)Al,Fe2.000,V0.941W0.059,Ti0.130Al0.870,350.0,0.2100000000000008,0.0,0.0,20.885461399999997,9.0,0.0,2.25333333333e-05,16.5073,8.0,1.04,31.0,1.6009,8.0,1.0,0.0,0.0,1.0,8.0,0.0,3.0,30.0,4.0,1.54,43.0,5.39,9.0,4.35,0.07,0.73,69.1,1.6730699999999998,1.63,1064.4489,220.97,1.61,2272.208,126.07,0.0,1941.0,76.81277968407673,2.135828553551704e-06
Fe2(V0.9Ti0.1)Al,Fe2.000,V1.000,Ti0.091Al0.909,250.0,0.2100000000000008,0.0,0.0,20.885461399999997,9.0,0.0,2.25333333333e-05,16.49911,8.0,0.728,31.0,1.60363,8.0,1.0,0.0,0.0,1.0,8.0,0.0,3.0,30.0,4.0,1.54,43.0,5.273,9.0,4.545,0.07,0.0,70.27,1.63,1.63,1025.15523,222.179,1.61,2183.0,124.549,0.0,1941.0,76.77341756496028,2.5830905562694005e-06
Fe2(V0.9Ti0.1)Al,Fe2.000,V1.000,Ti0.091Al0.909,300.0,0.2100000000000008,0.0,0.0,20.885461399999997,9.0,0.0,2.25333333333e-05,16.49911,8.0,0.728,31.0,1.60363,8.0,1.0,0.0,0.0,1.0,8.0,0.0,3.0,30.0,4.0,1.54,43.0,5.273,9.0,4.545,0.07,0.0,70.27,1.63,1.63,1025.15523,222.179,1.61,2183.0,124.549,0.0,1941.0,83.61417724690452,2.883652375872396e-06
Fe2(V0.9Ti0.1)Al,Fe2.000,V1.000,Ti0.091Al0.909,350.0,0.2100000000000008,0.0,0.0,20.885461399999997,9.0,0.0,2.25333333333e-05,16.49911,8.0,0.728,31.0,1.60363,8.0,1.0,0.0,0.0,1.0,8.0,0.0,3.0,30.0,4.0,1.54,43.0,5.273,9.0,4.545,0.07,0.0,70.27,1.63,1.63,1025.15523,222.179,1.61,2183.0,124.549,0.0,1941.0,88.73437683700575,3.1947881232330087e-06
Fe2(V0.8Ta0.1Ti0.1)Al,Fe2.000,V0.889Ta0.111,Ti0.091Al0.909,250.0,0.2100000000000008,0.0,0.0,20.885461399999997,9.0,0.0,2.25333333333e-05,16.49911,8.0,0.728,31.0,1.60363,8.0,1.0,0.0,0.0,1.0,8.0,0.0,3.0,30.0,4.0,1.54,43.0,5.273,9.0,4.545,0.07,0.1299999999999999,70.27,1.61557,1.5,1025.15523,222.179,1.61,2305.877,124.549,0.0,1941.0,62.49324470989975,2.238234438148974e-06
Fe2(V0.8Ta0.1Ti0.1)Al,Fe2.000,V0.889Ta0.111,Ti0.091Al0.909,300.0,0.2100000000000008,0.0,0.0,20.885461399999997,9.0,0.0,2.25333333333e-05,16.49911,8.0,0.728,31.0,1.60363,8.0,1.0,0.0,0.0,1.0,8.0,0.0,3.0,30.0,4.0,1.54,43.0,5.273,9.0,4.545,0.07,0.1299999999999999,70.27,1.61557,1.5,1025.15523,222.179,1.61,2305.877,124.549,0.0,1941.0,71.7146704604407,2.462705173311268e-06
Fe2(V0.8Ta0.1Ti0.1)Al,Fe2.000,V0.889Ta0.111,Ti0.091Al0.909,350.0,0.2100000000000008,0.0,0.0,20.885461399999997,9.0,0.0,2.25333333333e-05,16.49911,8.0,0.728,31.0,1.60363,8.0,1.0,0.0,0.0,1.0,8.0,0.0,3.0,30.0,4.0,1.54,43.0,5.273,9.0,4.545,0.07,0.1299999999999999,70.27,1.61557,1.5,1025.15523,222.179,1.61,2305.877,124.549,0.0,1941.0,79.06227487231563,2.6974805109319067e-06
Fe2(V0.7Ta0.2Ti0.1)Al ,Fe2.000,V0.778Ta0.222,Ti0.091Al0.909,250.0,0.2100000000000008,0.0,0.0,20.885461399999997,9.0,0.0,2.25333333333e-05,16.49911,8.0,0.728,31.0,1.60363,8.0,1.0,0.0,0.0,1.0,8.0,0.0,3.0,30.0,4.0,1.54,43.0,5.273,9.0,4.545,0.07,0.1299999999999999,70.27,1.60114,1.5,1025.15523,222.179,1.61,2428.754,124.549,0.0,1941.0,70.3978037446489,2.0828910267180813e-06
Fe2(V0.7Ta0.2Ti0.1)Al ,Fe2.000,V0.778Ta0.222,Ti0.091Al0.909,300.0,0.2100000000000008,0.0,0.0,20.885461399999997,9.0,0.0,2.25333333333e-05,16.49911,8.0,0.728,31.0,1.60363,8.0,1.0,0.0,0.0,1.0,8.0,0.0,3.0,30.0,4.0,1.54,43.0,5.273,9.0,4.545,0.07,0.1299999999999999,70.27,1.60114,1.5,1025.15523,222.179,1.61,2428.754,124.549,0.0,1941.0,79.58842485236315,2.342363580096367e-06
Fe2(V0.7Ta0.2Ti0.1)Al ,Fe2.000,V0.778Ta0.222,Ti0.091Al0.909,350.0,0.2100000000000008,0.0,0.0,20.885461399999997,9.0,0.0,2.25333333333e-05,16.49911,8.0,0.728,31.0,1.60363,8.0,1.0,0.0,0.0,1.0,8.0,0.0,3.0,30.0,4.0,1.54,43.0,5.273,9.0,4.545,0.07,0.1299999999999999,70.27,1.60114,1.5,1025.15523,222.179,1.61,2428.754,124.549,0.0,1941.0,89.23295501011441,2.620749783889007e-06
Fe2(V0.7W0.1Ti0.2)Al ,Fe2.000,V0.778Ti0.222,W0.091Al0.909,300.0,0.4299999999999997,0.0,2.25333333333e-05,156.8584614,61.0,35.0,0.0,16.44087,6.0,0.546,4.0,1.6782500000000002,6.0,3.0,5.0023999999926e-06,14.0,17.0,6.0,2.25333333333e-05,1.0,22.0,6.0,1.61,51.0,5.091,7.0,4.545,0.7499999999999998,0.0899999999999998,70.998,1.61002,1.54,1184.76923,225.364,2.36,2129.276,124.731,0.0,3695.0,70.33456054191673,1.8830344632932536e-06
Fe2(V0.7W0.1Ti0.2)Al ,Fe2.000,V0.778Ti0.222,W0.091Al0.909,350.0,0.4299999999999997,0.0,2.25333333333e-05,156.8584614,61.0,35.0,0.0,16.44087,6.0,0.546,4.0,1.6782500000000002,6.0,3.0,5.0023999999926e-06,14.0,17.0,6.0,2.25333333333e-05,1.0,22.0,6.0,1.61,51.0,5.091,7.0,4.545,0.7499999999999998,0.0899999999999998,70.998,1.61002,1.54,1184.76923,225.364,2.36,2129.276,124.731,0.0,3695.0,76.25260146354451,2.11822122683472e-06
Fe2V1.09Al0.91,Fe2.000,V1.000,Al1.000,350.0,0.0,0.0,0.0,0.0,0.0,0.0,0.0,16.48,0.0,0.0,0.0,1.61,0.0,0.0,0.0,0.0,0.0,5.0,0.0,0.0,0.0,13.0,1.61,73.0,5.0,0.0,5.0,0.0,0.0,73.0,1.63,1.63,933.47,225.0,1.61,2183.0,121.0,0.0,933.47,-103.5750607563,2.3695347636301984e-06
Fe2V1.09Al0.91,Fe2.000,V1.000,Al1.000,400.0,0.0,0.0,0.0,0.0,0.0,0.0,0.0,16.48,0.0,0.0,0.0,1.61,0.0,0.0,0.0,0.0,0.0,5.0,0.0,0.0,0.0,13.0,1.61,73.0,5.0,0.0,5.0,0.0,0.0,73.0,1.63,1.63,933.47,225.0,1.61,2183.0,121.0,0.0,933.47,-109.8824670096,2.6740786385485916e-06
Fe2V1.09Al0.91,Fe2.000,V1.000,Al1.000,450.0,0.0,0.0,0.0,0.0,0.0,0.0,0.0,16.48,0.0,0.0,0.0,1.61,0.0,0.0,0.0,0.0,0.0,5.0,0.0,0.0,0.0,13.0,1.61,73.0,5.0,0.0,5.0,0.0,0.0,73.0,1.63,1.63,933.47,225.0,1.61,2183.0,121.0,0.0,933.47,-111.8546030787,2.965366493770431e-06
Fe2V1.09Al0.91,Fe2.000,V1.000,Al1.000,500.0,0.0,0.0,0.0,0.0,0.0,0.0,0.0,16.48,0.0,0.0,0.0,1.61,0.0,0.0,0.0,0.0,0.0,5.0,0.0,0.0,0.0,13.0,1.61,73.0,5.0,0.0,5.0,0.0,0.0,73.0,1.63,1.63,933.47,225.0,1.61,2183.0,121.0,0.0,933.47,-109.5253660624,3.211361356282023e-06
Fe2V1.09Al0.91,Fe2.000,V1.000,Al1.000,550.0,0.0,0.0,0.0,0.0,0.0,0.0,0.0,16.48,0.0,0.0,0.0,1.61,0.0,0.0,0.0,0.0,0.0,5.0,0.0,0.0,0.0,13.0,1.61,73.0,5.0,0.0,5.0,0.0,0.0,73.0,1.63,1.63,933.47,225.0,1.61,2183.0,121.0,0.0,933.47,-103.4714126905,3.3907094393452985e-06
Fe2V1.09Al0.91,Fe2.000,V1.000,Al1.000,600.0,0.0,0.0,0.0,0.0,0.0,0.0,0.0,16.48,0.0,0.0,0.0,1.61,0.0,0.0,0.0,0.0,0.0,5.0,0.0,0.0,0.0,13.0,1.61,73.0,5.0,0.0,5.0,0.0,0.0,73.0,1.63,1.63,933.47,225.0,1.61,2183.0,121.0,0.0,933.47,-94.61343829169402,3.4937971265556624e-06
Fe2V1.09Al0.91,Fe2.000,V1.000,Al1.000,650.0,0.0,0.0,0.0,0.0,0.0,0.0,0.0,16.48,0.0,0.0,0.0,1.61,0.0,0.0,0.0,0.0,0.0,5.0,0.0,0.0,0.0,13.0,1.61,73.0,5.0,0.0,5.0,0.0,0.0,73.0,1.63,1.63,933.47,225.0,1.61,2183.0,121.0,0.0,933.47,-84.01745575943305,3.52380795589983e-06
Fe2V1.09Al0.91,Fe2.000,V1.000,Al1.000,700.0,0.0,0.0,0.0,0.0,0.0,0.0,0.0,16.48,0.0,0.0,0.0,1.61,0.0,0.0,0.0,0.0,0.0,5.0,0.0,0.0,0.0,13.0,1.61,73.0,5.0,0.0,5.0,0.0,0.0,73.0,1.63,1.63,933.47,225.0,1.61,2183.0,121.0,0.0,933.47,-72.69607451971844,3.4977796038136976e-06
Fe1.99V1.1Al0.91,Fe2.000,V1.000,Al1.000,350.0,0.0,0.0,0.0,0.0,0.0,0.0,0.0,16.48,0.0,0.0,0.0,1.61,0.0,0.0,0.0,0.0,0.0,5.0,0.0,0.0,0.0,13.0,1.61,73.0,5.0,0.0,5.0,0.0,0.0,73.0,1.63,1.63,933.47,225.0,1.61,2183.0,121.0,0.0,933.47,-99.38683191786404,2.206261217628998e-06
Fe1.99V1.1Al0.91,Fe2.000,V1.000,Al1.000,400.0,0.0,0.0,0.0,0.0,0.0,0.0,0.0,16.48,0.0,0.0,0.0,1.61,0.0,0.0,0.0,0.0,0.0,5.0,0.0,0.0,0.0,13.0,1.61,73.0,5.0,0.0,5.0,0.0,0.0,73.0,1.63,1.63,933.47,225.0,1.61,2183.0,121.0,0.0,933.47,-106.5063766587,2.521035634612884e-06
Fe1.99V1.1Al0.91,Fe2.000,V1.000,Al1.000,450.0,0.0,0.0,0.0,0.0,0.0,0.0,0.0,16.48,0.0,0.0,0.0,1.61,0.0,0.0,0.0,0.0,0.0,5.0,0.0,0.0,0.0,13.0,1.61,73.0,5.0,0.0,5.0,0.0,0.0,73.0,1.63,1.63,933.47,225.0,1.61,2183.0,121.0,0.0,933.47,-110.5187705005,2.8108690329388098e-06
Fe1.99V1.1Al0.91,Fe2.000,V1.000,Al1.000,500.0,0.0,0.0,0.0,0.0,0.0,0.0,0.0,16.48,0.0,0.0,0.0,1.61,0.0,0.0,0.0,0.0,0.0,5.0,0.0,0.0,0.0,13.0,1.61,73.0,5.0,0.0,5.0,0.0,0.0,73.0,1.63,1.63,933.47,225.0,1.61,2183.0,121.0,0.0,933.47,-110.0690834901,3.0751978571969385e-06
Fe1.99V1.1Al0.91,Fe2.000,V1.000,Al1.000,550.0,0.0,0.0,0.0,0.0,0.0,0.0,0.0,16.48,0.0,0.0,0.0,1.61,0.0,0.0,0.0,0.0,0.0,5.0,0.0,0.0,0.0,13.0,1.61,73.0,5.0,0.0,5.0,0.0,0.0,73.0,1.63,1.63,933.47,225.0,1.61,2183.0,121.0,0.0,933.47,-105.2735854252,3.29123109458567e-06
Fe1.99V1.1Al0.91,Fe2.000,V1.000,Al1.000,600.0,0.0,0.0,0.0,0.0,0.0,0.0,0.0,16.48,0.0,0.0,0.0,1.61,0.0,0.0,0.0,0.0,0.0,5.0,0.0,0.0,0.0,13.0,1.61,73.0,5.0,0.0,5.0,0.0,0.0,73.0,1.63,1.63,933.47,225.0,1.61,2183.0,121.0,0.0,933.47,-97.09179900513202,3.431574227417855e-06
Fe1.99V1.1Al0.91,Fe2.000,V1.000,Al1.000,650.0,0.0,0.0,0.0,0.0,0.0,0.0,0.0,16.48,0.0,0.0,0.0,1.61,0.0,0.0,0.0,0.0,0.0,5.0,0.0,0.0,0.0,13.0,1.61,73.0,5.0,0.0,5.0,0.0,0.0,73.0,1.63,1.63,933.47,225.0,1.61,2183.0,121.0,0.0,933.47,-86.69855298112266,3.481853185627148e-06
Fe1.99V1.1Al0.91,Fe2.000,V1.000,Al1.000,700.0,0.0,0.0,0.0,0.0,0.0,0.0,0.0,16.48,0.0,0.0,0.0,1.61,0.0,0.0,0.0,0.0,0.0,5.0,0.0,0.0,0.0,13.0,1.61,73.0,5.0,0.0,5.0,0.0,0.0,73.0,1.63,1.63,933.47,225.0,1.61,2183.0,121.0,0.0,933.47,-74.85603530700449,3.45833829927418e-06
Fe2.03V0.89Al1.08,Fe2.000,V1.000,Al1.000,350.0,0.0,0.0,0.0,0.0,0.0,0.0,0.0,16.48,0.0,0.0,0.0,1.61,0.0,0.0,0.0,0.0,0.0,5.0,0.0,0.0,0.0,13.0,1.61,73.0,5.0,0.0,5.0,0.0,0.0,73.0,1.63,1.63,933.47,225.0,1.61,2183.0,121.0,0.0,933.47,68.6676962068218,1.4517982447937836e-06
Fe2.03V0.89Al1.08,Fe2.000,V1.000,Al1.000,400.0,0.0,0.0,0.0,0.0,0.0,0.0,0.0,16.48,0.0,0.0,0.0,1.61,0.0,0.0,0.0,0.0,0.0,5.0,0.0,0.0,0.0,13.0,1.61,73.0,5.0,0.0,5.0,0.0,0.0,73.0,1.63,1.63,933.47,225.0,1.61,2183.0,121.0,0.0,933.47,73.52050769809482,1.691768290648948e-06
Fe2.03V0.89Al1.08,Fe2.000,V1.000,Al1.000,450.0,0.0,0.0,0.0,0.0,0.0,0.0,0.0,16.48,0.0,0.0,0.0,1.61,0.0,0.0,0.0,0.0,0.0,5.0,0.0,0.0,0.0,13.0,1.61,73.0,5.0,0.0,5.0,0.0,0.0,73.0,1.63,1.63,933.47,225.0,1.61,2183.0,121.0,0.0,933.47,75.20919322146533,1.924354608469e-06
Fe2.03V0.89Al1.08,Fe2.000,V1.000,Al1.000,500.0,0.0,0.0,0.0,0.0,0.0,0.0,0.0,16.48,0.0,0.0,0.0,1.61,0.0,0.0,0.0,0.0,0.0,5.0,0.0,0.0,0.0,13.0,1.61,73.0,5.0,0.0,5.0,0.0,0.0,73.0,1.63,1.63,933.47,225.0,1.61,2183.0,121.0,0.0,933.47,73.01654431112966,2.1232341346456227e-06
Fe2.03V0.89Al1.08,Fe2.000,V1.000,Al1.000,550.0,0.0,0.0,0.0,0.0,0.0,0.0,0.0,16.48,0.0,0.0,0.0,1.61,0.0,0.0,0.0,0.0,0.0,5.0,0.0,0.0,0.0,13.0,1.61,73.0,5.0,0.0,5.0,0.0,0.0,73.0,1.63,1.63,933.47,225.0,1.61,2183.0,121.0,0.0,933.47,67.61040710529225,2.2855127058345555e-06
Fe2.03V0.89Al1.08,Fe2.000,V1.000,Al1.000,600.0,0.0,0.0,0.0,0.0,0.0,0.0,0.0,16.48,0.0,0.0,0.0,1.61,0.0,0.0,0.0,0.0,0.0,5.0,0.0,0.0,0.0,13.0,1.61,73.0,5.0,0.0,5.0,0.0,0.0,73.0,1.63,1.63,933.47,225.0,1.61,2183.0,121.0,0.0,933.47,60.255424737849765,2.4164688890072453e-06
Fe2.03V0.89Al1.08,Fe2.000,V1.000,Al1.000,650.0,0.0,0.0,0.0,0.0,0.0,0.0,0.0,16.48,0.0,0.0,0.0,1.61,0.0,0.0,0.0,0.0,0.0,5.0,0.0,0.0,0.0,13.0,1.61,73.0,5.0,0.0,5.0,0.0,0.0,73.0,1.63,1.63,933.47,225.0,1.61,2183.0,121.0,0.0,933.47,52.024779730076744,2.5142978115024993e-06
Fe2.03V0.89Al1.08,Fe2.000,V1.000,Al1.000,700.0,0.0,0.0,0.0,0.0,0.0,0.0,0.0,16.48,0.0,0.0,0.0,1.61,0.0,0.0,0.0,0.0,0.0,5.0,0.0,0.0,0.0,13.0,1.61,73.0,5.0,0.0,5.0,0.0,0.0,73.0,1.63,1.63,933.47,225.0,1.61,2183.0,121.0,0.0,933.47,43.01193638230744,2.554854991078075e-06
Fe2.01V0.91Al1.08 ,Fe2.000,V1.000,Al1.000,350.0,0.0,0.0,0.0,0.0,0.0,0.0,0.0,16.48,0.0,0.0,0.0,1.61,0.0,0.0,0.0,0.0,0.0,5.0,0.0,0.0,0.0,13.0,1.61,73.0,5.0,0.0,5.0,0.0,0.0,73.0,1.63,1.63,933.47,225.0,1.61,2183.0,121.0,0.0,933.47,53.68320150293837,1.24079815822213e-06
Fe2.01V0.91Al1.08 ,Fe2.000,V1.000,Al1.000,400.0,0.0,0.0,0.0,0.0,0.0,0.0,0.0,16.48,0.0,0.0,0.0,1.61,0.0,0.0,0.0,0.0,0.0,5.0,0.0,0.0,0.0,13.0,1.61,73.0,5.0,0.0,5.0,0.0,0.0,73.0,1.63,1.63,933.47,225.0,1.61,2183.0,121.0,0.0,933.47,60.35541737871032,1.4423806103059594e-06
Fe2.01V0.91Al1.08 ,Fe2.000,V1.000,Al1.000,450.0,0.0,0.0,0.0,0.0,0.0,0.0,0.0,16.48,0.0,0.0,0.0,1.61,0.0,0.0,0.0,0.0,0.0,5.0,0.0,0.0,0.0,13.0,1.61,73.0,5.0,0.0,5.0,0.0,0.0,73.0,1.63,1.63,933.47,225.0,1.61,2183.0,121.0,0.0,933.47,64.61789815886027,1.6488134019742645e-06
Fe2.01V0.91Al1.08 ,Fe2.000,V1.000,Al1.000,500.0,0.0,0.0,0.0,0.0,0.0,0.0,0.0,16.48,0.0,0.0,0.0,1.61,0.0,0.0,0.0,0.0,0.0,5.0,0.0,0.0,0.0,13.0,1.61,73.0,5.0,0.0,5.0,0.0,0.0,73.0,1.63,1.63,933.47,225.0,1.61,2183.0,121.0,0.0,933.47,65.5131708097881,1.85317853133017e-06
Fe2.01V0.91Al1.08 ,Fe2.000,V1.000,Al1.000,550.0,0.0,0.0,0.0,0.0,0.0,0.0,0.0,16.48,0.0,0.0,0.0,1.61,0.0,0.0,0.0,0.0,0.0,5.0,0.0,0.0,0.0,13.0,1.61,73.0,5.0,0.0,5.0,0.0,0.0,73.0,1.63,1.63,933.47,225.0,1.61,2183.0,121.0,0.0,933.47,63.13294058740319,2.043297341780167e-06
Fe2.01V0.91Al1.08 ,Fe2.000,V1.000,Al1.000,600.0,0.0,0.0,0.0,0.0,0.0,0.0,0.0,16.48,0.0,0.0,0.0,1.61,0.0,0.0,0.0,0.0,0.0,5.0,0.0,0.0,0.0,13.0,1.61,73.0,5.0,0.0,5.0,0.0,0.0,73.0,1.63,1.63,933.47,225.0,1.61,2183.0,121.0,0.0,933.47,58.2314808642802,2.206279836826463e-06
Fe2.01V0.91Al1.08 ,Fe2.000,V1.000,Al1.000,650.0,0.0,0.0,0.0,0.0,0.0,0.0,0.0,16.48,0.0,0.0,0.0,1.61,0.0,0.0,0.0,0.0,0.0,5.0,0.0,0.0,0.0,13.0,1.61,73.0,5.0,0.0,5.0,0.0,0.0,73.0,1.63,1.63,933.47,225.0,1.61,2183.0,121.0,0.0,933.47,51.83902295680646,2.3330739948593984e-06
Fe2.01V0.91Al1.08 ,Fe2.000,V1.000,Al1.000,700.0,0.0,0.0,0.0,0.0,0.0,0.0,0.0,16.48,0.0,0.0,0.0,1.61,0.0,0.0,0.0,0.0,0.0,5.0,0.0,0.0,0.0,13.0,1.61,73.0,5.0,0.0,5.0,0.0,0.0,73.0,1.63,1.63,933.47,225.0,1.61,2183.0,121.0,0.0,933.47,44.87514595233463,2.4230150839497743e-06
Fe2.02V0.9Al1.08,Fe2.000,V1.000,Al1.000,350.0,0.0,0.0,0.0,0.0,0.0,0.0,0.0,16.48,0.0,0.0,0.0,1.61,0.0,0.0,0.0,0.0,0.0,5.0,0.0,0.0,0.0,13.0,1.61,73.0,5.0,0.0,5.0,0.0,0.0,73.0,1.63,1.63,933.47,225.0,1.61,2183.0,121.0,0.0,933.47,69.45314489245301,1.5473321401719957e-06
Fe2.02V0.9Al1.08,Fe2.000,V1.000,Al1.000,400.0,0.0,0.0,0.0,0.0,0.0,0.0,0.0,16.48,0.0,0.0,0.0,1.61,0.0,0.0,0.0,0.0,0.0,5.0,0.0,0.0,0.0,13.0,1.61,73.0,5.0,0.0,5.0,0.0,0.0,73.0,1.63,1.63,933.47,225.0,1.61,2183.0,121.0,0.0,933.47,74.90330561457954,1.7725973614705546e-06
Fe2.02V0.9Al1.08,Fe2.000,V1.000,Al1.000,450.0,0.0,0.0,0.0,0.0,0.0,0.0,0.0,16.48,0.0,0.0,0.0,1.61,0.0,0.0,0.0,0.0,0.0,5.0,0.0,0.0,0.0,13.0,1.61,73.0,5.0,0.0,5.0,0.0,0.0,73.0,1.63,1.63,933.47,225.0,1.61,2183.0,121.0,0.0,933.47,76.17611092712114,2.002623540100925e-06
Fe2.02V0.9Al1.08,Fe2.000,V1.000,Al1.000,500.0,0.0,0.0,0.0,0.0,0.0,0.0,0.0,16.48,0.0,0.0,0.0,1.61,0.0,0.0,0.0,0.0,0.0,5.0,0.0,0.0,0.0,13.0,1.61,73.0,5.0,0.0,5.0,0.0,0.0,73.0,1.63,1.63,933.47,225.0,1.61,2183.0,121.0,0.0,933.47,73.61827740354758,2.223739365734779e-06
Fe2.02V0.9Al1.08,Fe2.000,V1.000,Al1.000,550.0,0.0,0.0,0.0,0.0,0.0,0.0,0.0,16.48,0.0,0.0,0.0,1.61,0.0,0.0,0.0,0.0,0.0,5.0,0.0,0.0,0.0,13.0,1.61,73.0,5.0,0.0,5.0,0.0,0.0,73.0,1.63,1.63,933.47,225.0,1.61,2183.0,121.0,0.0,933.47,68.18435733812618,2.4147176172622124e-06
Fe2.02V0.9Al1.08,Fe2.000,V1.000,Al1.000,600.0,0.0,0.0,0.0,0.0,0.0,0.0,0.0,16.48,0.0,0.0,0.0,1.61,0.0,0.0,0.0,0.0,0.0,5.0,0.0,0.0,0.0,13.0,1.61,73.0,5.0,0.0,5.0,0.0,0.0,73.0,1.63,1.63,933.47,225.0,1.61,2183.0,121.0,0.0,933.47,60.946706892140455,2.559240337903971e-06
Fe2.02V0.9Al1.08,Fe2.000,V1.000,Al1.000,650.0,0.0,0.0,0.0,0.0,0.0,0.0,0.0,16.48,0.0,0.0,0.0,1.61,0.0,0.0,0.0,0.0,0.0,5.0,0.0,0.0,0.0,13.0,1.61,73.0,5.0,0.0,5.0,0.0,0.0,73.0,1.63,1.63,933.47,225.0,1.61,2183.0,121.0,0.0,933.47,52.605454240111264,2.658364010323677e-06
Fe2.02V0.9Al1.08,Fe2.000,V1.000,Al1.000,700.0,0.0,0.0,0.0,0.0,0.0,0.0,0.0,16.48,0.0,0.0,0.0,1.61,0.0,0.0,0.0,0.0,0.0,5.0,0.0,0.0,0.0,13.0,1.61,73.0,5.0,0.0,5.0,0.0,0.0,73.0,1.63,1.63,933.47,225.0,1.61,2183.0,121.0,0.0,933.47,42.998467716016805,2.7429847317401616e-06
Fe2V0.96Al1.04,Fe2.000,V1.000,Al1.000,400.0,0.0,0.0,0.0,0.0,0.0,0.0,0.0,16.48,0.0,0.0,0.0,1.61,0.0,0.0,0.0,0.0,0.0,5.0,0.0,0.0,0.0,13.0,1.61,73.0,5.0,0.0,5.0,0.0,0.0,73.0,1.63,1.63,933.47,225.0,1.61,2183.0,121.0,0.0,933.47,85.8740225791715,3.307045860003785e-06
Fe2V0.96Al1.04,Fe2.000,V1.000,Al1.000,450.0,0.0,0.0,0.0,0.0,0.0,0.0,0.0,16.48,0.0,0.0,0.0,1.61,0.0,0.0,0.0,0.0,0.0,5.0,0.0,0.0,0.0,13.0,1.61,73.0,5.0,0.0,5.0,0.0,0.0,73.0,1.63,1.63,933.47,225.0,1.61,2183.0,121.0,0.0,933.47,81.1854966669117,3.420558993972019e-06
Fe2V0.96Al1.04,Fe2.000,V1.000,Al1.000,500.0,0.0,0.0,0.0,0.0,0.0,0.0,0.0,16.48,0.0,0.0,0.0,1.61,0.0,0.0,0.0,0.0,0.0,5.0,0.0,0.0,0.0,13.0,1.61,73.0,5.0,0.0,5.0,0.0,0.0,73.0,1.63,1.63,933.47,225.0,1.61,2183.0,121.0,0.0,933.47,72.55467676096613,3.464479890942388e-06
Fe2V0.96Al1.04,Fe2.000,V1.000,Al1.000,550.0,0.0,0.0,0.0,0.0,0.0,0.0,0.0,16.48,0.0,0.0,0.0,1.61,0.0,0.0,0.0,0.0,0.0,5.0,0.0,0.0,0.0,13.0,1.61,73.0,5.0,0.0,5.0,0.0,0.0,73.0,1.63,1.63,933.47,225.0,1.61,2183.0,121.0,0.0,933.47,60.67831472507368,3.4559790062854415e-06
Fe2V0.96Al1.04,Fe2.000,V1.000,Al1.000,600.0,0.0,0.0,0.0,0.0,0.0,0.0,0.0,16.48,0.0,0.0,0.0,1.61,0.0,0.0,0.0,0.0,0.0,5.0,0.0,0.0,0.0,13.0,1.61,73.0,5.0,0.0,5.0,0.0,0.0,73.0,1.63,1.63,933.47,225.0,1.61,2183.0,121.0,0.0,933.47,47.99075691202712,3.42258631497436e-06
Fe2V0.96Al1.04,Fe2.000,V1.000,Al1.000,650.0,0.0,0.0,0.0,0.0,0.0,0.0,0.0,16.48,0.0,0.0,0.0,1.61,0.0,0.0,0.0,0.0,0.0,5.0,0.0,0.0,0.0,13.0,1.61,73.0,5.0,0.0,5.0,0.0,0.0,73.0,1.63,1.63,933.47,225.0,1.61,2183.0,121.0,0.0,933.47,36.96804296183967,3.384474311656132e-06
Fe2V0.96Al1.04,Fe2.000,V1.000,Al1.000,700.0,0.0,0.0,0.0,0.0,0.0,0.0,0.0,16.48,0.0,0.0,0.0,1.61,0.0,0.0,0.0,0.0,0.0,5.0,0.0,0.0,0.0,13.0,1.61,73.0,5.0,0.0,5.0,0.0,0.0,73.0,1.63,1.63,933.47,225.0,1.61,2183.0,121.0,0.0,933.47,28.4320045999052,3.3367410107231544e-06
Fe2V0.94Al1.06,Fe2.000,V1.000,Al1.000,350.0,0.0,0.0,0.0,0.0,0.0,0.0,0.0,16.48,0.0,0.0,0.0,1.61,0.0,0.0,0.0,0.0,0.0,5.0,0.0,0.0,0.0,13.0,1.61,73.0,5.0,0.0,5.0,0.0,0.0,73.0,1.63,1.63,933.47,225.0,1.61,2183.0,121.0,0.0,933.47,67.774349344134,2.0515007595342326e-06
Fe2V0.94Al1.06,Fe2.000,V1.000,Al1.000,400.0,0.0,0.0,0.0,0.0,0.0,0.0,0.0,16.48,0.0,0.0,0.0,1.61,0.0,0.0,0.0,0.0,0.0,5.0,0.0,0.0,0.0,13.0,1.61,73.0,5.0,0.0,5.0,0.0,0.0,73.0,1.63,1.63,933.47,225.0,1.61,2183.0,121.0,0.0,933.47,78.51026023110438,2.230683688985553e-06
Fe2V0.94Al1.06,Fe2.000,V1.000,Al1.000,450.0,0.0,0.0,0.0,0.0,0.0,0.0,0.0,16.48,0.0,0.0,0.0,1.61,0.0,0.0,0.0,0.0,0.0,5.0,0.0,0.0,0.0,13.0,1.61,73.0,5.0,0.0,5.0,0.0,0.0,73.0,1.63,1.63,933.47,225.0,1.61,2183.0,121.0,0.0,933.47,80.20968731974902,2.3939100349310644e-06
Fe2V0.94Al1.06,Fe2.000,V1.000,Al1.000,500.0,0.0,0.0,0.0,0.0,0.0,0.0,0.0,16.48,0.0,0.0,0.0,1.61,0.0,0.0,0.0,0.0,0.0,5.0,0.0,0.0,0.0,13.0,1.61,73.0,5.0,0.0,5.0,0.0,0.0,73.0,1.63,1.63,933.47,225.0,1.61,2183.0,121.0,0.0,933.47,75.03131294442814,2.554694682485523e-06
Fe2V0.94Al1.06,Fe2.000,V1.000,Al1.000,550.0,0.0,0.0,0.0,0.0,0.0,0.0,0.0,16.48,0.0,0.0,0.0,1.61,0.0,0.0,0.0,0.0,0.0,5.0,0.0,0.0,0.0,13.0,1.61,73.0,5.0,0.0,5.0,0.0,0.0,73.0,1.63,1.63,933.47,225.0,1.61,2183.0,121.0,0.0,933.47,65.54465560268945,2.6932371194179824e-06
Fe2V0.94Al1.06,Fe2.000,V1.000,Al1.000,600.0,0.0,0.0,0.0,0.0,0.0,0.0,0.0,16.48,0.0,0.0,0.0,1.61,0.0,0.0,0.0,0.0,0.0,5.0,0.0,0.0,0.0,13.0,1.61,73.0,5.0,0.0,5.0,0.0,0.0,73.0,1.63,1.63,933.47,225.0,1.61,2183.0,121.0,0.0,933.47,54.338861791730174,2.780107998956475e-06
Fe2V0.94Al1.06,Fe2.000,V1.000,Al1.000,650.0,0.0,0.0,0.0,0.0,0.0,0.0,0.0,16.48,0.0,0.0,0.0,1.61,0.0,0.0,0.0,0.0,0.0,5.0,0.0,0.0,0.0,13.0,1.61,73.0,5.0,0.0,5.0,0.0,0.0,73.0,1.63,1.63,933.47,225.0,1.61,2183.0,121.0,0.0,933.47,43.631497844860014,2.7999357025919416e-06
Fe2V0.94Al1.06,Fe2.000,V1.000,Al1.000,700.0,0.0,0.0,0.0,0.0,0.0,0.0,0.0,16.48,0.0,0.0,0.0,1.61,0.0,0.0,0.0,0.0,0.0,5.0,0.0,0.0,0.0,13.0,1.61,73.0,5.0,0.0,5.0,0.0,0.0,73.0,1.63,1.63,933.47,225.0,1.61,2183.0,121.0,0.0,933.47,34.877341767963024,2.7750929028832582e-06
Fe2V0.9Al1.1,Fe2.000,V1.000,Al1.000,400.0,0.0,0.0,0.0,0.0,0.0,0.0,0.0,16.48,0.0,0.0,0.0,1.61,0.0,0.0,0.0,0.0,0.0,5.0,0.0,0.0,0.0,13.0,1.61,73.0,5.0,0.0,5.0,0.0,0.0,73.0,1.63,1.63,933.47,225.0,1.61,2183.0,121.0,0.0,933.47,66.53873925933831,1.9178392629952434e-06
Fe2V0.9Al1.1,Fe2.000,V1.000,Al1.000,450.0,0.0,0.0,0.0,0.0,0.0,0.0,0.0,16.48,0.0,0.0,0.0,1.61,0.0,0.0,0.0,0.0,0.0,5.0,0.0,0.0,0.0,13.0,1.61,73.0,5.0,0.0,5.0,0.0,0.0,73.0,1.63,1.63,933.47,225.0,1.61,2183.0,121.0,0.0,933.47,71.92041974785101,2.1494128498138916e-06
Fe2V0.9Al1.1,Fe2.000,V1.000,Al1.000,500.0,0.0,0.0,0.0,0.0,0.0,0.0,0.0,16.48,0.0,0.0,0.0,1.61,0.0,0.0,0.0,0.0,0.0,5.0,0.0,0.0,0.0,13.0,1.61,73.0,5.0,0.0,5.0,0.0,0.0,73.0,1.63,1.63,933.47,225.0,1.61,2183.0,121.0,0.0,933.47,72.76496488654516,2.344759986826912e-06
Fe2V0.9Al1.1,Fe2.000,V1.000,Al1.000,550.0,0.0,0.0,0.0,0.0,0.0,0.0,0.0,16.48,0.0,0.0,0.0,1.61,0.0,0.0,0.0,0.0,0.0,5.0,0.0,0.0,0.0,13.0,1.61,73.0,5.0,0.0,5.0,0.0,0.0,73.0,1.63,1.63,933.47,225.0,1.61,2183.0,121.0,0.0,933.47,69.93084800678437,2.507476343710097e-06
Fe2V0.9Al1.1,Fe2.000,V1.000,Al1.000,600.0,0.0,0.0,0.0,0.0,0.0,0.0,0.0,16.48,0.0,0.0,0.0,1.61,0.0,0.0,0.0,0.0,0.0,5.0,0.0,0.0,0.0,13.0,1.61,73.0,5.0,0.0,5.0,0.0,0.0,73.0,1.63,1.63,933.47,225.0,1.61,2183.0,121.0,0.0,933.47,64.67028732556722,2.65221025326253e-06
Fe2V0.9Al1.1,Fe2.000,V1.000,Al1.000,650.0,0.0,0.0,0.0,0.0,0.0,0.0,0.0,16.48,0.0,0.0,0.0,1.61,0.0,0.0,0.0,0.0,0.0,5.0,0.0,0.0,0.0,13.0,1.61,73.0,5.0,0.0,5.0,0.0,0.0,73.0,1.63,1.63,933.47,225.0,1.61,2183.0,121.0,0.0,933.47,58.171490311581685,2.7845572917266253e-06
Fe2V0.9Al1.1,Fe2.000,V1.000,Al1.000,700.0,0.0,0.0,0.0,0.0,0.0,0.0,0.0,16.48,0.0,0.0,0.0,1.61,0.0,0.0,0.0,0.0,0.0,5.0,0.0,0.0,0.0,13.0,1.61,73.0,5.0,0.0,5.0,0.0,0.0,73.0,1.63,1.63,933.47,225.0,1.61,2183.0,121.0,0.0,933.47,51.100898051269496,2.8809548591084497e-06
 Fe2VAl,Fe2.000,V1.000,Al1.000,400.0,0.0,0.0,0.0,0.0,0.0,0.0,0.0,16.48,0.0,0.0,0.0,1.61,0.0,0.0,0.0,0.0,0.0,5.0,0.0,0.0,0.0,13.0,1.61,73.0,5.0,0.0,5.0,0.0,0.0,73.0,1.63,1.63,933.47,225.0,1.61,2183.0,121.0,0.0,933.47,-7.763946367415734,7.281396763212888e-06
 Fe2VAl,Fe2.000,V1.000,Al1.000,450.0,0.0,0.0,0.0,0.0,0.0,0.0,0.0,16.48,0.0,0.0,0.0,1.61,0.0,0.0,0.0,0.0,0.0,5.0,0.0,0.0,0.0,13.0,1.61,73.0,5.0,0.0,5.0,0.0,0.0,73.0,1.63,1.63,933.47,225.0,1.61,2183.0,121.0,0.0,933.47,-5.833433431855737,6.041460311031146e-06
 Fe2VAl,Fe2.000,V1.000,Al1.000,500.0,0.0,0.0,0.0,0.0,0.0,0.0,0.0,16.48,0.0,0.0,0.0,1.61,0.0,0.0,0.0,0.0,0.0,5.0,0.0,0.0,0.0,13.0,1.61,73.0,5.0,0.0,5.0,0.0,0.0,73.0,1.63,1.63,933.47,225.0,1.61,2183.0,121.0,0.0,933.47,-4.797951624917988,5.193317105548826e-06
 Fe2VAl,Fe2.000,V1.000,Al1.000,550.0,0.0,0.0,0.0,0.0,0.0,0.0,0.0,16.48,0.0,0.0,0.0,1.61,0.0,0.0,0.0,0.0,0.0,5.0,0.0,0.0,0.0,13.0,1.61,73.0,5.0,0.0,5.0,0.0,0.0,73.0,1.63,1.63,933.47,225.0,1.61,2183.0,121.0,0.0,933.47,-4.628119133779187,4.601548481717664e-06
 Fe2VAl,Fe2.000,V1.000,Al1.000,600.0,0.0,0.0,0.0,0.0,0.0,0.0,0.0,16.48,0.0,0.0,0.0,1.61,0.0,0.0,0.0,0.0,0.0,5.0,0.0,0.0,0.0,13.0,1.61,73.0,5.0,0.0,5.0,0.0,0.0,73.0,1.63,1.63,933.47,225.0,1.61,2183.0,121.0,0.0,933.47,-4.9757267771327784,4.182235254755748e-06
 Fe2VAl,Fe2.000,V1.000,Al1.000,650.0,0.0,0.0,0.0,0.0,0.0,0.0,0.0,16.48,0.0,0.0,0.0,1.61,0.0,0.0,0.0,0.0,0.0,5.0,0.0,0.0,0.0,13.0,1.61,73.0,5.0,0.0,5.0,0.0,0.0,73.0,1.63,1.63,933.47,225.0,1.61,2183.0,121.0,0.0,933.47,-5.495928927031976,3.883451913082141e-06
 Fe2VAl,Fe2.000,V1.000,Al1.000,700.0,0.0,0.0,0.0,0.0,0.0,0.0,0.0,16.48,0.0,0.0,0.0,1.61,0.0,0.0,0.0,0.0,0.0,5.0,0.0,0.0,0.0,13.0,1.61,73.0,5.0,0.0,5.0,0.0,0.0,73.0,1.63,1.63,933.47,225.0,1.61,2183.0,121.0,0.0,933.47,-6.169434430728738,3.665760811252282e-06
Fe2V1.04Al0.96,Fe2.000,V1.000,Al1.000,400.0,0.0,0.0,0.0,0.0,0.0,0.0,0.0,16.48,0.0,0.0,0.0,1.61,0.0,0.0,0.0,0.0,0.0,5.0,0.0,0.0,0.0,13.0,1.61,73.0,5.0,0.0,5.0,0.0,0.0,73.0,1.63,1.63,933.47,225.0,1.61,2183.0,121.0,0.0,933.47,-131.7324758521,5.070487542589243e-06
Fe2V1.04Al0.96,Fe2.000,V1.000,Al1.000,450.0,0.0,0.0,0.0,0.0,0.0,0.0,0.0,16.48,0.0,0.0,0.0,1.61,0.0,0.0,0.0,0.0,0.0,5.0,0.0,0.0,0.0,13.0,1.61,73.0,5.0,0.0,5.0,0.0,0.0,73.0,1.63,1.63,933.47,225.0,1.61,2183.0,121.0,0.0,933.47,-115.4767385609,5.028012829810294e-06
Fe2V1.04Al0.96,Fe2.000,V1.000,Al1.000,500.0,0.0,0.0,0.0,0.0,0.0,0.0,0.0,16.48,0.0,0.0,0.0,1.61,0.0,0.0,0.0,0.0,0.0,5.0,0.0,0.0,0.0,13.0,1.61,73.0,5.0,0.0,5.0,0.0,0.0,73.0,1.63,1.63,933.47,225.0,1.61,2183.0,121.0,0.0,933.47,-97.38211993331656,4.86250697824699e-06
Fe2V1.04Al0.96,Fe2.000,V1.000,Al1.000,550.0,0.0,0.0,0.0,0.0,0.0,0.0,0.0,16.48,0.0,0.0,0.0,1.61,0.0,0.0,0.0,0.0,0.0,5.0,0.0,0.0,0.0,13.0,1.61,73.0,5.0,0.0,5.0,0.0,0.0,73.0,1.63,1.63,933.47,225.0,1.61,2183.0,121.0,0.0,933.47,-80.01951039838812,4.617778229207399e-06
Fe2V1.04Al0.96,Fe2.000,V1.000,Al1.000,600.0,0.0,0.0,0.0,0.0,0.0,0.0,0.0,16.48,0.0,0.0,0.0,1.61,0.0,0.0,0.0,0.0,0.0,5.0,0.0,0.0,0.0,13.0,1.61,73.0,5.0,0.0,5.0,0.0,0.0,73.0,1.63,1.63,933.47,225.0,1.61,2183.0,121.0,0.0,933.47,-64.75511489357642,4.343110498913057e-06
Fe2V1.04Al0.96,Fe2.000,V1.000,Al1.000,650.0,0.0,0.0,0.0,0.0,0.0,0.0,0.0,16.48,0.0,0.0,0.0,1.61,0.0,0.0,0.0,0.0,0.0,5.0,0.0,0.0,0.0,13.0,1.61,73.0,5.0,0.0,5.0,0.0,0.0,73.0,1.63,1.63,933.47,225.0,1.61,2183.0,121.0,0.0,933.47,-52.14444540981001,4.0833582565148325e-06
Fe2V1.04Al0.96,Fe2.000,V1.000,Al1.000,700.0,0.0,0.0,0.0,0.0,0.0,0.0,0.0,16.48,0.0,0.0,0.0,1.61,0.0,0.0,0.0,0.0,0.0,5.0,0.0,0.0,0.0,13.0,1.61,73.0,5.0,0.0,5.0,0.0,0.0,73.0,1.63,1.63,933.47,225.0,1.61,2183.0,121.0,0.0,933.47,-42.32631353681606,3.869041402108613e-06
Fe2V1.06Al0.94,Fe2.000,V1.000,Al1.000,400.0,0.0,0.0,0.0,0.0,0.0,0.0,0.0,16.48,0.0,0.0,0.0,1.61,0.0,0.0,0.0,0.0,0.0,5.0,0.0,0.0,0.0,13.0,1.61,73.0,5.0,0.0,5.0,0.0,0.0,73.0,1.63,1.63,933.47,225.0,1.61,2183.0,121.0,0.0,933.47,-135.3157068995,4.017103424533703e-06
Fe2V1.06Al0.94,Fe2.000,V1.000,Al1.000,450.0,0.0,0.0,0.0,0.0,0.0,0.0,0.0,16.48,0.0,0.0,0.0,1.61,0.0,0.0,0.0,0.0,0.0,5.0,0.0,0.0,0.0,13.0,1.61,73.0,5.0,0.0,5.0,0.0,0.0,73.0,1.63,1.63,933.47,225.0,1.61,2183.0,121.0,0.0,933.47,-128.93512860759998,4.216854282470176e-06
Fe2V1.06Al0.94,Fe2.000,V1.000,Al1.000,500.0,0.0,0.0,0.0,0.0,0.0,0.0,0.0,16.48,0.0,0.0,0.0,1.61,0.0,0.0,0.0,0.0,0.0,5.0,0.0,0.0,0.0,13.0,1.61,73.0,5.0,0.0,5.0,0.0,0.0,73.0,1.63,1.63,933.47,225.0,1.61,2183.0,121.0,0.0,933.47,-118.4583517328,4.2868127347900115e-06
Fe2V1.06Al0.94,Fe2.000,V1.000,Al1.000,550.0,0.0,0.0,0.0,0.0,0.0,0.0,0.0,16.48,0.0,0.0,0.0,1.61,0.0,0.0,0.0,0.0,0.0,5.0,0.0,0.0,0.0,13.0,1.61,73.0,5.0,0.0,5.0,0.0,0.0,73.0,1.63,1.63,933.47,225.0,1.61,2183.0,121.0,0.0,933.47,-104.2967677242,4.254019202716447e-06
Fe2V1.06Al0.94,Fe2.000,V1.000,Al1.000,600.0,0.0,0.0,0.0,0.0,0.0,0.0,0.0,16.48,0.0,0.0,0.0,1.61,0.0,0.0,0.0,0.0,0.0,5.0,0.0,0.0,0.0,13.0,1.61,73.0,5.0,0.0,5.0,0.0,0.0,73.0,1.63,1.63,933.47,225.0,1.61,2183.0,121.0,0.0,933.47,-88.3447251800362,4.156906067565178e-06
Fe2V1.06Al0.94,Fe2.000,V1.000,Al1.000,650.0,0.0,0.0,0.0,0.0,0.0,0.0,0.0,16.48,0.0,0.0,0.0,1.61,0.0,0.0,0.0,0.0,0.0,5.0,0.0,0.0,0.0,13.0,1.61,73.0,5.0,0.0,5.0,0.0,0.0,73.0,1.63,1.63,933.47,225.0,1.61,2183.0,121.0,0.0,933.47,-72.95895642531451,4.022576213310747e-06
Fe2V1.06Al0.94,Fe2.000,V1.000,Al1.000,700.0,0.0,0.0,0.0,0.0,0.0,0.0,0.0,16.48,0.0,0.0,0.0,1.61,0.0,0.0,0.0,0.0,0.0,5.0,0.0,0.0,0.0,13.0,1.61,73.0,5.0,0.0,5.0,0.0,0.0,73.0,1.63,1.63,933.47,225.0,1.61,2183.0,121.0,0.0,933.47,-59.93800409030237,3.844081569153051e-06
Fe2V1.1Al0.9,Fe2.000,V1.000,Al1.000,400.0,0.0,0.0,0.0,0.0,0.0,0.0,0.0,16.48,0.0,0.0,0.0,1.61,0.0,0.0,0.0,0.0,0.0,5.0,0.0,0.0,0.0,13.0,1.61,73.0,5.0,0.0,5.0,0.0,0.0,73.0,1.63,1.63,933.47,225.0,1.61,2183.0,121.0,0.0,933.47,-106.5716721295,3.0280324769299644e-06
Fe2V1.1Al0.9,Fe2.000,V1.000,Al1.000,450.0,0.0,0.0,0.0,0.0,0.0,0.0,0.0,16.48,0.0,0.0,0.0,1.61,0.0,0.0,0.0,0.0,0.0,5.0,0.0,0.0,0.0,13.0,1.61,73.0,5.0,0.0,5.0,0.0,0.0,73.0,1.63,1.63,933.47,225.0,1.61,2183.0,121.0,0.0,933.47,-112.7285491048,3.298961156545585e-06
Fe2V1.1Al0.9,Fe2.000,V1.000,Al1.000,500.0,0.0,0.0,0.0,0.0,0.0,0.0,0.0,16.48,0.0,0.0,0.0,1.61,0.0,0.0,0.0,0.0,0.0,5.0,0.0,0.0,0.0,13.0,1.61,73.0,5.0,0.0,5.0,0.0,0.0,73.0,1.63,1.63,933.47,225.0,1.61,2183.0,121.0,0.0,933.47,-112.5238469582,3.5117401538711904e-06
Fe2V1.1Al0.9,Fe2.000,V1.000,Al1.000,550.0,0.0,0.0,0.0,0.0,0.0,0.0,0.0,16.48,0.0,0.0,0.0,1.61,0.0,0.0,0.0,0.0,0.0,5.0,0.0,0.0,0.0,13.0,1.61,73.0,5.0,0.0,5.0,0.0,0.0,73.0,1.63,1.63,933.47,225.0,1.61,2183.0,121.0,0.0,933.47,-106.0396742005,3.649811486342139e-06
Fe2V1.1Al0.9,Fe2.000,V1.000,Al1.000,600.0,0.0,0.0,0.0,0.0,0.0,0.0,0.0,16.48,0.0,0.0,0.0,1.61,0.0,0.0,0.0,0.0,0.0,5.0,0.0,0.0,0.0,13.0,1.61,73.0,5.0,0.0,5.0,0.0,0.0,73.0,1.63,1.63,933.47,225.0,1.61,2183.0,121.0,0.0,933.47,-95.93731260294564,3.716152896111051e-06
Fe2V1.1Al0.9,Fe2.000,V1.000,Al1.000,650.0,0.0,0.0,0.0,0.0,0.0,0.0,0.0,16.48,0.0,0.0,0.0,1.61,0.0,0.0,0.0,0.0,0.0,5.0,0.0,0.0,0.0,13.0,1.61,73.0,5.0,0.0,5.0,0.0,0.0,73.0,1.63,1.63,933.47,225.0,1.61,2183.0,121.0,0.0,933.47,-85.38944349372086,3.7248997871847496e-06
Fe2V1.1Al0.9,Fe2.000,V1.000,Al1.000,700.0,0.0,0.0,0.0,0.0,0.0,0.0,0.0,16.48,0.0,0.0,0.0,1.61,0.0,0.0,0.0,0.0,0.0,5.0,0.0,0.0,0.0,13.0,1.61,73.0,5.0,0.0,5.0,0.0,0.0,73.0,1.63,1.63,933.47,225.0,1.61,2183.0,121.0,0.0,933.47,-76.01237405418897,3.69296716256082e-06
Fe2VAl,Fe2.000,V1.000,Al1.000,50.0,0.0,0.0,0.0,0.0,0.0,0.0,0.0,16.48,0.0,0.0,0.0,1.61,0.0,0.0,0.0,0.0,0.0,5.0,0.0,0.0,0.0,13.0,1.61,73.0,5.0,0.0,5.0,0.0,0.0,73.0,1.63,1.63,933.47,225.0,1.61,2183.0,121.0,0.0,933.47,11.339872355133735,2.248551395312322e-05
Fe2VAl,Fe2.000,V1.000,Al1.000,100.0,0.0,0.0,0.0,0.0,0.0,0.0,0.0,16.48,0.0,0.0,0.0,1.61,0.0,0.0,0.0,0.0,0.0,5.0,0.0,0.0,0.0,13.0,1.61,73.0,5.0,0.0,5.0,0.0,0.0,73.0,1.63,1.63,933.47,225.0,1.61,2183.0,121.0,0.0,933.47,17.497694003888842,1.9928934919806872e-05
Fe2VAl,Fe2.000,V1.000,Al1.000,150.0,0.0,0.0,0.0,0.0,0.0,0.0,0.0,16.48,0.0,0.0,0.0,1.61,0.0,0.0,0.0,0.0,0.0,5.0,0.0,0.0,0.0,13.0,1.61,73.0,5.0,0.0,5.0,0.0,0.0,73.0,1.63,1.63,933.47,225.0,1.61,2183.0,121.0,0.0,933.47,23.71910602315858,1.750715970407819e-05
Fe2VAl,Fe2.000,V1.000,Al1.000,200.0,0.0,0.0,0.0,0.0,0.0,0.0,0.0,16.48,0.0,0.0,0.0,1.61,0.0,0.0,0.0,0.0,0.0,5.0,0.0,0.0,0.0,13.0,1.61,73.0,5.0,0.0,5.0,0.0,0.0,73.0,1.63,1.63,933.47,225.0,1.61,2183.0,121.0,0.0,933.47,30.560615252516563,1.5097235921000568e-05
Fe2VAl,Fe2.000,V1.000,Al1.000,250.0,0.0,0.0,0.0,0.0,0.0,0.0,0.0,16.48,0.0,0.0,0.0,1.61,0.0,0.0,0.0,0.0,0.0,5.0,0.0,0.0,0.0,13.0,1.61,73.0,5.0,0.0,5.0,0.0,0.0,73.0,1.63,1.63,933.47,225.0,1.61,2183.0,121.0,0.0,933.47,36.714827453096795,1.2578157552240896e-05
Fe2VAl0.98Si0.02,Fe2.000,V1.000,Al0.980Si0.020,50.0,3.960000000000001,0.773,0.0,1.103961399999999,1.0,0.0,0.0,16.5592,0.0,0.0,2.0,1.6158,0.0,0.0,0.0,0.0,1.0,5.0,0.0,1.0,5.0,13.0,1.61,73.0,4.98,1.0,4.98,0.2899999999999998,0.0,73.1,1.63,1.63,948.5406,225.04,1.9,2183.0,120.8,0.01546,1687.0,-49.36889947796097,7.82989820131809e-06
Fe2VAl0.98Si0.02,Fe2.000,V1.000,Al0.980Si0.020,100.0,3.960000000000001,0.773,0.0,1.103961399999999,1.0,0.0,0.0,16.5592,0.0,0.0,2.0,1.6158,0.0,0.0,0.0,0.0,1.0,5.0,0.0,1.0,5.0,13.0,1.61,73.0,4.98,1.0,4.98,0.2899999999999998,0.0,73.1,1.63,1.63,948.5406,225.04,1.9,2183.0,120.8,0.01546,1687.0,-71.61545212705795,8.406169517627639e-06
Fe2VAl0.98Si0.02,Fe2.000,V1.000,Al0.980Si0.020,150.0,3.960000000000001,0.773,0.0,1.103961399999999,1.0,0.0,0.0,16.5592,0.0,0.0,2.0,1.6158,0.0,0.0,0.0,0.0,1.0,5.0,0.0,1.0,5.0,13.0,1.61,73.0,4.98,1.0,4.98,0.2899999999999998,0.0,73.1,1.63,1.63,948.5406,225.04,1.9,2183.0,120.8,0.01546,1687.0,-97.38346652628044,9.341510957257014e-06
Fe2VAl0.98Si0.02,Fe2.000,V1.000,Al0.980Si0.020,200.0,3.960000000000001,0.773,0.0,1.103961399999999,1.0,0.0,0.0,16.5592,0.0,0.0,2.0,1.6158,0.0,0.0,0.0,0.0,1.0,5.0,0.0,1.0,5.0,13.0,1.61,73.0,4.98,1.0,4.98,0.2899999999999998,0.0,73.1,1.63,1.63,948.5406,225.04,1.9,2183.0,120.8,0.01546,1687.0,-116.0651580948,1.0210524687063708e-05
Fe2VAl0.98Si0.02,Fe2.000,V1.000,Al0.980Si0.020,250.0,3.960000000000001,0.773,0.0,1.103961399999999,1.0,0.0,0.0,16.5592,0.0,0.0,2.0,1.6158,0.0,0.0,0.0,0.0,1.0,5.0,0.0,1.0,5.0,13.0,1.61,73.0,4.98,1.0,4.98,0.2899999999999998,0.0,73.1,1.63,1.63,948.5406,225.04,1.9,2183.0,120.8,0.01546,1687.0,-111.5597527558,1.0461016968876046e-05
Fe2VAl0.95Si0.05,Fe2.000,V1.000,Al0.950Si0.050,50.0,3.960000000000001,0.773,0.0,1.103961399999999,1.0,0.0,0.0,16.677999999999997,0.0,0.0,2.0,1.6245,0.0,0.0,0.0,0.0,1.0,5.0,0.0,1.0,5.0,13.0,1.61,73.0,4.95,1.0,4.95,0.2899999999999998,0.0,73.25,1.63,1.63,971.1465,225.1,1.9,2183.0,120.5,0.03865,1687.0,-46.29093052791814,3.623128599226906e-06
Fe2VAl0.95Si0.05,Fe2.000,V1.000,Al0.950Si0.050,100.0,3.960000000000001,0.773,0.0,1.103961399999999,1.0,0.0,0.0,16.677999999999997,0.0,0.0,2.0,1.6245,0.0,0.0,0.0,0.0,1.0,5.0,0.0,1.0,5.0,13.0,1.61,73.0,4.95,1.0,4.95,0.2899999999999998,0.0,73.25,1.63,1.63,971.1465,225.1,1.9,2183.0,120.5,0.03865,1687.0,-70.77782951588905,4.277714784660058e-06
Fe2VAl0.95Si0.05,Fe2.000,V1.000,Al0.950Si0.050,150.0,3.960000000000001,0.773,0.0,1.103961399999999,1.0,0.0,0.0,16.677999999999997,0.0,0.0,2.0,1.6245,0.0,0.0,0.0,0.0,1.0,5.0,0.0,1.0,5.0,13.0,1.61,73.0,4.95,1.0,4.95,0.2899999999999998,0.0,73.25,1.63,1.63,971.1465,225.1,1.9,2183.0,120.5,0.03865,1687.0,-92.00451179405876,5.181408663051693e-06
Fe2VAl0.95Si0.05,Fe2.000,V1.000,Al0.950Si0.050,200.0,3.960000000000001,0.773,0.0,1.103961399999999,1.0,0.0,0.0,16.677999999999997,0.0,0.0,2.0,1.6245,0.0,0.0,0.0,0.0,1.0,5.0,0.0,1.0,5.0,13.0,1.61,73.0,4.95,1.0,4.95,0.2899999999999998,0.0,73.25,1.63,1.63,971.1465,225.1,1.9,2183.0,120.5,0.03865,1687.0,-111.8827711907,6.19000664374162e-06
Fe2VAl0.95Si0.05,Fe2.000,V1.000,Al0.950Si0.050,250.0,3.960000000000001,0.773,0.0,1.103961399999999,1.0,0.0,0.0,16.677999999999997,0.0,0.0,2.0,1.6245,0.0,0.0,0.0,0.0,1.0,5.0,0.0,1.0,5.0,13.0,1.61,73.0,4.95,1.0,4.95,0.2899999999999998,0.0,73.25,1.63,1.63,971.1465,225.1,1.9,2183.0,120.5,0.03865,1687.0,-124.4926900309,7.132736165366529e-06
Fe2VAl0.9Si0.1,Fe2.000,V1.000,Al0.900Si0.100,50.0,3.960000000000001,0.773,0.0,1.103961399999999,1.0,0.0,0.0,16.876,0.0,0.0,2.0,1.639,0.0,0.0,0.0,0.0,1.0,5.0,0.0,1.0,5.0,13.0,1.61,73.0,4.9,1.0,4.9,0.2899999999999998,0.0,73.5,1.63,1.63,1008.823,225.2,1.9,2183.0,120.0,0.0773,1687.0,-37.44071943624103,2.025062200848439e-06
Fe2VAl0.9Si0.1,Fe2.000,V1.000,Al0.900Si0.100,100.0,3.960000000000001,0.773,0.0,1.103961399999999,1.0,0.0,0.0,16.876,0.0,0.0,2.0,1.639,0.0,0.0,0.0,0.0,1.0,5.0,0.0,1.0,5.0,13.0,1.61,73.0,4.9,1.0,4.9,0.2899999999999998,0.0,73.5,1.63,1.63,1008.823,225.2,1.9,2183.0,120.0,0.0773,1687.0,-60.09540168761164,2.508735087154515e-06
Fe2VAl0.9Si0.1,Fe2.000,V1.000,Al0.900Si0.100,150.0,3.960000000000001,0.773,0.0,1.103961399999999,1.0,0.0,0.0,16.876,0.0,0.0,2.0,1.639,0.0,0.0,0.0,0.0,1.0,5.0,0.0,1.0,5.0,13.0,1.61,73.0,4.9,1.0,4.9,0.2899999999999998,0.0,73.5,1.63,1.63,1008.823,225.2,1.9,2183.0,120.0,0.0773,1687.0,-80.76459380121642,3.1897541949534745e-06
Fe2VAl0.9Si0.1,Fe2.000,V1.000,Al0.900Si0.100,200.0,3.960000000000001,0.773,0.0,1.103961399999999,1.0,0.0,0.0,16.876,0.0,0.0,2.0,1.639,0.0,0.0,0.0,0.0,1.0,5.0,0.0,1.0,5.0,13.0,1.61,73.0,4.9,1.0,4.9,0.2899999999999998,0.0,73.5,1.63,1.63,1008.823,225.2,1.9,2183.0,120.0,0.0773,1687.0,-97.40408088409905,4.052029758303652e-06
Fe2VAl0.9Si0.1,Fe2.000,V1.000,Al0.900Si0.100,250.0,3.960000000000001,0.773,0.0,1.103961399999999,1.0,0.0,0.0,16.876,0.0,0.0,2.0,1.639,0.0,0.0,0.0,0.0,1.0,5.0,0.0,1.0,5.0,13.0,1.61,73.0,4.9,1.0,4.9,0.2899999999999998,0.0,73.5,1.63,1.63,1008.823,225.2,1.9,2183.0,120.0,0.0773,1687.0,-108.5374353146,5.068156852248934e-06
Fe2VAl0.8Si0.2,Fe2.000,V1.000,Al0.800Si0.200,50.0,3.960000000000001,0.773,0.0,1.103961399999999,1.0,0.0,0.0,17.272000000000002,0.0,0.0,2.0,1.668,0.0,0.0,0.0,0.0,1.0,5.0,0.0,1.0,5.0,13.0,1.61,73.0,4.8,1.0,4.8,0.2899999999999998,0.0,74.0,1.63,1.63,1084.1760000000002,225.4,1.9,2183.0,119.0,0.1546,1687.0,-15.228185006326363,1.136050977696824e-06
Fe2VAl0.8Si0.2,Fe2.000,V1.000,Al0.800Si0.200,100.0,3.960000000000001,0.773,0.0,1.103961399999999,1.0,0.0,0.0,17.272000000000002,0.0,0.0,2.0,1.668,0.0,0.0,0.0,0.0,1.0,5.0,0.0,1.0,5.0,13.0,1.61,73.0,4.8,1.0,4.8,0.2899999999999998,0.0,74.0,1.63,1.63,1084.1760000000002,225.4,1.9,2183.0,119.0,0.1546,1687.0,-31.144738957764694,1.7306818752910725e-06
Fe2VAl0.8Si0.2,Fe2.000,V1.000,Al0.800Si0.200,150.0,3.960000000000001,0.773,0.0,1.103961399999999,1.0,0.0,0.0,17.272000000000002,0.0,0.0,2.0,1.668,0.0,0.0,0.0,0.0,1.0,5.0,0.0,1.0,5.0,13.0,1.61,73.0,4.8,1.0,4.8,0.2899999999999998,0.0,74.0,1.63,1.63,1084.1760000000002,225.4,1.9,2183.0,119.0,0.1546,1687.0,-42.33401665729205,2.5205843039824904e-06
Fe2VAl0.8Si0.2,Fe2.000,V1.000,Al0.800Si0.200,200.0,3.960000000000001,0.773,0.0,1.103961399999999,1.0,0.0,0.0,17.272000000000002,0.0,0.0,2.0,1.668,0.0,0.0,0.0,0.0,1.0,5.0,0.0,1.0,5.0,13.0,1.61,73.0,4.8,1.0,4.8,0.2899999999999998,0.0,74.0,1.63,1.63,1084.1760000000002,225.4,1.9,2183.0,119.0,0.1546,1687.0,-50.951860060620376,3.3894461120323898e-06
Fe2VAl0.8Si0.2,Fe2.000,V1.000,Al0.800Si0.200,250.0,3.960000000000001,0.773,0.0,1.103961399999999,1.0,0.0,0.0,17.272000000000002,0.0,0.0,2.0,1.668,0.0,0.0,0.0,0.0,1.0,5.0,0.0,1.0,5.0,13.0,1.61,73.0,4.8,1.0,4.8,0.2899999999999998,0.0,74.0,1.63,1.63,1084.1760000000002,225.4,1.9,2183.0,119.0,0.1546,1687.0,-59.00783514866648,4.321886203776497e-06
Fe2VAl0.7Si0.3,Fe2.000,V1.000,Al0.700Si0.300,50.0,3.960000000000001,0.773,0.0,1.103961399999999,1.0,0.0,0.0,17.668,0.0,0.0,2.0,1.697,0.0,0.0,0.0,0.0,1.0,5.0,0.0,1.0,5.0,13.0,1.61,73.0,4.7,1.0,4.7,0.2899999999999998,0.0,74.5,1.63,1.63,1159.529,225.6,1.9,2183.0,118.0,0.2319,1687.0,-15.22815476603266,9.422484880139862e-07
Fe2VAl0.7Si0.3,Fe2.000,V1.000,Al0.700Si0.300,100.0,3.960000000000001,0.773,0.0,1.103961399999999,1.0,0.0,0.0,17.668,0.0,0.0,2.0,1.697,0.0,0.0,0.0,0.0,1.0,5.0,0.0,1.0,5.0,13.0,1.61,73.0,4.7,1.0,4.7,0.2899999999999998,0.0,74.5,1.63,1.63,1159.529,225.6,1.9,2183.0,118.0,0.2319,1687.0,-30.146671180376725,1.4638273929732232e-06
Fe2VAl0.7Si0.3,Fe2.000,V1.000,Al0.700Si0.300,150.0,3.960000000000001,0.773,0.0,1.103961399999999,1.0,0.0,0.0,17.668,0.0,0.0,2.0,1.697,0.0,0.0,0.0,0.0,1.0,5.0,0.0,1.0,5.0,13.0,1.61,73.0,4.7,1.0,4.7,0.2899999999999998,0.0,74.5,1.63,1.63,1159.529,225.6,1.9,2183.0,118.0,0.2319,1687.0,-38.54607898312451,2.138655400479505e-06
Fe2VAl0.7Si0.3,Fe2.000,V1.000,Al0.700Si0.300,200.0,3.960000000000001,0.773,0.0,1.103961399999999,1.0,0.0,0.0,17.668,0.0,0.0,2.0,1.697,0.0,0.0,0.0,0.0,1.0,5.0,0.0,1.0,5.0,13.0,1.61,73.0,4.7,1.0,4.7,0.2899999999999998,0.0,74.5,1.63,1.63,1159.529,225.6,1.9,2183.0,118.0,0.2319,1687.0,-44.36596477491854,2.8792298629164155e-06
Fe2VAl0.7Si0.3,Fe2.000,V1.000,Al0.700Si0.300,250.0,3.960000000000001,0.773,0.0,1.103961399999999,1.0,0.0,0.0,17.668,0.0,0.0,2.0,1.697,0.0,0.0,0.0,0.0,1.0,5.0,0.0,1.0,5.0,13.0,1.61,73.0,4.7,1.0,4.7,0.2899999999999998,0.0,74.5,1.63,1.63,1159.529,225.6,1.9,2183.0,118.0,0.2319,1687.0,-51.46945980500205,3.6836252789225648e-06
Fe2VAl0.6Si0.4,Fe2.000,V1.000,Al0.600Si0.400,50.0,3.960000000000001,0.773,0.0,1.103961399999999,1.0,0.0,0.0,18.064,0.0,0.0,2.0,1.726,0.0,0.0,0.0,0.0,1.0,5.0,0.0,1.0,5.0,13.0,1.61,73.0,4.6,1.0,4.6,0.2899999999999998,0.0,75.0,1.63,1.63,1234.882,225.8,1.9,2183.0,117.0,0.3092,1687.0,-15.218264031123065,8.573709793766169e-07
Fe2VAl0.6Si0.4,Fe2.000,V1.000,Al0.600Si0.400,100.0,3.960000000000001,0.773,0.0,1.103961399999999,1.0,0.0,0.0,18.064,0.0,0.0,2.0,1.726,0.0,0.0,0.0,0.0,1.0,5.0,0.0,1.0,5.0,13.0,1.61,73.0,4.6,1.0,4.6,0.2899999999999998,0.0,75.0,1.63,1.63,1234.882,225.8,1.9,2183.0,117.0,0.3092,1687.0,-29.1623196781929,1.175207438158618e-06
Fe2VAl0.6Si0.4,Fe2.000,V1.000,Al0.600Si0.400,150.0,3.960000000000001,0.773,0.0,1.103961399999999,1.0,0.0,0.0,18.064,0.0,0.0,2.0,1.726,0.0,0.0,0.0,0.0,1.0,5.0,0.0,1.0,5.0,13.0,1.61,73.0,4.6,1.0,4.6,0.2899999999999998,0.0,75.0,1.63,1.63,1234.882,225.8,1.9,2183.0,117.0,0.3092,1687.0,-37.76699770787221,1.5747210095721051e-06
Fe2VAl0.6Si0.4,Fe2.000,V1.000,Al0.600Si0.400,200.0,3.960000000000001,0.773,0.0,1.103961399999999,1.0,0.0,0.0,18.064,0.0,0.0,2.0,1.726,0.0,0.0,0.0,0.0,1.0,5.0,0.0,1.0,5.0,13.0,1.61,73.0,4.6,1.0,4.6,0.2899999999999998,0.0,75.0,1.63,1.63,1234.882,225.8,1.9,2183.0,117.0,0.3092,1687.0,-43.46408956453865,1.99985692875412e-06
Fe2VAl0.6Si0.4,Fe2.000,V1.000,Al0.600Si0.400,250.0,3.960000000000001,0.773,0.0,1.103961399999999,1.0,0.0,0.0,18.064,0.0,0.0,2.0,1.726,0.0,0.0,0.0,0.0,1.0,5.0,0.0,1.0,5.0,13.0,1.61,73.0,4.6,1.0,4.6,0.2899999999999998,0.0,75.0,1.63,1.63,1234.882,225.8,1.9,2183.0,117.0,0.3092,1687.0,-48.46845516371886,2.426811071388119e-06
Fe2VAl0.5Si0.5,Fe2.000,V1.000,Al0.500Si0.500,50.0,3.960000000000001,0.773,0.0,1.103961399999999,1.0,0.0,0.0,18.46,0.0,0.0,2.0,1.755,0.0,0.0,0.0,0.0,1.0,5.0,0.0,1.0,5.0,13.0,1.61,73.0,4.5,1.0,4.5,0.2899999999999998,0.0,75.5,1.63,1.63,1310.235,226.0,1.9,2183.0,116.0,0.3865,1687.0,-17.374276183687808,8.283508566255803e-07
Fe2VAl0.5Si0.5,Fe2.000,V1.000,Al0.500Si0.500,100.0,3.960000000000001,0.773,0.0,1.103961399999999,1.0,0.0,0.0,18.46,0.0,0.0,2.0,1.755,0.0,0.0,0.0,0.0,1.0,5.0,0.0,1.0,5.0,13.0,1.61,73.0,4.5,1.0,4.5,0.2899999999999998,0.0,75.5,1.63,1.63,1310.235,226.0,1.9,2183.0,116.0,0.3865,1687.0,-31.207939866224073,1.1209796236045177e-06
Fe2VAl0.5Si0.5,Fe2.000,V1.000,Al0.500Si0.500,150.0,3.960000000000001,0.773,0.0,1.103961399999999,1.0,0.0,0.0,18.46,0.0,0.0,2.0,1.755,0.0,0.0,0.0,0.0,1.0,5.0,0.0,1.0,5.0,13.0,1.61,73.0,4.5,1.0,4.5,0.2899999999999998,0.0,75.5,1.63,1.63,1310.235,226.0,1.9,2183.0,116.0,0.3865,1687.0,-37.54822039227809,1.4517123935508645e-06
Fe2VAl0.5Si0.5,Fe2.000,V1.000,Al0.500Si0.500,200.0,3.960000000000001,0.773,0.0,1.103961399999999,1.0,0.0,0.0,18.46,0.0,0.0,2.0,1.755,0.0,0.0,0.0,0.0,1.0,5.0,0.0,1.0,5.0,13.0,1.61,73.0,4.5,1.0,4.5,0.2899999999999998,0.0,75.5,1.63,1.63,1310.235,226.0,1.9,2183.0,116.0,0.3865,1687.0,-41.79400949890001,1.7903185588290418e-06
Fe2VAl0.5Si0.5,Fe2.000,V1.000,Al0.500Si0.500,250.0,3.960000000000001,0.773,0.0,1.103961399999999,1.0,0.0,0.0,18.46,0.0,0.0,2.0,1.755,0.0,0.0,0.0,0.0,1.0,5.0,0.0,1.0,5.0,13.0,1.61,73.0,4.5,1.0,4.5,0.2899999999999998,0.0,75.5,1.63,1.63,1310.235,226.0,1.9,2183.0,116.0,0.3865,1687.0,-47.77640369380683,2.14425668127466e-06
Co2TiAl0.25Si0.75,Co2.000,Ti1.000,Al0.250Si0.750,50.0,3.960000000000001,0.773,0.0,1.103961399999999,1.0,0.0,0.0,19.450000000000003,0.0,0.0,2.0,1.8275,0.0,0.0,2.25333333333e-05,0.0,1.0,5.0,2.25333333333e-05,1.0,5.0,13.0,1.61,73.0,4.25,1.0,4.25,0.2899999999999998,0.0,76.75,1.54,1.54,1498.6175,226.5,1.9,1941.0,113.5,0.57975,1687.0,-1.1447340857967516,1.3605698852296792e-06
Co2TiAl0.25Si0.75,Co2.000,Ti1.000,Al0.250Si0.750,100.0,3.960000000000001,0.773,0.0,1.103961399999999,1.0,0.0,0.0,19.450000000000003,0.0,0.0,2.0,1.8275,0.0,0.0,2.25333333333e-05,0.0,1.0,5.0,2.25333333333e-05,1.0,5.0,13.0,1.61,73.0,4.25,1.0,4.25,0.2899999999999998,0.0,76.75,1.54,1.54,1498.6175,226.5,1.9,1941.0,113.5,0.57975,1687.0,-2.694838644826806,1.524396250389732e-06
Co2TiAl0.25Si0.75,Co2.000,Ti1.000,Al0.250Si0.750,150.0,3.960000000000001,0.773,0.0,1.103961399999999,1.0,0.0,0.0,19.450000000000003,0.0,0.0,2.0,1.8275,0.0,0.0,2.25333333333e-05,0.0,1.0,5.0,2.25333333333e-05,1.0,5.0,13.0,1.61,73.0,4.25,1.0,4.25,0.2899999999999998,0.0,76.75,1.54,1.54,1498.6175,226.5,1.9,1941.0,113.5,0.57975,1687.0,-7.681396646105466,1.797393389139963e-06
Co2TiAl0.25Si0.75,Co2.000,Ti1.000,Al0.250Si0.750,200.0,3.960000000000001,0.773,0.0,1.103961399999999,1.0,0.0,0.0,19.450000000000003,0.0,0.0,2.0,1.8275,0.0,0.0,2.25333333333e-05,0.0,1.0,5.0,2.25333333333e-05,1.0,5.0,13.0,1.61,73.0,4.25,1.0,4.25,0.2899999999999998,0.0,76.75,1.54,1.54,1498.6175,226.5,1.9,1941.0,113.5,0.57975,1687.0,-14.266324644346923,2.1142221677345525e-06
Co2TiAl0.25Si0.75,Co2.000,Ti1.000,Al0.250Si0.750,250.0,3.960000000000001,0.773,0.0,1.103961399999999,1.0,0.0,0.0,19.450000000000003,0.0,0.0,2.0,1.8275,0.0,0.0,2.25333333333e-05,0.0,1.0,5.0,2.25333333333e-05,1.0,5.0,13.0,1.61,73.0,4.25,1.0,4.25,0.2899999999999998,0.0,76.75,1.54,1.54,1498.6175,226.5,1.9,1941.0,113.5,0.57975,1687.0,-21.11043237734296,2.427294413440813e-06
Co2TiAl0.25Si0.75,Co2.000,Ti1.000,Al0.250Si0.750,300.0,3.960000000000001,0.773,0.0,1.103961399999999,1.0,0.0,0.0,19.450000000000003,0.0,0.0,2.0,1.8275,0.0,0.0,2.25333333333e-05,0.0,1.0,5.0,2.25333333333e-05,1.0,5.0,13.0,1.61,73.0,4.25,1.0,4.25,0.2899999999999998,0.0,76.75,1.54,1.54,1498.6175,226.5,1.9,1941.0,113.5,0.57975,1687.0,-27.310179177847026,2.704603949651588e-06
Co2TiAl0.25Si0.75,Co2.000,Ti1.000,Al0.250Si0.750,350.0,3.960000000000001,0.773,0.0,1.103961399999999,1.0,0.0,0.0,19.450000000000003,0.0,0.0,2.0,1.8275,0.0,0.0,2.25333333333e-05,0.0,1.0,5.0,2.25333333333e-05,1.0,5.0,13.0,1.61,73.0,4.25,1.0,4.25,0.2899999999999998,0.0,76.75,1.54,1.54,1498.6175,226.5,1.9,1941.0,113.5,0.57975,1687.0,-32.334430385458376,2.9275576309976485e-06
Co2TiAl0.25Si0.75,Co2.000,Ti1.000,Al0.250Si0.750,400.0,3.960000000000001,0.773,0.0,1.103961399999999,1.0,0.0,0.0,19.450000000000003,0.0,0.0,2.0,1.8275,0.0,0.0,2.25333333333e-05,0.0,1.0,5.0,2.25333333333e-05,1.0,5.0,13.0,1.61,73.0,4.25,1.0,4.25,0.2899999999999998,0.0,76.75,1.54,1.54,1498.6175,226.5,1.9,1941.0,113.5,0.57975,1687.0,-35.961213758506084,3.0888063784600948e-06
Co2TiAl0.25Si0.75,Co2.000,Ti1.000,Al0.250Si0.750,450.0,3.960000000000001,0.773,0.0,1.103961399999999,1.0,0.0,0.0,19.450000000000003,0.0,0.0,2.0,1.8275,0.0,0.0,2.25333333333e-05,0.0,1.0,5.0,2.25333333333e-05,1.0,5.0,13.0,1.61,73.0,4.25,1.0,4.25,0.2899999999999998,0.0,76.75,1.54,1.54,1498.6175,226.5,1.9,1941.0,113.5,0.57975,1687.0,-38.214475885933226,3.1900762144827542e-06
Co2TiAl0.25Si0.75,Co2.000,Ti1.000,Al0.250Si0.750,500.0,3.960000000000001,0.773,0.0,1.103961399999999,1.0,0.0,0.0,19.450000000000003,0.0,0.0,2.0,1.8275,0.0,0.0,2.25333333333e-05,0.0,1.0,5.0,2.25333333333e-05,1.0,5.0,13.0,1.61,73.0,4.25,1.0,4.25,0.2899999999999998,0.0,76.75,1.54,1.54,1498.6175,226.5,1.9,1941.0,113.5,0.57975,1687.0,-39.30083859918115,3.239999298084577e-06
Co2TiAl0.25Si0.75,Co2.000,Ti1.000,Al0.250Si0.750,550.0,3.960000000000001,0.773,0.0,1.103961399999999,1.0,0.0,0.0,19.450000000000003,0.0,0.0,2.0,1.8275,0.0,0.0,2.25333333333e-05,0.0,1.0,5.0,2.25333333333e-05,1.0,5.0,13.0,1.61,73.0,4.25,1.0,4.25,0.2899999999999998,0.0,76.75,1.54,1.54,1498.6175,226.5,1.9,1941.0,113.5,0.57975,1687.0,-39.54635538407303,3.2519449599720375e-06
Co2TiAl0.25Si0.75,Co2.000,Ti1.000,Al0.250Si0.750,600.0,3.960000000000001,0.773,0.0,1.103961399999999,1.0,0.0,0.0,19.450000000000003,0.0,0.0,2.0,1.8275,0.0,0.0,2.25333333333e-05,0.0,1.0,5.0,2.25333333333e-05,1.0,5.0,13.0,1.61,73.0,4.25,1.0,4.25,0.2899999999999998,0.0,76.75,1.54,1.54,1498.6175,226.5,1.9,1941.0,113.5,0.57975,1687.0,-39.33326779269862,3.2418507376515375e-06
Co2TiAl0.25Si0.75,Co2.000,Ti1.000,Al0.250Si0.750,650.0,3.960000000000001,0.773,0.0,1.103961399999999,1.0,0.0,0.0,19.450000000000003,0.0,0.0,2.0,1.8275,0.0,0.0,2.25333333333e-05,0.0,1.0,5.0,2.25333333333e-05,1.0,5.0,13.0,1.61,73.0,4.25,1.0,4.25,0.2899999999999998,0.0,76.75,1.54,1.54,1498.6175,226.5,1.9,1941.0,113.5,0.57975,1687.0,-39.03676185529823,3.226053410541791e-06
Co2TiAl0.25Si0.75,Co2.000,Ti1.000,Al0.250Si0.750,700.0,3.960000000000001,0.773,0.0,1.103961399999999,1.0,0.0,0.0,19.450000000000003,0.0,0.0,2.0,1.8275,0.0,0.0,2.25333333333e-05,0.0,1.0,5.0,2.25333333333e-05,1.0,5.0,13.0,1.61,73.0,4.25,1.0,4.25,0.2899999999999998,0.0,76.75,1.54,1.54,1498.6175,226.5,1.9,1941.0,113.5,0.57975,1687.0,-38.961724492146224,3.219120035086235e-06
Co2TiAl0.25Si0.75,Co2.000,Ti1.000,Al0.250Si0.750,750.0,3.960000000000001,0.773,0.0,1.103961399999999,1.0,0.0,0.0,19.450000000000003,0.0,0.0,2.0,1.8275,0.0,0.0,2.25333333333e-05,0.0,1.0,5.0,2.25333333333e-05,1.0,5.0,13.0,1.61,73.0,4.25,1.0,4.25,0.2899999999999998,0.0,76.75,1.54,1.54,1498.6175,226.5,1.9,1941.0,113.5,0.57975,1687.0,-39.27949992543591,3.231678979865429e-06
Co2TiAl0.25Si0.75,Co2.000,Ti1.000,Al0.250Si0.750,800.0,3.960000000000001,0.773,0.0,1.103961399999999,1.0,0.0,0.0,19.450000000000003,0.0,0.0,2.0,1.8275,0.0,0.0,2.25333333333e-05,0.0,1.0,5.0,2.25333333333e-05,1.0,5.0,13.0,1.61,73.0,4.25,1.0,4.25,0.2899999999999998,0.0,76.75,1.54,1.54,1498.6175,226.5,1.9,1941.0,113.5,0.57975,1687.0,-39.96464609116319,3.2682509607094546e-06
Co2TiAl0.25Si0.75,Co2.000,Ti1.000,Al0.250Si0.750,850.0,3.960000000000001,0.773,0.0,1.103961399999999,1.0,0.0,0.0,19.450000000000003,0.0,0.0,2.0,1.8275,0.0,0.0,2.25333333333e-05,0.0,1.0,5.0,2.25333333333e-05,1.0,5.0,13.0,1.61,73.0,4.25,1.0,4.25,0.2899999999999998,0.0,76.75,1.54,1.54,1498.6175,226.5,1.9,1941.0,113.5,0.57975,1687.0,-40.731691051010976,3.325080075810297e-06
Co2TiAl0.5Si0.5,Co2.000,Ti1.000,Al0.500Si0.500,50.0,3.960000000000001,0.773,0.0,1.103961399999999,1.0,0.0,0.0,18.46,0.0,0.0,2.0,1.755,0.0,0.0,2.25333333333e-05,0.0,1.0,5.0,2.25333333333e-05,1.0,5.0,13.0,1.61,73.0,4.5,1.0,4.5,0.2899999999999998,0.0,75.5,1.54,1.54,1310.235,226.0,1.9,1941.0,116.0,0.3865,1687.0,-4.616059702465129,6.883435291165553e-07
Co2TiAl0.5Si0.5,Co2.000,Ti1.000,Al0.500Si0.500,100.0,3.960000000000001,0.773,0.0,1.103961399999999,1.0,0.0,0.0,18.46,0.0,0.0,2.0,1.755,0.0,0.0,2.25333333333e-05,0.0,1.0,5.0,2.25333333333e-05,1.0,5.0,13.0,1.61,73.0,4.5,1.0,4.5,0.2899999999999998,0.0,75.5,1.54,1.54,1310.235,226.0,1.9,1941.0,116.0,0.3865,1687.0,-5.943302325578496,8.759385743832472e-07
Co2TiAl0.5Si0.5,Co2.000,Ti1.000,Al0.500Si0.500,150.0,3.960000000000001,0.773,0.0,1.103961399999999,1.0,0.0,0.0,18.46,0.0,0.0,2.0,1.755,0.0,0.0,2.25333333333e-05,0.0,1.0,5.0,2.25333333333e-05,1.0,5.0,13.0,1.61,73.0,4.5,1.0,4.5,0.2899999999999998,0.0,75.5,1.54,1.54,1310.235,226.0,1.9,1941.0,116.0,0.3865,1687.0,-10.406831164376156,1.1146417871726166e-06
Co2TiAl0.5Si0.5,Co2.000,Ti1.000,Al0.500Si0.500,200.0,3.960000000000001,0.773,0.0,1.103961399999999,1.0,0.0,0.0,18.46,0.0,0.0,2.0,1.755,0.0,0.0,2.25333333333e-05,0.0,1.0,5.0,2.25333333333e-05,1.0,5.0,13.0,1.61,73.0,4.5,1.0,4.5,0.2899999999999998,0.0,75.5,1.54,1.54,1310.235,226.0,1.9,1941.0,116.0,0.3865,1687.0,-16.20332006317774,1.3669672144569498e-06
Co2TiAl0.5Si0.5,Co2.000,Ti1.000,Al0.500Si0.500,250.0,3.960000000000001,0.773,0.0,1.103961399999999,1.0,0.0,0.0,18.46,0.0,0.0,2.0,1.755,0.0,0.0,2.25333333333e-05,0.0,1.0,5.0,2.25333333333e-05,1.0,5.0,13.0,1.61,73.0,4.5,1.0,4.5,0.2899999999999998,0.0,75.5,1.54,1.54,1310.235,226.0,1.9,1941.0,116.0,0.3865,1687.0,-22.05945180380728,1.6062128935747303e-06
Co2TiAl0.5Si0.5,Co2.000,Ti1.000,Al0.500Si0.500,300.0,3.960000000000001,0.773,0.0,1.103961399999999,1.0,0.0,0.0,18.46,0.0,0.0,2.0,1.755,0.0,0.0,2.25333333333e-05,0.0,1.0,5.0,2.25333333333e-05,1.0,5.0,13.0,1.61,73.0,4.5,1.0,4.5,0.2899999999999998,0.0,75.5,1.54,1.54,1310.235,226.0,1.9,1941.0,116.0,0.3865,1687.0,-27.158797094754892,1.815098925587265e-06
Co2TiAl0.5Si0.5,Co2.000,Ti1.000,Al0.500Si0.500,350.0,3.960000000000001,0.773,0.0,1.103961399999999,1.0,0.0,0.0,18.46,0.0,0.0,2.0,1.755,0.0,0.0,2.25333333333e-05,0.0,1.0,5.0,2.25333333333e-05,1.0,5.0,13.0,1.61,73.0,4.5,1.0,4.5,0.2899999999999998,0.0,75.5,1.54,1.54,1310.235,226.0,1.9,1941.0,116.0,0.3865,1687.0,-31.068693560338517,1.9844055486353084e-06
Co2TiAl0.5Si0.5,Co2.000,Ti1.000,Al0.500Si0.500,400.0,3.960000000000001,0.773,0.0,1.103961399999999,1.0,0.0,0.0,18.46,0.0,0.0,2.0,1.755,0.0,0.0,2.25333333333e-05,0.0,1.0,5.0,2.25333333333e-05,1.0,5.0,13.0,1.61,73.0,4.5,1.0,4.5,0.2899999999999998,0.0,75.5,1.54,1.54,1310.235,226.0,1.9,1941.0,116.0,0.3865,1687.0,-33.66712472986557,2.1116112112956902e-06
Co2TiAl0.5Si0.5,Co2.000,Ti1.000,Al0.500Si0.500,450.0,3.960000000000001,0.773,0.0,1.103961399999999,1.0,0.0,0.0,18.46,0.0,0.0,2.0,1.755,0.0,0.0,2.25333333333e-05,0.0,1.0,5.0,2.25333333333e-05,1.0,5.0,13.0,1.61,73.0,4.5,1.0,4.5,0.2899999999999998,0.0,75.5,1.54,1.54,1310.235,226.0,1.9,1941.0,116.0,0.3865,1687.0,-35.06959902679482,2.199530645937942e-06
Co2TiAl0.5Si0.5,Co2.000,Ti1.000,Al0.500Si0.500,500.0,3.960000000000001,0.773,0.0,1.103961399999999,1.0,0.0,0.0,18.46,0.0,0.0,2.0,1.755,0.0,0.0,2.25333333333e-05,0.0,1.0,5.0,2.25333333333e-05,1.0,5.0,13.0,1.61,73.0,4.5,1.0,4.5,0.2899999999999998,0.0,75.5,1.54,1.54,1310.235,226.0,1.9,1941.0,116.0,0.3865,1687.0,-35.556028757897856,2.2549529420809194e-06
Co2TiAl0.5Si0.5,Co2.000,Ti1.000,Al0.500Si0.500,550.0,3.960000000000001,0.773,0.0,1.103961399999999,1.0,0.0,0.0,18.46,0.0,0.0,2.0,1.755,0.0,0.0,2.25333333333e-05,0.0,1.0,5.0,2.25333333333e-05,1.0,5.0,13.0,1.61,73.0,4.5,1.0,4.5,0.2899999999999998,0.0,75.5,1.54,1.54,1310.235,226.0,1.9,1941.0,116.0,0.3865,1687.0,-35.49760910242098,2.2872796197494297e-06
Co2TiAl0.5Si0.5,Co2.000,Ti1.000,Al0.500Si0.500,600.0,3.960000000000001,0.773,0.0,1.103961399999999,1.0,0.0,0.0,18.46,0.0,0.0,2.0,1.755,0.0,0.0,2.25333333333e-05,0.0,1.0,5.0,2.25333333333e-05,1.0,5.0,13.0,1.61,73.0,4.5,1.0,4.5,0.2899999999999998,0.0,75.5,1.54,1.54,1310.235,226.0,1.9,1941.0,116.0,0.3865,1687.0,-35.28369710124685,2.3071627028308573e-06
Co2TiAl0.5Si0.5,Co2.000,Ti1.000,Al0.500Si0.500,650.0,3.960000000000001,0.773,0.0,1.103961399999999,1.0,0.0,0.0,18.46,0.0,0.0,2.0,1.755,0.0,0.0,2.25333333333e-05,0.0,1.0,5.0,2.25333333333e-05,1.0,5.0,13.0,1.61,73.0,4.5,1.0,4.5,0.2899999999999998,0.0,75.5,1.54,1.54,1310.235,226.0,1.9,1941.0,116.0,0.3865,1687.0,-35.24869064605619,2.3251427924317896e-06
Co2TiAl0.5Si0.5,Co2.000,Ti1.000,Al0.500Si0.500,700.0,3.960000000000001,0.773,0.0,1.103961399999999,1.0,0.0,0.0,18.46,0.0,0.0,2.0,1.755,0.0,0.0,2.25333333333e-05,0.0,1.0,5.0,2.25333333333e-05,1.0,5.0,13.0,1.61,73.0,4.5,1.0,4.5,0.2899999999999998,0.0,75.5,1.54,1.54,1310.235,226.0,1.9,1941.0,116.0,0.3865,1687.0,-35.598907468489465,2.3502871402346465e-06
Co2TiAl0.5Si0.5,Co2.000,Ti1.000,Al0.500Si0.500,750.0,3.960000000000001,0.773,0.0,1.103961399999999,1.0,0.0,0.0,18.46,0.0,0.0,2.0,1.755,0.0,0.0,2.25333333333e-05,0.0,1.0,5.0,2.25333333333e-05,1.0,5.0,13.0,1.61,73.0,4.5,1.0,4.5,0.2899999999999998,0.0,75.5,1.54,1.54,1310.235,226.0,1.9,1941.0,116.0,0.3865,1687.0,-36.33946412930871,2.3888277218543026e-06
Co2TiAl0.5Si0.5,Co2.000,Ti1.000,Al0.500Si0.500,800.0,3.960000000000001,0.773,0.0,1.103961399999999,1.0,0.0,0.0,18.46,0.0,0.0,2.0,1.755,0.0,0.0,2.25333333333e-05,0.0,1.0,5.0,2.25333333333e-05,1.0,5.0,13.0,1.61,73.0,4.5,1.0,4.5,0.2899999999999998,0.0,75.5,1.54,1.54,1310.235,226.0,1.9,1941.0,116.0,0.3865,1687.0,-37.201155007559144,2.4427993101947057e-06
Co2TiAl0.5Si0.5,Co2.000,Ti1.000,Al0.500Si0.500,850.0,3.960000000000001,0.773,0.0,1.103961399999999,1.0,0.0,0.0,18.46,0.0,0.0,2.0,1.755,0.0,0.0,2.25333333333e-05,0.0,1.0,5.0,2.25333333333e-05,1.0,5.0,13.0,1.61,73.0,4.5,1.0,4.5,0.2899999999999998,0.0,75.5,1.54,1.54,1310.235,226.0,1.9,1941.0,116.0,0.3865,1687.0,-37.56733128973072,2.5086775488055102e-06
Co2TiAl0.75Si0.25,Co2.000,Ti1.000,Al0.750Si0.250,50.0,3.960000000000001,0.773,0.0,1.103961399999999,1.0,0.0,0.0,17.47,0.0,0.0,2.0,1.6825,0.0,0.0,2.25333333333e-05,0.0,1.0,5.0,2.25333333333e-05,1.0,5.0,13.0,1.61,73.0,4.75,1.0,4.75,0.2899999999999998,0.0,74.25,1.54,1.54,1121.8525,225.5,1.9,1941.0,118.5,0.19325,1687.0,-4.483343590160017,9.335967993780892e-07
Co2TiAl0.75Si0.25,Co2.000,Ti1.000,Al0.750Si0.250,100.0,3.960000000000001,0.773,0.0,1.103961399999999,1.0,0.0,0.0,17.47,0.0,0.0,2.0,1.6825,0.0,0.0,2.25333333333e-05,0.0,1.0,5.0,2.25333333333e-05,1.0,5.0,13.0,1.61,73.0,4.75,1.0,4.75,0.2899999999999998,0.0,74.25,1.54,1.54,1121.8525,225.5,1.9,1941.0,118.5,0.19325,1687.0,-12.206539994013587,1.2981812159197345e-06
Co2TiAl0.75Si0.25,Co2.000,Ti1.000,Al0.750Si0.250,150.0,3.960000000000001,0.773,0.0,1.103961399999999,1.0,0.0,0.0,17.47,0.0,0.0,2.0,1.6825,0.0,0.0,2.25333333333e-05,0.0,1.0,5.0,2.25333333333e-05,1.0,5.0,13.0,1.61,73.0,4.75,1.0,4.75,0.2899999999999998,0.0,74.25,1.54,1.54,1121.8525,225.5,1.9,1941.0,118.5,0.19325,1687.0,-22.33054492814688,1.7292571706942756e-06
Co2TiAl0.75Si0.25,Co2.000,Ti1.000,Al0.750Si0.250,200.0,3.960000000000001,0.773,0.0,1.103961399999999,1.0,0.0,0.0,17.47,0.0,0.0,2.0,1.6825,0.0,0.0,2.25333333333e-05,0.0,1.0,5.0,2.25333333333e-05,1.0,5.0,13.0,1.61,73.0,4.75,1.0,4.75,0.2899999999999998,0.0,74.25,1.54,1.54,1121.8525,225.5,1.9,1941.0,118.5,0.19325,1687.0,-32.776793596961724,2.1649628359955737e-06
Co2TiAl0.75Si0.25,Co2.000,Ti1.000,Al0.750Si0.250,250.0,3.960000000000001,0.773,0.0,1.103961399999999,1.0,0.0,0.0,17.47,0.0,0.0,2.0,1.6825,0.0,0.0,2.25333333333e-05,0.0,1.0,5.0,2.25333333333e-05,1.0,5.0,13.0,1.61,73.0,4.75,1.0,4.75,0.2899999999999998,0.0,74.25,1.54,1.54,1121.8525,225.5,1.9,1941.0,118.5,0.19325,1687.0,-42.16503323223351,2.5624411866989325e-06
Co2TiAl0.75Si0.25,Co2.000,Ti1.000,Al0.750Si0.250,300.0,3.960000000000001,0.773,0.0,1.103961399999999,1.0,0.0,0.0,17.47,0.0,0.0,2.0,1.6825,0.0,0.0,2.25333333333e-05,0.0,1.0,5.0,2.25333333333e-05,1.0,5.0,13.0,1.61,73.0,4.75,1.0,4.75,0.2899999999999998,0.0,74.25,1.54,1.54,1121.8525,225.5,1.9,1941.0,118.5,0.19325,1687.0,-49.70822672097038,2.8953402067012145e-06
Co2TiAl0.75Si0.25,Co2.000,Ti1.000,Al0.750Si0.250,350.0,3.960000000000001,0.773,0.0,1.103961399999999,1.0,0.0,0.0,17.47,0.0,0.0,2.0,1.6825,0.0,0.0,2.25333333333e-05,0.0,1.0,5.0,2.25333333333e-05,1.0,5.0,13.0,1.61,73.0,4.75,1.0,4.75,0.2899999999999998,0.0,74.25,1.54,1.54,1121.8525,225.5,1.9,1941.0,118.5,0.19325,1687.0,-55.107456233272366,3.151313095360957e-06
Co2TiAl0.75Si0.25,Co2.000,Ti1.000,Al0.750Si0.250,400.0,3.960000000000001,0.773,0.0,1.103961399999999,1.0,0.0,0.0,17.47,0.0,0.0,2.0,1.6825,0.0,0.0,2.25333333333e-05,0.0,1.0,5.0,2.25333333333e-05,1.0,5.0,13.0,1.61,73.0,4.75,1.0,4.75,0.2899999999999998,0.0,74.25,1.54,1.54,1121.8525,225.5,1.9,1941.0,118.5,0.19325,1687.0,-58.4468268501906,3.329518473938484e-06
Co2TiAl0.75Si0.25,Co2.000,Ti1.000,Al0.750Si0.250,450.0,3.960000000000001,0.773,0.0,1.103961399999999,1.0,0.0,0.0,17.47,0.0,0.0,2.0,1.6825,0.0,0.0,2.25333333333e-05,0.0,1.0,5.0,2.25333333333e-05,1.0,5.0,13.0,1.61,73.0,4.75,1.0,4.75,0.2899999999999998,0.0,74.25,1.54,1.54,1121.8525,225.5,1.9,1941.0,118.5,0.19325,1687.0,-60.08837019158634,3.438120592036026e-06
Co2TiAl0.75Si0.25,Co2.000,Ti1.000,Al0.750Si0.250,500.0,3.960000000000001,0.773,0.0,1.103961399999999,1.0,0.0,0.0,17.47,0.0,0.0,2.0,1.6825,0.0,0.0,2.25333333333e-05,0.0,1.0,5.0,2.25333333333e-05,1.0,5.0,13.0,1.61,73.0,4.75,1.0,4.75,0.2899999999999998,0.0,74.25,1.54,1.54,1121.8525,225.5,1.9,1941.0,118.5,0.19325,1687.0,-60.56694804399059,3.49178953403783e-06
Co2TiAl0.75Si0.25,Co2.000,Ti1.000,Al0.750Si0.250,550.0,3.960000000000001,0.773,0.0,1.103961399999999,1.0,0.0,0.0,17.47,0.0,0.0,2.0,1.6825,0.0,0.0,2.25333333333e-05,0.0,1.0,5.0,2.25333333333e-05,1.0,5.0,13.0,1.61,73.0,4.75,1.0,4.75,0.2899999999999998,0.0,74.25,1.54,1.54,1121.8525,225.5,1.9,1941.0,118.5,0.19325,1687.0,-60.48515598846249,3.5092014255502853e-06
Co2TiAl0.75Si0.25,Co2.000,Ti1.000,Al0.750Si0.250,600.0,3.960000000000001,0.773,0.0,1.103961399999999,1.0,0.0,0.0,17.47,0.0,0.0,2.0,1.6825,0.0,0.0,2.25333333333e-05,0.0,1.0,5.0,2.25333333333e-05,1.0,5.0,13.0,1.61,73.0,4.75,1.0,4.75,0.2899999999999998,0.0,74.25,1.54,1.54,1121.8525,225.5,1.9,1941.0,118.5,0.19325,1687.0,-60.40822702844932,3.5105386398420234e-06
Co2TiAl0.75Si0.25,Co2.000,Ti1.000,Al0.750Si0.250,650.0,3.960000000000001,0.773,0.0,1.103961399999999,1.0,0.0,0.0,17.47,0.0,0.0,2.0,1.6825,0.0,0.0,2.25333333333e-05,0.0,1.0,5.0,2.25333333333e-05,1.0,5.0,13.0,1.61,73.0,4.75,1.0,4.75,0.2899999999999998,0.0,74.25,1.54,1.54,1121.8525,225.5,1.9,1941.0,118.5,0.19325,1687.0,-60.75893521764502,3.5149900042840474e-06
Co2TiAl0.75Si0.25,Co2.000,Ti1.000,Al0.750Si0.250,700.0,3.960000000000001,0.773,0.0,1.103961399999999,1.0,0.0,0.0,17.47,0.0,0.0,2.0,1.6825,0.0,0.0,2.25333333333e-05,0.0,1.0,5.0,2.25333333333e-05,1.0,5.0,13.0,1.61,73.0,4.75,1.0,4.75,0.2899999999999998,0.0,74.25,1.54,1.54,1121.8525,225.5,1.9,1941.0,118.5,0.19325,1687.0,-61.71249928784972,3.5382510067898337e-06
Co2TiAl0.75Si0.25,Co2.000,Ti1.000,Al0.750Si0.250,750.0,3.960000000000001,0.773,0.0,1.103961399999999,1.0,0.0,0.0,17.47,0.0,0.0,2.0,1.6825,0.0,0.0,2.25333333333e-05,0.0,1.0,5.0,2.25333333333e-05,1.0,5.0,13.0,1.61,73.0,4.75,1.0,4.75,0.2899999999999998,0.0,74.25,1.54,1.54,1121.8525,225.5,1.9,1941.0,118.5,0.19325,1687.0,-63.091486276828626,3.5900240022554634e-06
Co2TiAl0.75Si0.25,Co2.000,Ti1.000,Al0.750Si0.250,800.0,3.960000000000001,0.773,0.0,1.103961399999999,1.0,0.0,0.0,17.47,0.0,0.0,2.0,1.6825,0.0,0.0,2.25333333333e-05,0.0,1.0,5.0,2.25333333333e-05,1.0,5.0,13.0,1.61,73.0,4.75,1.0,4.75,0.2899999999999998,0.0,74.25,1.54,1.54,1121.8525,225.5,1.9,1941.0,118.5,0.19325,1687.0,-64.26071515617187,3.671518418999724e-06
Co2TiAl0.75Si0.25,Co2.000,Ti1.000,Al0.750Si0.250,850.0,3.960000000000001,0.773,0.0,1.103961399999999,1.0,0.0,0.0,17.47,0.0,0.0,2.0,1.6825,0.0,0.0,2.25333333333e-05,0.0,1.0,5.0,2.25333333333e-05,1.0,5.0,13.0,1.61,73.0,4.75,1.0,4.75,0.2899999999999998,0.0,74.25,1.54,1.54,1121.8525,225.5,1.9,1941.0,118.5,0.19325,1687.0,-64.02216045915297,3.772950965204221e-06
Co2Dy0.5Mn0.5Sn,Co2.000,Dy0.500Mn0.500,Sn1.000,50.0,0.0,0.0,0.000310120689655,0.0,0.0,23.0,0.0,33.285,0.0,0.0,0.0,1.96,0.0,0.0,0.0001550603448275,0.0,0.0,4.0,0.000310120689655,0.0,0.0,14.0,1.96,80.0,4.0,0.0,4.0,0.0,0.33,80.0,1.385,1.22,505.08,141.0,1.96,1602.0,139.0,0.0,505.08,-3.701919187402877,2.359915079554443e-06
Co2Dy0.5Mn0.5Sn,Co2.000,Dy0.500Mn0.500,Sn1.000,100.0,0.0,0.0,0.000310120689655,0.0,0.0,23.0,0.0,33.285,0.0,0.0,0.0,1.96,0.0,0.0,0.0001550603448275,0.0,0.0,4.0,0.000310120689655,0.0,0.0,14.0,1.96,80.0,4.0,0.0,4.0,0.0,0.33,80.0,1.385,1.22,505.08,141.0,1.96,1602.0,139.0,0.0,505.08,-5.048026987414541,2.38191495726616e-06
Co2Dy0.5Mn0.5Sn,Co2.000,Dy0.500Mn0.500,Sn1.000,150.0,0.0,0.0,0.000310120689655,0.0,0.0,23.0,0.0,33.285,0.0,0.0,0.0,1.96,0.0,0.0,0.0001550603448275,0.0,0.0,4.0,0.000310120689655,0.0,0.0,14.0,1.96,80.0,4.0,0.0,4.0,0.0,0.33,80.0,1.385,1.22,505.08,141.0,1.96,1602.0,139.0,0.0,505.08,-6.316319778890984,2.4450358344977852e-06
Co2Dy0.5Mn0.5Sn,Co2.000,Dy0.500Mn0.500,Sn1.000,200.0,0.0,0.0,0.000310120689655,0.0,0.0,23.0,0.0,33.285,0.0,0.0,0.0,1.96,0.0,0.0,0.0001550603448275,0.0,0.0,4.0,0.000310120689655,0.0,0.0,14.0,1.96,80.0,4.0,0.0,4.0,0.0,0.33,80.0,1.385,1.22,505.08,141.0,1.96,1602.0,139.0,0.0,505.08,-8.115395613982859,2.534547954414254e-06
Co2Dy0.5Mn0.5Sn,Co2.000,Dy0.500Mn0.500,Sn1.000,250.0,0.0,0.0,0.000310120689655,0.0,0.0,23.0,0.0,33.285,0.0,0.0,0.0,1.96,0.0,0.0,0.0001550603448275,0.0,0.0,4.0,0.000310120689655,0.0,0.0,14.0,1.96,80.0,4.0,0.0,4.0,0.0,0.33,80.0,1.385,1.22,505.08,141.0,1.96,1602.0,139.0,0.0,505.08,-10.18656618285357,2.6114598149749324e-06
Co2Dy0.5Mn0.5Sn,Co2.000,Dy0.500Mn0.500,Sn1.000,300.0,0.0,0.0,0.000310120689655,0.0,0.0,23.0,0.0,33.285,0.0,0.0,0.0,1.96,0.0,0.0,0.0001550603448275,0.0,0.0,4.0,0.000310120689655,0.0,0.0,14.0,1.96,80.0,4.0,0.0,4.0,0.0,0.33,80.0,1.385,1.22,505.08,141.0,1.96,1602.0,139.0,0.0,505.08,-12.08678065061796,2.6696818742274395e-06
Co2Dy0.5Mn0.5Sn,Co2.000,Dy0.500Mn0.500,Sn1.000,350.0,0.0,0.0,0.000310120689655,0.0,0.0,23.0,0.0,33.285,0.0,0.0,0.0,1.96,0.0,0.0,0.0001550603448275,0.0,0.0,4.0,0.000310120689655,0.0,0.0,14.0,1.96,80.0,4.0,0.0,4.0,0.0,0.33,80.0,1.385,1.22,505.08,141.0,1.96,1602.0,139.0,0.0,505.08,-13.871549494281217,2.7931902556014685e-06
Co2MnSn,Co2.000,Mn1.000,Sn1.000,50.0,0.0,0.0,0.0,0.0,0.0,0.0,0.0,33.285,0.0,0.0,0.0,1.96,0.0,0.0,0.000310120689655,0.0,0.0,4.0,0.000310120689655,0.0,0.0,14.0,1.96,80.0,4.0,0.0,4.0,0.0,0.0,80.0,1.55,1.55,505.08,141.0,1.96,1519.0,139.0,0.0,505.08,-3.568239375682463,8.455474816092231e-07
Co2MnSn,Co2.000,Mn1.000,Sn1.000,100.0,0.0,0.0,0.0,0.0,0.0,0.0,0.0,33.285,0.0,0.0,0.0,1.96,0.0,0.0,0.000310120689655,0.0,0.0,4.0,0.000310120689655,0.0,0.0,14.0,1.96,80.0,4.0,0.0,4.0,0.0,0.0,80.0,1.55,1.55,505.08,141.0,1.96,1519.0,139.0,0.0,505.08,-4.630561236603718,9.136583402675788e-07
Co2MnSn,Co2.000,Mn1.000,Sn1.000,150.0,0.0,0.0,0.0,0.0,0.0,0.0,0.0,33.285,0.0,0.0,0.0,1.96,0.0,0.0,0.000310120689655,0.0,0.0,4.0,0.000310120689655,0.0,0.0,14.0,1.96,80.0,4.0,0.0,4.0,0.0,0.0,80.0,1.55,1.55,505.08,141.0,1.96,1519.0,139.0,0.0,505.08,-5.299664501143917,9.981828184026968e-07
Co2MnSn,Co2.000,Mn1.000,Sn1.000,200.0,0.0,0.0,0.0,0.0,0.0,0.0,0.0,33.285,0.0,0.0,0.0,1.96,0.0,0.0,0.000310120689655,0.0,0.0,4.0,0.000310120689655,0.0,0.0,14.0,1.96,80.0,4.0,0.0,4.0,0.0,0.0,80.0,1.55,1.55,505.08,141.0,1.96,1519.0,139.0,0.0,505.08,-7.065427638138443,1.0853001200003289e-06
Co2MnSn,Co2.000,Mn1.000,Sn1.000,250.0,0.0,0.0,0.0,0.0,0.0,0.0,0.0,33.285,0.0,0.0,0.0,1.96,0.0,0.0,0.000310120689655,0.0,0.0,4.0,0.000310120689655,0.0,0.0,14.0,1.96,80.0,4.0,0.0,4.0,0.0,0.0,80.0,1.55,1.55,505.08,141.0,1.96,1519.0,139.0,0.0,505.08,-10.502371553742934,1.1660305639757103e-06
Co2MnSn,Co2.000,Mn1.000,Sn1.000,300.0,0.0,0.0,0.0,0.0,0.0,0.0,0.0,33.285,0.0,0.0,0.0,1.96,0.0,0.0,0.000310120689655,0.0,0.0,4.0,0.000310120689655,0.0,0.0,14.0,1.96,80.0,4.0,0.0,4.0,0.0,0.0,80.0,1.55,1.55,505.08,141.0,1.96,1519.0,139.0,0.0,505.08,-15.955636615024522,1.247090023755894e-06
Co2MnSn,Co2.000,Mn1.000,Sn1.000,350.0,0.0,0.0,0.0,0.0,0.0,0.0,0.0,33.285,0.0,0.0,0.0,1.96,0.0,0.0,0.000310120689655,0.0,0.0,4.0,0.000310120689655,0.0,0.0,14.0,1.96,80.0,4.0,0.0,4.0,0.0,0.0,80.0,1.55,1.55,505.08,141.0,1.96,1519.0,139.0,0.0,505.08,-24.226959673553058,1.3617443668620765e-06
DyPd2Bi,Pd2.000,Dy1.000,Bi1.000,50.0,0.0,0.0,0.0,0.0,0.0,0.0,0.0,32.95,0.0,0.0,0.0,2.02,0.0,0.0,0.0,0.0,0.0,3.0,0.0,0.0,0.0,15.0,2.02,86.0,3.0,0.0,3.0,0.0,0.0,86.0,1.22,1.22,544.4,12.0,2.02,1685.0,148.0,0.0,544.4,10.571676398244232,2.4357014784879396e-06
DyPd2Bi,Pd2.000,Dy1.000,Bi1.000,100.0,0.0,0.0,0.0,0.0,0.0,0.0,0.0,32.95,0.0,0.0,0.0,2.02,0.0,0.0,0.0,0.0,0.0,3.0,0.0,0.0,0.0,15.0,2.02,86.0,3.0,0.0,3.0,0.0,0.0,86.0,1.22,1.22,544.4,12.0,2.02,1685.0,148.0,0.0,544.4,10.424939253968056,2.0918705525137595e-06
DyPd2Bi,Pd2.000,Dy1.000,Bi1.000,150.0,0.0,0.0,0.0,0.0,0.0,0.0,0.0,32.95,0.0,0.0,0.0,2.02,0.0,0.0,0.0,0.0,0.0,3.0,0.0,0.0,0.0,15.0,2.02,86.0,3.0,0.0,3.0,0.0,0.0,86.0,1.22,1.22,544.4,12.0,2.02,1685.0,148.0,0.0,544.4,5.623813856977568,1.4921017770030585e-06
DyPd2Bi,Pd2.000,Dy1.000,Bi1.000,200.0,0.0,0.0,0.0,0.0,0.0,0.0,0.0,32.95,0.0,0.0,0.0,2.02,0.0,0.0,0.0,0.0,0.0,3.0,0.0,0.0,0.0,15.0,2.02,86.0,3.0,0.0,3.0,0.0,0.0,86.0,1.22,1.22,544.4,12.0,2.02,1685.0,148.0,0.0,544.4,2.512287038791579,1.0762832622411626e-06
DyPd2Bi,Pd2.000,Dy1.000,Bi1.000,250.0,0.0,0.0,0.0,0.0,0.0,0.0,0.0,32.95,0.0,0.0,0.0,2.02,0.0,0.0,0.0,0.0,0.0,3.0,0.0,0.0,0.0,15.0,2.02,86.0,3.0,0.0,3.0,0.0,0.0,86.0,1.22,1.22,544.4,12.0,2.02,1685.0,148.0,0.0,544.4,3.028137204374178,1.0786658571455167e-06
Fe2VAl0.9Si0.1,Fe2.000,V1.000,Al0.900Si0.100,350.0,3.960000000000001,0.773,0.0,1.103961399999999,1.0,0.0,0.0,16.876,0.0,0.0,2.0,1.639,0.0,0.0,0.0,0.0,1.0,5.0,0.0,1.0,5.0,13.0,1.61,73.0,4.9,1.0,4.9,0.2899999999999998,0.0,73.5,1.63,1.63,1008.823,225.2,1.9,2183.0,120.0,0.0773,1687.0,-142.7146128824,4.70455916406954e-06
Fe2VAl0.9Si0.1,Fe2.000,V1.000,Al0.900Si0.100,400.0,3.960000000000001,0.773,0.0,1.103961399999999,1.0,0.0,0.0,16.876,0.0,0.0,2.0,1.639,0.0,0.0,0.0,0.0,1.0,5.0,0.0,1.0,5.0,13.0,1.61,73.0,4.9,1.0,4.9,0.2899999999999998,0.0,73.5,1.63,1.63,1008.823,225.2,1.9,2183.0,120.0,0.0773,1687.0,-130.44454112030002,4.6724201769970085e-06
Fe2VAl0.9Si0.1,Fe2.000,V1.000,Al0.900Si0.100,450.0,3.960000000000001,0.773,0.0,1.103961399999999,1.0,0.0,0.0,16.876,0.0,0.0,2.0,1.639,0.0,0.0,0.0,0.0,1.0,5.0,0.0,1.0,5.0,13.0,1.61,73.0,4.9,1.0,4.9,0.2899999999999998,0.0,73.5,1.63,1.63,1008.823,225.2,1.9,2183.0,120.0,0.0773,1687.0,-107.3944992234,4.531311130140194e-06
Fe2VAl0.9Si0.1,Fe2.000,V1.000,Al0.900Si0.100,500.0,3.960000000000001,0.773,0.0,1.103961399999999,1.0,0.0,0.0,16.876,0.0,0.0,2.0,1.639,0.0,0.0,0.0,0.0,1.0,5.0,0.0,1.0,5.0,13.0,1.61,73.0,4.9,1.0,4.9,0.2899999999999998,0.0,73.5,1.63,1.63,1008.823,225.2,1.9,2183.0,120.0,0.0773,1687.0,-84.41591954405897,4.380282980498784e-06
Fe2VAl0.9Si0.1,Fe2.000,V1.000,Al0.900Si0.100,550.0,3.960000000000001,0.773,0.0,1.103961399999999,1.0,0.0,0.0,16.876,0.0,0.0,2.0,1.639,0.0,0.0,0.0,0.0,1.0,5.0,0.0,1.0,5.0,13.0,1.61,73.0,4.9,1.0,4.9,0.2899999999999998,0.0,73.5,1.63,1.63,1008.823,225.2,1.9,2183.0,120.0,0.0773,1687.0,-66.03604371041875,4.204445614208147e-06
Fe2VAl0.9Si0.1,Fe2.000,V1.000,Al0.900Si0.100,600.0,3.960000000000001,0.773,0.0,1.103961399999999,1.0,0.0,0.0,16.876,0.0,0.0,2.0,1.639,0.0,0.0,0.0,0.0,1.0,5.0,0.0,1.0,5.0,13.0,1.61,73.0,4.9,1.0,4.9,0.2899999999999998,0.0,73.5,1.63,1.63,1008.823,225.2,1.9,2183.0,120.0,0.0773,1687.0,-52.631841099101855,3.951863478641307e-06
Fe2VAl0.9Si0.1,Fe2.000,V1.000,Al0.900Si0.100,650.0,3.960000000000001,0.773,0.0,1.103961399999999,1.0,0.0,0.0,16.876,0.0,0.0,2.0,1.639,0.0,0.0,0.0,0.0,1.0,5.0,0.0,1.0,5.0,13.0,1.61,73.0,4.9,1.0,4.9,0.2899999999999998,0.0,73.5,1.63,1.63,1008.823,225.2,1.9,2183.0,120.0,0.0773,1687.0,-42.60392730784075,3.610451214511163e-06
Fe2VAl0.9Si0.1,Fe2.000,V1.000,Al0.900Si0.100,700.0,3.960000000000001,0.773,0.0,1.103961399999999,1.0,0.0,0.0,16.876,0.0,0.0,2.0,1.639,0.0,0.0,0.0,0.0,1.0,5.0,0.0,1.0,5.0,13.0,1.61,73.0,4.9,1.0,4.9,0.2899999999999998,0.0,73.5,1.63,1.63,1008.823,225.2,1.9,2183.0,120.0,0.0773,1687.0,-34.55048262810366,3.284869287971688e-06
Fe2VAl0.9Si0.1,Fe2.000,V1.000,Al0.900Si0.100,350.0,3.960000000000001,0.773,0.0,1.103961399999999,1.0,0.0,0.0,16.876,0.0,0.0,2.0,1.639,0.0,0.0,0.0,0.0,1.0,5.0,0.0,1.0,5.0,13.0,1.61,73.0,4.9,1.0,4.9,0.2899999999999998,0.0,73.5,1.63,1.63,1008.823,225.2,1.9,2183.0,120.0,0.0773,1687.0,-125.9667218997,5.426226259994334e-06
Fe2VAl0.9Si0.1,Fe2.000,V1.000,Al0.900Si0.100,400.0,3.960000000000001,0.773,0.0,1.103961399999999,1.0,0.0,0.0,16.876,0.0,0.0,2.0,1.639,0.0,0.0,0.0,0.0,1.0,5.0,0.0,1.0,5.0,13.0,1.61,73.0,4.9,1.0,4.9,0.2899999999999998,0.0,73.5,1.63,1.63,1008.823,225.2,1.9,2183.0,120.0,0.0773,1687.0,-112.9019203273,5.485852029553084e-06
Fe2VAl0.9Si0.1,Fe2.000,V1.000,Al0.900Si0.100,450.0,3.960000000000001,0.773,0.0,1.103961399999999,1.0,0.0,0.0,16.876,0.0,0.0,2.0,1.639,0.0,0.0,0.0,0.0,1.0,5.0,0.0,1.0,5.0,13.0,1.61,73.0,4.9,1.0,4.9,0.2899999999999998,0.0,73.5,1.63,1.63,1008.823,225.2,1.9,2183.0,120.0,0.0773,1687.0,-93.65270835583932,5.418253359390394e-06
Fe2VAl0.9Si0.1,Fe2.000,V1.000,Al0.900Si0.100,500.0,3.960000000000001,0.773,0.0,1.103961399999999,1.0,0.0,0.0,16.876,0.0,0.0,2.0,1.639,0.0,0.0,0.0,0.0,1.0,5.0,0.0,1.0,5.0,13.0,1.61,73.0,4.9,1.0,4.9,0.2899999999999998,0.0,73.5,1.63,1.63,1008.823,225.2,1.9,2183.0,120.0,0.0773,1687.0,-75.41202283839823,5.19925384217617e-06
Fe2VAl0.9Si0.1,Fe2.000,V1.000,Al0.900Si0.100,550.0,3.960000000000001,0.773,0.0,1.103961399999999,1.0,0.0,0.0,16.876,0.0,0.0,2.0,1.639,0.0,0.0,0.0,0.0,1.0,5.0,0.0,1.0,5.0,13.0,1.61,73.0,4.9,1.0,4.9,0.2899999999999998,0.0,73.5,1.63,1.63,1008.823,225.2,1.9,2183.0,120.0,0.0773,1687.0,-60.70071032684196,4.886077414682785e-06
Fe2VAl0.9Si0.1,Fe2.000,V1.000,Al0.900Si0.100,600.0,3.960000000000001,0.773,0.0,1.103961399999999,1.0,0.0,0.0,16.876,0.0,0.0,2.0,1.639,0.0,0.0,0.0,0.0,1.0,5.0,0.0,1.0,5.0,13.0,1.61,73.0,4.9,1.0,4.9,0.2899999999999998,0.0,73.5,1.63,1.63,1008.823,225.2,1.9,2183.0,120.0,0.0773,1687.0,-49.25826642781985,4.570487172071854e-06
Fe2VAl0.9Si0.1,Fe2.000,V1.000,Al0.900Si0.100,650.0,3.960000000000001,0.773,0.0,1.103961399999999,1.0,0.0,0.0,16.876,0.0,0.0,2.0,1.639,0.0,0.0,0.0,0.0,1.0,5.0,0.0,1.0,5.0,13.0,1.61,73.0,4.9,1.0,4.9,0.2899999999999998,0.0,73.5,1.63,1.63,1008.823,225.2,1.9,2183.0,120.0,0.0773,1687.0,-39.93357515867397,4.331924182180426e-06
Fe2VAl0.9Si0.1,Fe2.000,V1.000,Al0.900Si0.100,700.0,3.960000000000001,0.773,0.0,1.103961399999999,1.0,0.0,0.0,16.876,0.0,0.0,2.0,1.639,0.0,0.0,0.0,0.0,1.0,5.0,0.0,1.0,5.0,13.0,1.61,73.0,4.9,1.0,4.9,0.2899999999999998,0.0,73.5,1.63,1.63,1008.823,225.2,1.9,2183.0,120.0,0.0773,1687.0,-32.575648303372326,4.1906462998079005e-06
Fe2VAl0.9Si0.1,Fe2.000,V1.000,Al0.900Si0.100,350.0,3.960000000000001,0.773,0.0,1.103961399999999,1.0,0.0,0.0,16.876,0.0,0.0,2.0,1.639,0.0,0.0,0.0,0.0,1.0,5.0,0.0,1.0,5.0,13.0,1.61,73.0,4.9,1.0,4.9,0.2899999999999998,0.0,73.5,1.63,1.63,1008.823,225.2,1.9,2183.0,120.0,0.0773,1687.0,-125.1078554797,1.088787855649026e-05
Fe2VAl0.9Si0.1,Fe2.000,V1.000,Al0.900Si0.100,400.0,3.960000000000001,0.773,0.0,1.103961399999999,1.0,0.0,0.0,16.876,0.0,0.0,2.0,1.639,0.0,0.0,0.0,0.0,1.0,5.0,0.0,1.0,5.0,13.0,1.61,73.0,4.9,1.0,4.9,0.2899999999999998,0.0,73.5,1.63,1.63,1008.823,225.2,1.9,2183.0,120.0,0.0773,1687.0,-113.5383846787,1.1075406948954987e-05
Fe2VAl0.9Si0.1,Fe2.000,V1.000,Al0.900Si0.100,450.0,3.960000000000001,0.773,0.0,1.103961399999999,1.0,0.0,0.0,16.876,0.0,0.0,2.0,1.639,0.0,0.0,0.0,0.0,1.0,5.0,0.0,1.0,5.0,13.0,1.61,73.0,4.9,1.0,4.9,0.2899999999999998,0.0,73.5,1.63,1.63,1008.823,225.2,1.9,2183.0,120.0,0.0773,1687.0,-99.98892423087214,1.0703223450146308e-05
Fe2VAl0.9Si0.1,Fe2.000,V1.000,Al0.900Si0.100,500.0,3.960000000000001,0.773,0.0,1.103961399999999,1.0,0.0,0.0,16.876,0.0,0.0,2.0,1.639,0.0,0.0,0.0,0.0,1.0,5.0,0.0,1.0,5.0,13.0,1.61,73.0,4.9,1.0,4.9,0.2899999999999998,0.0,73.5,1.63,1.63,1008.823,225.2,1.9,2183.0,120.0,0.0773,1687.0,-84.51654771504408,1.021272263476594e-05
Fe2VAl0.9Si0.1,Fe2.000,V1.000,Al0.900Si0.100,550.0,3.960000000000001,0.773,0.0,1.103961399999999,1.0,0.0,0.0,16.876,0.0,0.0,2.0,1.639,0.0,0.0,0.0,0.0,1.0,5.0,0.0,1.0,5.0,13.0,1.61,73.0,4.9,1.0,4.9,0.2899999999999998,0.0,73.5,1.63,1.63,1008.823,225.2,1.9,2183.0,120.0,0.0773,1687.0,-68.76309670843706,9.77335447360298e-06
Fe2VAl0.9Si0.1,Fe2.000,V1.000,Al0.900Si0.100,600.0,3.960000000000001,0.773,0.0,1.103961399999999,1.0,0.0,0.0,16.876,0.0,0.0,2.0,1.639,0.0,0.0,0.0,0.0,1.0,5.0,0.0,1.0,5.0,13.0,1.61,73.0,4.9,1.0,4.9,0.2899999999999998,0.0,73.5,1.63,1.63,1008.823,225.2,1.9,2183.0,120.0,0.0773,1687.0,-54.87039142863586,9.3868555992196e-06
Fe2VAl0.9Si0.1,Fe2.000,V1.000,Al0.900Si0.100,650.0,3.960000000000001,0.773,0.0,1.103961399999999,1.0,0.0,0.0,16.876,0.0,0.0,2.0,1.639,0.0,0.0,0.0,0.0,1.0,5.0,0.0,1.0,5.0,13.0,1.61,73.0,4.9,1.0,4.9,0.2899999999999998,0.0,73.5,1.63,1.63,1008.823,225.2,1.9,2183.0,120.0,0.0773,1687.0,-44.3954413755479,8.991480571633184e-06
Fe2VAl0.9Si0.1,Fe2.000,V1.000,Al0.900Si0.100,700.0,3.960000000000001,0.773,0.0,1.103961399999999,1.0,0.0,0.0,16.876,0.0,0.0,2.0,1.639,0.0,0.0,0.0,0.0,1.0,5.0,0.0,1.0,5.0,13.0,1.61,73.0,4.9,1.0,4.9,0.2899999999999998,0.0,73.5,1.63,1.63,1008.823,225.2,1.9,2183.0,120.0,0.0773,1687.0,-37.22565597335387,8.566233144002042e-06
Fe2VAl0.9Si0.1,Fe2.000,V1.000,Al0.900Si0.100,400.0,3.960000000000001,0.773,0.0,1.103961399999999,1.0,0.0,0.0,16.876,0.0,0.0,2.0,1.639,0.0,0.0,0.0,0.0,1.0,5.0,0.0,1.0,5.0,13.0,1.61,73.0,4.9,1.0,4.9,0.2899999999999998,0.0,73.5,1.63,1.63,1008.823,225.2,1.9,2183.0,120.0,0.0773,1687.0,-114.3010937918,3.4545842748535876e-06
Fe2VAl0.9Si0.1,Fe2.000,V1.000,Al0.900Si0.100,450.0,3.960000000000001,0.773,0.0,1.103961399999999,1.0,0.0,0.0,16.876,0.0,0.0,2.0,1.639,0.0,0.0,0.0,0.0,1.0,5.0,0.0,1.0,5.0,13.0,1.61,73.0,4.9,1.0,4.9,0.2899999999999998,0.0,73.5,1.63,1.63,1008.823,225.2,1.9,2183.0,120.0,0.0773,1687.0,-103.2638004847,3.713857342015784e-06
Fe2VAl0.9Si0.1,Fe2.000,V1.000,Al0.900Si0.100,500.0,3.960000000000001,0.773,0.0,1.103961399999999,1.0,0.0,0.0,16.876,0.0,0.0,2.0,1.639,0.0,0.0,0.0,0.0,1.0,5.0,0.0,1.0,5.0,13.0,1.61,73.0,4.9,1.0,4.9,0.2899999999999998,0.0,73.5,1.63,1.63,1008.823,225.2,1.9,2183.0,120.0,0.0773,1687.0,-88.11727298472074,3.846109899109537e-06
Fe2VAl0.9Si0.1,Fe2.000,V1.000,Al0.900Si0.100,550.0,3.960000000000001,0.773,0.0,1.103961399999999,1.0,0.0,0.0,16.876,0.0,0.0,2.0,1.639,0.0,0.0,0.0,0.0,1.0,5.0,0.0,1.0,5.0,13.0,1.61,73.0,4.9,1.0,4.9,0.2899999999999998,0.0,73.5,1.63,1.63,1008.823,225.2,1.9,2183.0,120.0,0.0773,1687.0,-72.61421145349851,3.871734925250164e-06
Fe2VAl0.9Si0.1,Fe2.000,V1.000,Al0.900Si0.100,600.0,3.960000000000001,0.773,0.0,1.103961399999999,1.0,0.0,0.0,16.876,0.0,0.0,2.0,1.639,0.0,0.0,0.0,0.0,1.0,5.0,0.0,1.0,5.0,13.0,1.61,73.0,4.9,1.0,4.9,0.2899999999999998,0.0,73.5,1.63,1.63,1008.823,225.2,1.9,2183.0,120.0,0.0773,1687.0,-59.05066988810891,3.844908770744826e-06
Fe2VAl0.9Si0.1,Fe2.000,V1.000,Al0.900Si0.100,650.0,3.960000000000001,0.773,0.0,1.103961399999999,1.0,0.0,0.0,16.876,0.0,0.0,2.0,1.639,0.0,0.0,0.0,0.0,1.0,5.0,0.0,1.0,5.0,13.0,1.61,73.0,4.9,1.0,4.9,0.2899999999999998,0.0,73.5,1.63,1.63,1008.823,225.2,1.9,2183.0,120.0,0.0773,1687.0,-48.43990388670675,3.815457335195637e-06
Fe2VAl0.9Si0.1,Fe2.000,V1.000,Al0.900Si0.100,700.0,3.960000000000001,0.773,0.0,1.103961399999999,1.0,0.0,0.0,16.876,0.0,0.0,2.0,1.639,0.0,0.0,0.0,0.0,1.0,5.0,0.0,1.0,5.0,13.0,1.61,73.0,4.9,1.0,4.9,0.2899999999999998,0.0,73.5,1.63,1.63,1008.823,225.2,1.9,2183.0,120.0,0.0773,1687.0,-40.68621841444588,3.79072224560334e-06
Fe2VAl0.9Si0.1,Fe2.000,V1.000,Al0.900Si0.100,750.0,3.960000000000001,0.773,0.0,1.103961399999999,1.0,0.0,0.0,16.876,0.0,0.0,2.0,1.639,0.0,0.0,0.0,0.0,1.0,5.0,0.0,1.0,5.0,13.0,1.61,73.0,4.9,1.0,4.9,0.2899999999999998,0.0,73.5,1.63,1.63,1008.823,225.2,1.9,2183.0,120.0,0.0773,1687.0,-34.75881556934336,3.69742703447026e-06
Fe2V0.9Ti0.1Al,Fe2.000,V1.000,Ti0.091Al0.909,400.0,0.2100000000000008,0.0,0.0,20.885461399999997,9.0,0.0,2.25333333333e-05,16.49911,8.0,0.728,31.0,1.60363,8.0,1.0,0.0,0.0,1.0,8.0,0.0,3.0,30.0,4.0,1.54,43.0,5.273,9.0,4.545,0.07,0.0,70.27,1.63,1.63,1025.15523,222.179,1.61,2183.0,124.549,0.0,1941.0,90.07771525855496,5.021952926805906e-06
Fe2V0.9Ti0.1Al,Fe2.000,V1.000,Ti0.091Al0.909,450.0,0.2100000000000008,0.0,0.0,20.885461399999997,9.0,0.0,2.25333333333e-05,16.49911,8.0,0.728,31.0,1.60363,8.0,1.0,0.0,0.0,1.0,8.0,0.0,3.0,30.0,4.0,1.54,43.0,5.273,9.0,4.545,0.07,0.0,70.27,1.63,1.63,1025.15523,222.179,1.61,2183.0,124.549,0.0,1941.0,80.94595546974816,4.824265636522554e-06
Fe2V0.9Ti0.1Al,Fe2.000,V1.000,Ti0.091Al0.909,500.0,0.2100000000000008,0.0,0.0,20.885461399999997,9.0,0.0,2.25333333333e-05,16.49911,8.0,0.728,31.0,1.60363,8.0,1.0,0.0,0.0,1.0,8.0,0.0,3.0,30.0,4.0,1.54,43.0,5.273,9.0,4.545,0.07,0.0,70.27,1.63,1.63,1025.15523,222.179,1.61,2183.0,124.549,0.0,1941.0,67.44781192519197,4.598492824641936e-06
Fe2V0.9Ti0.1Al,Fe2.000,V1.000,Ti0.091Al0.909,550.0,0.2100000000000008,0.0,0.0,20.885461399999997,9.0,0.0,2.25333333333e-05,16.49911,8.0,0.728,31.0,1.60363,8.0,1.0,0.0,0.0,1.0,8.0,0.0,3.0,30.0,4.0,1.54,43.0,5.273,9.0,4.545,0.07,0.0,70.27,1.63,1.63,1025.15523,222.179,1.61,2183.0,124.549,0.0,1941.0,52.42315844373121,4.353017268086829e-06
Fe2V0.9Ti0.1Al,Fe2.000,V1.000,Ti0.091Al0.909,600.0,0.2100000000000008,0.0,0.0,20.885461399999997,9.0,0.0,2.25333333333e-05,16.49911,8.0,0.728,31.0,1.60363,8.0,1.0,0.0,0.0,1.0,8.0,0.0,3.0,30.0,4.0,1.54,43.0,5.273,9.0,4.545,0.07,0.0,70.27,1.63,1.63,1025.15523,222.179,1.61,2183.0,124.549,0.0,1941.0,38.512046536592976,4.1054890248245145e-06
Fe2V0.9Ti0.1Al,Fe2.000,V1.000,Ti0.091Al0.909,650.0,0.2100000000000008,0.0,0.0,20.885461399999997,9.0,0.0,2.25333333333e-05,16.49911,8.0,0.728,31.0,1.60363,8.0,1.0,0.0,0.0,1.0,8.0,0.0,3.0,30.0,4.0,1.54,43.0,5.273,9.0,4.545,0.07,0.0,70.27,1.63,1.63,1025.15523,222.179,1.61,2183.0,124.549,0.0,1941.0,27.407496303967665,3.875222639467159e-06
Fe2V0.9Ti0.1Al,Fe2.000,V1.000,Ti0.091Al0.909,700.0,0.2100000000000008,0.0,0.0,20.885461399999997,9.0,0.0,2.25333333333e-05,16.49911,8.0,0.728,31.0,1.60363,8.0,1.0,0.0,0.0,1.0,8.0,0.0,3.0,30.0,4.0,1.54,43.0,5.273,9.0,4.545,0.07,0.0,70.27,1.63,1.63,1025.15523,222.179,1.61,2183.0,124.549,0.0,1941.0,19.108287331592596,3.675594348872184e-06
Fe2VAl,Fe2.000,V1.000,Al1.000,100.0,0.0,0.0,0.0,0.0,0.0,0.0,0.0,16.48,0.0,0.0,0.0,1.61,0.0,0.0,0.0,0.0,0.0,5.0,0.0,0.0,0.0,13.0,1.61,73.0,5.0,0.0,5.0,0.0,0.0,73.0,1.63,1.63,933.47,225.0,1.61,2183.0,121.0,0.0,933.47,18.0265462681098,1.8989592276998104e-05
Fe2VAl,Fe2.000,V1.000,Al1.000,150.0,0.0,0.0,0.0,0.0,0.0,0.0,0.0,16.48,0.0,0.0,0.0,1.61,0.0,0.0,0.0,0.0,0.0,5.0,0.0,0.0,0.0,13.0,1.61,73.0,5.0,0.0,5.0,0.0,0.0,73.0,1.63,1.63,933.47,225.0,1.61,2183.0,121.0,0.0,933.47,22.672024798983088,1.56416931222636e-05
Fe2VAl,Fe2.000,V1.000,Al1.000,200.0,0.0,0.0,0.0,0.0,0.0,0.0,0.0,16.48,0.0,0.0,0.0,1.61,0.0,0.0,0.0,0.0,0.0,5.0,0.0,0.0,0.0,13.0,1.61,73.0,5.0,0.0,5.0,0.0,0.0,73.0,1.63,1.63,933.47,225.0,1.61,2183.0,121.0,0.0,933.47,25.32225453909961,1.2557123327816331e-05
Fe2VAl,Fe2.000,V1.000,Al1.000,250.0,0.0,0.0,0.0,0.0,0.0,0.0,0.0,16.48,0.0,0.0,0.0,1.61,0.0,0.0,0.0,0.0,0.0,5.0,0.0,0.0,0.0,13.0,1.61,73.0,5.0,0.0,5.0,0.0,0.0,73.0,1.63,1.63,933.47,225.0,1.61,2183.0,121.0,0.0,933.47,26.83481353464996,9.870156027409024e-06
Fe2VAl,Fe2.000,V1.000,Al1.000,300.0,0.0,0.0,0.0,0.0,0.0,0.0,0.0,16.48,0.0,0.0,0.0,1.61,0.0,0.0,0.0,0.0,0.0,5.0,0.0,0.0,0.0,13.0,1.61,73.0,5.0,0.0,5.0,0.0,0.0,73.0,1.63,1.63,933.47,225.0,1.61,2183.0,121.0,0.0,933.47,27.40377434803691,7.654346986288784e-06
Fe2VAl,Fe2.000,V1.000,Al1.000,350.0,0.0,0.0,0.0,0.0,0.0,0.0,0.0,16.48,0.0,0.0,0.0,1.61,0.0,0.0,0.0,0.0,0.0,5.0,0.0,0.0,0.0,13.0,1.61,73.0,5.0,0.0,5.0,0.0,0.0,73.0,1.63,1.63,933.47,225.0,1.61,2183.0,121.0,0.0,933.47,27.09140784629185,5.931981732245124e-06
Fe2V(Al0.97Si0.03),Fe2.000,V1.000,Al0.970Si0.030,100.0,3.960000000000001,0.773,0.0,1.103961399999999,1.0,0.0,0.0,16.5988,0.0,0.0,2.0,1.6187,0.0,0.0,0.0,0.0,1.0,5.0,0.0,1.0,5.0,13.0,1.61,73.0,4.97,1.0,4.97,0.2899999999999998,0.0,73.15,1.63,1.63,956.0759,225.06,1.9,2183.0,120.7,0.02319,1687.0,-59.83533576599983,7.035838617421928e-06
Fe2V(Al0.97Si0.03),Fe2.000,V1.000,Al0.970Si0.030,150.0,3.960000000000001,0.773,0.0,1.103961399999999,1.0,0.0,0.0,16.5988,0.0,0.0,2.0,1.6187,0.0,0.0,0.0,0.0,1.0,5.0,0.0,1.0,5.0,13.0,1.61,73.0,4.97,1.0,4.97,0.2899999999999998,0.0,73.15,1.63,1.63,956.0759,225.06,1.9,2183.0,120.7,0.02319,1687.0,-85.88376938225157,7.2940263049316385e-06
Fe2V(Al0.97Si0.03),Fe2.000,V1.000,Al0.970Si0.030,200.0,3.960000000000001,0.773,0.0,1.103961399999999,1.0,0.0,0.0,16.5988,0.0,0.0,2.0,1.6187,0.0,0.0,0.0,0.0,1.0,5.0,0.0,1.0,5.0,13.0,1.61,73.0,4.97,1.0,4.97,0.2899999999999998,0.0,73.15,1.63,1.63,956.0759,225.06,1.9,2183.0,120.7,0.02319,1687.0,-105.9345663971,7.304044455204008e-06
Fe2V(Al0.97Si0.03),Fe2.000,V1.000,Al0.970Si0.030,250.0,3.960000000000001,0.773,0.0,1.103961399999999,1.0,0.0,0.0,16.5988,0.0,0.0,2.0,1.6187,0.0,0.0,0.0,0.0,1.0,5.0,0.0,1.0,5.0,13.0,1.61,73.0,4.97,1.0,4.97,0.2899999999999998,0.0,73.15,1.63,1.63,956.0759,225.06,1.9,2183.0,120.7,0.02319,1687.0,-106.5219145172,7.057264637329503e-06
Fe2V(Al0.97Si0.03),Fe2.000,V1.000,Al0.970Si0.030,300.0,3.960000000000001,0.773,0.0,1.103961399999999,1.0,0.0,0.0,16.5988,0.0,0.0,2.0,1.6187,0.0,0.0,0.0,0.0,1.0,5.0,0.0,1.0,5.0,13.0,1.61,73.0,4.97,1.0,4.97,0.2899999999999998,0.0,73.15,1.63,1.63,956.0759,225.06,1.9,2183.0,120.7,0.02319,1687.0,-87.92199401650228,6.583665684157165e-06
Fe2V(Al0.97Si0.03),Fe2.000,V1.000,Al0.970Si0.030,350.0,3.960000000000001,0.773,0.0,1.103961399999999,1.0,0.0,0.0,16.5988,0.0,0.0,2.0,1.6187,0.0,0.0,0.0,0.0,1.0,5.0,0.0,1.0,5.0,13.0,1.61,73.0,4.97,1.0,4.97,0.2899999999999998,0.0,73.15,1.63,1.63,956.0759,225.06,1.9,2183.0,120.7,0.02319,1687.0,-59.67699918872584,5.941646257467082e-06
Fe2V(Al0.9Si0.1),Fe2.000,V1.000,Al0.900Si0.100,100.0,3.960000000000001,0.773,0.0,1.103961399999999,1.0,0.0,0.0,16.876,0.0,0.0,2.0,1.639,0.0,0.0,0.0,0.0,1.0,5.0,0.0,1.0,5.0,13.0,1.61,73.0,4.9,1.0,4.9,0.2899999999999998,0.0,73.5,1.63,1.63,1008.823,225.2,1.9,2183.0,120.0,0.0773,1687.0,-60.77866281285639,7.52244724363097e-07
Fe2V(Al0.9Si0.1),Fe2.000,V1.000,Al0.900Si0.100,150.0,3.960000000000001,0.773,0.0,1.103961399999999,1.0,0.0,0.0,16.876,0.0,0.0,2.0,1.639,0.0,0.0,0.0,0.0,1.0,5.0,0.0,1.0,5.0,13.0,1.61,73.0,4.9,1.0,4.9,0.2899999999999998,0.0,73.5,1.63,1.63,1008.823,225.2,1.9,2183.0,120.0,0.0773,1687.0,-77.54559321631983,1.1395821380250553e-06
Fe2V(Al0.9Si0.1),Fe2.000,V1.000,Al0.900Si0.100,200.0,3.960000000000001,0.773,0.0,1.103961399999999,1.0,0.0,0.0,16.876,0.0,0.0,2.0,1.639,0.0,0.0,0.0,0.0,1.0,5.0,0.0,1.0,5.0,13.0,1.61,73.0,4.9,1.0,4.9,0.2899999999999998,0.0,73.5,1.63,1.63,1008.823,225.2,1.9,2183.0,120.0,0.0773,1687.0,-93.58067440374911,1.6282254350423643e-06
Fe2V(Al0.9Si0.1),Fe2.000,V1.000,Al0.900Si0.100,250.0,3.960000000000001,0.773,0.0,1.103961399999999,1.0,0.0,0.0,16.876,0.0,0.0,2.0,1.639,0.0,0.0,0.0,0.0,1.0,5.0,0.0,1.0,5.0,13.0,1.61,73.0,4.9,1.0,4.9,0.2899999999999998,0.0,73.5,1.63,1.63,1008.823,225.2,1.9,2183.0,120.0,0.0773,1687.0,-107.7816256041,2.1299207667627564e-06
Fe2V(Al0.9Si0.1),Fe2.000,V1.000,Al0.900Si0.100,300.0,3.960000000000001,0.773,0.0,1.103961399999999,1.0,0.0,0.0,16.876,0.0,0.0,2.0,1.639,0.0,0.0,0.0,0.0,1.0,5.0,0.0,1.0,5.0,13.0,1.61,73.0,4.9,1.0,4.9,0.2899999999999998,0.0,73.5,1.63,1.63,1008.823,225.2,1.9,2183.0,120.0,0.0773,1687.0,-119.6134582102,2.5834732105484864e-06
Fe2V(Al0.9Si0.1),Fe2.000,V1.000,Al0.900Si0.100,350.0,3.960000000000001,0.773,0.0,1.103961399999999,1.0,0.0,0.0,16.876,0.0,0.0,2.0,1.639,0.0,0.0,0.0,0.0,1.0,5.0,0.0,1.0,5.0,13.0,1.61,73.0,4.9,1.0,4.9,0.2899999999999998,0.0,73.5,1.63,1.63,1008.823,225.2,1.9,2183.0,120.0,0.0773,1687.0,-127.3465066572,2.9510970597550914e-06
Fe2V(Al0.8Si0.2),Fe2.000,V1.000,Al0.800Si0.200,100.0,3.960000000000001,0.773,0.0,1.103961399999999,1.0,0.0,0.0,17.272000000000002,0.0,0.0,2.0,1.668,0.0,0.0,0.0,0.0,1.0,5.0,0.0,1.0,5.0,13.0,1.61,73.0,4.8,1.0,4.8,0.2899999999999998,0.0,74.0,1.63,1.63,1084.1760000000002,225.4,1.9,2183.0,119.0,0.1546,1687.0,-42.28941581203449,4.677493042237305e-07
Fe2V(Al0.8Si0.2),Fe2.000,V1.000,Al0.800Si0.200,150.0,3.960000000000001,0.773,0.0,1.103961399999999,1.0,0.0,0.0,17.272000000000002,0.0,0.0,2.0,1.668,0.0,0.0,0.0,0.0,1.0,5.0,0.0,1.0,5.0,13.0,1.61,73.0,4.8,1.0,4.8,0.2899999999999998,0.0,74.0,1.63,1.63,1084.1760000000002,225.4,1.9,2183.0,119.0,0.1546,1687.0,-54.7590052288903,6.889827581447221e-07
Fe2V(Al0.8Si0.2),Fe2.000,V1.000,Al0.800Si0.200,200.0,3.960000000000001,0.773,0.0,1.103961399999999,1.0,0.0,0.0,17.272000000000002,0.0,0.0,2.0,1.668,0.0,0.0,0.0,0.0,1.0,5.0,0.0,1.0,5.0,13.0,1.61,73.0,4.8,1.0,4.8,0.2899999999999998,0.0,74.0,1.63,1.63,1084.1760000000002,225.4,1.9,2183.0,119.0,0.1546,1687.0,-66.44869645026297,9.648978279068376e-07
Fe2V(Al0.8Si0.2),Fe2.000,V1.000,Al0.800Si0.200,250.0,3.960000000000001,0.773,0.0,1.103961399999999,1.0,0.0,0.0,17.272000000000002,0.0,0.0,2.0,1.668,0.0,0.0,0.0,0.0,1.0,5.0,0.0,1.0,5.0,13.0,1.61,73.0,4.8,1.0,4.8,0.2899999999999998,0.0,74.0,1.63,1.63,1084.1760000000002,225.4,1.9,2183.0,119.0,0.1546,1687.0,-76.76129411301743,1.2779487471089248e-06
Fe2V(Al0.8Si0.2),Fe2.000,V1.000,Al0.800Si0.200,300.0,3.960000000000001,0.773,0.0,1.103961399999999,1.0,0.0,0.0,17.272000000000002,0.0,0.0,2.0,1.668,0.0,0.0,0.0,0.0,1.0,5.0,0.0,1.0,5.0,13.0,1.61,73.0,4.8,1.0,4.8,0.2899999999999998,0.0,74.0,1.63,1.63,1084.1760000000002,225.4,1.9,2183.0,119.0,0.1546,1687.0,-85.92692991082141,1.6099217462403845e-06
Fe2V(Al0.8Si0.2),Fe2.000,V1.000,Al0.800Si0.200,350.0,3.960000000000001,0.773,0.0,1.103961399999999,1.0,0.0,0.0,17.272000000000002,0.0,0.0,2.0,1.668,0.0,0.0,0.0,0.0,1.0,5.0,0.0,1.0,5.0,13.0,1.61,73.0,4.8,1.0,4.8,0.2899999999999998,0.0,74.0,1.63,1.63,1084.1760000000002,225.4,1.9,2183.0,119.0,0.1546,1687.0,-94.20740659141832,1.942712688296571e-06
Fe2V(Al0.95Si0.05),Fe2.000,V1.000,Al0.950Si0.050,100.0,3.960000000000001,0.773,0.0,1.103961399999999,1.0,0.0,0.0,16.677999999999997,0.0,0.0,2.0,1.6245,0.0,0.0,0.0,0.0,1.0,5.0,0.0,1.0,5.0,13.0,1.61,73.0,4.95,1.0,4.95,0.2899999999999998,0.0,73.25,1.63,1.63,971.1465,225.1,1.9,2183.0,120.5,0.03865,1687.0,-69.70051438858668,2.179793568574611e-06
Fe2V(Al0.95Si0.05),Fe2.000,V1.000,Al0.950Si0.050,150.0,3.960000000000001,0.773,0.0,1.103961399999999,1.0,0.0,0.0,16.677999999999997,0.0,0.0,2.0,1.6245,0.0,0.0,0.0,0.0,1.0,5.0,0.0,1.0,5.0,13.0,1.61,73.0,4.95,1.0,4.95,0.2899999999999998,0.0,73.25,1.63,1.63,971.1465,225.1,1.9,2183.0,120.5,0.03865,1687.0,-89.54968436361077,2.7550324920904644e-06
Fe2V(Al0.95Si0.05),Fe2.000,V1.000,Al0.950Si0.050,200.0,3.960000000000001,0.773,0.0,1.103961399999999,1.0,0.0,0.0,16.677999999999997,0.0,0.0,2.0,1.6245,0.0,0.0,0.0,0.0,1.0,5.0,0.0,1.0,5.0,13.0,1.61,73.0,4.95,1.0,4.95,0.2899999999999998,0.0,73.25,1.63,1.63,971.1465,225.1,1.9,2183.0,120.5,0.03865,1687.0,-110.026945466,3.344723555268222e-06
Fe2V(Al0.95Si0.05),Fe2.000,V1.000,Al0.950Si0.050,250.0,3.960000000000001,0.773,0.0,1.103961399999999,1.0,0.0,0.0,16.677999999999997,0.0,0.0,2.0,1.6245,0.0,0.0,0.0,0.0,1.0,5.0,0.0,1.0,5.0,13.0,1.61,73.0,4.95,1.0,4.95,0.2899999999999998,0.0,73.25,1.63,1.63,971.1465,225.1,1.9,2183.0,120.5,0.03865,1687.0,-126.5086509404,3.834193481439818e-06
Fe2V(Al0.95Si0.05),Fe2.000,V1.000,Al0.950Si0.050,300.0,3.960000000000001,0.773,0.0,1.103961399999999,1.0,0.0,0.0,16.677999999999997,0.0,0.0,2.0,1.6245,0.0,0.0,0.0,0.0,1.0,5.0,0.0,1.0,5.0,13.0,1.61,73.0,4.95,1.0,4.95,0.2899999999999998,0.0,73.25,1.63,1.63,971.1465,225.1,1.9,2183.0,120.5,0.03865,1687.0,-132.4349883923,4.160136050266706e-06
Fe2V(Al0.95Si0.05),Fe2.000,V1.000,Al0.950Si0.050,350.0,3.960000000000001,0.773,0.0,1.103961399999999,1.0,0.0,0.0,16.677999999999997,0.0,0.0,2.0,1.6245,0.0,0.0,0.0,0.0,1.0,5.0,0.0,1.0,5.0,13.0,1.61,73.0,4.95,1.0,4.95,0.2899999999999998,0.0,73.25,1.63,1.63,971.1465,225.1,1.9,2183.0,120.5,0.03865,1687.0,-124.3313160439,4.301544157848525e-06
Fe2V0.9Ti0.1Al,Fe2.000,V1.000,Ti0.091Al0.909,400.0,0.2100000000000008,0.0,0.0,20.885461399999997,9.0,0.0,2.25333333333e-05,16.49911,8.0,0.728,31.0,1.60363,8.0,1.0,0.0,0.0,1.0,8.0,0.0,3.0,30.0,4.0,1.54,43.0,5.273,9.0,4.545,0.07,0.0,70.27,1.63,1.63,1025.15523,222.179,1.61,2183.0,124.549,0.0,1941.0,90.07608068572908,5.047630276080775e-06
Fe2V0.9Ti0.1Al,Fe2.000,V1.000,Ti0.091Al0.909,450.0,0.2100000000000008,0.0,0.0,20.885461399999997,9.0,0.0,2.25333333333e-05,16.49911,8.0,0.728,31.0,1.60363,8.0,1.0,0.0,0.0,1.0,8.0,0.0,3.0,30.0,4.0,1.54,43.0,5.273,9.0,4.545,0.07,0.0,70.27,1.63,1.63,1025.15523,222.179,1.61,2183.0,124.549,0.0,1941.0,81.11344790558307,4.860472042311954e-06
Fe2V0.9Ti0.1Al,Fe2.000,V1.000,Ti0.091Al0.909,500.0,0.2100000000000008,0.0,0.0,20.885461399999997,9.0,0.0,2.25333333333e-05,16.49911,8.0,0.728,31.0,1.60363,8.0,1.0,0.0,0.0,1.0,8.0,0.0,3.0,30.0,4.0,1.54,43.0,5.273,9.0,4.545,0.07,0.0,70.27,1.63,1.63,1025.15523,222.179,1.61,2183.0,124.549,0.0,1941.0,67.91701498982746,4.64345173435777e-06
Fe2V0.9Ti0.1Al,Fe2.000,V1.000,Ti0.091Al0.909,550.0,0.2100000000000008,0.0,0.0,20.885461399999997,9.0,0.0,2.25333333333e-05,16.49911,8.0,0.728,31.0,1.60363,8.0,1.0,0.0,0.0,1.0,8.0,0.0,3.0,30.0,4.0,1.54,43.0,5.273,9.0,4.545,0.07,0.0,70.27,1.63,1.63,1025.15523,222.179,1.61,2183.0,124.549,0.0,1941.0,53.0982487146762,4.400016350842508e-06
Fe2V0.9Ti0.1Al,Fe2.000,V1.000,Ti0.091Al0.909,600.0,0.2100000000000008,0.0,0.0,20.885461399999997,9.0,0.0,2.25333333333e-05,16.49911,8.0,0.728,31.0,1.60363,8.0,1.0,0.0,0.0,1.0,8.0,0.0,3.0,30.0,4.0,1.54,43.0,5.273,9.0,4.545,0.07,0.0,70.27,1.63,1.63,1025.15523,222.179,1.61,2183.0,124.549,0.0,1941.0,39.20811284629835,4.147718675560907e-06
Fe2V0.9Ti0.1Al,Fe2.000,V1.000,Ti0.091Al0.909,650.0,0.2100000000000008,0.0,0.0,20.885461399999997,9.0,0.0,2.25333333333e-05,16.49911,8.0,0.728,31.0,1.60363,8.0,1.0,0.0,0.0,1.0,8.0,0.0,3.0,30.0,4.0,1.54,43.0,5.273,9.0,4.545,0.07,0.0,70.27,1.63,1.63,1025.15523,222.179,1.61,2183.0,124.549,0.0,1941.0,27.98059029360673,3.910038475801194e-06
Fe2V0.9Ti0.1Al,Fe2.000,V1.000,Ti0.091Al0.909,700.0,0.2100000000000008,0.0,0.0,20.885461399999997,9.0,0.0,2.25333333333e-05,16.49911,8.0,0.728,31.0,1.60363,8.0,1.0,0.0,0.0,1.0,8.0,0.0,3.0,30.0,4.0,1.54,43.0,5.273,9.0,4.545,0.07,0.0,70.27,1.63,1.63,1025.15523,222.179,1.61,2183.0,124.549,0.0,1941.0,19.576205261052124,3.70820370066812e-06
Fe2V0.9Ti0.1Al,Fe2.000,V1.000,Ti0.091Al0.909,750.0,0.2100000000000008,0.0,0.0,20.885461399999997,9.0,0.0,2.25333333333e-05,16.49911,8.0,0.728,31.0,1.60363,8.0,1.0,0.0,0.0,1.0,8.0,0.0,3.0,30.0,4.0,1.54,43.0,5.273,9.0,4.545,0.07,0.0,70.27,1.63,1.63,1025.15523,222.179,1.61,2183.0,124.549,0.0,1941.0,11.82554540140105,3.5530116794061873e-06
Fe2VAl,Fe2.000,V1.000,Al1.000,100.0,0.0,0.0,0.0,0.0,0.0,0.0,0.0,16.48,0.0,0.0,0.0,1.61,0.0,0.0,0.0,0.0,0.0,5.0,0.0,0.0,0.0,13.0,1.61,73.0,5.0,0.0,5.0,0.0,0.0,73.0,1.63,1.63,933.47,225.0,1.61,2183.0,121.0,0.0,933.47,58.37039900502973,5.2008570636624215e-06
Fe2VAl,Fe2.000,V1.000,Al1.000,150.0,0.0,0.0,0.0,0.0,0.0,0.0,0.0,16.48,0.0,0.0,0.0,1.61,0.0,0.0,0.0,0.0,0.0,5.0,0.0,0.0,0.0,13.0,1.61,73.0,5.0,0.0,5.0,0.0,0.0,73.0,1.63,1.63,933.47,225.0,1.61,2183.0,121.0,0.0,933.47,70.65606587799579,5.102793624732541e-06
Fe2VAl,Fe2.000,V1.000,Al1.000,200.0,0.0,0.0,0.0,0.0,0.0,0.0,0.0,16.48,0.0,0.0,0.0,1.61,0.0,0.0,0.0,0.0,0.0,5.0,0.0,0.0,0.0,13.0,1.61,73.0,5.0,0.0,5.0,0.0,0.0,73.0,1.63,1.63,933.47,225.0,1.61,2183.0,121.0,0.0,933.47,78.07090637579914,5.014267276614563e-06
Fe2VAl,Fe2.000,V1.000,Al1.000,250.0,0.0,0.0,0.0,0.0,0.0,0.0,0.0,16.48,0.0,0.0,0.0,1.61,0.0,0.0,0.0,0.0,0.0,5.0,0.0,0.0,0.0,13.0,1.61,73.0,5.0,0.0,5.0,0.0,0.0,73.0,1.63,1.63,933.47,225.0,1.61,2183.0,121.0,0.0,933.47,83.09501351760302,4.941650553293432e-06
Fe2VAl,Fe2.000,V1.000,Al1.000,300.0,0.0,0.0,0.0,0.0,0.0,0.0,0.0,16.48,0.0,0.0,0.0,1.61,0.0,0.0,0.0,0.0,0.0,5.0,0.0,0.0,0.0,13.0,1.61,73.0,5.0,0.0,5.0,0.0,0.0,73.0,1.63,1.63,933.47,225.0,1.61,2183.0,121.0,0.0,933.47,86.7772782540565,4.897031884126967e-06
Fe2VAl0.94Si0.06,Fe2.000,V1.000,Al0.940Si0.060,100.0,3.960000000000001,0.773,0.0,1.103961399999999,1.0,0.0,0.0,16.717599999999997,0.0,0.0,2.0,1.6274000000000002,0.0,0.0,0.0,0.0,1.0,5.0,0.0,1.0,5.0,13.0,1.61,73.0,4.9399999999999995,1.0,4.9399999999999995,0.2899999999999998,0.0,73.29999999999998,1.63,1.63,978.6818,225.12,1.9,2183.0,120.4,0.04638,1687.0,-106.1441832437,7.367279932630318e-06
Fe2VAl0.94Si0.06,Fe2.000,V1.000,Al0.940Si0.060,150.0,3.960000000000001,0.773,0.0,1.103961399999999,1.0,0.0,0.0,16.717599999999997,0.0,0.0,2.0,1.6274000000000002,0.0,0.0,0.0,0.0,1.0,5.0,0.0,1.0,5.0,13.0,1.61,73.0,4.9399999999999995,1.0,4.9399999999999995,0.2899999999999998,0.0,73.29999999999998,1.63,1.63,978.6818,225.12,1.9,2183.0,120.4,0.04638,1687.0,-134.32757185390005,7.2503119579987695e-06
Fe2VAl0.94Si0.06,Fe2.000,V1.000,Al0.940Si0.060,200.0,3.960000000000001,0.773,0.0,1.103961399999999,1.0,0.0,0.0,16.717599999999997,0.0,0.0,2.0,1.6274000000000002,0.0,0.0,0.0,0.0,1.0,5.0,0.0,1.0,5.0,13.0,1.61,73.0,4.9399999999999995,1.0,4.9399999999999995,0.2899999999999998,0.0,73.29999999999998,1.63,1.63,978.6818,225.12,1.9,2183.0,120.4,0.04638,1687.0,-150.9455362449,7.615577975532625e-06
Fe2VAl0.94Si0.06,Fe2.000,V1.000,Al0.940Si0.060,250.0,3.960000000000001,0.773,0.0,1.103961399999999,1.0,0.0,0.0,16.717599999999997,0.0,0.0,2.0,1.6274000000000002,0.0,0.0,0.0,0.0,1.0,5.0,0.0,1.0,5.0,13.0,1.61,73.0,4.9399999999999995,1.0,4.9399999999999995,0.2899999999999998,0.0,73.29999999999998,1.63,1.63,978.6818,225.12,1.9,2183.0,120.4,0.04638,1687.0,-149.9428419406,7.821396520919943e-06
Fe2VAl0.9Si0.1,Fe2.000,V1.000,Al0.900Si0.100,100.0,3.960000000000001,0.773,0.0,1.103961399999999,1.0,0.0,0.0,16.876,0.0,0.0,2.0,1.639,0.0,0.0,0.0,0.0,1.0,5.0,0.0,1.0,5.0,13.0,1.61,73.0,4.9,1.0,4.9,0.2899999999999998,0.0,73.5,1.63,1.63,1008.823,225.2,1.9,2183.0,120.0,0.0773,1687.0,-67.63805365859677,1.5345403495046445e-06
Fe2VAl0.9Si0.1,Fe2.000,V1.000,Al0.900Si0.100,150.0,3.960000000000001,0.773,0.0,1.103961399999999,1.0,0.0,0.0,16.876,0.0,0.0,2.0,1.639,0.0,0.0,0.0,0.0,1.0,5.0,0.0,1.0,5.0,13.0,1.61,73.0,4.9,1.0,4.9,0.2899999999999998,0.0,73.5,1.63,1.63,1008.823,225.2,1.9,2183.0,120.0,0.0773,1687.0,-86.53533187513091,1.7924625566113218e-06
Fe2VAl0.9Si0.1,Fe2.000,V1.000,Al0.900Si0.100,200.0,3.960000000000001,0.773,0.0,1.103961399999999,1.0,0.0,0.0,16.876,0.0,0.0,2.0,1.639,0.0,0.0,0.0,0.0,1.0,5.0,0.0,1.0,5.0,13.0,1.61,73.0,4.9,1.0,4.9,0.2899999999999998,0.0,73.5,1.63,1.63,1008.823,225.2,1.9,2183.0,120.0,0.0773,1687.0,-104.0528995361,2.180146905063019e-06
Fe2VAl0.9Si0.1,Fe2.000,V1.000,Al0.900Si0.100,250.0,3.960000000000001,0.773,0.0,1.103961399999999,1.0,0.0,0.0,16.876,0.0,0.0,2.0,1.639,0.0,0.0,0.0,0.0,1.0,5.0,0.0,1.0,5.0,13.0,1.61,73.0,4.9,1.0,4.9,0.2899999999999998,0.0,73.5,1.63,1.63,1008.823,225.2,1.9,2183.0,120.0,0.0773,1687.0,-117.4411121754,2.823897905625829e-06
Fe2VAl0.95Sn0.05,Fe2.000,V1.000,Al0.950Sn0.050,100.0,16.804999999999996,0.0,0.0,91.7284614,37.0,0.0,0.0,17.320249999999998,0.0,0.0,84.0,1.6275000000000002,0.0,2.0,0.0,0.0,11.0,5.0,0.0,1.0,7.0,13.0,1.61,73.0,4.95,1.0,4.95,0.3499999999999998,0.0,73.35,1.63,1.63,912.0505,220.8,1.96,2183.0,121.9,0.0,933.47,-98.02874814918964,8.759012182775859e-06
Fe2VAl0.95Sn0.05,Fe2.000,V1.000,Al0.950Sn0.050,150.0,16.804999999999996,0.0,0.0,91.7284614,37.0,0.0,0.0,17.320249999999998,0.0,0.0,84.0,1.6275000000000002,0.0,2.0,0.0,0.0,11.0,5.0,0.0,1.0,7.0,13.0,1.61,73.0,4.95,1.0,4.95,0.3499999999999998,0.0,73.35,1.63,1.63,912.0505,220.8,1.96,2183.0,121.9,0.0,933.47,-126.32411025609998,9.205063340458003e-06
Fe2VAl0.95Sn0.05,Fe2.000,V1.000,Al0.950Sn0.050,200.0,16.804999999999996,0.0,0.0,91.7284614,37.0,0.0,0.0,17.320249999999998,0.0,0.0,84.0,1.6275000000000002,0.0,2.0,0.0,0.0,11.0,5.0,0.0,1.0,7.0,13.0,1.61,73.0,4.95,1.0,4.95,0.3499999999999998,0.0,73.35,1.63,1.63,912.0505,220.8,1.96,2183.0,121.9,0.0,933.47,-139.98027085310002,9.430322456586278e-06
Fe2VAl0.95Sn0.05,Fe2.000,V1.000,Al0.950Sn0.050,250.0,16.804999999999996,0.0,0.0,91.7284614,37.0,0.0,0.0,17.320249999999998,0.0,0.0,84.0,1.6275000000000002,0.0,2.0,0.0,0.0,11.0,5.0,0.0,1.0,7.0,13.0,1.61,73.0,4.95,1.0,4.95,0.3499999999999998,0.0,73.35,1.63,1.63,912.0505,220.8,1.96,2183.0,121.9,0.0,933.47,-136.19390958809998,9.200433708955136e-06
Fe2VAl0.9Si0.1,Fe2.000,V1.000,Al0.900Si0.100,400.0,3.960000000000001,0.773,0.0,1.103961399999999,1.0,0.0,0.0,16.876,0.0,0.0,2.0,1.639,0.0,0.0,0.0,0.0,1.0,5.0,0.0,1.0,5.0,13.0,1.61,73.0,4.9,1.0,4.9,0.2899999999999998,0.0,73.5,1.63,1.63,1008.823,225.2,1.9,2183.0,120.0,0.0773,1687.0,-124.5226966847,4.091959018287953e-06
Fe2VAl0.9Si0.1,Fe2.000,V1.000,Al0.900Si0.100,450.0,3.960000000000001,0.773,0.0,1.103961399999999,1.0,0.0,0.0,16.876,0.0,0.0,2.0,1.639,0.0,0.0,0.0,0.0,1.0,5.0,0.0,1.0,5.0,13.0,1.61,73.0,4.9,1.0,4.9,0.2899999999999998,0.0,73.5,1.63,1.63,1008.823,225.2,1.9,2183.0,120.0,0.0773,1687.0,-116.6277774165,4.205740085771191e-06
Fe2VAl0.9Si0.1,Fe2.000,V1.000,Al0.900Si0.100,500.0,3.960000000000001,0.773,0.0,1.103961399999999,1.0,0.0,0.0,16.876,0.0,0.0,2.0,1.639,0.0,0.0,0.0,0.0,1.0,5.0,0.0,1.0,5.0,13.0,1.61,73.0,4.9,1.0,4.9,0.2899999999999998,0.0,73.5,1.63,1.63,1008.823,225.2,1.9,2183.0,120.0,0.0773,1687.0,-104.198727264,4.247470185760539e-06
Fe2VAl0.9Si0.1,Fe2.000,V1.000,Al0.900Si0.100,550.0,3.960000000000001,0.773,0.0,1.103961399999999,1.0,0.0,0.0,16.876,0.0,0.0,2.0,1.639,0.0,0.0,0.0,0.0,1.0,5.0,0.0,1.0,5.0,13.0,1.61,73.0,4.9,1.0,4.9,0.2899999999999998,0.0,73.5,1.63,1.63,1008.823,225.2,1.9,2183.0,120.0,0.0773,1687.0,-89.60117916061944,4.21120644641055e-06
Fe2VAl0.9Si0.1,Fe2.000,V1.000,Al0.900Si0.100,600.0,3.960000000000001,0.773,0.0,1.103961399999999,1.0,0.0,0.0,16.876,0.0,0.0,2.0,1.639,0.0,0.0,0.0,0.0,1.0,5.0,0.0,1.0,5.0,13.0,1.61,73.0,4.9,1.0,4.9,0.2899999999999998,0.0,73.5,1.63,1.63,1008.823,225.2,1.9,2183.0,120.0,0.0773,1687.0,-75.14288148944219,4.103668813773297e-06
Fe2VAl0.9Si0.1,Fe2.000,V1.000,Al0.900Si0.100,650.0,3.960000000000001,0.773,0.0,1.103961399999999,1.0,0.0,0.0,16.876,0.0,0.0,2.0,1.639,0.0,0.0,0.0,0.0,1.0,5.0,0.0,1.0,5.0,13.0,1.61,73.0,4.9,1.0,4.9,0.2899999999999998,0.0,73.5,1.63,1.63,1008.823,225.2,1.9,2183.0,120.0,0.0773,1687.0,-62.598295165214616,3.945526915091652e-06
Fe2VAl0.9Si0.1,Fe2.000,V1.000,Al0.900Si0.100,700.0,3.960000000000001,0.773,0.0,1.103961399999999,1.0,0.0,0.0,16.876,0.0,0.0,2.0,1.639,0.0,0.0,0.0,0.0,1.0,5.0,0.0,1.0,5.0,13.0,1.61,73.0,4.9,1.0,4.9,0.2899999999999998,0.0,73.5,1.63,1.63,1008.823,225.2,1.9,2183.0,120.0,0.0773,1687.0,-52.73319071587339,3.77268692209255e-06
Fe2VAl0.9Si0.1,Fe2.000,V1.000,Al0.900Si0.100,400.0,3.960000000000001,0.773,0.0,1.103961399999999,1.0,0.0,0.0,16.876,0.0,0.0,2.0,1.639,0.0,0.0,0.0,0.0,1.0,5.0,0.0,1.0,5.0,13.0,1.61,73.0,4.9,1.0,4.9,0.2899999999999998,0.0,73.5,1.63,1.63,1008.823,225.2,1.9,2183.0,120.0,0.0773,1687.0,-54.83829291448823,4.636304213800039e-06
Fe2VAl0.9Si0.1,Fe2.000,V1.000,Al0.900Si0.100,450.0,3.960000000000001,0.773,0.0,1.103961399999999,1.0,0.0,0.0,16.876,0.0,0.0,2.0,1.639,0.0,0.0,0.0,0.0,1.0,5.0,0.0,1.0,5.0,13.0,1.61,73.0,4.9,1.0,4.9,0.2899999999999998,0.0,73.5,1.63,1.63,1008.823,225.2,1.9,2183.0,120.0,0.0773,1687.0,-52.675500454486915,4.455212531841175e-06
Fe2VAl0.9Si0.1,Fe2.000,V1.000,Al0.900Si0.100,500.0,3.960000000000001,0.773,0.0,1.103961399999999,1.0,0.0,0.0,16.876,0.0,0.0,2.0,1.639,0.0,0.0,0.0,0.0,1.0,5.0,0.0,1.0,5.0,13.0,1.61,73.0,4.9,1.0,4.9,0.2899999999999998,0.0,73.5,1.63,1.63,1008.823,225.2,1.9,2183.0,120.0,0.0773,1687.0,-48.62603489368376,4.265492785044239e-06
Fe2VAl0.9Si0.1,Fe2.000,V1.000,Al0.900Si0.100,550.0,3.960000000000001,0.773,0.0,1.103961399999999,1.0,0.0,0.0,16.876,0.0,0.0,2.0,1.639,0.0,0.0,0.0,0.0,1.0,5.0,0.0,1.0,5.0,13.0,1.61,73.0,4.9,1.0,4.9,0.2899999999999998,0.0,73.5,1.63,1.63,1008.823,225.2,1.9,2183.0,120.0,0.0773,1687.0,-43.5168540270336,4.08056967002342e-06
Fe2VAl0.9Si0.1,Fe2.000,V1.000,Al0.900Si0.100,600.0,3.960000000000001,0.773,0.0,1.103961399999999,1.0,0.0,0.0,16.876,0.0,0.0,2.0,1.639,0.0,0.0,0.0,0.0,1.0,5.0,0.0,1.0,5.0,13.0,1.61,73.0,4.9,1.0,4.9,0.2899999999999998,0.0,73.5,1.63,1.63,1008.823,225.2,1.9,2183.0,120.0,0.0773,1687.0,-38.11903047269662,3.909907180812016e-06
Fe2VAl0.9Si0.1,Fe2.000,V1.000,Al0.900Si0.100,650.0,3.960000000000001,0.773,0.0,1.103961399999999,1.0,0.0,0.0,16.876,0.0,0.0,2.0,1.639,0.0,0.0,0.0,0.0,1.0,5.0,0.0,1.0,5.0,13.0,1.61,73.0,4.9,1.0,4.9,0.2899999999999998,0.0,73.5,1.63,1.63,1008.823,225.2,1.9,2183.0,120.0,0.0773,1687.0,-33.1084017427251,3.757847998361607e-06
Fe2VAl0.9Si0.1,Fe2.000,V1.000,Al0.900Si0.100,700.0,3.960000000000001,0.773,0.0,1.103961399999999,1.0,0.0,0.0,16.876,0.0,0.0,2.0,1.639,0.0,0.0,0.0,0.0,1.0,5.0,0.0,1.0,5.0,13.0,1.61,73.0,4.9,1.0,4.9,0.2899999999999998,0.0,73.5,1.63,1.63,1008.823,225.2,1.9,2183.0,120.0,0.0773,1687.0,-29.026220313750848,3.622452880041201e-06
Fe2VAl0.9Si0.1,Fe2.000,V1.000,Al0.900Si0.100,350.0,3.960000000000001,0.773,0.0,1.103961399999999,1.0,0.0,0.0,16.876,0.0,0.0,2.0,1.639,0.0,0.0,0.0,0.0,1.0,5.0,0.0,1.0,5.0,13.0,1.61,73.0,4.9,1.0,4.9,0.2899999999999998,0.0,73.5,1.63,1.63,1008.823,225.2,1.9,2183.0,120.0,0.0773,1687.0,-116.4295798444,3.936616225894118e-06
Fe2VAl0.9Si0.1,Fe2.000,V1.000,Al0.900Si0.100,400.0,3.960000000000001,0.773,0.0,1.103961399999999,1.0,0.0,0.0,16.876,0.0,0.0,2.0,1.639,0.0,0.0,0.0,0.0,1.0,5.0,0.0,1.0,5.0,13.0,1.61,73.0,4.9,1.0,4.9,0.2899999999999998,0.0,73.5,1.63,1.63,1008.823,225.2,1.9,2183.0,120.0,0.0773,1687.0,-116.7629482685,4.0323368951812295e-06
Fe2VAl0.9Si0.1,Fe2.000,V1.000,Al0.900Si0.100,450.0,3.960000000000001,0.773,0.0,1.103961399999999,1.0,0.0,0.0,16.876,0.0,0.0,2.0,1.639,0.0,0.0,0.0,0.0,1.0,5.0,0.0,1.0,5.0,13.0,1.61,73.0,4.9,1.0,4.9,0.2899999999999998,0.0,73.5,1.63,1.63,1008.823,225.2,1.9,2183.0,120.0,0.0773,1687.0,-109.2920086354,4.105758432832915e-06
Fe2VAl0.9Si0.1,Fe2.000,V1.000,Al0.900Si0.100,500.0,3.960000000000001,0.773,0.0,1.103961399999999,1.0,0.0,0.0,16.876,0.0,0.0,2.0,1.639,0.0,0.0,0.0,0.0,1.0,5.0,0.0,1.0,5.0,13.0,1.61,73.0,4.9,1.0,4.9,0.2899999999999998,0.0,73.5,1.63,1.63,1008.823,225.2,1.9,2183.0,120.0,0.0773,1687.0,-97.4138972576573,4.122820306214903e-06
Fe2VAl0.9Si0.1,Fe2.000,V1.000,Al0.900Si0.100,550.0,3.960000000000001,0.773,0.0,1.103961399999999,1.0,0.0,0.0,16.876,0.0,0.0,2.0,1.639,0.0,0.0,0.0,0.0,1.0,5.0,0.0,1.0,5.0,13.0,1.61,73.0,4.9,1.0,4.9,0.2899999999999998,0.0,73.5,1.63,1.63,1008.823,225.2,1.9,2183.0,120.0,0.0773,1687.0,-84.00522478758113,4.064864368017799e-06
Fe2VAl0.9Si0.1,Fe2.000,V1.000,Al0.900Si0.100,600.0,3.960000000000001,0.773,0.0,1.103961399999999,1.0,0.0,0.0,16.876,0.0,0.0,2.0,1.639,0.0,0.0,0.0,0.0,1.0,5.0,0.0,1.0,5.0,13.0,1.61,73.0,4.9,1.0,4.9,0.2899999999999998,0.0,73.5,1.63,1.63,1008.823,225.2,1.9,2183.0,120.0,0.0773,1687.0,-71.17738588471764,3.932922990682431e-06
Fe2VAl0.9Si0.1,Fe2.000,V1.000,Al0.900Si0.100,650.0,3.960000000000001,0.773,0.0,1.103961399999999,1.0,0.0,0.0,16.876,0.0,0.0,2.0,1.639,0.0,0.0,0.0,0.0,1.0,5.0,0.0,1.0,5.0,13.0,1.61,73.0,4.9,1.0,4.9,0.2899999999999998,0.0,73.5,1.63,1.63,1008.823,225.2,1.9,2183.0,120.0,0.0773,1687.0,-60.031868882182614,3.7520072008252376e-06
Fe2VAl0.9Si0.1,Fe2.000,V1.000,Al0.900Si0.100,700.0,3.960000000000001,0.773,0.0,1.103961399999999,1.0,0.0,0.0,16.876,0.0,0.0,2.0,1.639,0.0,0.0,0.0,0.0,1.0,5.0,0.0,1.0,5.0,13.0,1.61,73.0,4.9,1.0,4.9,0.2899999999999998,0.0,73.5,1.63,1.63,1008.823,225.2,1.9,2183.0,120.0,0.0773,1687.0,-50.41556545347668,3.5753948136636023e-06
Fe2VAl0.9Si0.1,Fe2.000,V1.000,Al0.900Si0.100,400.0,3.960000000000001,0.773,0.0,1.103961399999999,1.0,0.0,0.0,16.876,0.0,0.0,2.0,1.639,0.0,0.0,0.0,0.0,1.0,5.0,0.0,1.0,5.0,13.0,1.61,73.0,4.9,1.0,4.9,0.2899999999999998,0.0,73.5,1.63,1.63,1008.823,225.2,1.9,2183.0,120.0,0.0773,1687.0,-112.0349041019,3.988235666037154e-06
Fe2VAl0.9Si0.1,Fe2.000,V1.000,Al0.900Si0.100,450.0,3.960000000000001,0.773,0.0,1.103961399999999,1.0,0.0,0.0,16.876,0.0,0.0,2.0,1.639,0.0,0.0,0.0,0.0,1.0,5.0,0.0,1.0,5.0,13.0,1.61,73.0,4.9,1.0,4.9,0.2899999999999998,0.0,73.5,1.63,1.63,1008.823,225.2,1.9,2183.0,120.0,0.0773,1687.0,-107.2187642679,4.03817903878753e-06
Fe2VAl0.9Si0.1,Fe2.000,V1.000,Al0.900Si0.100,500.0,3.960000000000001,0.773,0.0,1.103961399999999,1.0,0.0,0.0,16.876,0.0,0.0,2.0,1.639,0.0,0.0,0.0,0.0,1.0,5.0,0.0,1.0,5.0,13.0,1.61,73.0,4.9,1.0,4.9,0.2899999999999998,0.0,73.5,1.63,1.63,1008.823,225.2,1.9,2183.0,120.0,0.0773,1687.0,-96.86077298884604,4.004437512303136e-06
Fe2VAl0.9Si0.1,Fe2.000,V1.000,Al0.900Si0.100,550.0,3.960000000000001,0.773,0.0,1.103961399999999,1.0,0.0,0.0,16.876,0.0,0.0,2.0,1.639,0.0,0.0,0.0,0.0,1.0,5.0,0.0,1.0,5.0,13.0,1.61,73.0,4.9,1.0,4.9,0.2899999999999998,0.0,73.5,1.63,1.63,1008.823,225.2,1.9,2183.0,120.0,0.0773,1687.0,-84.4770465696957,3.9210216067171464e-06
Fe2VAl0.9Si0.1,Fe2.000,V1.000,Al0.900Si0.100,600.0,3.960000000000001,0.773,0.0,1.103961399999999,1.0,0.0,0.0,16.876,0.0,0.0,2.0,1.639,0.0,0.0,0.0,0.0,1.0,5.0,0.0,1.0,5.0,13.0,1.61,73.0,4.9,1.0,4.9,0.2899999999999998,0.0,73.5,1.63,1.63,1008.823,225.2,1.9,2183.0,120.0,0.0773,1687.0,-72.62638551756385,3.814449642559235e-06
Fe2VAl0.9Si0.1,Fe2.000,V1.000,Al0.900Si0.100,650.0,3.960000000000001,0.773,0.0,1.103961399999999,1.0,0.0,0.0,16.876,0.0,0.0,2.0,1.639,0.0,0.0,0.0,0.0,1.0,5.0,0.0,1.0,5.0,13.0,1.61,73.0,4.9,1.0,4.9,0.2899999999999998,0.0,73.5,1.63,1.63,1008.823,225.2,1.9,2183.0,120.0,0.0773,1687.0,-62.60612072498761,3.7010696784811066e-06
Fe2VAl0.9Si0.1,Fe2.000,V1.000,Al0.900Si0.100,700.0,3.960000000000001,0.773,0.0,1.103961399999999,1.0,0.0,0.0,16.876,0.0,0.0,2.0,1.639,0.0,0.0,0.0,0.0,1.0,5.0,0.0,1.0,5.0,13.0,1.61,73.0,4.9,1.0,4.9,0.2899999999999998,0.0,73.5,1.63,1.63,1008.823,225.2,1.9,2183.0,120.0,0.0773,1687.0,-54.147959653613135,3.584381448982031e-06
Fe2V0.9Ti0.1Al ,Fe2.000,V1.000,Ti0.091Al0.909,350.0,0.2100000000000008,0.0,0.0,20.885461399999997,9.0,0.0,2.25333333333e-05,16.49911,8.0,0.728,31.0,1.60363,8.0,1.0,0.0,0.0,1.0,8.0,0.0,3.0,30.0,4.0,1.54,43.0,5.273,9.0,4.545,0.07,0.0,70.27,1.63,1.63,1025.15523,222.179,1.61,2183.0,124.549,0.0,1941.0,97.42610960036764,4.738406662578104e-06
Fe2V0.9Ti0.1Al ,Fe2.000,V1.000,Ti0.091Al0.909,400.0,0.2100000000000008,0.0,0.0,20.885461399999997,9.0,0.0,2.25333333333e-05,16.49911,8.0,0.728,31.0,1.60363,8.0,1.0,0.0,0.0,1.0,8.0,0.0,3.0,30.0,4.0,1.54,43.0,5.273,9.0,4.545,0.07,0.0,70.27,1.63,1.63,1025.15523,222.179,1.61,2183.0,124.549,0.0,1941.0,97.78003603454076,4.7502666229724865e-06
Fe2V0.9Ti0.1Al ,Fe2.000,V1.000,Ti0.091Al0.909,450.0,0.2100000000000008,0.0,0.0,20.885461399999997,9.0,0.0,2.25333333333e-05,16.49911,8.0,0.728,31.0,1.60363,8.0,1.0,0.0,0.0,1.0,8.0,0.0,3.0,30.0,4.0,1.54,43.0,5.273,9.0,4.545,0.07,0.0,70.27,1.63,1.63,1025.15523,222.179,1.61,2183.0,124.549,0.0,1941.0,89.81266730570205,4.60463956682778e-06
Fe2V0.9Ti0.1Al ,Fe2.000,V1.000,Ti0.091Al0.909,500.0,0.2100000000000008,0.0,0.0,20.885461399999997,9.0,0.0,2.25333333333e-05,16.49911,8.0,0.728,31.0,1.60363,8.0,1.0,0.0,0.0,1.0,8.0,0.0,3.0,30.0,4.0,1.54,43.0,5.273,9.0,4.545,0.07,0.0,70.27,1.63,1.63,1025.15523,222.179,1.61,2183.0,124.549,0.0,1941.0,76.83134682670588,4.4208629141516005e-06
Fe2V0.9Ti0.1Al ,Fe2.000,V1.000,Ti0.091Al0.909,550.0,0.2100000000000008,0.0,0.0,20.885461399999997,9.0,0.0,2.25333333333e-05,16.49911,8.0,0.728,31.0,1.60363,8.0,1.0,0.0,0.0,1.0,8.0,0.0,3.0,30.0,4.0,1.54,43.0,5.273,9.0,4.545,0.07,0.0,70.27,1.63,1.63,1025.15523,222.179,1.61,2183.0,124.549,0.0,1941.0,61.89750351380096,4.240962046632374e-06
Fe2V0.9Ti0.1Al ,Fe2.000,V1.000,Ti0.091Al0.909,600.0,0.2100000000000008,0.0,0.0,20.885461399999997,9.0,0.0,2.25333333333e-05,16.49911,8.0,0.728,31.0,1.60363,8.0,1.0,0.0,0.0,1.0,8.0,0.0,3.0,30.0,4.0,1.54,43.0,5.273,9.0,4.545,0.07,0.0,70.27,1.63,1.63,1025.15523,222.179,1.61,2183.0,124.549,0.0,1941.0,47.50488695817246,4.063349818355379e-06
Fe2V0.9Ti0.1Al ,Fe2.000,V1.000,Ti0.091Al0.909,650.0,0.2100000000000008,0.0,0.0,20.885461399999997,9.0,0.0,2.25333333333e-05,16.49911,8.0,0.728,31.0,1.60363,8.0,1.0,0.0,0.0,1.0,8.0,0.0,3.0,30.0,4.0,1.54,43.0,5.273,9.0,4.545,0.07,0.0,70.27,1.63,1.63,1025.15523,222.179,1.61,2183.0,124.549,0.0,1941.0,35.25780259748578,3.876526066518955e-06
Fe2V0.9Ti0.1Al ,Fe2.000,V1.000,Ti0.091Al0.909,700.0,0.2100000000000008,0.0,0.0,20.885461399999997,9.0,0.0,2.25333333333e-05,16.49911,8.0,0.728,31.0,1.60363,8.0,1.0,0.0,0.0,1.0,8.0,0.0,3.0,30.0,4.0,1.54,43.0,5.273,9.0,4.545,0.07,0.0,70.27,1.63,1.63,1025.15523,222.179,1.61,2183.0,124.549,0.0,1941.0,25.549346887427728,3.6927771221502046e-06
Fe2V0.9Ti0.1Al,Fe2.000,V1.000,Ti0.091Al0.909,350.0,0.2100000000000008,0.0,0.0,20.885461399999997,9.0,0.0,2.25333333333e-05,16.49911,8.0,0.728,31.0,1.60363,8.0,1.0,0.0,0.0,1.0,8.0,0.0,3.0,30.0,4.0,1.54,43.0,5.273,9.0,4.545,0.07,0.0,70.27,1.63,1.63,1025.15523,222.179,1.61,2183.0,124.549,0.0,1941.0,82.04044244643596,4.255924909405865e-06
Fe2V0.9Ti0.1Al,Fe2.000,V1.000,Ti0.091Al0.909,400.0,0.2100000000000008,0.0,0.0,20.885461399999997,9.0,0.0,2.25333333333e-05,16.49911,8.0,0.728,31.0,1.60363,8.0,1.0,0.0,0.0,1.0,8.0,0.0,3.0,30.0,4.0,1.54,43.0,5.273,9.0,4.545,0.07,0.0,70.27,1.63,1.63,1025.15523,222.179,1.61,2183.0,124.549,0.0,1941.0,81.97587770914645,4.155640624772248e-06
Fe2V0.9Ti0.1Al,Fe2.000,V1.000,Ti0.091Al0.909,450.0,0.2100000000000008,0.0,0.0,20.885461399999997,9.0,0.0,2.25333333333e-05,16.49911,8.0,0.728,31.0,1.60363,8.0,1.0,0.0,0.0,1.0,8.0,0.0,3.0,30.0,4.0,1.54,43.0,5.273,9.0,4.545,0.07,0.0,70.27,1.63,1.63,1025.15523,222.179,1.61,2183.0,124.549,0.0,1941.0,75.86708006502728,4.143972368750726e-06
Fe2V0.9Ti0.1Al,Fe2.000,V1.000,Ti0.091Al0.909,500.0,0.2100000000000008,0.0,0.0,20.885461399999997,9.0,0.0,2.25333333333e-05,16.49911,8.0,0.728,31.0,1.60363,8.0,1.0,0.0,0.0,1.0,8.0,0.0,3.0,30.0,4.0,1.54,43.0,5.273,9.0,4.545,0.07,0.0,70.27,1.63,1.63,1025.15523,222.179,1.61,2183.0,124.549,0.0,1941.0,66.01366661932785,4.124753756110367e-06
Fe2V0.9Ti0.1Al,Fe2.000,V1.000,Ti0.091Al0.909,550.0,0.2100000000000008,0.0,0.0,20.885461399999997,9.0,0.0,2.25333333333e-05,16.49911,8.0,0.728,31.0,1.60363,8.0,1.0,0.0,0.0,1.0,8.0,0.0,3.0,30.0,4.0,1.54,43.0,5.273,9.0,4.545,0.07,0.0,70.27,1.63,1.63,1025.15523,222.179,1.61,2183.0,124.549,0.0,1941.0,54.473191260510774,4.034781962426547e-06
Fe2V0.9Ti0.1Al,Fe2.000,V1.000,Ti0.091Al0.909,600.0,0.2100000000000008,0.0,0.0,20.885461399999997,9.0,0.0,2.25333333333e-05,16.49911,8.0,0.728,31.0,1.60363,8.0,1.0,0.0,0.0,1.0,8.0,0.0,3.0,30.0,4.0,1.54,43.0,5.273,9.0,4.545,0.07,0.0,70.27,1.63,1.63,1025.15523,222.179,1.61,2183.0,124.549,0.0,1941.0,42.91610836896186,3.854175544529802e-06
Fe2V0.9Ti0.1Al,Fe2.000,V1.000,Ti0.091Al0.909,650.0,0.2100000000000008,0.0,0.0,20.885461399999997,9.0,0.0,2.25333333333e-05,16.49911,8.0,0.728,31.0,1.60363,8.0,1.0,0.0,0.0,1.0,8.0,0.0,3.0,30.0,4.0,1.54,43.0,5.273,9.0,4.545,0.07,0.0,70.27,1.63,1.63,1025.15523,222.179,1.61,2183.0,124.549,0.0,1941.0,32.48073652569876,3.6167322609545775e-06
Fe2V0.9Ti0.1Al,Fe2.000,V1.000,Ti0.091Al0.909,700.0,0.2100000000000008,0.0,0.0,20.885461399999997,9.0,0.0,2.25333333333e-05,16.49911,8.0,0.728,31.0,1.60363,8.0,1.0,0.0,0.0,1.0,8.0,0.0,3.0,30.0,4.0,1.54,43.0,5.273,9.0,4.545,0.07,0.0,70.27,1.63,1.63,1025.15523,222.179,1.61,2183.0,124.549,0.0,1941.0,23.628222221079195,3.4202868923880787e-06
Fe2V0.9Ti0.1Al,Fe2.000,V1.000,Ti0.091Al0.909,400.0,0.2100000000000008,0.0,0.0,20.885461399999997,9.0,0.0,2.25333333333e-05,16.49911,8.0,0.728,31.0,1.60363,8.0,1.0,0.0,0.0,1.0,8.0,0.0,3.0,30.0,4.0,1.54,43.0,5.273,9.0,4.545,0.07,0.0,70.27,1.63,1.63,1025.15523,222.179,1.61,2183.0,124.549,0.0,1941.0,83.57405900182333,5.024659639824017e-06
Fe2V0.9Ti0.1Al,Fe2.000,V1.000,Ti0.091Al0.909,450.0,0.2100000000000008,0.0,0.0,20.885461399999997,9.0,0.0,2.25333333333e-05,16.49911,8.0,0.728,31.0,1.60363,8.0,1.0,0.0,0.0,1.0,8.0,0.0,3.0,30.0,4.0,1.54,43.0,5.273,9.0,4.545,0.07,0.0,70.27,1.63,1.63,1025.15523,222.179,1.61,2183.0,124.549,0.0,1941.0,74.1258619312001,4.82530914560058e-06
Fe2V0.9Ti0.1Al,Fe2.000,V1.000,Ti0.091Al0.909,500.0,0.2100000000000008,0.0,0.0,20.885461399999997,9.0,0.0,2.25333333333e-05,16.49911,8.0,0.728,31.0,1.60363,8.0,1.0,0.0,0.0,1.0,8.0,0.0,3.0,30.0,4.0,1.54,43.0,5.273,9.0,4.545,0.07,0.0,70.27,1.63,1.63,1025.15523,222.179,1.61,2183.0,124.549,0.0,1941.0,61.7374746347824,4.655899833264082e-06
Fe2V0.9Ti0.1Al,Fe2.000,V1.000,Ti0.091Al0.909,550.0,0.2100000000000008,0.0,0.0,20.885461399999997,9.0,0.0,2.25333333333e-05,16.49911,8.0,0.728,31.0,1.60363,8.0,1.0,0.0,0.0,1.0,8.0,0.0,3.0,30.0,4.0,1.54,43.0,5.273,9.0,4.545,0.07,0.0,70.27,1.63,1.63,1025.15523,222.179,1.61,2183.0,124.549,0.0,1941.0,48.84798700364925,4.447486915395438e-06
Fe2V0.9Ti0.1Al,Fe2.000,V1.000,Ti0.091Al0.909,600.0,0.2100000000000008,0.0,0.0,20.885461399999997,9.0,0.0,2.25333333333e-05,16.49911,8.0,0.728,31.0,1.60363,8.0,1.0,0.0,0.0,1.0,8.0,0.0,3.0,30.0,4.0,1.54,43.0,5.273,9.0,4.545,0.07,0.0,70.27,1.63,1.63,1025.15523,222.179,1.61,2183.0,124.549,0.0,1941.0,37.18885328161562,4.176282168954376e-06
Fe2V0.9Ti0.1Al,Fe2.000,V1.000,Ti0.091Al0.909,650.0,0.2100000000000008,0.0,0.0,20.885461399999997,9.0,0.0,2.25333333333e-05,16.49911,8.0,0.728,31.0,1.60363,8.0,1.0,0.0,0.0,1.0,8.0,0.0,3.0,30.0,4.0,1.54,43.0,5.273,9.0,4.545,0.07,0.0,70.27,1.63,1.63,1025.15523,222.179,1.61,2183.0,124.549,0.0,1941.0,27.567113823065167,3.874679257216775e-06
Fe2V0.9Ti0.1Al,Fe2.000,V1.000,Ti0.091Al0.909,700.0,0.2100000000000008,0.0,0.0,20.885461399999997,9.0,0.0,2.25333333333e-05,16.49911,8.0,0.728,31.0,1.60363,8.0,1.0,0.0,0.0,1.0,8.0,0.0,3.0,30.0,4.0,1.54,43.0,5.273,9.0,4.545,0.07,0.0,70.27,1.63,1.63,1025.15523,222.179,1.61,2183.0,124.549,0.0,1941.0,19.648616850782737,3.6422790517121135e-06
Fe2V0.9Ti0.1Al,Fe2.000,V1.000,Ti0.091Al0.909,400.0,0.2100000000000008,0.0,0.0,20.885461399999997,9.0,0.0,2.25333333333e-05,16.49911,8.0,0.728,31.0,1.60363,8.0,1.0,0.0,0.0,1.0,8.0,0.0,3.0,30.0,4.0,1.54,43.0,5.273,9.0,4.545,0.07,0.0,70.27,1.63,1.63,1025.15523,222.179,1.61,2183.0,124.549,0.0,1941.0,41.31086189854646,7.1298034687942715e-06
Fe2V0.9Ti0.1Al,Fe2.000,V1.000,Ti0.091Al0.909,450.0,0.2100000000000008,0.0,0.0,20.885461399999997,9.0,0.0,2.25333333333e-05,16.49911,8.0,0.728,31.0,1.60363,8.0,1.0,0.0,0.0,1.0,8.0,0.0,3.0,30.0,4.0,1.54,43.0,5.273,9.0,4.545,0.07,0.0,70.27,1.63,1.63,1025.15523,222.179,1.61,2183.0,124.549,0.0,1941.0,32.5590889246393,6.209540885316236e-06
Fe2V0.9Ti0.1Al,Fe2.000,V1.000,Ti0.091Al0.909,500.0,0.2100000000000008,0.0,0.0,20.885461399999997,9.0,0.0,2.25333333333e-05,16.49911,8.0,0.728,31.0,1.60363,8.0,1.0,0.0,0.0,1.0,8.0,0.0,3.0,30.0,4.0,1.54,43.0,5.273,9.0,4.545,0.07,0.0,70.27,1.63,1.63,1025.15523,222.179,1.61,2183.0,124.549,0.0,1941.0,24.207597323550015,5.446419854161673e-06
Fe2V0.9Ti0.1Al,Fe2.000,V1.000,Ti0.091Al0.909,550.0,0.2100000000000008,0.0,0.0,20.885461399999997,9.0,0.0,2.25333333333e-05,16.49911,8.0,0.728,31.0,1.60363,8.0,1.0,0.0,0.0,1.0,8.0,0.0,3.0,30.0,4.0,1.54,43.0,5.273,9.0,4.545,0.07,0.0,70.27,1.63,1.63,1025.15523,222.179,1.61,2183.0,124.549,0.0,1941.0,16.631746700821168,4.838838144878014e-06
Fe2V0.9Ti0.1Al,Fe2.000,V1.000,Ti0.091Al0.909,600.0,0.2100000000000008,0.0,0.0,20.885461399999997,9.0,0.0,2.25333333333e-05,16.49911,8.0,0.728,31.0,1.60363,8.0,1.0,0.0,0.0,1.0,8.0,0.0,3.0,30.0,4.0,1.54,43.0,5.273,9.0,4.545,0.07,0.0,70.27,1.63,1.63,1025.15523,222.179,1.61,2183.0,124.549,0.0,1941.0,10.265072784056068,4.377303085599611e-06
Ti2NiCu,Ti2.000,Ni1.000,Cu1.000,50.0,0.0,0.0,0.0,0.0,0.0,0.0,0.0,11.07,0.0,0.0,0.0,1.9,0.0,0.0,0.5953947,0.0,0.0,1.0,0.5953947,0.0,0.0,11.0,1.9,64.0,1.0,0.0,0.0,0.0,0.0,64.0,1.91,1.91,1357.77,225.0,1.9,1728.0,132.0,0.0,1357.77,1.7450249451102422,5.775924174592456e-07
Ti2NiCu,Ti2.000,Ni1.000,Cu1.000,100.0,0.0,0.0,0.0,0.0,0.0,0.0,0.0,11.07,0.0,0.0,0.0,1.9,0.0,0.0,0.5953947,0.0,0.0,1.0,0.5953947,0.0,0.0,11.0,1.9,64.0,1.0,0.0,0.0,0.0,0.0,64.0,1.91,1.91,1357.77,225.0,1.9,1728.0,132.0,0.0,1357.77,1.7408492836810563,6.227877044733217e-07
Ti2NiCu,Ti2.000,Ni1.000,Cu1.000,150.0,0.0,0.0,0.0,0.0,0.0,0.0,0.0,11.07,0.0,0.0,0.0,1.9,0.0,0.0,0.5953947,0.0,0.0,1.0,0.5953947,0.0,0.0,11.0,1.9,64.0,1.0,0.0,0.0,0.0,0.0,64.0,1.91,1.91,1357.77,225.0,1.9,1728.0,132.0,0.0,1357.77,1.5622570934628217,6.71676159869574e-07
Ti2NiCu,Ti2.000,Ni1.000,Cu1.000,200.0,0.0,0.0,0.0,0.0,0.0,0.0,0.0,11.07,0.0,0.0,0.0,1.9,0.0,0.0,0.5953947,0.0,0.0,1.0,0.5953947,0.0,0.0,11.0,1.9,64.0,1.0,0.0,0.0,0.0,0.0,64.0,1.91,1.91,1357.77,225.0,1.9,1728.0,132.0,0.0,1357.77,1.7459620920519665,7.202552170374873e-07
Ti2NiCu,Ti2.000,Ni1.000,Cu1.000,250.0,0.0,0.0,0.0,0.0,0.0,0.0,0.0,11.07,0.0,0.0,0.0,1.9,0.0,0.0,0.5953947,0.0,0.0,1.0,0.5953947,0.0,0.0,11.0,1.9,64.0,1.0,0.0,0.0,0.0,0.0,64.0,1.91,1.91,1357.77,225.0,1.9,1728.0,132.0,0.0,1357.77,1.8972009946981063,7.684231193221322e-07
Ti2NiCu,Ti2.000,Ni1.000,Cu1.000,300.0,0.0,0.0,0.0,0.0,0.0,0.0,0.0,11.07,0.0,0.0,0.0,1.9,0.0,0.0,0.5953947,0.0,0.0,1.0,0.5953947,0.0,0.0,11.0,1.9,64.0,1.0,0.0,0.0,0.0,0.0,64.0,1.91,1.91,1357.77,225.0,1.9,1728.0,132.0,0.0,1357.77,2.336709774608512,8.089506721398566e-07
Ti2NiCu,Ti2.000,Ni1.000,Cu1.000,350.0,0.0,0.0,0.0,0.0,0.0,0.0,0.0,11.07,0.0,0.0,0.0,1.9,0.0,0.0,0.5953947,0.0,0.0,1.0,0.5953947,0.0,0.0,11.0,1.9,64.0,1.0,0.0,0.0,0.0,0.0,64.0,1.91,1.91,1357.77,225.0,1.9,1728.0,132.0,0.0,1357.77,5.747699923252452,8.164529950939753e-07
Ti2NiCu,Ti2.000,Ni1.000,Cu1.000,350.0,0.0,0.0,0.0,0.0,0.0,0.0,0.0,11.07,0.0,0.0,0.0,1.9,0.0,0.0,0.5953947,0.0,0.0,1.0,0.5953947,0.0,0.0,11.0,1.9,64.0,1.0,0.0,0.0,0.0,0.0,64.0,1.91,1.91,1357.77,225.0,1.9,1728.0,132.0,0.0,1357.77,6.658716697693912,8.146600529137447e-07
Fe2.04V0.96Al,Fe2.000,V1.000,Al1.000,100.0,0.0,0.0,0.0,0.0,0.0,0.0,0.0,16.48,0.0,0.0,0.0,1.61,0.0,0.0,0.0,0.0,0.0,5.0,0.0,0.0,0.0,13.0,1.61,73.0,5.0,0.0,5.0,0.0,0.0,73.0,1.63,1.63,933.47,225.0,1.61,2183.0,121.0,0.0,933.47,37.84765463073377,1.5691827623054642e-05
Fe2.04V0.96Al,Fe2.000,V1.000,Al1.000,150.0,0.0,0.0,0.0,0.0,0.0,0.0,0.0,16.48,0.0,0.0,0.0,1.61,0.0,0.0,0.0,0.0,0.0,5.0,0.0,0.0,0.0,13.0,1.61,73.0,5.0,0.0,5.0,0.0,0.0,73.0,1.63,1.63,933.47,225.0,1.61,2183.0,121.0,0.0,933.47,47.64067908846527,1.286363893461642e-05
Fe2.04V0.96Al,Fe2.000,V1.000,Al1.000,200.0,0.0,0.0,0.0,0.0,0.0,0.0,0.0,16.48,0.0,0.0,0.0,1.61,0.0,0.0,0.0,0.0,0.0,5.0,0.0,0.0,0.0,13.0,1.61,73.0,5.0,0.0,5.0,0.0,0.0,73.0,1.63,1.63,933.47,225.0,1.61,2183.0,121.0,0.0,933.47,56.4203186798241,1.0593978216247808e-05
Fe2.04V0.96Al,Fe2.000,V1.000,Al1.000,250.0,0.0,0.0,0.0,0.0,0.0,0.0,0.0,16.48,0.0,0.0,0.0,1.61,0.0,0.0,0.0,0.0,0.0,5.0,0.0,0.0,0.0,13.0,1.61,73.0,5.0,0.0,5.0,0.0,0.0,73.0,1.63,1.63,933.47,225.0,1.61,2183.0,121.0,0.0,933.47,57.748271470445275,8.794122902577285e-06
Fe2.04V0.96Al,Fe2.000,V1.000,Al1.000,300.0,0.0,0.0,0.0,0.0,0.0,0.0,0.0,16.48,0.0,0.0,0.0,1.61,0.0,0.0,0.0,0.0,0.0,5.0,0.0,0.0,0.0,13.0,1.61,73.0,5.0,0.0,5.0,0.0,0.0,73.0,1.63,1.63,933.47,225.0,1.61,2183.0,121.0,0.0,933.47,53.85663788248404,7.3846611246083795e-06
Fe2.04V0.96Al,Fe2.000,V1.000,Al1.000,350.0,0.0,0.0,0.0,0.0,0.0,0.0,0.0,16.48,0.0,0.0,0.0,1.61,0.0,0.0,0.0,0.0,0.0,5.0,0.0,0.0,0.0,13.0,1.61,73.0,5.0,0.0,5.0,0.0,0.0,73.0,1.63,1.63,933.47,225.0,1.61,2183.0,121.0,0.0,933.47,48.25063606000578,6.295085980337277e-06
Fe2.04(V0.95Ti0.01)Al,Fe2.000,V1.000,Ti0.010Al0.990,100.0,0.2100000000000008,0.0,0.0,20.885461399999997,9.0,0.0,2.25333333333e-05,16.4821,8.0,0.08,31.0,1.6093000000000002,8.0,1.0,0.0,0.0,1.0,8.0,0.0,3.0,30.0,4.0,1.54,43.0,5.03,9.0,4.95,0.07,0.0,72.7,1.63,1.63,943.5453,224.69,1.61,2183.0,121.39,0.0,1941.0,52.57351728329277,1.0137005519093511e-05
Fe2.04(V0.95Ti0.01)Al,Fe2.000,V1.000,Ti0.010Al0.990,150.0,0.2100000000000008,0.0,0.0,20.885461399999997,9.0,0.0,2.25333333333e-05,16.4821,8.0,0.08,31.0,1.6093000000000002,8.0,1.0,0.0,0.0,1.0,8.0,0.0,3.0,30.0,4.0,1.54,43.0,5.03,9.0,4.95,0.07,0.0,72.7,1.63,1.63,943.5453,224.69,1.61,2183.0,121.39,0.0,1941.0,66.37731013775434,8.613535926908985e-06
Fe2.04(V0.95Ti0.01)Al,Fe2.000,V1.000,Ti0.010Al0.990,200.0,0.2100000000000008,0.0,0.0,20.885461399999997,9.0,0.0,2.25333333333e-05,16.4821,8.0,0.08,31.0,1.6093000000000002,8.0,1.0,0.0,0.0,1.0,8.0,0.0,3.0,30.0,4.0,1.54,43.0,5.03,9.0,4.95,0.07,0.0,72.7,1.63,1.63,943.5453,224.69,1.61,2183.0,121.39,0.0,1941.0,75.36140883237141,7.419453696941996e-06
Fe2.04(V0.95Ti0.01)Al,Fe2.000,V1.000,Ti0.010Al0.990,250.0,0.2100000000000008,0.0,0.0,20.885461399999997,9.0,0.0,2.25333333333e-05,16.4821,8.0,0.08,31.0,1.6093000000000002,8.0,1.0,0.0,0.0,1.0,8.0,0.0,3.0,30.0,4.0,1.54,43.0,5.03,9.0,4.95,0.07,0.0,72.7,1.63,1.63,943.5453,224.69,1.61,2183.0,121.39,0.0,1941.0,78.42757113558508,6.484072610056364e-06
Fe2.04(V0.95Ti0.01)Al,Fe2.000,V1.000,Ti0.010Al0.990,300.0,0.2100000000000008,0.0,0.0,20.885461399999997,9.0,0.0,2.25333333333e-05,16.4821,8.0,0.08,31.0,1.6093000000000002,8.0,1.0,0.0,0.0,1.0,8.0,0.0,3.0,30.0,4.0,1.54,43.0,5.03,9.0,4.95,0.07,0.0,72.7,1.63,1.63,943.5453,224.69,1.61,2183.0,121.39,0.0,1941.0,74.941185616128,5.749458318657042e-06
Fe2.04(V0.95Ti0.01)Al,Fe2.000,V1.000,Ti0.010Al0.990,350.0,0.2100000000000008,0.0,0.0,20.885461399999997,9.0,0.0,2.25333333333e-05,16.4821,8.0,0.08,31.0,1.6093000000000002,8.0,1.0,0.0,0.0,1.0,8.0,0.0,3.0,30.0,4.0,1.54,43.0,5.03,9.0,4.95,0.07,0.0,72.7,1.63,1.63,943.5453,224.69,1.61,2183.0,121.39,0.0,1941.0,66.52350127229454,5.1690706394322436e-06
Fe2.04(V0.93Ti0.03)Al,Fe2.000,V1.000,Ti0.029Al0.971,150.0,0.2100000000000008,0.0,0.0,20.885461399999997,9.0,0.0,2.25333333333e-05,16.48609,8.0,0.232,31.0,1.60797,8.0,1.0,0.0,0.0,1.0,8.0,0.0,3.0,30.0,4.0,1.54,43.0,5.087,9.0,4.8549999999999995,0.07,0.0,72.13,1.63,1.63,962.68837,224.101,1.61,2183.0,122.131,0.0,1941.0,77.34475978022019,4.818248491087604e-06
Fe2.04(V0.93Ti0.03)Al,Fe2.000,V1.000,Ti0.029Al0.971,200.0,0.2100000000000008,0.0,0.0,20.885461399999997,9.0,0.0,2.25333333333e-05,16.48609,8.0,0.232,31.0,1.60797,8.0,1.0,0.0,0.0,1.0,8.0,0.0,3.0,30.0,4.0,1.54,43.0,5.087,9.0,4.8549999999999995,0.07,0.0,72.13,1.63,1.63,962.68837,224.101,1.61,2183.0,122.131,0.0,1941.0,92.508785738526,4.523075578487338e-06
Fe2.04(V0.93Ti0.03)Al,Fe2.000,V1.000,Ti0.029Al0.971,250.0,0.2100000000000008,0.0,0.0,20.885461399999997,9.0,0.0,2.25333333333e-05,16.48609,8.0,0.232,31.0,1.60797,8.0,1.0,0.0,0.0,1.0,8.0,0.0,3.0,30.0,4.0,1.54,43.0,5.087,9.0,4.8549999999999995,0.07,0.0,72.13,1.63,1.63,962.68837,224.101,1.61,2183.0,122.131,0.0,1941.0,104.4530313952,4.275325198007007e-06
Fe2.04(V0.93Ti0.03)Al,Fe2.000,V1.000,Ti0.029Al0.971,300.0,0.2100000000000008,0.0,0.0,20.885461399999997,9.0,0.0,2.25333333333e-05,16.48609,8.0,0.232,31.0,1.60797,8.0,1.0,0.0,0.0,1.0,8.0,0.0,3.0,30.0,4.0,1.54,43.0,5.087,9.0,4.8549999999999995,0.07,0.0,72.13,1.63,1.63,962.68837,224.101,1.61,2183.0,122.131,0.0,1941.0,110.2179653092,4.071245530958274e-06
Fe2.04(V0.93Ti0.03)Al,Fe2.000,V1.000,Ti0.029Al0.971,350.0,0.2100000000000008,0.0,0.0,20.885461399999997,9.0,0.0,2.25333333333e-05,16.48609,8.0,0.232,31.0,1.60797,8.0,1.0,0.0,0.0,1.0,8.0,0.0,3.0,30.0,4.0,1.54,43.0,5.087,9.0,4.8549999999999995,0.07,0.0,72.13,1.63,1.63,962.68837,224.101,1.61,2183.0,122.131,0.0,1941.0,107.3757257959,3.905685643298931e-06
Fe2.04(V0.91Ti0.05)Al,Fe2.000,V1.000,Ti0.048Al0.952,100.0,0.2100000000000008,0.0,0.0,20.885461399999997,9.0,0.0,2.25333333333e-05,16.49008,8.0,0.384,31.0,1.60664,8.0,1.0,0.0,0.0,1.0,8.0,0.0,3.0,30.0,4.0,1.54,43.0,5.144,9.0,4.76,0.07,0.0,71.56,1.63,1.63,981.83144,223.512,1.61,2183.0,122.872,0.0,1941.0,43.382621549224496,3.7389281059348e-06
Fe2.04(V0.91Ti0.05)Al,Fe2.000,V1.000,Ti0.048Al0.952,150.0,0.2100000000000008,0.0,0.0,20.885461399999997,9.0,0.0,2.25333333333e-05,16.49008,8.0,0.384,31.0,1.60664,8.0,1.0,0.0,0.0,1.0,8.0,0.0,3.0,30.0,4.0,1.54,43.0,5.144,9.0,4.76,0.07,0.0,71.56,1.63,1.63,981.83144,223.512,1.61,2183.0,122.872,0.0,1941.0,60.97016278877142,3.6191706024893113e-06
Fe2.04(V0.91Ti0.05)Al,Fe2.000,V1.000,Ti0.048Al0.952,200.0,0.2100000000000008,0.0,0.0,20.885461399999997,9.0,0.0,2.25333333333e-05,16.49008,8.0,0.384,31.0,1.60664,8.0,1.0,0.0,0.0,1.0,8.0,0.0,3.0,30.0,4.0,1.54,43.0,5.144,9.0,4.76,0.07,0.0,71.56,1.63,1.63,981.83144,223.512,1.61,2183.0,122.872,0.0,1941.0,76.19212864412971,3.5508002571544128e-06
Fe2.04(V0.91Ti0.05)Al,Fe2.000,V1.000,Ti0.048Al0.952,250.0,0.2100000000000008,0.0,0.0,20.885461399999997,9.0,0.0,2.25333333333e-05,16.49008,8.0,0.384,31.0,1.60664,8.0,1.0,0.0,0.0,1.0,8.0,0.0,3.0,30.0,4.0,1.54,43.0,5.144,9.0,4.76,0.07,0.0,71.56,1.63,1.63,981.83144,223.512,1.61,2183.0,122.872,0.0,1941.0,90.2356462262888,3.5196736977813364e-06
Fe2.04(V0.91Ti0.05)Al,Fe2.000,V1.000,Ti0.048Al0.952,300.0,0.2100000000000008,0.0,0.0,20.885461399999997,9.0,0.0,2.25333333333e-05,16.49008,8.0,0.384,31.0,1.60664,8.0,1.0,0.0,0.0,1.0,8.0,0.0,3.0,30.0,4.0,1.54,43.0,5.144,9.0,4.76,0.07,0.0,71.56,1.63,1.63,981.83144,223.512,1.61,2183.0,122.872,0.0,1941.0,99.63590753922756,3.5128983420733827e-06
Fe2.04(V0.91Ti0.05)Al,Fe2.000,V1.000,Ti0.048Al0.952,350.0,0.2100000000000008,0.0,0.0,20.885461399999997,9.0,0.0,2.25333333333e-05,16.49008,8.0,0.384,31.0,1.60664,8.0,1.0,0.0,0.0,1.0,8.0,0.0,3.0,30.0,4.0,1.54,43.0,5.144,9.0,4.76,0.07,0.0,71.56,1.63,1.63,981.83144,223.512,1.61,2183.0,122.872,0.0,1941.0,101.6670582141,3.518962620246109e-06
Fe2.04(V0.86Ti0.10)Al,Fe2.000,V1.000,Ti0.091Al0.909,100.0,0.2100000000000008,0.0,0.0,20.885461399999997,9.0,0.0,2.25333333333e-05,16.49911,8.0,0.728,31.0,1.60363,8.0,1.0,0.0,0.0,1.0,8.0,0.0,3.0,30.0,4.0,1.54,43.0,5.273,9.0,4.545,0.07,0.0,70.27,1.63,1.63,1025.15523,222.179,1.61,2183.0,124.549,0.0,1941.0,38.97526493576317,1.2765769569975738e-06
Fe2.04(V0.86Ti0.10)Al,Fe2.000,V1.000,Ti0.091Al0.909,150.0,0.2100000000000008,0.0,0.0,20.885461399999997,9.0,0.0,2.25333333333e-05,16.49911,8.0,0.728,31.0,1.60363,8.0,1.0,0.0,0.0,1.0,8.0,0.0,3.0,30.0,4.0,1.54,43.0,5.273,9.0,4.545,0.07,0.0,70.27,1.63,1.63,1025.15523,222.179,1.61,2183.0,124.549,0.0,1941.0,48.95403041323773,1.3591649668278265e-06
Fe2.04(V0.86Ti0.10)Al,Fe2.000,V1.000,Ti0.091Al0.909,200.0,0.2100000000000008,0.0,0.0,20.885461399999997,9.0,0.0,2.25333333333e-05,16.49911,8.0,0.728,31.0,1.60363,8.0,1.0,0.0,0.0,1.0,8.0,0.0,3.0,30.0,4.0,1.54,43.0,5.273,9.0,4.545,0.07,0.0,70.27,1.63,1.63,1025.15523,222.179,1.61,2183.0,124.549,0.0,1941.0,60.43545687533986,1.4959769714034034e-06
Fe2.04(V0.86Ti0.10)Al,Fe2.000,V1.000,Ti0.091Al0.909,250.0,0.2100000000000008,0.0,0.0,20.885461399999997,9.0,0.0,2.25333333333e-05,16.49911,8.0,0.728,31.0,1.60363,8.0,1.0,0.0,0.0,1.0,8.0,0.0,3.0,30.0,4.0,1.54,43.0,5.273,9.0,4.545,0.07,0.0,70.27,1.63,1.63,1025.15523,222.179,1.61,2183.0,124.549,0.0,1941.0,72.82022529342527,1.676641725431806e-06
Fe2.04(V0.86Ti0.10)Al,Fe2.000,V1.000,Ti0.091Al0.909,300.0,0.2100000000000008,0.0,0.0,20.885461399999997,9.0,0.0,2.25333333333e-05,16.49911,8.0,0.728,31.0,1.60363,8.0,1.0,0.0,0.0,1.0,8.0,0.0,3.0,30.0,4.0,1.54,43.0,5.273,9.0,4.545,0.07,0.0,70.27,1.63,1.63,1025.15523,222.179,1.61,2183.0,124.549,0.0,1941.0,83.34936864746004,1.8888567013290824e-06
Fe2.04(V0.86Ti0.10)Al,Fe2.000,V1.000,Ti0.091Al0.909,350.0,0.2100000000000008,0.0,0.0,20.885461399999997,9.0,0.0,2.25333333333e-05,16.49911,8.0,0.728,31.0,1.60363,8.0,1.0,0.0,0.0,1.0,8.0,0.0,3.0,30.0,4.0,1.54,43.0,5.273,9.0,4.545,0.07,0.0,70.27,1.63,1.63,1025.15523,222.179,1.61,2183.0,124.549,0.0,1941.0,89.92523283142594,2.119108671581581e-06
Fe2.04(V0.86Ti0.10)Al,Fe2.000,V1.000,Ti0.091Al0.909,400.0,0.2100000000000008,0.0,0.0,20.885461399999997,9.0,0.0,2.25333333333e-05,16.49911,8.0,0.728,31.0,1.60363,8.0,1.0,0.0,0.0,1.0,8.0,0.0,3.0,30.0,4.0,1.54,43.0,5.273,9.0,4.545,0.07,0.0,70.27,1.63,1.63,1025.15523,222.179,1.61,2183.0,124.549,0.0,1941.0,93.9324375587255,2.353394291107701e-06
TiNi2Sn,Ni2.000,Ti1.000,Sn1.000,350.0,0.0,0.0,0.0,0.0,0.0,0.0,0.0,33.285,0.0,0.0,0.0,1.96,0.0,0.0,2.25333333333e-05,0.0,0.0,4.0,2.25333333333e-05,0.0,0.0,14.0,1.96,80.0,4.0,0.0,4.0,0.0,0.0,80.0,1.54,1.54,505.08,141.0,1.96,1941.0,139.0,0.0,505.08,-8.780867298184125,1.0041072888086756e-07
TiNi2Sn,Ni2.000,Ti1.000,Sn1.000,400.0,0.0,0.0,0.0,0.0,0.0,0.0,0.0,33.285,0.0,0.0,0.0,1.96,0.0,0.0,2.25333333333e-05,0.0,0.0,4.0,2.25333333333e-05,0.0,0.0,14.0,1.96,80.0,4.0,0.0,4.0,0.0,0.0,80.0,1.54,1.54,505.08,141.0,1.96,1941.0,139.0,0.0,505.08,-7.082397522063279,2.908404134832838e-07
TiNi2Sn,Ni2.000,Ti1.000,Sn1.000,450.0,0.0,0.0,0.0,0.0,0.0,0.0,0.0,33.285,0.0,0.0,0.0,1.96,0.0,0.0,2.25333333333e-05,0.0,0.0,4.0,2.25333333333e-05,0.0,0.0,14.0,1.96,80.0,4.0,0.0,4.0,0.0,0.0,80.0,1.54,1.54,505.08,141.0,1.96,1941.0,139.0,0.0,505.08,-5.85320084204948,6.553368915421286e-07
TiNi2Sn,Ni2.000,Ti1.000,Sn1.000,500.0,0.0,0.0,0.0,0.0,0.0,0.0,0.0,33.285,0.0,0.0,0.0,1.96,0.0,0.0,2.25333333333e-05,0.0,0.0,4.0,2.25333333333e-05,0.0,0.0,14.0,1.96,80.0,4.0,0.0,4.0,0.0,0.0,80.0,1.54,1.54,505.08,141.0,1.96,1941.0,139.0,0.0,505.08,-6.594312263229771,4.154791044101453e-07
TiNi2Sn,Ni2.000,Ti1.000,Sn1.000,550.0,0.0,0.0,0.0,0.0,0.0,0.0,0.0,33.285,0.0,0.0,0.0,1.96,0.0,0.0,2.25333333333e-05,0.0,0.0,4.0,2.25333333333e-05,0.0,0.0,14.0,1.96,80.0,4.0,0.0,4.0,0.0,0.0,80.0,1.54,1.54,505.08,141.0,1.96,1941.0,139.0,0.0,505.08,-8.849903061349018,-1.935482399548477e-07
TiNi2Sn,Ni2.000,Ti1.000,Sn1.000,600.0,0.0,0.0,0.0,0.0,0.0,0.0,0.0,33.285,0.0,0.0,0.0,1.96,0.0,0.0,2.25333333333e-05,0.0,0.0,4.0,2.25333333333e-05,0.0,0.0,14.0,1.96,80.0,4.0,0.0,4.0,0.0,0.0,80.0,1.54,1.54,505.08,141.0,1.96,1941.0,139.0,0.0,505.08,-11.276431188006692,-5.379962008105355e-07
TiNi2Sn,Ni2.000,Ti1.000,Sn1.000,650.0,0.0,0.0,0.0,0.0,0.0,0.0,0.0,33.285,0.0,0.0,0.0,1.96,0.0,0.0,2.25333333333e-05,0.0,0.0,4.0,2.25333333333e-05,0.0,0.0,14.0,1.96,80.0,4.0,0.0,4.0,0.0,0.0,80.0,1.54,1.54,505.08,141.0,1.96,1941.0,139.0,0.0,505.08,-12.711791675855183,-2.0059313843203818e-07
TiNi2Sn,Ni2.000,Ti1.000,Sn1.000,700.0,0.0,0.0,0.0,0.0,0.0,0.0,0.0,33.285,0.0,0.0,0.0,1.96,0.0,0.0,2.25333333333e-05,0.0,0.0,4.0,2.25333333333e-05,0.0,0.0,14.0,1.96,80.0,4.0,0.0,4.0,0.0,0.0,80.0,1.54,1.54,505.08,141.0,1.96,1941.0,139.0,0.0,505.08,-13.24446704378487,4.044137520654509e-07
 TiNiCo0.75Sn,Co0.857Sn1.143,Ti1.000,Ni1.000,350.0,0.0,0.0,0.0,0.0,0.0,0.0,0.0,10.32,2.0,2.0,0.0,1.91,0.0,0.0,2.25333333333e-05,0.0,0.0,2.0,2.25333333333e-05,0.0,0.0,10.0,1.91,61.0,2.0,0.0,0.0,0.0,0.0,61.0,1.54,1.54,1728.0,225.0,1.91,1941.0,124.0,0.0,1728.0,-71.89981340282941,0.0001371253617038
 TiNiCo0.75Sn,Co0.857Sn1.143,Ti1.000,Ni1.000,400.0,0.0,0.0,0.0,0.0,0.0,0.0,0.0,10.32,2.0,2.0,0.0,1.91,0.0,0.0,2.25333333333e-05,0.0,0.0,2.0,2.25333333333e-05,0.0,0.0,10.0,1.91,61.0,2.0,0.0,0.0,0.0,0.0,61.0,1.54,1.54,1728.0,225.0,1.91,1941.0,124.0,0.0,1728.0,-79.32066473791166,0.000139074502286
 TiNiCo0.75Sn,Co0.857Sn1.143,Ti1.000,Ni1.000,450.0,0.0,0.0,0.0,0.0,0.0,0.0,0.0,10.32,2.0,2.0,0.0,1.91,0.0,0.0,2.25333333333e-05,0.0,0.0,2.0,2.25333333333e-05,0.0,0.0,10.0,1.91,61.0,2.0,0.0,0.0,0.0,0.0,61.0,1.54,1.54,1728.0,225.0,1.91,1941.0,124.0,0.0,1728.0,-86.55621844202565,0.0001396756625796
 TiNiCo0.75Sn,Co0.857Sn1.143,Ti1.000,Ni1.000,500.0,0.0,0.0,0.0,0.0,0.0,0.0,0.0,10.32,2.0,2.0,0.0,1.91,0.0,0.0,2.25333333333e-05,0.0,0.0,2.0,2.25333333333e-05,0.0,0.0,10.0,1.91,61.0,2.0,0.0,0.0,0.0,0.0,61.0,1.54,1.54,1728.0,225.0,1.91,1941.0,124.0,0.0,1728.0,-93.87529857635624,0.0001376569562299
 TiNiCo0.75Sn,Co0.857Sn1.143,Ti1.000,Ni1.000,550.0,0.0,0.0,0.0,0.0,0.0,0.0,0.0,10.32,2.0,2.0,0.0,1.91,0.0,0.0,2.25333333333e-05,0.0,0.0,2.0,2.25333333333e-05,0.0,0.0,10.0,1.91,61.0,2.0,0.0,0.0,0.0,0.0,61.0,1.54,1.54,1728.0,225.0,1.91,1941.0,124.0,0.0,1728.0,-100.7936867728,0.0001267246806103
 TiNiCo0.75Sn,Co0.857Sn1.143,Ti1.000,Ni1.000,600.0,0.0,0.0,0.0,0.0,0.0,0.0,0.0,10.32,2.0,2.0,0.0,1.91,0.0,0.0,2.25333333333e-05,0.0,0.0,2.0,2.25333333333e-05,0.0,0.0,10.0,1.91,61.0,2.0,0.0,0.0,0.0,0.0,61.0,1.54,1.54,1728.0,225.0,1.91,1941.0,124.0,0.0,1728.0,-106.6962529305,0.0001024456055936
 TiNiCo0.75Sn,Co0.857Sn1.143,Ti1.000,Ni1.000,650.0,0.0,0.0,0.0,0.0,0.0,0.0,0.0,10.32,2.0,2.0,0.0,1.91,0.0,0.0,2.25333333333e-05,0.0,0.0,2.0,2.25333333333e-05,0.0,0.0,10.0,1.91,61.0,2.0,0.0,0.0,0.0,0.0,61.0,1.54,1.54,1728.0,225.0,1.91,1941.0,124.0,0.0,1728.0,-111.4590859115,6.912926232355461e-05
 TiNiCo0.75Sn,Co0.857Sn1.143,Ti1.000,Ni1.000,700.0,0.0,0.0,0.0,0.0,0.0,0.0,0.0,10.32,2.0,2.0,0.0,1.91,0.0,0.0,2.25333333333e-05,0.0,0.0,2.0,2.25333333333e-05,0.0,0.0,10.0,1.91,61.0,2.0,0.0,0.0,0.0,0.0,61.0,1.54,1.54,1728.0,225.0,1.91,1941.0,124.0,0.0,1728.0,-116.0716242376,4.6710231985642656e-05
Ru2VGa,Ru2.000,V1.000,Ga1.000,50.0,0.0,0.0,0.0,0.0,0.0,0.0,0.0,18.8575,0.0,0.0,0.0,1.81,0.0,0.0,0.0,0.0,0.0,5.0,0.0,0.0,0.0,13.0,1.81,74.0,5.0,0.0,5.0,0.0,0.0,74.0,1.63,1.63,302.91,64.0,1.81,2183.0,122.0,0.0,302.91,2.573320207783226,2.4669557338205484e-06
Ru2VGa,Ru2.000,V1.000,Ga1.000,100.0,0.0,0.0,0.0,0.0,0.0,0.0,0.0,18.8575,0.0,0.0,0.0,1.81,0.0,0.0,0.0,0.0,0.0,5.0,0.0,0.0,0.0,13.0,1.81,74.0,5.0,0.0,5.0,0.0,0.0,74.0,1.63,1.63,302.91,64.0,1.81,2183.0,122.0,0.0,302.91,3.497356446312627,2.5571418431738936e-06
Ru2VGa,Ru2.000,V1.000,Ga1.000,150.0,0.0,0.0,0.0,0.0,0.0,0.0,0.0,18.8575,0.0,0.0,0.0,1.81,0.0,0.0,0.0,0.0,0.0,5.0,0.0,0.0,0.0,13.0,1.81,74.0,5.0,0.0,5.0,0.0,0.0,74.0,1.63,1.63,302.91,64.0,1.81,2183.0,122.0,0.0,302.91,4.318921375661137,2.621180190365445e-06
Ru2VGa,Ru2.000,V1.000,Ga1.000,200.0,0.0,0.0,0.0,0.0,0.0,0.0,0.0,18.8575,0.0,0.0,0.0,1.81,0.0,0.0,0.0,0.0,0.0,5.0,0.0,0.0,0.0,13.0,1.81,74.0,5.0,0.0,5.0,0.0,0.0,74.0,1.63,1.63,302.91,64.0,1.81,2183.0,122.0,0.0,302.91,5.673142497597484,2.672969252920712e-06
Ru2VGa,Ru2.000,V1.000,Ga1.000,250.0,0.0,0.0,0.0,0.0,0.0,0.0,0.0,18.8575,0.0,0.0,0.0,1.81,0.0,0.0,0.0,0.0,0.0,5.0,0.0,0.0,0.0,13.0,1.81,74.0,5.0,0.0,5.0,0.0,0.0,74.0,1.63,1.63,302.91,64.0,1.81,2183.0,122.0,0.0,302.91,7.098740151279913,2.710722420500615e-06
Fe2V0.9Ti0.1Al,Fe2.000,V1.000,Ti0.091Al0.909,350.0,0.2100000000000008,0.0,0.0,20.885461399999997,9.0,0.0,2.25333333333e-05,16.49911,8.0,0.728,31.0,1.60363,8.0,1.0,0.0,0.0,1.0,8.0,0.0,3.0,30.0,4.0,1.54,43.0,5.273,9.0,4.545,0.07,0.0,70.27,1.63,1.63,1025.15523,222.179,1.61,2183.0,124.549,0.0,1941.0,-0.8819926623077068,6.085024931352827e-06
Fe2V0.9Ti0.1Al,Fe2.000,V1.000,Ti0.091Al0.909,400.0,0.2100000000000008,0.0,0.0,20.885461399999997,9.0,0.0,2.25333333333e-05,16.49911,8.0,0.728,31.0,1.60363,8.0,1.0,0.0,0.0,1.0,8.0,0.0,3.0,30.0,4.0,1.54,43.0,5.273,9.0,4.545,0.07,0.0,70.27,1.63,1.63,1025.15523,222.179,1.61,2183.0,124.549,0.0,1941.0,-7.028504563875992,5.882892205732643e-06
Fe2V0.9Ti0.1Al,Fe2.000,V1.000,Ti0.091Al0.909,450.0,0.2100000000000008,0.0,0.0,20.885461399999997,9.0,0.0,2.25333333333e-05,16.49911,8.0,0.728,31.0,1.60363,8.0,1.0,0.0,0.0,1.0,8.0,0.0,3.0,30.0,4.0,1.54,43.0,5.273,9.0,4.545,0.07,0.0,70.27,1.63,1.63,1025.15523,222.179,1.61,2183.0,124.549,0.0,1941.0,1.5547103030602585,5.692300913719011e-06
Fe2V0.9Ti0.1Al,Fe2.000,V1.000,Ti0.091Al0.909,500.0,0.2100000000000008,0.0,0.0,20.885461399999997,9.0,0.0,2.25333333333e-05,16.49911,8.0,0.728,31.0,1.60363,8.0,1.0,0.0,0.0,1.0,8.0,0.0,3.0,30.0,4.0,1.54,43.0,5.273,9.0,4.545,0.07,0.0,70.27,1.63,1.63,1025.15523,222.179,1.61,2183.0,124.549,0.0,1941.0,-0.7878922387780096,5.557230924300435e-06
Fe2V0.9Ti0.1Al,Fe2.000,V1.000,Ti0.091Al0.909,350.0,0.2100000000000008,0.0,0.0,20.885461399999997,9.0,0.0,2.25333333333e-05,16.49911,8.0,0.728,31.0,1.60363,8.0,1.0,0.0,0.0,1.0,8.0,0.0,3.0,30.0,4.0,1.54,43.0,5.273,9.0,4.545,0.07,0.0,70.27,1.63,1.63,1025.15523,222.179,1.61,2183.0,124.549,0.0,1941.0,-0.9728101141429948,5.558483063312985e-06
Fe2V0.9Ti0.1Al,Fe2.000,V1.000,Ti0.091Al0.909,400.0,0.2100000000000008,0.0,0.0,20.885461399999997,9.0,0.0,2.25333333333e-05,16.49911,8.0,0.728,31.0,1.60363,8.0,1.0,0.0,0.0,1.0,8.0,0.0,3.0,30.0,4.0,1.54,43.0,5.273,9.0,4.545,0.07,0.0,70.27,1.63,1.63,1025.15523,222.179,1.61,2183.0,124.549,0.0,1941.0,-1.375245528489541,5.344272289999642e-06
Fe2V0.9Ti0.1Al,Fe2.000,V1.000,Ti0.091Al0.909,450.0,0.2100000000000008,0.0,0.0,20.885461399999997,9.0,0.0,2.25333333333e-05,16.49911,8.0,0.728,31.0,1.60363,8.0,1.0,0.0,0.0,1.0,8.0,0.0,3.0,30.0,4.0,1.54,43.0,5.273,9.0,4.545,0.07,0.0,70.27,1.63,1.63,1025.15523,222.179,1.61,2183.0,124.549,0.0,1941.0,-2.6939226428716183,5.1203506211020205e-06
Fe2V0.9Ti0.1Al,Fe2.000,V1.000,Ti0.091Al0.909,500.0,0.2100000000000008,0.0,0.0,20.885461399999997,9.0,0.0,2.25333333333e-05,16.49911,8.0,0.728,31.0,1.60363,8.0,1.0,0.0,0.0,1.0,8.0,0.0,3.0,30.0,4.0,1.54,43.0,5.273,9.0,4.545,0.07,0.0,70.27,1.63,1.63,1025.15523,222.179,1.61,2183.0,124.549,0.0,1941.0,-3.4510613338028553,4.89665657444901e-06
Fe2V0.9Ti0.1Al,Fe2.000,V1.000,Ti0.091Al0.909,350.0,0.2100000000000008,0.0,0.0,20.885461399999997,9.0,0.0,2.25333333333e-05,16.49911,8.0,0.728,31.0,1.60363,8.0,1.0,0.0,0.0,1.0,8.0,0.0,3.0,30.0,4.0,1.54,43.0,5.273,9.0,4.545,0.07,0.0,70.27,1.63,1.63,1025.15523,222.179,1.61,2183.0,124.549,0.0,1941.0,-9.910633678259298,4.816870455152987e-06
Fe2V0.9Ti0.1Al,Fe2.000,V1.000,Ti0.091Al0.909,400.0,0.2100000000000008,0.0,0.0,20.885461399999997,9.0,0.0,2.25333333333e-05,16.49911,8.0,0.728,31.0,1.60363,8.0,1.0,0.0,0.0,1.0,8.0,0.0,3.0,30.0,4.0,1.54,43.0,5.273,9.0,4.545,0.07,0.0,70.27,1.63,1.63,1025.15523,222.179,1.61,2183.0,124.549,0.0,1941.0,-11.855308765542931,4.58203567557666e-06
Fe2V0.9Ti0.1Al,Fe2.000,V1.000,Ti0.091Al0.909,450.0,0.2100000000000008,0.0,0.0,20.885461399999997,9.0,0.0,2.25333333333e-05,16.49911,8.0,0.728,31.0,1.60363,8.0,1.0,0.0,0.0,1.0,8.0,0.0,3.0,30.0,4.0,1.54,43.0,5.273,9.0,4.545,0.07,0.0,70.27,1.63,1.63,1025.15523,222.179,1.61,2183.0,124.549,0.0,1941.0,-12.540170839717492,4.348159354934714e-06
Fe2V0.9Ti0.1Al,Fe2.000,V1.000,Ti0.091Al0.909,500.0,0.2100000000000008,0.0,0.0,20.885461399999997,9.0,0.0,2.25333333333e-05,16.49911,8.0,0.728,31.0,1.60363,8.0,1.0,0.0,0.0,1.0,8.0,0.0,3.0,30.0,4.0,1.54,43.0,5.273,9.0,4.545,0.07,0.0,70.27,1.63,1.63,1025.15523,222.179,1.61,2183.0,124.549,0.0,1941.0,-13.30547742265471,4.124013900030822e-06
Fe2V0.9Ti0.1Al,Fe2.000,V1.000,Ti0.091Al0.909,350.0,0.2100000000000008,0.0,0.0,20.885461399999997,9.0,0.0,2.25333333333e-05,16.49911,8.0,0.728,31.0,1.60363,8.0,1.0,0.0,0.0,1.0,8.0,0.0,3.0,30.0,4.0,1.54,43.0,5.273,9.0,4.545,0.07,0.0,70.27,1.63,1.63,1025.15523,222.179,1.61,2183.0,124.549,0.0,1941.0,-12.982445620032337,5.433524755339639e-06
Fe2V0.9Ti0.1Al,Fe2.000,V1.000,Ti0.091Al0.909,400.0,0.2100000000000008,0.0,0.0,20.885461399999997,9.0,0.0,2.25333333333e-05,16.49911,8.0,0.728,31.0,1.60363,8.0,1.0,0.0,0.0,1.0,8.0,0.0,3.0,30.0,4.0,1.54,43.0,5.273,9.0,4.545,0.07,0.0,70.27,1.63,1.63,1025.15523,222.179,1.61,2183.0,124.549,0.0,1941.0,-13.57987614330862,5.043439252564049e-06
Fe2V0.9Ti0.1Al,Fe2.000,V1.000,Ti0.091Al0.909,450.0,0.2100000000000008,0.0,0.0,20.885461399999997,9.0,0.0,2.25333333333e-05,16.49911,8.0,0.728,31.0,1.60363,8.0,1.0,0.0,0.0,1.0,8.0,0.0,3.0,30.0,4.0,1.54,43.0,5.273,9.0,4.545,0.07,0.0,70.27,1.63,1.63,1025.15523,222.179,1.61,2183.0,124.549,0.0,1941.0,-14.29466791239703,4.698368975718524e-06
Fe2V0.9Ti0.1Al,Fe2.000,V1.000,Ti0.091Al0.909,500.0,0.2100000000000008,0.0,0.0,20.885461399999997,9.0,0.0,2.25333333333e-05,16.49911,8.0,0.728,31.0,1.60363,8.0,1.0,0.0,0.0,1.0,8.0,0.0,3.0,30.0,4.0,1.54,43.0,5.273,9.0,4.545,0.07,0.0,70.27,1.63,1.63,1025.15523,222.179,1.61,2183.0,124.549,0.0,1941.0,-14.647697414068348,4.383928697809507e-06
Fe2V0.9Ti0.1Al,Fe2.000,V1.000,Ti0.091Al0.909,350.0,0.2100000000000008,0.0,0.0,20.885461399999997,9.0,0.0,2.25333333333e-05,16.49911,8.0,0.728,31.0,1.60363,8.0,1.0,0.0,0.0,1.0,8.0,0.0,3.0,30.0,4.0,1.54,43.0,5.273,9.0,4.545,0.07,0.0,70.27,1.63,1.63,1025.15523,222.179,1.61,2183.0,124.549,0.0,1941.0,-17.366780146758387,6.129387834980143e-06
Fe2V0.9Ti0.1Al,Fe2.000,V1.000,Ti0.091Al0.909,400.0,0.2100000000000008,0.0,0.0,20.885461399999997,9.0,0.0,2.25333333333e-05,16.49911,8.0,0.728,31.0,1.60363,8.0,1.0,0.0,0.0,1.0,8.0,0.0,3.0,30.0,4.0,1.54,43.0,5.273,9.0,4.545,0.07,0.0,70.27,1.63,1.63,1025.15523,222.179,1.61,2183.0,124.549,0.0,1941.0,-18.090656314096503,5.7944050389788506e-06
Fe2V0.9Ti0.1Al,Fe2.000,V1.000,Ti0.091Al0.909,450.0,0.2100000000000008,0.0,0.0,20.885461399999997,9.0,0.0,2.25333333333e-05,16.49911,8.0,0.728,31.0,1.60363,8.0,1.0,0.0,0.0,1.0,8.0,0.0,3.0,30.0,4.0,1.54,43.0,5.273,9.0,4.545,0.07,0.0,70.27,1.63,1.63,1025.15523,222.179,1.61,2183.0,124.549,0.0,1941.0,-17.831747434417146,5.473404587688811e-06
Fe2V0.9Ti0.1Al,Fe2.000,V1.000,Ti0.091Al0.909,500.0,0.2100000000000008,0.0,0.0,20.885461399999997,9.0,0.0,2.25333333333e-05,16.49911,8.0,0.728,31.0,1.60363,8.0,1.0,0.0,0.0,1.0,8.0,0.0,3.0,30.0,4.0,1.54,43.0,5.273,9.0,4.545,0.07,0.0,70.27,1.63,1.63,1025.15523,222.179,1.61,2183.0,124.549,0.0,1941.0,-18.026724464003525,5.144233777099489e-06
Fe2V0.9Ti0.1Al,Fe2.000,V1.000,Ti0.091Al0.909,350.0,0.2100000000000008,0.0,0.0,20.885461399999997,9.0,0.0,2.25333333333e-05,16.49911,8.0,0.728,31.0,1.60363,8.0,1.0,0.0,0.0,1.0,8.0,0.0,3.0,30.0,4.0,1.54,43.0,5.273,9.0,4.545,0.07,0.0,70.27,1.63,1.63,1025.15523,222.179,1.61,2183.0,124.549,0.0,1941.0,-18.249748104078165,6.826390763479834e-06
Fe2V0.9Ti0.1Al,Fe2.000,V1.000,Ti0.091Al0.909,400.0,0.2100000000000008,0.0,0.0,20.885461399999997,9.0,0.0,2.25333333333e-05,16.49911,8.0,0.728,31.0,1.60363,8.0,1.0,0.0,0.0,1.0,8.0,0.0,3.0,30.0,4.0,1.54,43.0,5.273,9.0,4.545,0.07,0.0,70.27,1.63,1.63,1025.15523,222.179,1.61,2183.0,124.549,0.0,1941.0,-18.83320643955599,6.431214185851204e-06
Fe2V0.9Ti0.1Al,Fe2.000,V1.000,Ti0.091Al0.909,450.0,0.2100000000000008,0.0,0.0,20.885461399999997,9.0,0.0,2.25333333333e-05,16.49911,8.0,0.728,31.0,1.60363,8.0,1.0,0.0,0.0,1.0,8.0,0.0,3.0,30.0,4.0,1.54,43.0,5.273,9.0,4.545,0.07,0.0,70.27,1.63,1.63,1025.15523,222.179,1.61,2183.0,124.549,0.0,1941.0,-19.355302274619376,6.003674088563184e-06
Fe2V0.9Ti0.1Al,Fe2.000,V1.000,Ti0.091Al0.909,500.0,0.2100000000000008,0.0,0.0,20.885461399999997,9.0,0.0,2.25333333333e-05,16.49911,8.0,0.728,31.0,1.60363,8.0,1.0,0.0,0.0,1.0,8.0,0.0,3.0,30.0,4.0,1.54,43.0,5.273,9.0,4.545,0.07,0.0,70.27,1.63,1.63,1025.15523,222.179,1.61,2183.0,124.549,0.0,1941.0,-18.963518658439423,5.5911862654756534e-06
Fe1.99Ti0.66Cr0.45Al0.90,Fe2.000,Ti0.595Cr0.405,Al1.000,50.0,0.0,0.0,2.25333333333e-05,0.0,0.0,35.0,0.0,16.48,0.0,0.0,0.0,1.61,0.0,0.0,1.34073333333135e-05,0.0,0.0,5.0,2.25333333333e-05,0.0,0.0,13.0,1.61,73.0,5.0,0.0,5.0,0.0,0.1199999999999998,73.0,1.5886,1.54,933.47,225.0,1.61,2037.795,121.0,0.0,933.47,2.8200080176823485,2.570419518923975e-06
Fe1.99Ti0.66Cr0.45Al0.90,Fe2.000,Ti0.595Cr0.405,Al1.000,100.0,0.0,0.0,2.25333333333e-05,0.0,0.0,35.0,0.0,16.48,0.0,0.0,0.0,1.61,0.0,0.0,1.34073333333135e-05,0.0,0.0,5.0,2.25333333333e-05,0.0,0.0,13.0,1.61,73.0,5.0,0.0,5.0,0.0,0.1199999999999998,73.0,1.5886,1.54,933.47,225.0,1.61,2037.795,121.0,0.0,933.47,9.456394569525893,2.677816783877856e-06
Fe1.99Ti0.66Cr0.45Al0.90,Fe2.000,Ti0.595Cr0.405,Al1.000,150.0,0.0,0.0,2.25333333333e-05,0.0,0.0,35.0,0.0,16.48,0.0,0.0,0.0,1.61,0.0,0.0,1.34073333333135e-05,0.0,0.0,5.0,2.25333333333e-05,0.0,0.0,13.0,1.61,73.0,5.0,0.0,5.0,0.0,0.1199999999999998,73.0,1.5886,1.54,933.47,225.0,1.61,2037.795,121.0,0.0,933.47,16.570309142386385,2.7804165165105502e-06
Fe1.99Ti0.66Cr0.45Al0.90,Fe2.000,Ti0.595Cr0.405,Al1.000,200.0,0.0,0.0,2.25333333333e-05,0.0,0.0,35.0,0.0,16.48,0.0,0.0,0.0,1.61,0.0,0.0,1.34073333333135e-05,0.0,0.0,5.0,2.25333333333e-05,0.0,0.0,13.0,1.61,73.0,5.0,0.0,5.0,0.0,0.1199999999999998,73.0,1.5886,1.54,933.47,225.0,1.61,2037.795,121.0,0.0,933.47,23.66787504676134,2.897771705004691e-06
Fe1.99Ti0.66Cr0.45Al0.90,Fe2.000,Ti0.595Cr0.405,Al1.000,250.0,0.0,0.0,2.25333333333e-05,0.0,0.0,35.0,0.0,16.48,0.0,0.0,0.0,1.61,0.0,0.0,1.34073333333135e-05,0.0,0.0,5.0,2.25333333333e-05,0.0,0.0,13.0,1.61,73.0,5.0,0.0,5.0,0.0,0.1199999999999998,73.0,1.5886,1.54,933.47,225.0,1.61,2037.795,121.0,0.0,933.47,30.31085651474023,3.030313026396049e-06
Fe1.99Ti0.66Cr0.45Al0.90,Fe2.000,Ti0.595Cr0.405,Al1.000,300.0,0.0,0.0,2.25333333333e-05,0.0,0.0,35.0,0.0,16.48,0.0,0.0,0.0,1.61,0.0,0.0,1.34073333333135e-05,0.0,0.0,5.0,2.25333333333e-05,0.0,0.0,13.0,1.61,73.0,5.0,0.0,5.0,0.0,0.1199999999999998,73.0,1.5886,1.54,933.47,225.0,1.61,2037.795,121.0,0.0,933.47,36.09968672603414,3.1655172907993385e-06
Fe1.99Ti0.66Cr0.45Al0.90,Fe2.000,Ti0.595Cr0.405,Al1.000,350.0,0.0,0.0,2.25333333333e-05,0.0,0.0,35.0,0.0,16.48,0.0,0.0,0.0,1.61,0.0,0.0,1.34073333333135e-05,0.0,0.0,5.0,2.25333333333e-05,0.0,0.0,13.0,1.61,73.0,5.0,0.0,5.0,0.0,0.1199999999999998,73.0,1.5886,1.54,933.47,225.0,1.61,2037.795,121.0,0.0,933.47,40.65649583400535,3.284075885634021e-06
Fe1.99Ti0.66Cr0.45Al0.90,Fe2.000,Ti0.595Cr0.405,Al1.000,400.0,0.0,0.0,2.25333333333e-05,0.0,0.0,35.0,0.0,16.48,0.0,0.0,0.0,1.61,0.0,0.0,1.34073333333135e-05,0.0,0.0,5.0,2.25333333333e-05,0.0,0.0,13.0,1.61,73.0,5.0,0.0,5.0,0.0,0.1199999999999998,73.0,1.5886,1.54,933.47,225.0,1.61,2037.795,121.0,0.0,933.47,43.60813899169698,3.366063219850107e-06
Fe1.99Ti0.66Cr0.45Al0.90,Fe2.000,Ti0.595Cr0.405,Al1.000,450.0,0.0,0.0,2.25333333333e-05,0.0,0.0,35.0,0.0,16.48,0.0,0.0,0.0,1.61,0.0,0.0,1.34073333333135e-05,0.0,0.0,5.0,2.25333333333e-05,0.0,0.0,13.0,1.61,73.0,5.0,0.0,5.0,0.0,0.1199999999999998,73.0,1.5886,1.54,933.47,225.0,1.61,2037.795,121.0,0.0,933.47,44.56922437786255,3.397105168153969e-06
Fe1.99Ti0.66Cr0.45Al0.90,Fe2.000,Ti0.595Cr0.405,Al1.000,500.0,0.0,0.0,2.25333333333e-05,0.0,0.0,35.0,0.0,16.48,0.0,0.0,0.0,1.61,0.0,0.0,1.34073333333135e-05,0.0,0.0,5.0,2.25333333333e-05,0.0,0.0,13.0,1.61,73.0,5.0,0.0,5.0,0.0,0.1199999999999998,73.0,1.5886,1.54,933.47,225.0,1.61,2037.795,121.0,0.0,933.47,43.125141222995744,3.3745475152341353e-06
Fe1.99Ti0.66Cr0.45Al0.90,Fe2.000,Ti0.595Cr0.405,Al1.000,550.0,0.0,0.0,2.25333333333e-05,0.0,0.0,35.0,0.0,16.48,0.0,0.0,0.0,1.61,0.0,0.0,1.34073333333135e-05,0.0,0.0,5.0,2.25333333333e-05,0.0,0.0,13.0,1.61,73.0,5.0,0.0,5.0,0.0,0.1199999999999998,73.0,1.5886,1.54,933.47,225.0,1.61,2037.795,121.0,0.0,933.47,38.81508783535985,3.3136243999871e-06
Fe2V1.05Al0.95,Fe2.000,V1.000,Al1.000,150.0,0.0,0.0,0.0,0.0,0.0,0.0,0.0,16.48,0.0,0.0,0.0,1.61,0.0,0.0,0.0,0.0,0.0,5.0,0.0,0.0,0.0,13.0,1.61,73.0,5.0,0.0,5.0,0.0,0.0,73.0,1.63,1.63,933.47,225.0,1.61,2183.0,121.0,0.0,933.47,-4.950748386923259,3.2837810818659647e-06
Fe2V1.05Al0.95,Fe2.000,V1.000,Al1.000,200.0,0.0,0.0,0.0,0.0,0.0,0.0,0.0,16.48,0.0,0.0,0.0,1.61,0.0,0.0,0.0,0.0,0.0,5.0,0.0,0.0,0.0,13.0,1.61,73.0,5.0,0.0,5.0,0.0,0.0,73.0,1.63,1.63,933.47,225.0,1.61,2183.0,121.0,0.0,933.47,-5.798506902098548,3.2205540361124574e-06
Fe2V1.05Al0.95,Fe2.000,V1.000,Al1.000,250.0,0.0,0.0,0.0,0.0,0.0,0.0,0.0,16.48,0.0,0.0,0.0,1.61,0.0,0.0,0.0,0.0,0.0,5.0,0.0,0.0,0.0,13.0,1.61,73.0,5.0,0.0,5.0,0.0,0.0,73.0,1.63,1.63,933.47,225.0,1.61,2183.0,121.0,0.0,933.47,-6.045913066177219,3.0524924855549914e-06
Fe2V1.05Al0.95,Fe2.000,V1.000,Al1.000,300.0,0.0,0.0,0.0,0.0,0.0,0.0,0.0,16.48,0.0,0.0,0.0,1.61,0.0,0.0,0.0,0.0,0.0,5.0,0.0,0.0,0.0,13.0,1.61,73.0,5.0,0.0,5.0,0.0,0.0,73.0,1.63,1.63,933.47,225.0,1.61,2183.0,121.0,0.0,933.47,-5.924645304493078,2.9126242726595513e-06
Fe2V1.05Al0.95,Fe2.000,V1.000,Al1.000,350.0,0.0,0.0,0.0,0.0,0.0,0.0,0.0,16.48,0.0,0.0,0.0,1.61,0.0,0.0,0.0,0.0,0.0,5.0,0.0,0.0,0.0,13.0,1.61,73.0,5.0,0.0,5.0,0.0,0.0,73.0,1.63,1.63,933.47,225.0,1.61,2183.0,121.0,0.0,933.47,-5.630259887322536,2.87525873645544e-06
Fe2V1.05Al0.95,Fe2.000,V1.000,Al1.000,400.0,0.0,0.0,0.0,0.0,0.0,0.0,0.0,16.48,0.0,0.0,0.0,1.61,0.0,0.0,0.0,0.0,0.0,5.0,0.0,0.0,0.0,13.0,1.61,73.0,5.0,0.0,5.0,0.0,0.0,73.0,1.63,1.63,933.47,225.0,1.61,2183.0,121.0,0.0,933.47,-5.320270643960545,2.9664690038182057e-06
Fe2V1.05Al0.95,Fe2.000,V1.000,Al1.000,450.0,0.0,0.0,0.0,0.0,0.0,0.0,0.0,16.48,0.0,0.0,0.0,1.61,0.0,0.0,0.0,0.0,0.0,5.0,0.0,0.0,0.0,13.0,1.61,73.0,5.0,0.0,5.0,0.0,0.0,73.0,1.63,1.63,933.47,225.0,1.61,2183.0,121.0,0.0,933.47,-5.112228676796635,3.174574280752629e-06
Fe2V1.05Al0.95,Fe2.000,V1.000,Al1.000,500.0,0.0,0.0,0.0,0.0,0.0,0.0,0.0,16.48,0.0,0.0,0.0,1.61,0.0,0.0,0.0,0.0,0.0,5.0,0.0,0.0,0.0,13.0,1.61,73.0,5.0,0.0,5.0,0.0,0.0,73.0,1.63,1.63,933.47,225.0,1.61,2183.0,121.0,0.0,933.47,-5.081802075390829,3.460622143675622e-06
Fe2V1.05Al0.95,Fe2.000,V1.000,Al1.000,550.0,0.0,0.0,0.0,0.0,0.0,0.0,0.0,16.48,0.0,0.0,0.0,1.61,0.0,0.0,0.0,0.0,0.0,5.0,0.0,0.0,0.0,13.0,1.61,73.0,5.0,0.0,5.0,0.0,0.0,73.0,1.63,1.63,933.47,225.0,1.61,2183.0,121.0,0.0,933.47,-5.260855630549679,3.7688708306992336e-06
Fe2V1.05Al0.95,Fe2.000,V1.000,Al1.000,600.0,0.0,0.0,0.0,0.0,0.0,0.0,0.0,16.48,0.0,0.0,0.0,1.61,0.0,0.0,0.0,0.0,0.0,5.0,0.0,0.0,0.0,13.0,1.61,73.0,5.0,0.0,5.0,0.0,0.0,73.0,1.63,1.63,933.47,225.0,1.61,2183.0,121.0,0.0,933.47,-5.635530548402199,4.037271532913507e-06
Fe2V1.05Al0.95,Fe2.000,V1.000,Al1.000,650.0,0.0,0.0,0.0,0.0,0.0,0.0,0.0,16.48,0.0,0.0,0.0,1.61,0.0,0.0,0.0,0.0,0.0,5.0,0.0,0.0,0.0,13.0,1.61,73.0,5.0,0.0,5.0,0.0,0.0,73.0,1.63,1.63,933.47,225.0,1.61,2183.0,121.0,0.0,933.47,-6.144324164475874,4.207950685669549e-06
Fe2V1.05Al0.95,Fe2.000,V1.000,Al1.000,150.0,0.0,0.0,0.0,0.0,0.0,0.0,0.0,16.48,0.0,0.0,0.0,1.61,0.0,0.0,0.0,0.0,0.0,5.0,0.0,0.0,0.0,13.0,1.61,73.0,5.0,0.0,5.0,0.0,0.0,73.0,1.63,1.63,933.47,225.0,1.61,2183.0,121.0,0.0,933.47,-65.73537114926835,1.81392269564564e-06
Fe2V1.05Al0.95,Fe2.000,V1.000,Al1.000,200.0,0.0,0.0,0.0,0.0,0.0,0.0,0.0,16.48,0.0,0.0,0.0,1.61,0.0,0.0,0.0,0.0,0.0,5.0,0.0,0.0,0.0,13.0,1.61,73.0,5.0,0.0,5.0,0.0,0.0,73.0,1.63,1.63,933.47,225.0,1.61,2183.0,121.0,0.0,933.47,-83.9352752841025,2.305991187955619e-06
Fe2V1.05Al0.95,Fe2.000,V1.000,Al1.000,250.0,0.0,0.0,0.0,0.0,0.0,0.0,0.0,16.48,0.0,0.0,0.0,1.61,0.0,0.0,0.0,0.0,0.0,5.0,0.0,0.0,0.0,13.0,1.61,73.0,5.0,0.0,5.0,0.0,0.0,73.0,1.63,1.63,933.47,225.0,1.61,2183.0,121.0,0.0,933.47,-102.8671220346,2.8935252963986495e-06
Fe2V1.05Al0.95,Fe2.000,V1.000,Al1.000,300.0,0.0,0.0,0.0,0.0,0.0,0.0,0.0,16.48,0.0,0.0,0.0,1.61,0.0,0.0,0.0,0.0,0.0,5.0,0.0,0.0,0.0,13.0,1.61,73.0,5.0,0.0,5.0,0.0,0.0,73.0,1.63,1.63,933.47,225.0,1.61,2183.0,121.0,0.0,933.47,-118.5686198719,3.4507689990728126e-06
Fe2V1.05Al0.95,Fe2.000,V1.000,Al1.000,350.0,0.0,0.0,0.0,0.0,0.0,0.0,0.0,16.48,0.0,0.0,0.0,1.61,0.0,0.0,0.0,0.0,0.0,5.0,0.0,0.0,0.0,13.0,1.61,73.0,5.0,0.0,5.0,0.0,0.0,73.0,1.63,1.63,933.47,225.0,1.61,2183.0,121.0,0.0,933.47,-128.610480015,3.897641201772378e-06
Fe2V1.05Al0.95,Fe2.000,V1.000,Al1.000,400.0,0.0,0.0,0.0,0.0,0.0,0.0,0.0,16.48,0.0,0.0,0.0,1.61,0.0,0.0,0.0,0.0,0.0,5.0,0.0,0.0,0.0,13.0,1.61,73.0,5.0,0.0,5.0,0.0,0.0,73.0,1.63,1.63,933.47,225.0,1.61,2183.0,121.0,0.0,933.47,-131.89761312599998,4.192677253313116e-06
Fe2V1.05Al0.95,Fe2.000,V1.000,Al1.000,450.0,0.0,0.0,0.0,0.0,0.0,0.0,0.0,16.48,0.0,0.0,0.0,1.61,0.0,0.0,0.0,0.0,0.0,5.0,0.0,0.0,0.0,13.0,1.61,73.0,5.0,0.0,5.0,0.0,0.0,73.0,1.63,1.63,933.47,225.0,1.61,2183.0,121.0,0.0,933.47,-128.4703260046,4.325970460857573e-06
Fe2V1.05Al0.95,Fe2.000,V1.000,Al1.000,500.0,0.0,0.0,0.0,0.0,0.0,0.0,0.0,16.48,0.0,0.0,0.0,1.61,0.0,0.0,0.0,0.0,0.0,5.0,0.0,0.0,0.0,13.0,1.61,73.0,5.0,0.0,5.0,0.0,0.0,73.0,1.63,1.63,933.47,225.0,1.61,2183.0,121.0,0.0,933.47,-119.305518283,4.312113605240417e-06
Fe2V1.05Al0.95,Fe2.000,V1.000,Al1.000,550.0,0.0,0.0,0.0,0.0,0.0,0.0,0.0,16.48,0.0,0.0,0.0,1.61,0.0,0.0,0.0,0.0,0.0,5.0,0.0,0.0,0.0,13.0,1.61,73.0,5.0,0.0,5.0,0.0,0.0,73.0,1.63,1.63,933.47,225.0,1.61,2183.0,121.0,0.0,933.47,-106.11787912,4.1831404562937095e-06
Fe2V1.05Al0.95,Fe2.000,V1.000,Al1.000,600.0,0.0,0.0,0.0,0.0,0.0,0.0,0.0,16.48,0.0,0.0,0.0,1.61,0.0,0.0,0.0,0.0,0.0,5.0,0.0,0.0,0.0,13.0,1.61,73.0,5.0,0.0,5.0,0.0,0.0,73.0,1.63,1.63,933.47,225.0,1.61,2183.0,121.0,0.0,933.47,-91.161083896622,3.9814672881722186e-06
Fe2V1.05Al0.95,Fe2.000,V1.000,Al1.000,650.0,0.0,0.0,0.0,0.0,0.0,0.0,0.0,16.48,0.0,0.0,0.0,1.61,0.0,0.0,0.0,0.0,0.0,5.0,0.0,0.0,0.0,13.0,1.61,73.0,5.0,0.0,5.0,0.0,0.0,73.0,1.63,1.63,933.47,225.0,1.61,2183.0,121.0,0.0,933.47,-77.02899090973355,3.752834394678705e-06
Fe2V1.05Al0.95,Fe2.000,V1.000,Al1.000,150.0,0.0,0.0,0.0,0.0,0.0,0.0,0.0,16.48,0.0,0.0,0.0,1.61,0.0,0.0,0.0,0.0,0.0,5.0,0.0,0.0,0.0,13.0,1.61,73.0,5.0,0.0,5.0,0.0,0.0,73.0,1.63,1.63,933.47,225.0,1.61,2183.0,121.0,0.0,933.47,-73.9353026525084,1.537799330553503e-06
Fe2V1.05Al0.95,Fe2.000,V1.000,Al1.000,200.0,0.0,0.0,0.0,0.0,0.0,0.0,0.0,16.48,0.0,0.0,0.0,1.61,0.0,0.0,0.0,0.0,0.0,5.0,0.0,0.0,0.0,13.0,1.61,73.0,5.0,0.0,5.0,0.0,0.0,73.0,1.63,1.63,933.47,225.0,1.61,2183.0,121.0,0.0,933.47,-92.8188723851598,1.9425230016107247e-06
Fe2V1.05Al0.95,Fe2.000,V1.000,Al1.000,250.0,0.0,0.0,0.0,0.0,0.0,0.0,0.0,16.48,0.0,0.0,0.0,1.61,0.0,0.0,0.0,0.0,0.0,5.0,0.0,0.0,0.0,13.0,1.61,73.0,5.0,0.0,5.0,0.0,0.0,73.0,1.63,1.63,933.47,225.0,1.61,2183.0,121.0,0.0,933.47,-107.834930434,2.37618396800588e-06
Fe2V1.05Al0.95,Fe2.000,V1.000,Al1.000,300.0,0.0,0.0,0.0,0.0,0.0,0.0,0.0,16.48,0.0,0.0,0.0,1.61,0.0,0.0,0.0,0.0,0.0,5.0,0.0,0.0,0.0,13.0,1.61,73.0,5.0,0.0,5.0,0.0,0.0,73.0,1.63,1.63,933.47,225.0,1.61,2183.0,121.0,0.0,933.47,-118.6435802643,2.792674842308687e-06
Fe2V1.05Al0.95,Fe2.000,V1.000,Al1.000,350.0,0.0,0.0,0.0,0.0,0.0,0.0,0.0,16.48,0.0,0.0,0.0,1.61,0.0,0.0,0.0,0.0,0.0,5.0,0.0,0.0,0.0,13.0,1.61,73.0,5.0,0.0,5.0,0.0,0.0,73.0,1.63,1.63,933.47,225.0,1.61,2183.0,121.0,0.0,933.47,-125.184735909,3.1587955153083684e-06
Fe2V1.05Al0.95,Fe2.000,V1.000,Al1.000,400.0,0.0,0.0,0.0,0.0,0.0,0.0,0.0,16.48,0.0,0.0,0.0,1.61,0.0,0.0,0.0,0.0,0.0,5.0,0.0,0.0,0.0,13.0,1.61,73.0,5.0,0.0,5.0,0.0,0.0,73.0,1.63,1.63,933.47,225.0,1.61,2183.0,121.0,0.0,933.47,-127.5811383913,3.4528336656168177e-06
Fe2V1.05Al0.95,Fe2.000,V1.000,Al1.000,450.0,0.0,0.0,0.0,0.0,0.0,0.0,0.0,16.48,0.0,0.0,0.0,1.61,0.0,0.0,0.0,0.0,0.0,5.0,0.0,0.0,0.0,13.0,1.61,73.0,5.0,0.0,5.0,0.0,0.0,73.0,1.63,1.63,933.47,225.0,1.61,2183.0,121.0,0.0,933.47,-126.0413721475,3.663145269271764e-06
Fe2V1.05Al0.95,Fe2.000,V1.000,Al1.000,500.0,0.0,0.0,0.0,0.0,0.0,0.0,0.0,16.48,0.0,0.0,0.0,1.61,0.0,0.0,0.0,0.0,0.0,5.0,0.0,0.0,0.0,13.0,1.61,73.0,5.0,0.0,5.0,0.0,0.0,73.0,1.63,1.63,933.47,225.0,1.61,2183.0,121.0,0.0,933.47,-120.7628814486,3.786735109339957e-06
Fe2V1.05Al0.95,Fe2.000,V1.000,Al1.000,550.0,0.0,0.0,0.0,0.0,0.0,0.0,0.0,16.48,0.0,0.0,0.0,1.61,0.0,0.0,0.0,0.0,0.0,5.0,0.0,0.0,0.0,13.0,1.61,73.0,5.0,0.0,5.0,0.0,0.0,73.0,1.63,1.63,933.47,225.0,1.61,2183.0,121.0,0.0,933.47,-111.8349868234,3.82783728552031e-06
Fe2V1.05Al0.95,Fe2.000,V1.000,Al1.000,600.0,0.0,0.0,0.0,0.0,0.0,0.0,0.0,16.48,0.0,0.0,0.0,1.61,0.0,0.0,0.0,0.0,0.0,5.0,0.0,0.0,0.0,13.0,1.61,73.0,5.0,0.0,5.0,0.0,0.0,73.0,1.63,1.63,933.47,225.0,1.61,2183.0,121.0,0.0,933.47,-99.14190148081516,3.7964957237470943e-06
Fe2V1.05Al0.95,Fe2.000,V1.000,Al1.000,650.0,0.0,0.0,0.0,0.0,0.0,0.0,0.0,16.48,0.0,0.0,0.0,1.61,0.0,0.0,0.0,0.0,0.0,5.0,0.0,0.0,0.0,13.0,1.61,73.0,5.0,0.0,5.0,0.0,0.0,73.0,1.63,1.63,933.47,225.0,1.61,2183.0,121.0,0.0,933.47,-82.26574773200213,3.7071446857930992e-06
Fe2VTa0.05Al0.95,Fe2.000,V1.000,Ta0.050Al0.950,150.0,1.6400000000000006,0.0,0.0,153.9663414,60.0,0.0,0.0,16.561999999999998,7.0,0.35,4.0,1.6045,7.0,3.0,0.0,14.0,16.0,7.0,0.0,2.0,25.0,5.0,1.5,48.0,5.1,8.0,4.75,0.1100000000000001,0.0,71.75,1.63,1.63,1051.2965,225.2,1.61,2183.0,123.45,0.0,3290.0,-92.28834792042974,2.7309342664355862e-06
Fe2VTa0.05Al0.95,Fe2.000,V1.000,Ta0.050Al0.950,200.0,1.6400000000000006,0.0,0.0,153.9663414,60.0,0.0,0.0,16.561999999999998,7.0,0.35,4.0,1.6045,7.0,3.0,0.0,14.0,16.0,7.0,0.0,2.0,25.0,5.0,1.5,48.0,5.1,8.0,4.75,0.1100000000000001,0.0,71.75,1.63,1.63,1051.2965,225.2,1.61,2183.0,123.45,0.0,3290.0,-110.9618318263,3.2280227737265143e-06
Fe2VTa0.05Al0.95,Fe2.000,V1.000,Ta0.050Al0.950,250.0,1.6400000000000006,0.0,0.0,153.9663414,60.0,0.0,0.0,16.561999999999998,7.0,0.35,4.0,1.6045,7.0,3.0,0.0,14.0,16.0,7.0,0.0,2.0,25.0,5.0,1.5,48.0,5.1,8.0,4.75,0.1100000000000001,0.0,71.75,1.63,1.63,1051.2965,225.2,1.61,2183.0,123.45,0.0,3290.0,-124.3299759164,3.687041194570292e-06
Fe2VTa0.05Al0.95,Fe2.000,V1.000,Ta0.050Al0.950,300.0,1.6400000000000006,0.0,0.0,153.9663414,60.0,0.0,0.0,16.561999999999998,7.0,0.35,4.0,1.6045,7.0,3.0,0.0,14.0,16.0,7.0,0.0,2.0,25.0,5.0,1.5,48.0,5.1,8.0,4.75,0.1100000000000001,0.0,71.75,1.63,1.63,1051.2965,225.2,1.61,2183.0,123.45,0.0,3290.0,-132.7577314196,4.042971029341452e-06
Fe2VTa0.05Al0.95,Fe2.000,V1.000,Ta0.050Al0.950,350.0,1.6400000000000006,0.0,0.0,153.9663414,60.0,0.0,0.0,16.561999999999998,7.0,0.35,4.0,1.6045,7.0,3.0,0.0,14.0,16.0,7.0,0.0,2.0,25.0,5.0,1.5,48.0,5.1,8.0,4.75,0.1100000000000001,0.0,71.75,1.63,1.63,1051.2965,225.2,1.61,2183.0,123.45,0.0,3290.0,-136.7342761745,4.26172846645411e-06
Fe2VTa0.05Al0.95,Fe2.000,V1.000,Ta0.050Al0.950,400.0,1.6400000000000006,0.0,0.0,153.9663414,60.0,0.0,0.0,16.561999999999998,7.0,0.35,4.0,1.6045,7.0,3.0,0.0,14.0,16.0,7.0,0.0,2.0,25.0,5.0,1.5,48.0,5.1,8.0,4.75,0.1100000000000001,0.0,71.75,1.63,1.63,1051.2965,225.2,1.61,2183.0,123.45,0.0,3290.0,-136.8408139209,4.33486493703606e-06
Fe2VTa0.05Al0.95,Fe2.000,V1.000,Ta0.050Al0.950,450.0,1.6400000000000006,0.0,0.0,153.9663414,60.0,0.0,0.0,16.561999999999998,7.0,0.35,4.0,1.6045,7.0,3.0,0.0,14.0,16.0,7.0,0.0,2.0,25.0,5.0,1.5,48.0,5.1,8.0,4.75,0.1100000000000001,0.0,71.75,1.63,1.63,1051.2965,225.2,1.61,2183.0,123.45,0.0,3290.0,-133.7183735905,4.274267669602869e-06
Fe2VTa0.05Al0.95,Fe2.000,V1.000,Ta0.050Al0.950,500.0,1.6400000000000006,0.0,0.0,153.9663414,60.0,0.0,0.0,16.561999999999998,7.0,0.35,4.0,1.6045,7.0,3.0,0.0,14.0,16.0,7.0,0.0,2.0,25.0,5.0,1.5,48.0,5.1,8.0,4.75,0.1100000000000001,0.0,71.75,1.63,1.63,1051.2965,225.2,1.61,2183.0,123.45,0.0,3290.0,-128.0356085988,4.106860244731986e-06
Fe2VTa0.05Al0.95,Fe2.000,V1.000,Ta0.050Al0.950,550.0,1.6400000000000006,0.0,0.0,153.9663414,60.0,0.0,0.0,16.561999999999998,7.0,0.35,4.0,1.6045,7.0,3.0,0.0,14.0,16.0,7.0,0.0,2.0,25.0,5.0,1.5,48.0,5.1,8.0,4.75,0.1100000000000001,0.0,71.75,1.63,1.63,1051.2965,225.2,1.61,2183.0,123.45,0.0,3290.0,-120.4565961361,3.869303149736814e-06
Fe2VTa0.05Al0.95,Fe2.000,V1.000,Ta0.050Al0.950,600.0,1.6400000000000006,0.0,0.0,153.9663414,60.0,0.0,0.0,16.561999999999998,7.0,0.35,4.0,1.6045,7.0,3.0,0.0,14.0,16.0,7.0,0.0,2.0,25.0,5.0,1.5,48.0,5.1,8.0,4.75,0.1100000000000001,0.0,71.75,1.63,1.63,1051.2965,225.2,1.61,2183.0,123.45,0.0,3290.0,-111.6086364586,3.6026943333408375e-06
Fe2VTa0.05Al0.95,Fe2.000,V1.000,Ta0.050Al0.950,650.0,1.6400000000000006,0.0,0.0,153.9663414,60.0,0.0,0.0,16.561999999999998,7.0,0.35,4.0,1.6045,7.0,3.0,0.0,14.0,16.0,7.0,0.0,2.0,25.0,5.0,1.5,48.0,5.1,8.0,4.75,0.1100000000000001,0.0,71.75,1.63,1.63,1051.2965,225.2,1.61,2183.0,123.45,0.0,3290.0,-102.0500521799,3.347269760351688e-06
Fe2VTa0.05Al0.95,Fe2.000,V1.000,Ta0.050Al0.950,150.0,1.6400000000000006,0.0,0.0,153.9663414,60.0,0.0,0.0,16.561999999999998,7.0,0.35,4.0,1.6045,7.0,3.0,0.0,14.0,16.0,7.0,0.0,2.0,25.0,5.0,1.5,48.0,5.1,8.0,4.75,0.1100000000000001,0.0,71.75,1.63,1.63,1051.2965,225.2,1.61,2183.0,123.45,0.0,3290.0,-60.39608331154256,1.8953855333684875e-06
Fe2VTa0.05Al0.95,Fe2.000,V1.000,Ta0.050Al0.950,200.0,1.6400000000000006,0.0,0.0,153.9663414,60.0,0.0,0.0,16.561999999999998,7.0,0.35,4.0,1.6045,7.0,3.0,0.0,14.0,16.0,7.0,0.0,2.0,25.0,5.0,1.5,48.0,5.1,8.0,4.75,0.1100000000000001,0.0,71.75,1.63,1.63,1051.2965,225.2,1.61,2183.0,123.45,0.0,3290.0,-88.53082120335024,2.3105510008916704e-06
Fe2VTa0.05Al0.95,Fe2.000,V1.000,Ta0.050Al0.950,250.0,1.6400000000000006,0.0,0.0,153.9663414,60.0,0.0,0.0,16.561999999999998,7.0,0.35,4.0,1.6045,7.0,3.0,0.0,14.0,16.0,7.0,0.0,2.0,25.0,5.0,1.5,48.0,5.1,8.0,4.75,0.1100000000000001,0.0,71.75,1.63,1.63,1051.2965,225.2,1.61,2183.0,123.45,0.0,3290.0,-109.0859786837,2.7397589299572777e-06
Fe2VTa0.05Al0.95,Fe2.000,V1.000,Ta0.050Al0.950,300.0,1.6400000000000006,0.0,0.0,153.9663414,60.0,0.0,0.0,16.561999999999998,7.0,0.35,4.0,1.6045,7.0,3.0,0.0,14.0,16.0,7.0,0.0,2.0,25.0,5.0,1.5,48.0,5.1,8.0,4.75,0.1100000000000001,0.0,71.75,1.63,1.63,1051.2965,225.2,1.61,2183.0,123.45,0.0,3290.0,-122.7695855712,3.1382834122198907e-06
Fe2VTa0.05Al0.95,Fe2.000,V1.000,Ta0.050Al0.950,350.0,1.6400000000000006,0.0,0.0,153.9663414,60.0,0.0,0.0,16.561999999999998,7.0,0.35,4.0,1.6045,7.0,3.0,0.0,14.0,16.0,7.0,0.0,2.0,25.0,5.0,1.5,48.0,5.1,8.0,4.75,0.1100000000000001,0.0,71.75,1.63,1.63,1051.2965,225.2,1.61,2183.0,123.45,0.0,3290.0,-130.3258443943,3.4753610803343972e-06
Fe2VTa0.05Al0.95,Fe2.000,V1.000,Ta0.050Al0.950,400.0,1.6400000000000006,0.0,0.0,153.9663414,60.0,0.0,0.0,16.561999999999998,7.0,0.35,4.0,1.6045,7.0,3.0,0.0,14.0,16.0,7.0,0.0,2.0,25.0,5.0,1.5,48.0,5.1,8.0,4.75,0.1100000000000001,0.0,71.75,1.63,1.63,1051.2965,225.2,1.61,2183.0,123.45,0.0,3290.0,-132.52400957740002,3.7324586599397033e-06
Fe2VTa0.05Al0.95,Fe2.000,V1.000,Ta0.050Al0.950,450.0,1.6400000000000006,0.0,0.0,153.9663414,60.0,0.0,0.0,16.561999999999998,7.0,0.35,4.0,1.6045,7.0,3.0,0.0,14.0,16.0,7.0,0.0,2.0,25.0,5.0,1.5,48.0,5.1,8.0,4.75,0.1100000000000001,0.0,71.75,1.63,1.63,1051.2965,225.2,1.61,2183.0,123.45,0.0,3290.0,-130.1472666265,3.901540521642453e-06
Fe2VTa0.05Al0.95,Fe2.000,V1.000,Ta0.050Al0.950,500.0,1.6400000000000006,0.0,0.0,153.9663414,60.0,0.0,0.0,16.561999999999998,7.0,0.35,4.0,1.6045,7.0,3.0,0.0,14.0,16.0,7.0,0.0,2.0,25.0,5.0,1.5,48.0,5.1,8.0,4.75,0.1100000000000001,0.0,71.75,1.63,1.63,1051.2965,225.2,1.61,2183.0,123.45,0.0,3290.0,-123.9816113156,3.983336233000739e-06
Fe2VTa0.05Al0.95,Fe2.000,V1.000,Ta0.050Al0.950,550.0,1.6400000000000006,0.0,0.0,153.9663414,60.0,0.0,0.0,16.561999999999998,7.0,0.35,4.0,1.6045,7.0,3.0,0.0,14.0,16.0,7.0,0.0,2.0,25.0,5.0,1.5,48.0,5.1,8.0,4.75,0.1100000000000001,0.0,71.75,1.63,1.63,1051.2965,225.2,1.61,2183.0,123.45,0.0,3290.0,-114.8047288718,3.985608110507825e-06
Fe2VTa0.05Al0.95,Fe2.000,V1.000,Ta0.050Al0.950,600.0,1.6400000000000006,0.0,0.0,153.9663414,60.0,0.0,0.0,16.561999999999998,7.0,0.35,4.0,1.6045,7.0,3.0,0.0,14.0,16.0,7.0,0.0,2.0,25.0,5.0,1.5,48.0,5.1,8.0,4.75,0.1100000000000001,0.0,71.75,1.63,1.63,1051.2965,225.2,1.61,2183.0,123.45,0.0,3290.0,-103.3748731622,3.921418771575854e-06
Fe2VTa0.05Al0.95,Fe2.000,V1.000,Ta0.050Al0.950,650.0,1.6400000000000006,0.0,0.0,153.9663414,60.0,0.0,0.0,16.561999999999998,7.0,0.35,4.0,1.6045,7.0,3.0,0.0,14.0,16.0,7.0,0.0,2.0,25.0,5.0,1.5,48.0,5.1,8.0,4.75,0.1100000000000001,0.0,71.75,1.63,1.63,1051.2965,225.2,1.61,2183.0,123.45,0.0,3290.0,-90.41974587910288,3.8073986865195872e-06
Fe2VTa0.05Al0.95,Fe2.000,V1.000,Ta0.050Al0.950,150.0,1.6400000000000006,0.0,0.0,153.9663414,60.0,0.0,0.0,16.561999999999998,7.0,0.35,4.0,1.6045,7.0,3.0,0.0,14.0,16.0,7.0,0.0,2.0,25.0,5.0,1.5,48.0,5.1,8.0,4.75,0.1100000000000001,0.0,71.75,1.63,1.63,1051.2965,225.2,1.61,2183.0,123.45,0.0,3290.0,-35.326764700978494,3.4814853028514493e-06
Fe2VTa0.05Al0.95,Fe2.000,V1.000,Ta0.050Al0.950,200.0,1.6400000000000006,0.0,0.0,153.9663414,60.0,0.0,0.0,16.561999999999998,7.0,0.35,4.0,1.6045,7.0,3.0,0.0,14.0,16.0,7.0,0.0,2.0,25.0,5.0,1.5,48.0,5.1,8.0,4.75,0.1100000000000001,0.0,71.75,1.63,1.63,1051.2965,225.2,1.61,2183.0,123.45,0.0,3290.0,-41.711480180498114,3.411788068015909e-06
Fe2VTa0.05Al0.95,Fe2.000,V1.000,Ta0.050Al0.950,250.0,1.6400000000000006,0.0,0.0,153.9663414,60.0,0.0,0.0,16.561999999999998,7.0,0.35,4.0,1.6045,7.0,3.0,0.0,14.0,16.0,7.0,0.0,2.0,25.0,5.0,1.5,48.0,5.1,8.0,4.75,0.1100000000000001,0.0,71.75,1.63,1.63,1051.2965,225.2,1.61,2183.0,123.45,0.0,3290.0,-45.57290160959631,3.297378367603434e-06
Fe2VTa0.05Al0.95,Fe2.000,V1.000,Ta0.050Al0.950,300.0,1.6400000000000006,0.0,0.0,153.9663414,60.0,0.0,0.0,16.561999999999998,7.0,0.35,4.0,1.6045,7.0,3.0,0.0,14.0,16.0,7.0,0.0,2.0,25.0,5.0,1.5,48.0,5.1,8.0,4.75,0.1100000000000001,0.0,71.75,1.63,1.63,1051.2965,225.2,1.61,2183.0,123.45,0.0,3290.0,-46.95192391718293,3.2059128050526315e-06
Fe2VTa0.05Al0.95,Fe2.000,V1.000,Ta0.050Al0.950,350.0,1.6400000000000006,0.0,0.0,153.9663414,60.0,0.0,0.0,16.561999999999998,7.0,0.35,4.0,1.6045,7.0,3.0,0.0,14.0,16.0,7.0,0.0,2.0,25.0,5.0,1.5,48.0,5.1,8.0,4.75,0.1100000000000001,0.0,71.75,1.63,1.63,1051.2965,225.2,1.61,2183.0,123.45,0.0,3290.0,-46.38284265552989,3.1746900894699595e-06
Fe2VTa0.05Al0.95,Fe2.000,V1.000,Ta0.050Al0.950,400.0,1.6400000000000006,0.0,0.0,153.9663414,60.0,0.0,0.0,16.561999999999998,7.0,0.35,4.0,1.6045,7.0,3.0,0.0,14.0,16.0,7.0,0.0,2.0,25.0,5.0,1.5,48.0,5.1,8.0,4.75,0.1100000000000001,0.0,71.75,1.63,1.63,1051.2965,225.2,1.61,2183.0,123.45,0.0,3290.0,-44.67535450831716,3.215995188170003e-06
Fe2VTa0.05Al0.95,Fe2.000,V1.000,Ta0.050Al0.950,450.0,1.6400000000000006,0.0,0.0,153.9663414,60.0,0.0,0.0,16.561999999999998,7.0,0.35,4.0,1.6045,7.0,3.0,0.0,14.0,16.0,7.0,0.0,2.0,25.0,5.0,1.5,48.0,5.1,8.0,4.75,0.1100000000000001,0.0,71.75,1.63,1.63,1051.2965,225.2,1.61,2183.0,123.45,0.0,3290.0,-42.69655779867876,3.3224434792157685e-06
Fe2VTa0.05Al0.95,Fe2.000,V1.000,Ta0.050Al0.950,500.0,1.6400000000000006,0.0,0.0,153.9663414,60.0,0.0,0.0,16.561999999999998,7.0,0.35,4.0,1.6045,7.0,3.0,0.0,14.0,16.0,7.0,0.0,2.0,25.0,5.0,1.5,48.0,5.1,8.0,4.75,0.1100000000000001,0.0,71.75,1.63,1.63,1051.2965,225.2,1.61,2183.0,123.45,0.0,3290.0,-41.15295299724867,3.472324903958972e-06
Fe2VTa0.05Al0.95,Fe2.000,V1.000,Ta0.050Al0.950,550.0,1.6400000000000006,0.0,0.0,153.9663414,60.0,0.0,0.0,16.561999999999998,7.0,0.35,4.0,1.6045,7.0,3.0,0.0,14.0,16.0,7.0,0.0,2.0,25.0,5.0,1.5,48.0,5.1,8.0,4.75,0.1100000000000001,0.0,71.75,1.63,1.63,1051.2965,225.2,1.61,2183.0,123.45,0.0,3290.0,-40.3724432302073,3.634948119580328e-06
Fe2VTa0.05Al0.95,Fe2.000,V1.000,Ta0.050Al0.950,600.0,1.6400000000000006,0.0,0.0,153.9663414,60.0,0.0,0.0,16.561999999999998,7.0,0.35,4.0,1.6045,7.0,3.0,0.0,14.0,16.0,7.0,0.0,2.0,25.0,5.0,1.5,48.0,5.1,8.0,4.75,0.1100000000000001,0.0,71.75,1.63,1.63,1051.2965,225.2,1.61,2183.0,123.45,0.0,3290.0,-40.08633478732695,3.775984651629819e-06
Fe2VTa0.05Al0.95,Fe2.000,V1.000,Ta0.050Al0.950,650.0,1.6400000000000006,0.0,0.0,153.9663414,60.0,0.0,0.0,16.561999999999998,7.0,0.35,4.0,1.6045,7.0,3.0,0.0,14.0,16.0,7.0,0.0,2.0,25.0,5.0,1.5,48.0,5.1,8.0,4.75,0.1100000000000001,0.0,71.75,1.63,1.63,1051.2965,225.2,1.61,2183.0,123.45,0.0,3290.0,-39.21133763001773,3.862813046567029e-06
Fe2V0.95Ta0.05Al0.9Si0.1,Fe2.000,V1.000,Ta0.048Al0.857Si0.095,50.0,3.960000000000001,0.773,0.0,153.9663414,60.0,0.0,0.0,16.934919999999998,7.0,0.336,4.0,1.63227,7.0,3.0,0.0,14.0,16.0,7.0,0.0,3.0,30.0,5.0,1.5,48.0,5.001,9.0,4.665,0.3999999999999999,0.0,72.27499999999999,1.63,1.63,1118.1687900000002,225.382,1.9,2183.0,122.402,0.073435,3290.0,-43.484600020374096,7.873283997764559e-07
Fe2V0.95Ta0.05Al0.9Si0.1,Fe2.000,V1.000,Ta0.048Al0.857Si0.095,100.0,3.960000000000001,0.773,0.0,153.9663414,60.0,0.0,0.0,16.934919999999998,7.0,0.336,4.0,1.63227,7.0,3.0,0.0,14.0,16.0,7.0,0.0,3.0,30.0,5.0,1.5,48.0,5.001,9.0,4.665,0.3999999999999999,0.0,72.27499999999999,1.63,1.63,1118.1687900000002,225.382,1.9,2183.0,122.402,0.073435,3290.0,-78.53267471671958,1.0057500424028457e-06
Fe2V0.95Ta0.05Al0.9Si0.1,Fe2.000,V1.000,Ta0.048Al0.857Si0.095,150.0,3.960000000000001,0.773,0.0,153.9663414,60.0,0.0,0.0,16.934919999999998,7.0,0.336,4.0,1.63227,7.0,3.0,0.0,14.0,16.0,7.0,0.0,3.0,30.0,5.0,1.5,48.0,5.001,9.0,4.665,0.3999999999999999,0.0,72.27499999999999,1.63,1.63,1118.1687900000002,225.382,1.9,2183.0,122.402,0.073435,3290.0,-105.4133602524,1.3438535204031158e-06
Fe2V0.95Ta0.05Al0.9Si0.1,Fe2.000,V1.000,Ta0.048Al0.857Si0.095,200.0,3.960000000000001,0.773,0.0,153.9663414,60.0,0.0,0.0,16.934919999999998,7.0,0.336,4.0,1.63227,7.0,3.0,0.0,14.0,16.0,7.0,0.0,3.0,30.0,5.0,1.5,48.0,5.001,9.0,4.665,0.3999999999999999,0.0,72.27499999999999,1.63,1.63,1118.1687900000002,225.382,1.9,2183.0,122.402,0.073435,3290.0,-123.0763879286,1.7368209444428496e-06
Fe2V0.95Ta0.05Al0.9Si0.1,Fe2.000,V1.000,Ta0.048Al0.857Si0.095,250.0,3.960000000000001,0.773,0.0,153.9663414,60.0,0.0,0.0,16.934919999999998,7.0,0.336,4.0,1.63227,7.0,3.0,0.0,14.0,16.0,7.0,0.0,3.0,30.0,5.0,1.5,48.0,5.001,9.0,4.665,0.3999999999999999,0.0,72.27499999999999,1.63,1.63,1118.1687900000002,225.382,1.9,2183.0,122.402,0.073435,3290.0,-131.44513101360002,2.1329559182141923e-06
Fe2V0.95Ta0.05Al0.9Si0.1,Fe2.000,V1.000,Ta0.048Al0.857Si0.095,300.0,3.960000000000001,0.773,0.0,153.9663414,60.0,0.0,0.0,16.934919999999998,7.0,0.336,4.0,1.63227,7.0,3.0,0.0,14.0,16.0,7.0,0.0,3.0,30.0,5.0,1.5,48.0,5.001,9.0,4.665,0.3999999999999999,0.0,72.27499999999999,1.63,1.63,1118.1687900000002,225.382,1.9,2183.0,122.402,0.073435,3290.0,-131.2384548293,2.49298549430093e-06
Fe2V0.95Ta0.05Al0.9Si0.1,Fe2.000,V1.000,Ta0.048Al0.857Si0.095,350.0,3.960000000000001,0.773,0.0,153.9663414,60.0,0.0,0.0,16.934919999999998,7.0,0.336,4.0,1.63227,7.0,3.0,0.0,14.0,16.0,7.0,0.0,3.0,30.0,5.0,1.5,48.0,5.001,9.0,4.665,0.3999999999999999,0.0,72.27499999999999,1.63,1.63,1118.1687900000002,225.382,1.9,2183.0,122.402,0.073435,3290.0,-123.792566838,2.789362130043566e-06
Fe2V0.95Ta0.05Al0.9Si0.1,Fe2.000,V1.000,Ta0.048Al0.857Si0.095,400.0,3.960000000000001,0.773,0.0,153.9663414,60.0,0.0,0.0,16.934919999999998,7.0,0.336,4.0,1.63227,7.0,3.0,0.0,14.0,16.0,7.0,0.0,3.0,30.0,5.0,1.5,48.0,5.001,9.0,4.665,0.3999999999999999,0.0,72.27499999999999,1.63,1.63,1118.1687900000002,225.382,1.9,2183.0,122.402,0.073435,3290.0,-110.8828667298,3.005565643404396e-06
Fe2V0.95Ta0.05Al0.9Si0.1,Fe2.000,V1.000,Ta0.048Al0.857Si0.095,450.0,3.960000000000001,0.773,0.0,153.9663414,60.0,0.0,0.0,16.934919999999998,7.0,0.336,4.0,1.63227,7.0,3.0,0.0,14.0,16.0,7.0,0.0,3.0,30.0,5.0,1.5,48.0,5.001,9.0,4.665,0.3999999999999999,0.0,72.27499999999999,1.63,1.63,1118.1687900000002,225.382,1.9,2183.0,122.402,0.073435,3290.0,-94.54579650881746,3.1354051688325925e-06
Fe2V0.95Ta0.05Al0.9Si0.1,Fe2.000,V1.000,Ta0.048Al0.857Si0.095,500.0,3.960000000000001,0.773,0.0,153.9663414,60.0,0.0,0.0,16.934919999999998,7.0,0.336,4.0,1.63227,7.0,3.0,0.0,14.0,16.0,7.0,0.0,3.0,30.0,5.0,1.5,48.0,5.001,9.0,4.665,0.3999999999999999,0.0,72.27499999999999,1.63,1.63,1118.1687900000002,225.382,1.9,2183.0,122.402,0.073435,3290.0,-76.90069058035347,3.1823211131292782e-06
Fe2V0.95Ta0.05Al0.9Si0.1,Fe2.000,V1.000,Ta0.048Al0.857Si0.095,550.0,3.960000000000001,0.773,0.0,153.9663414,60.0,0.0,0.0,16.934919999999998,7.0,0.336,4.0,1.63227,7.0,3.0,0.0,14.0,16.0,7.0,0.0,3.0,30.0,5.0,1.5,48.0,5.001,9.0,4.665,0.3999999999999999,0.0,72.27499999999999,1.63,1.63,1118.1687900000002,225.382,1.9,2183.0,122.402,0.073435,3290.0,-59.97162583770256,3.158687111312592e-06
Fe2V0.95Ta0.05Al0.9Si0.1,Fe2.000,V1.000,Ta0.048Al0.857Si0.095,600.0,3.960000000000001,0.773,0.0,153.9663414,60.0,0.0,0.0,16.934919999999998,7.0,0.336,4.0,1.63227,7.0,3.0,0.0,14.0,16.0,7.0,0.0,3.0,30.0,5.0,1.5,48.0,5.001,9.0,4.665,0.3999999999999999,0.0,72.27499999999999,1.63,1.63,1118.1687900000002,225.382,1.9,2183.0,122.402,0.073435,3290.0,-45.50927174893337,3.085111982482792e-06
Fe2V0.95Ta0.05Al0.9Si0.1,Fe2.000,V1.000,Ta0.048Al0.857Si0.095,650.0,3.960000000000001,0.773,0.0,153.9663414,60.0,0.0,0.0,16.934919999999998,7.0,0.336,4.0,1.63227,7.0,3.0,0.0,14.0,16.0,7.0,0.0,3.0,30.0,5.0,1.5,48.0,5.001,9.0,4.665,0.3999999999999999,0.0,72.27499999999999,1.63,1.63,1118.1687900000002,225.382,1.9,2183.0,122.402,0.073435,3290.0,-34.81274044375445,2.9897416856872976e-06
Fe2V0.95Ta0.05Al0.9Si0.1,Fe2.000,V1.000,Ta0.048Al0.857Si0.095,700.0,3.960000000000001,0.773,0.0,153.9663414,60.0,0.0,0.0,16.934919999999998,7.0,0.336,4.0,1.63227,7.0,3.0,0.0,14.0,16.0,7.0,0.0,3.0,30.0,5.0,1.5,48.0,5.001,9.0,4.665,0.3999999999999999,0.0,72.27499999999999,1.63,1.63,1118.1687900000002,225.382,1.9,2183.0,122.402,0.073435,3290.0,-28.55143680035535,2.9075612757858163e-06
Fe2V0.95Ta0.05Al0.9Si0.1,Fe2.000,V1.000,Ta0.048Al0.857Si0.095,750.0,3.960000000000001,0.773,0.0,153.9663414,60.0,0.0,0.0,16.934919999999998,7.0,0.336,4.0,1.63227,7.0,3.0,0.0,14.0,16.0,7.0,0.0,3.0,30.0,5.0,1.5,48.0,5.001,9.0,4.665,0.3999999999999999,0.0,72.27499999999999,1.63,1.63,1118.1687900000002,225.382,1.9,2183.0,122.402,0.073435,3290.0,-26.586908532246326,2.879696859315361e-06
Fe2V0.95Ta0.05Al0.9Si0.1,Fe2.000,V1.000,Ta0.048Al0.857Si0.095,50.0,3.960000000000001,0.773,0.0,153.9663414,60.0,0.0,0.0,16.934919999999998,7.0,0.336,4.0,1.63227,7.0,3.0,0.0,14.0,16.0,7.0,0.0,3.0,30.0,5.0,1.5,48.0,5.001,9.0,4.665,0.3999999999999999,0.0,72.27499999999999,1.63,1.63,1118.1687900000002,225.382,1.9,2183.0,122.402,0.073435,3290.0,-49.05484375358555,1.0792168172184143e-06
Fe2V0.95Ta0.05Al0.9Si0.1,Fe2.000,V1.000,Ta0.048Al0.857Si0.095,100.0,3.960000000000001,0.773,0.0,153.9663414,60.0,0.0,0.0,16.934919999999998,7.0,0.336,4.0,1.63227,7.0,3.0,0.0,14.0,16.0,7.0,0.0,3.0,30.0,5.0,1.5,48.0,5.001,9.0,4.665,0.3999999999999999,0.0,72.27499999999999,1.63,1.63,1118.1687900000002,225.382,1.9,2183.0,122.402,0.073435,3290.0,-89.13914563886047,1.3396296089386185e-06
Fe2V0.95Ta0.05Al0.9Si0.1,Fe2.000,V1.000,Ta0.048Al0.857Si0.095,150.0,3.960000000000001,0.773,0.0,153.9663414,60.0,0.0,0.0,16.934919999999998,7.0,0.336,4.0,1.63227,7.0,3.0,0.0,14.0,16.0,7.0,0.0,3.0,30.0,5.0,1.5,48.0,5.001,9.0,4.665,0.3999999999999999,0.0,72.27499999999999,1.63,1.63,1118.1687900000002,225.382,1.9,2183.0,122.402,0.073435,3290.0,-122.7748192128,1.7313816680255796e-06
Fe2V0.95Ta0.05Al0.9Si0.1,Fe2.000,V1.000,Ta0.048Al0.857Si0.095,200.0,3.960000000000001,0.773,0.0,153.9663414,60.0,0.0,0.0,16.934919999999998,7.0,0.336,4.0,1.63227,7.0,3.0,0.0,14.0,16.0,7.0,0.0,3.0,30.0,5.0,1.5,48.0,5.001,9.0,4.665,0.3999999999999999,0.0,72.27499999999999,1.63,1.63,1118.1687900000002,225.382,1.9,2183.0,122.402,0.073435,3290.0,-146.6443970248,2.183969212680533e-06
Fe2V0.95Ta0.05Al0.9Si0.1,Fe2.000,V1.000,Ta0.048Al0.857Si0.095,250.0,3.960000000000001,0.773,0.0,153.9663414,60.0,0.0,0.0,16.934919999999998,7.0,0.336,4.0,1.63227,7.0,3.0,0.0,14.0,16.0,7.0,0.0,3.0,30.0,5.0,1.5,48.0,5.001,9.0,4.665,0.3999999999999999,0.0,72.27499999999999,1.63,1.63,1118.1687900000002,225.382,1.9,2183.0,122.402,0.073435,3290.0,-159.2473469472,2.6373102165059107e-06
Fe2V0.95Ta0.05Al0.9Si0.1,Fe2.000,V1.000,Ta0.048Al0.857Si0.095,300.0,3.960000000000001,0.773,0.0,153.9663414,60.0,0.0,0.0,16.934919999999998,7.0,0.336,4.0,1.63227,7.0,3.0,0.0,14.0,16.0,7.0,0.0,3.0,30.0,5.0,1.5,48.0,5.001,9.0,4.665,0.3999999999999999,0.0,72.27499999999999,1.63,1.63,1118.1687900000002,225.382,1.9,2183.0,122.402,0.073435,3290.0,-160.59982121500002,3.0425117691168345e-06
Fe2V0.95Ta0.05Al0.9Si0.1,Fe2.000,V1.000,Ta0.048Al0.857Si0.095,350.0,3.960000000000001,0.773,0.0,153.9663414,60.0,0.0,0.0,16.934919999999998,7.0,0.336,4.0,1.63227,7.0,3.0,0.0,14.0,16.0,7.0,0.0,3.0,30.0,5.0,1.5,48.0,5.001,9.0,4.665,0.3999999999999999,0.0,72.27499999999999,1.63,1.63,1118.1687900000002,225.382,1.9,2183.0,122.402,0.073435,3290.0,-151.93440546399998,3.362637436752601e-06
Fe2V0.95Ta0.05Al0.9Si0.1,Fe2.000,V1.000,Ta0.048Al0.857Si0.095,400.0,3.960000000000001,0.773,0.0,153.9663414,60.0,0.0,0.0,16.934919999999998,7.0,0.336,4.0,1.63227,7.0,3.0,0.0,14.0,16.0,7.0,0.0,3.0,30.0,5.0,1.5,48.0,5.001,9.0,4.665,0.3999999999999999,0.0,72.27499999999999,1.63,1.63,1118.1687900000002,225.382,1.9,2183.0,122.402,0.073435,3290.0,-135.39986777020002,3.5734746228881744e-06
Fe2V0.95Ta0.05Al0.9Si0.1,Fe2.000,V1.000,Ta0.048Al0.857Si0.095,450.0,3.960000000000001,0.773,0.0,153.9663414,60.0,0.0,0.0,16.934919999999998,7.0,0.336,4.0,1.63227,7.0,3.0,0.0,14.0,16.0,7.0,0.0,3.0,30.0,5.0,1.5,48.0,5.001,9.0,4.665,0.3999999999999999,0.0,72.27499999999999,1.63,1.63,1118.1687900000002,225.382,1.9,2183.0,122.402,0.073435,3290.0,-113.7609076879,3.6643019288456743e-06
Fe2V0.95Ta0.05Al0.9Si0.1,Fe2.000,V1.000,Ta0.048Al0.857Si0.095,500.0,3.960000000000001,0.773,0.0,153.9663414,60.0,0.0,0.0,16.934919999999998,7.0,0.336,4.0,1.63227,7.0,3.0,0.0,14.0,16.0,7.0,0.0,3.0,30.0,5.0,1.5,48.0,5.001,9.0,4.665,0.3999999999999999,0.0,72.27499999999999,1.63,1.63,1118.1687900000002,225.382,1.9,2183.0,122.402,0.073435,3290.0,-90.09790528916471,3.638656514405863e-06
Fe2V0.95Ta0.05Al0.9Si0.1,Fe2.000,V1.000,Ta0.048Al0.857Si0.095,550.0,3.960000000000001,0.773,0.0,153.9663414,60.0,0.0,0.0,16.934919999999998,7.0,0.336,4.0,1.63227,7.0,3.0,0.0,14.0,16.0,7.0,0.0,3.0,30.0,5.0,1.5,48.0,5.001,9.0,4.665,0.3999999999999999,0.0,72.27499999999999,1.63,1.63,1118.1687900000002,225.382,1.9,2183.0,122.402,0.073435,3290.0,-67.5066702020231,3.5151014584196426e-06
Fe2V0.95Ta0.05Al0.9Si0.1,Fe2.000,V1.000,Ta0.048Al0.857Si0.095,600.0,3.960000000000001,0.773,0.0,153.9663414,60.0,0.0,0.0,16.934919999999998,7.0,0.336,4.0,1.63227,7.0,3.0,0.0,14.0,16.0,7.0,0.0,3.0,30.0,5.0,1.5,48.0,5.001,9.0,4.665,0.3999999999999999,0.0,72.27499999999999,1.63,1.63,1118.1687900000002,225.382,1.9,2183.0,122.402,0.073435,3290.0,-48.79819064980134,3.3279931194195323e-06
Fe2V0.95Ta0.05Al0.9Si0.1,Fe2.000,V1.000,Ta0.048Al0.857Si0.095,650.0,3.960000000000001,0.773,0.0,153.9663414,60.0,0.0,0.0,16.934919999999998,7.0,0.336,4.0,1.63227,7.0,3.0,0.0,14.0,16.0,7.0,0.0,3.0,30.0,5.0,1.5,48.0,5.001,9.0,4.665,0.3999999999999999,0.0,72.27499999999999,1.63,1.63,1118.1687900000002,225.382,1.9,2183.0,122.402,0.073435,3290.0,-36.198382489621814,3.128248496231172e-06
Fe2V0.95Ta0.05Al0.9Si0.1,Fe2.000,V1.000,Ta0.048Al0.857Si0.095,700.0,3.960000000000001,0.773,0.0,153.9663414,60.0,0.0,0.0,16.934919999999998,7.0,0.336,4.0,1.63227,7.0,3.0,0.0,14.0,16.0,7.0,0.0,3.0,30.0,5.0,1.5,48.0,5.001,9.0,4.665,0.3999999999999999,0.0,72.27499999999999,1.63,1.63,1118.1687900000002,225.382,1.9,2183.0,122.402,0.073435,3290.0,-31.047838251268978,2.9841125885848037e-06
Fe2V0.95Ta0.05Al0.9Si0.1,Fe2.000,V1.000,Ta0.048Al0.857Si0.095,750.0,3.960000000000001,0.773,0.0,153.9663414,60.0,0.0,0.0,16.934919999999998,7.0,0.336,4.0,1.63227,7.0,3.0,0.0,14.0,16.0,7.0,0.0,3.0,30.0,5.0,1.5,48.0,5.001,9.0,4.665,0.3999999999999999,0.0,72.27499999999999,1.63,1.63,1118.1687900000002,225.382,1.9,2183.0,122.402,0.073435,3290.0,-33.50157617599715,2.9819257577267538e-06
Fe2V0.95Ta0.05Al0.9Si0.1,Fe2.000,V1.000,Ta0.048Al0.857Si0.095,50.0,3.960000000000001,0.773,0.0,153.9663414,60.0,0.0,0.0,16.934919999999998,7.0,0.336,4.0,1.63227,7.0,3.0,0.0,14.0,16.0,7.0,0.0,3.0,30.0,5.0,1.5,48.0,5.001,9.0,4.665,0.3999999999999999,0.0,72.27499999999999,1.63,1.63,1118.1687900000002,225.382,1.9,2183.0,122.402,0.073435,3290.0,-26.935098401311315,7.272693686567554e-07
Fe2V0.95Ta0.05Al0.9Si0.1,Fe2.000,V1.000,Ta0.048Al0.857Si0.095,100.0,3.960000000000001,0.773,0.0,153.9663414,60.0,0.0,0.0,16.934919999999998,7.0,0.336,4.0,1.63227,7.0,3.0,0.0,14.0,16.0,7.0,0.0,3.0,30.0,5.0,1.5,48.0,5.001,9.0,4.665,0.3999999999999999,0.0,72.27499999999999,1.63,1.63,1118.1687900000002,225.382,1.9,2183.0,122.402,0.073435,3290.0,-50.79921229106446,9.268288097552064e-07
Fe2V0.95Ta0.05Al0.9Si0.1,Fe2.000,V1.000,Ta0.048Al0.857Si0.095,150.0,3.960000000000001,0.773,0.0,153.9663414,60.0,0.0,0.0,16.934919999999998,7.0,0.336,4.0,1.63227,7.0,3.0,0.0,14.0,16.0,7.0,0.0,3.0,30.0,5.0,1.5,48.0,5.001,9.0,4.665,0.3999999999999999,0.0,72.27499999999999,1.63,1.63,1118.1687900000002,225.382,1.9,2183.0,122.402,0.073435,3290.0,-71.37779642042454,1.2211721172402696e-06
Fe2V0.95Ta0.05Al0.9Si0.1,Fe2.000,V1.000,Ta0.048Al0.857Si0.095,200.0,3.960000000000001,0.773,0.0,153.9663414,60.0,0.0,0.0,16.934919999999998,7.0,0.336,4.0,1.63227,7.0,3.0,0.0,14.0,16.0,7.0,0.0,3.0,30.0,5.0,1.5,48.0,5.001,9.0,4.665,0.3999999999999999,0.0,72.27499999999999,1.63,1.63,1118.1687900000002,225.382,1.9,2183.0,122.402,0.073435,3290.0,-87.76359511196235,1.5801660299599611e-06
Fe2V0.95Ta0.05Al0.9Si0.1,Fe2.000,V1.000,Ta0.048Al0.857Si0.095,250.0,3.960000000000001,0.773,0.0,153.9663414,60.0,0.0,0.0,16.934919999999998,7.0,0.336,4.0,1.63227,7.0,3.0,0.0,14.0,16.0,7.0,0.0,3.0,30.0,5.0,1.5,48.0,5.001,9.0,4.665,0.3999999999999999,0.0,72.27499999999999,1.63,1.63,1118.1687900000002,225.382,1.9,2183.0,122.402,0.073435,3290.0,-99.3546159994398,1.97238078588739e-06
Fe2V0.95Ta0.05Al0.9Si0.1,Fe2.000,V1.000,Ta0.048Al0.857Si0.095,300.0,3.960000000000001,0.773,0.0,153.9663414,60.0,0.0,0.0,16.934919999999998,7.0,0.336,4.0,1.63227,7.0,3.0,0.0,14.0,16.0,7.0,0.0,3.0,30.0,5.0,1.5,48.0,5.001,9.0,4.665,0.3999999999999999,0.0,72.27499999999999,1.63,1.63,1118.1687900000002,225.382,1.9,2183.0,122.402,0.073435,3290.0,-105.854581845,2.3668854723636024e-06
Fe2V0.95Ta0.05Al0.9Si0.1,Fe2.000,V1.000,Ta0.048Al0.857Si0.095,350.0,3.960000000000001,0.773,0.0,153.9663414,60.0,0.0,0.0,16.934919999999998,7.0,0.336,4.0,1.63227,7.0,3.0,0.0,14.0,16.0,7.0,0.0,3.0,30.0,5.0,1.5,48.0,5.001,9.0,4.665,0.3999999999999999,0.0,72.27499999999999,1.63,1.63,1118.1687900000002,225.382,1.9,2183.0,122.402,0.073435,3290.0,-107.2733823568,2.7350433763404385e-06
Fe2V0.95Ta0.05Al0.9Si0.1,Fe2.000,V1.000,Ta0.048Al0.857Si0.095,400.0,3.960000000000001,0.773,0.0,153.9663414,60.0,0.0,0.0,16.934919999999998,7.0,0.336,4.0,1.63227,7.0,3.0,0.0,14.0,16.0,7.0,0.0,3.0,30.0,5.0,1.5,48.0,5.001,9.0,4.665,0.3999999999999999,0.0,72.27499999999999,1.63,1.63,1118.1687900000002,225.382,1.9,2183.0,122.402,0.073435,3290.0,-103.9275260058,3.052307334623376e-06
Fe2V0.95Ta0.05Al0.9Si0.1,Fe2.000,V1.000,Ta0.048Al0.857Si0.095,450.0,3.960000000000001,0.773,0.0,153.9663414,60.0,0.0,0.0,16.934919999999998,7.0,0.336,4.0,1.63227,7.0,3.0,0.0,14.0,16.0,7.0,0.0,3.0,30.0,5.0,1.5,48.0,5.001,9.0,4.665,0.3999999999999999,0.0,72.27499999999999,1.63,1.63,1118.1687900000002,225.382,1.9,2183.0,122.402,0.073435,3290.0,-96.44059184326102,3.300015084114384e-06
Fe2V0.95Ta0.05Al0.9Si0.1,Fe2.000,V1.000,Ta0.048Al0.857Si0.095,500.0,3.960000000000001,0.773,0.0,153.9663414,60.0,0.0,0.0,16.934919999999998,7.0,0.336,4.0,1.63227,7.0,3.0,0.0,14.0,16.0,7.0,0.0,3.0,30.0,5.0,1.5,48.0,5.001,9.0,4.665,0.3999999999999999,0.0,72.27499999999999,1.63,1.63,1118.1687900000002,225.382,1.9,2183.0,122.402,0.073435,3290.0,-85.74368131803855,3.4671846120547714e-06
Fe2V0.95Ta0.05Al0.9Si0.1,Fe2.000,V1.000,Ta0.048Al0.857Si0.095,550.0,3.960000000000001,0.773,0.0,153.9663414,60.0,0.0,0.0,16.934919999999998,7.0,0.336,4.0,1.63227,7.0,3.0,0.0,14.0,16.0,7.0,0.0,3.0,30.0,5.0,1.5,48.0,5.001,9.0,4.665,0.3999999999999999,0.0,72.27499999999999,1.63,1.63,1118.1687900000002,225.382,1.9,2183.0,122.402,0.073435,3290.0,-73.07587009392734,3.5523095062680366e-06
Fe2V0.95Ta0.05Al0.9Si0.1,Fe2.000,V1.000,Ta0.048Al0.857Si0.095,600.0,3.960000000000001,0.773,0.0,153.9663414,60.0,0.0,0.0,16.934919999999998,7.0,0.336,4.0,1.63227,7.0,3.0,0.0,14.0,16.0,7.0,0.0,3.0,30.0,5.0,1.5,48.0,5.001,9.0,4.665,0.3999999999999999,0.0,72.27499999999999,1.63,1.63,1118.1687900000002,225.382,1.9,2183.0,122.402,0.073435,3290.0,-59.984659866820245,3.565154305402716e-06
Fe2V0.95Ta0.05Al0.9Si0.1,Fe2.000,V1.000,Ta0.048Al0.857Si0.095,650.0,3.960000000000001,0.773,0.0,153.9663414,60.0,0.0,0.0,16.934919999999998,7.0,0.336,4.0,1.63227,7.0,3.0,0.0,14.0,16.0,7.0,0.0,3.0,30.0,5.0,1.5,48.0,5.001,9.0,4.665,0.3999999999999999,0.0,72.27499999999999,1.63,1.63,1118.1687900000002,225.382,1.9,2183.0,122.402,0.073435,3290.0,-48.32643018202776,3.528549849175241e-06
Fe2V0.95Ta0.05Al0.9Si0.1,Fe2.000,V1.000,Ta0.048Al0.857Si0.095,700.0,3.960000000000001,0.773,0.0,153.9663414,60.0,0.0,0.0,16.934919999999998,7.0,0.336,4.0,1.63227,7.0,3.0,0.0,14.0,16.0,7.0,0.0,3.0,30.0,5.0,1.5,48.0,5.001,9.0,4.665,0.3999999999999999,0.0,72.27499999999999,1.63,1.63,1118.1687900000002,225.382,1.9,2183.0,122.402,0.073435,3290.0,-40.26689025155627,3.480188628612773e-06
Fe2V0.95Ta0.05Al0.9Si0.1,Fe2.000,V1.000,Ta0.048Al0.857Si0.095,750.0,3.960000000000001,0.773,0.0,153.9663414,60.0,0.0,0.0,16.934919999999998,7.0,0.336,4.0,1.63227,7.0,3.0,0.0,14.0,16.0,7.0,0.0,3.0,30.0,5.0,1.5,48.0,5.001,9.0,4.665,0.3999999999999999,0.0,72.27499999999999,1.63,1.63,1118.1687900000002,225.382,1.9,2183.0,122.402,0.073435,3290.0,-38.28153077138655,3.4744201362960714e-06
Ni2MnGa,Ni2.000,Mn1.000,Ga1.000,37.6191,0.0,0.0,0.0,0.0,0.0,0.0,0.0,18.8575,0.0,0.0,0.0,1.81,0.0,0.0,0.000310120689655,0.0,0.0,5.0,0.000310120689655,0.0,0.0,13.0,1.81,74.0,5.0,0.0,5.0,0.0,0.0,74.0,1.55,1.55,302.91,64.0,1.81,1519.0,122.0,0.0,302.91,0.3439,7.32e-07
Ni2MnGa,Ni2.000,Mn1.000,Ga1.000,57.9526,0.0,0.0,0.0,0.0,0.0,0.0,0.0,18.8575,0.0,0.0,0.0,1.81,0.0,0.0,0.000310120689655,0.0,0.0,5.0,0.000310120689655,0.0,0.0,13.0,1.81,74.0,5.0,0.0,5.0,0.0,0.0,74.0,1.55,1.55,302.91,64.0,1.81,1519.0,122.0,0.0,302.91,-2.0722,7.84e-07
Ni2MnGa,Ni2.000,Mn1.000,Ga1.000,76.9811,0.0,0.0,0.0,0.0,0.0,0.0,0.0,18.8575,0.0,0.0,0.0,1.81,0.0,0.0,0.000310120689655,0.0,0.0,5.0,0.000310120689655,0.0,0.0,13.0,1.81,74.0,5.0,0.0,5.0,0.0,0.0,74.0,1.55,1.55,302.91,64.0,1.81,1519.0,122.0,0.0,302.91,-4.4885,8.8e-07
Ni2MnGa,Ni2.000,Mn1.000,Ga1.000,99.2721,0.0,0.0,0.0,0.0,0.0,0.0,0.0,18.8575,0.0,0.0,0.0,1.81,0.0,0.0,0.000310120689655,0.0,0.0,5.0,0.000310120689655,0.0,0.0,13.0,1.81,74.0,5.0,0.0,5.0,0.0,0.0,74.0,1.55,1.55,302.91,64.0,1.81,1519.0,122.0,0.0,302.91,-6.9041,1.06e-06
Ni2MnGa,Ni2.000,Mn1.000,Ga1.000,122.2301,0.0,0.0,0.0,0.0,0.0,0.0,0.0,18.8575,0.0,0.0,0.0,1.81,0.0,0.0,0.000310120689655,0.0,0.0,5.0,0.000310120689655,0.0,0.0,13.0,1.81,74.0,5.0,0.0,5.0,0.0,0.0,74.0,1.55,1.55,302.91,64.0,1.81,1519.0,122.0,0.0,302.91,-9.6519,1.33e-06
Ni2MnGa,Ni2.000,Mn1.000,Ga1.000,150.4042,0.0,0.0,0.0,0.0,0.0,0.0,0.0,18.8575,0.0,0.0,0.0,1.81,0.0,0.0,0.000310120689655,0.0,0.0,5.0,0.000310120689655,0.0,0.0,13.0,1.81,74.0,5.0,0.0,5.0,0.0,0.0,74.0,1.55,1.55,302.91,64.0,1.81,1519.0,122.0,0.0,302.91,-12.3034,1.78e-06
Ni2MnGa,Ni2.000,Mn1.000,Ga1.000,187.6785,0.0,0.0,0.0,0.0,0.0,0.0,0.0,18.8575,0.0,0.0,0.0,1.81,0.0,0.0,0.000310120689655,0.0,0.0,5.0,0.000310120689655,0.0,0.0,13.0,1.81,74.0,5.0,0.0,5.0,0.0,0.0,74.0,1.55,1.55,302.91,64.0,1.81,1519.0,122.0,0.0,302.91,-14.1458,2.39e-06
Ni2MnGa,Ni2.000,Mn1.000,Ga1.000,218.378,0.0,0.0,0.0,0.0,0.0,0.0,0.0,18.8575,0.0,0.0,0.0,1.81,0.0,0.0,0.000310120689655,0.0,0.0,5.0,0.000310120689655,0.0,0.0,13.0,1.81,74.0,5.0,0.0,5.0,0.0,0.0,74.0,1.55,1.55,302.91,64.0,1.81,1519.0,122.0,0.0,302.91,-14.8505,2.79e-06
Ni2MnGa,Ni2.000,Mn1.000,Ga1.000,252.2286,0.0,0.0,0.0,0.0,0.0,0.0,0.0,18.8575,0.0,0.0,0.0,1.81,0.0,0.0,0.000310120689655,0.0,0.0,5.0,0.000310120689655,0.0,0.0,13.0,1.81,74.0,5.0,0.0,5.0,0.0,0.0,74.0,1.55,1.55,302.91,64.0,1.81,1519.0,122.0,0.0,302.91,-12.9912,3.24e-06
Ni2MnGa,Ni2.000,Mn1.000,Ga1.000,279.5478,0.0,0.0,0.0,0.0,0.0,0.0,0.0,18.8575,0.0,0.0,0.0,1.81,0.0,0.0,0.000310120689655,0.0,0.0,5.0,0.000310120689655,0.0,0.0,13.0,1.81,74.0,5.0,0.0,5.0,0.0,0.0,74.0,1.55,1.55,302.91,64.0,1.81,1519.0,122.0,0.0,302.91,-10.9911,3.72e-06
Ni2MnGa,Ni2.000,Mn1.000,Ga1.000,310.7883,0.0,0.0,0.0,0.0,0.0,0.0,0.0,18.8575,0.0,0.0,0.0,1.81,0.0,0.0,0.000310120689655,0.0,0.0,5.0,0.000310120689655,0.0,0.0,13.0,1.81,74.0,5.0,0.0,5.0,0.0,0.0,74.0,1.55,1.55,302.91,64.0,1.81,1519.0,122.0,0.0,302.91,-9.1324,4.47e-06
Ni2MnGa,Ni2.000,Mn1.000,Ga1.000,347.2552,0.0,0.0,0.0,0.0,0.0,0.0,0.0,18.8575,0.0,0.0,0.0,1.81,0.0,0.0,0.000310120689655,0.0,0.0,5.0,0.000310120689655,0.0,0.0,13.0,1.81,74.0,5.0,0.0,5.0,0.0,0.0,74.0,1.55,1.55,302.91,64.0,1.81,1519.0,122.0,0.0,302.91,-7.4149,5.6e-06
Ni2MnGa,Ni2.000,Mn1.000,Ga1.000,373.2879,0.0,0.0,0.0,0.0,0.0,0.0,0.0,18.8575,0.0,0.0,0.0,1.81,0.0,0.0,0.000310120689655,0.0,0.0,5.0,0.000310120689655,0.0,0.0,13.0,1.81,74.0,5.0,0.0,5.0,0.0,0.0,74.0,1.55,1.55,302.91,64.0,1.81,1519.0,122.0,0.0,302.91,-5.8423,6.2e-06
Ni2MnGa,Ni2.000,Mn1.000,Ga1.000,396.7539,0.0,0.0,0.0,0.0,0.0,0.0,0.0,18.8575,0.0,0.0,0.0,1.81,0.0,0.0,0.000310120689655,0.0,0.0,5.0,0.000310120689655,0.0,0.0,13.0,1.81,74.0,5.0,0.0,5.0,0.0,0.0,74.0,1.55,1.55,302.91,64.0,1.81,1519.0,122.0,0.0,302.91,-5.2671,6.2e-06
Ni2MnGa0.97Al0.03,Ni2.000,Mn1.000,Ga0.970Al0.030,27.8499,2.3775000000000013,0.0,0.0,42.7414614,18.0,0.0,0.0,18.786175,0.0,0.0,161.0,1.804,0.0,1.0,0.000310120689655,0.0,10.0,5.0,0.000310120689655,0.0,1.0,13.0,1.61,73.0,5.0,0.0,5.0,0.1999999999999999,0.0,73.97,1.55,1.55,321.8268,68.83,1.81,1519.0,121.97,0.0,933.47,-0.0856,1.06e-06
Ni2MnGa0.97Al0.03,Ni2.000,Mn1.000,Ga0.970Al0.030,51.448,2.3775000000000013,0.0,0.0,42.7414614,18.0,0.0,0.0,18.786175,0.0,0.0,161.0,1.804,0.0,1.0,0.000310120689655,0.0,10.0,5.0,0.000310120689655,0.0,1.0,13.0,1.61,73.0,5.0,0.0,5.0,0.1999999999999999,0.0,73.97,1.55,1.55,321.8268,68.83,1.81,1519.0,121.97,0.0,933.47,-2.5484,1.37e-06
Ni2MnGa0.97Al0.03,Ni2.000,Mn1.000,Ga0.970Al0.030,71.8187,2.3775000000000013,0.0,0.0,42.7414614,18.0,0.0,0.0,18.786175,0.0,0.0,161.0,1.804,0.0,1.0,0.000310120689655,0.0,10.0,5.0,0.000310120689655,0.0,1.0,13.0,1.61,73.0,5.0,0.0,5.0,0.1999999999999999,0.0,73.97,1.55,1.55,321.8268,68.83,1.81,1519.0,121.97,0.0,933.47,-5.8189,1.77e-06
Ni2MnGa0.97Al0.03,Ni2.000,Mn1.000,Ga0.970Al0.030,98.7373,2.3775000000000013,0.0,0.0,42.7414614,18.0,0.0,0.0,18.786175,0.0,0.0,161.0,1.804,0.0,1.0,0.000310120689655,0.0,10.0,5.0,0.000310120689655,0.0,1.0,13.0,1.61,73.0,5.0,0.0,5.0,0.1999999999999999,0.0,73.97,1.55,1.55,321.8268,68.83,1.81,1519.0,121.97,0.0,933.47,-9.61,2.39e-06
Ni2MnGa0.97Al0.03,Ni2.000,Mn1.000,Ga0.970Al0.030,123.0437,2.3775000000000013,0.0,0.0,42.7414614,18.0,0.0,0.0,18.786175,0.0,0.0,161.0,1.804,0.0,1.0,0.000310120689655,0.0,10.0,5.0,0.000310120689655,0.0,1.0,13.0,1.61,73.0,5.0,0.0,5.0,0.1999999999999999,0.0,73.97,1.55,1.55,321.8268,68.83,1.81,1519.0,121.97,0.0,933.47,-13.3542,2.99e-06
Ni2MnGa0.97Al0.03,Ni2.000,Mn1.000,Ga0.970Al0.030,148.6015,2.3775000000000013,0.0,0.0,42.7414614,18.0,0.0,0.0,18.786175,0.0,0.0,161.0,1.804,0.0,1.0,0.000310120689655,0.0,10.0,5.0,0.000310120689655,0.0,1.0,13.0,1.61,73.0,5.0,0.0,5.0,0.1999999999999999,0.0,73.97,1.55,1.55,321.8268,68.83,1.81,1519.0,121.97,0.0,933.47,-15.8639,3.59e-06
Ni2MnGa0.97Al0.03,Ni2.000,Mn1.000,Ga0.970Al0.030,174.1242,2.3775000000000013,0.0,0.0,42.7414614,18.0,0.0,0.0,18.786175,0.0,0.0,161.0,1.804,0.0,1.0,0.000310120689655,0.0,10.0,5.0,0.000310120689655,0.0,1.0,13.0,1.61,73.0,5.0,0.0,5.0,0.1999999999999999,0.0,73.97,1.55,1.55,321.8268,68.83,1.81,1519.0,121.97,0.0,933.47,-17.5667,4.08e-06
Ni2MnGa0.97Al0.03,Ni2.000,Mn1.000,Ga0.970Al0.030,203.5083,2.3775000000000013,0.0,0.0,42.7414614,18.0,0.0,0.0,18.786175,0.0,0.0,161.0,1.804,0.0,1.0,0.000310120689655,0.0,10.0,5.0,0.000310120689655,0.0,1.0,13.0,1.61,73.0,5.0,0.0,5.0,0.1999999999999999,0.0,73.97,1.55,1.55,321.8268,68.83,1.81,1519.0,121.97,0.0,933.47,-18.0345,4.51e-06
Ni2MnGa0.97Al0.03,Ni2.000,Mn1.000,Ga0.970Al0.030,245.9202,2.3775000000000013,0.0,0.0,42.7414614,18.0,0.0,0.0,18.786175,0.0,0.0,161.0,1.804,0.0,1.0,0.000310120689655,0.0,10.0,5.0,0.000310120689655,0.0,1.0,13.0,1.61,73.0,5.0,0.0,5.0,0.1999999999999999,0.0,73.97,1.55,1.55,321.8268,68.83,1.81,1519.0,121.97,0.0,933.47,-17.9769,6.06e-06
Ni2MnGa0.97Al0.03,Ni2.000,Mn1.000,Ga0.970Al0.030,269.4048,2.3775000000000013,0.0,0.0,42.7414614,18.0,0.0,0.0,18.786175,0.0,0.0,161.0,1.804,0.0,1.0,0.000310120689655,0.0,10.0,5.0,0.000310120689655,0.0,1.0,13.0,1.61,73.0,5.0,0.0,5.0,0.1999999999999999,0.0,73.97,1.55,1.55,321.8268,68.83,1.81,1519.0,121.97,0.0,933.47,-17.8289,6.53e-06
Ni2MnGa0.97Al0.03,Ni2.000,Mn1.000,Ga0.970Al0.030,275.1433,2.3775000000000013,0.0,0.0,42.7414614,18.0,0.0,0.0,18.786175,0.0,0.0,161.0,1.804,0.0,1.0,0.000310120689655,0.0,10.0,5.0,0.000310120689655,0.0,1.0,13.0,1.61,73.0,5.0,0.0,5.0,0.1999999999999999,0.0,73.97,1.55,1.55,321.8268,68.83,1.81,1519.0,121.97,0.0,933.47,-14.7421,6.28e-06
Ni2MnGa0.97Al0.03,Ni2.000,Mn1.000,Ga0.970Al0.030,308.3021,2.3775000000000013,0.0,0.0,42.7414614,18.0,0.0,0.0,18.786175,0.0,0.0,161.0,1.804,0.0,1.0,0.000310120689655,0.0,10.0,5.0,0.000310120689655,0.0,1.0,13.0,1.61,73.0,5.0,0.0,5.0,0.1999999999999999,0.0,73.97,1.55,1.55,321.8268,68.83,1.81,1519.0,121.97,0.0,933.47,-11.9811,7.25e-06
Ni2MnGa0.97Al0.03,Ni2.000,Mn1.000,Ga0.970Al0.030,340.1848,2.3775000000000013,0.0,0.0,42.7414614,18.0,0.0,0.0,18.786175,0.0,0.0,161.0,1.804,0.0,1.0,0.000310120689655,0.0,10.0,5.0,0.000310120689655,0.0,1.0,13.0,1.61,73.0,5.0,0.0,5.0,0.1999999999999999,0.0,73.97,1.55,1.55,321.8268,68.83,1.81,1519.0,121.97,0.0,933.47,-9.8849,9.08e-06
Ni2MnGa0.97Al0.03,Ni2.000,Mn1.000,Ga0.970Al0.030,364.9104,2.3775000000000013,0.0,0.0,42.7414614,18.0,0.0,0.0,18.786175,0.0,0.0,161.0,1.804,0.0,1.0,0.000310120689655,0.0,10.0,5.0,0.000310120689655,0.0,1.0,13.0,1.61,73.0,5.0,0.0,5.0,0.1999999999999999,0.0,73.97,1.55,1.55,321.8268,68.83,1.81,1519.0,121.97,0.0,933.47,-8.2651,9.91e-06
Ni2MnGa0.97Al0.03,Ni2.000,Mn1.000,Ga0.970Al0.030,394.8831,2.3775000000000013,0.0,0.0,42.7414614,18.0,0.0,0.0,18.786175,0.0,0.0,161.0,1.804,0.0,1.0,0.000310120689655,0.0,10.0,5.0,0.000310120689655,0.0,1.0,13.0,1.61,73.0,5.0,0.0,5.0,0.1999999999999999,0.0,73.97,1.55,1.55,321.8268,68.83,1.81,1519.0,121.97,0.0,933.47,-7.2612,1.04e-05
Ni2MnGa0.95Al0.05,Ni2.000,Mn1.000,Ga0.950Al0.050,18.0992,2.3775000000000013,0.0,0.0,42.7414614,18.0,0.0,0.0,18.738625000000003,0.0,0.0,161.0,1.8,0.0,1.0,0.000310120689655,0.0,10.0,5.0,0.000310120689655,0.0,1.0,13.0,1.61,73.0,5.0,0.0,5.0,0.1999999999999999,0.0,73.95,1.55,1.55,334.438,72.05,1.81,1519.0,121.95,0.0,933.47,-0.9424,2.66e-06
Ni2MnGa0.95Al0.05,Ni2.000,Mn1.000,Ga0.950Al0.050,42.3107,2.3775000000000013,0.0,0.0,42.7414614,18.0,0.0,0.0,18.738625000000003,0.0,0.0,161.0,1.8,0.0,1.0,0.000310120689655,0.0,10.0,5.0,0.000310120689655,0.0,1.0,13.0,1.61,73.0,5.0,0.0,5.0,0.1999999999999999,0.0,73.95,1.55,1.55,334.438,72.05,1.81,1519.0,121.95,0.0,933.47,-2.5031,3.1e-06
Ni2MnGa0.95Al0.05,Ni2.000,Mn1.000,Ga0.950Al0.050,61.3639,2.3775000000000013,0.0,0.0,42.7414614,18.0,0.0,0.0,18.738625000000003,0.0,0.0,161.0,1.8,0.0,1.0,0.000310120689655,0.0,10.0,5.0,0.000310120689655,0.0,1.0,13.0,1.61,73.0,5.0,0.0,5.0,0.1999999999999999,0.0,73.95,1.55,1.55,334.438,72.05,1.81,1519.0,121.95,0.0,933.47,-5.4891,3.39e-06
Ni2MnGa0.95Al0.05,Ni2.000,Mn1.000,Ga0.950Al0.050,87.6258,2.3775000000000013,0.0,0.0,42.7414614,18.0,0.0,0.0,18.738625000000003,0.0,0.0,161.0,1.8,0.0,1.0,0.000310120689655,0.0,10.0,5.0,0.000310120689655,0.0,1.0,13.0,1.61,73.0,5.0,0.0,5.0,0.1999999999999999,0.0,73.95,1.55,1.55,334.438,72.05,1.81,1519.0,121.95,0.0,933.47,-9.1854,3.76e-06
Ni2MnGa0.95Al0.05,Ni2.000,Mn1.000,Ga0.950Al0.050,109.3139,2.3775000000000013,0.0,0.0,42.7414614,18.0,0.0,0.0,18.738625000000003,0.0,0.0,161.0,1.8,0.0,1.0,0.000310120689655,0.0,10.0,5.0,0.000310120689655,0.0,1.0,13.0,1.61,73.0,5.0,0.0,5.0,0.1999999999999999,0.0,73.95,1.55,1.55,334.438,72.05,1.81,1519.0,121.95,0.0,933.47,-12.7404,4.07e-06
Ni2MnGa0.95Al0.05,Ni2.000,Mn1.000,Ga0.950Al0.050,132.9534,2.3775000000000013,0.0,0.0,42.7414614,18.0,0.0,0.0,18.738625000000003,0.0,0.0,161.0,1.8,0.0,1.0,0.000310120689655,0.0,10.0,5.0,0.000310120689655,0.0,1.0,13.0,1.61,73.0,5.0,0.0,5.0,0.1999999999999999,0.0,73.95,1.55,1.55,334.438,72.05,1.81,1519.0,121.95,0.0,933.47,-16.1525,4.49e-06
Ni2MnGa0.95Al0.05,Ni2.000,Mn1.000,Ga0.950Al0.050,160.5038,2.3775000000000013,0.0,0.0,42.7414614,18.0,0.0,0.0,18.738625000000003,0.0,0.0,161.0,1.8,0.0,1.0,0.000310120689655,0.0,10.0,5.0,0.000310120689655,0.0,1.0,13.0,1.61,73.0,5.0,0.0,5.0,0.1999999999999999,0.0,73.95,1.55,1.55,334.438,72.05,1.81,1519.0,121.95,0.0,933.47,-19.4687,5.14e-06
Ni2MnGa0.95Al0.05,Ni2.000,Mn1.000,Ga0.950Al0.050,195.1742,2.3775000000000013,0.0,0.0,42.7414614,18.0,0.0,0.0,18.738625000000003,0.0,0.0,161.0,1.8,0.0,1.0,0.000310120689655,0.0,10.0,5.0,0.000310120689655,0.0,1.0,13.0,1.61,73.0,5.0,0.0,5.0,0.1999999999999999,0.0,73.95,1.55,1.55,334.438,72.05,1.81,1519.0,121.95,0.0,933.47,-21.4542,6.31e-06
Ni2MnGa0.95Al0.05,Ni2.000,Mn1.000,Ga0.950Al0.050,228.4652,2.3775000000000013,0.0,0.0,42.7414614,18.0,0.0,0.0,18.738625000000003,0.0,0.0,161.0,1.8,0.0,1.0,0.000310120689655,0.0,10.0,5.0,0.000310120689655,0.0,1.0,13.0,1.61,73.0,5.0,0.0,5.0,0.1999999999999999,0.0,73.95,1.55,1.55,334.438,72.05,1.81,1519.0,121.95,0.0,933.47,-21.7311,7.54e-06
Ni2MnGa0.95Al0.05,Ni2.000,Mn1.000,Ga0.950Al0.050,242.1062,2.3775000000000013,0.0,0.0,42.7414614,18.0,0.0,0.0,18.738625000000003,0.0,0.0,161.0,1.8,0.0,1.0,0.000310120689655,0.0,10.0,5.0,0.000310120689655,0.0,1.0,13.0,1.61,73.0,5.0,0.0,5.0,0.1999999999999999,0.0,73.95,1.55,1.55,334.438,72.05,1.81,1519.0,121.95,0.0,933.47,-20.3038,7.85e-06
Ni2MnGa0.95Al0.05,Ni2.000,Mn1.000,Ga0.950Al0.050,248.6377,2.3775000000000013,0.0,0.0,42.7414614,18.0,0.0,0.0,18.738625000000003,0.0,0.0,161.0,1.8,0.0,1.0,0.000310120689655,0.0,10.0,5.0,0.000310120689655,0.0,1.0,13.0,1.61,73.0,5.0,0.0,5.0,0.1999999999999999,0.0,73.95,1.55,1.55,334.438,72.05,1.81,1519.0,121.95,0.0,933.47,-20.4446,7.97e-06
Ni2MnGa0.95Al0.05,Ni2.000,Mn1.000,Ga0.950Al0.050,285.6889,2.3775000000000013,0.0,0.0,42.7414614,18.0,0.0,0.0,18.738625000000003,0.0,0.0,161.0,1.8,0.0,1.0,0.000310120689655,0.0,10.0,5.0,0.000310120689655,0.0,1.0,13.0,1.61,73.0,5.0,0.0,5.0,0.1999999999999999,0.0,73.95,1.55,1.55,334.438,72.05,1.81,1519.0,121.95,0.0,933.47,-17.1605,8.79e-06
Ni2MnGa0.95Al0.05,Ni2.000,Mn1.000,Ga0.950Al0.050,320.8074,2.3775000000000013,0.0,0.0,42.7414614,18.0,0.0,0.0,18.738625000000003,0.0,0.0,161.0,1.8,0.0,1.0,0.000310120689655,0.0,10.0,5.0,0.000310120689655,0.0,1.0,13.0,1.61,73.0,5.0,0.0,5.0,0.1999999999999999,0.0,73.95,1.55,1.55,334.438,72.05,1.81,1519.0,121.95,0.0,933.47,-14.4465,1.02e-05
Ni2MnGa0.95Al0.05,Ni2.000,Mn1.000,Ga0.950Al0.050,351.352,2.3775000000000013,0.0,0.0,42.7414614,18.0,0.0,0.0,18.738625000000003,0.0,0.0,161.0,1.8,0.0,1.0,0.000310120689655,0.0,10.0,5.0,0.000310120689655,0.0,1.0,13.0,1.61,73.0,5.0,0.0,5.0,0.1999999999999999,0.0,73.95,1.55,1.55,334.438,72.05,1.81,1519.0,121.95,0.0,933.47,-11.5911,1.2e-05
Ni2MnGa0.95Al0.05,Ni2.000,Mn1.000,Ga0.950Al0.050,374.7251,2.3775000000000013,0.0,0.0,42.7414614,18.0,0.0,0.0,18.738625000000003,0.0,0.0,161.0,1.8,0.0,1.0,0.000310120689655,0.0,10.0,5.0,0.000310120689655,0.0,1.0,13.0,1.61,73.0,5.0,0.0,5.0,0.1999999999999999,0.0,73.95,1.55,1.55,334.438,72.05,1.81,1519.0,121.95,0.0,933.47,-8.8799,1.33e-05
Ni2MnGa0.95Al0.05,Ni2.000,Mn1.000,Ga0.950Al0.050,396.8923,2.3775000000000013,0.0,0.0,42.7414614,18.0,0.0,0.0,18.738625000000003,0.0,0.0,161.0,1.8,0.0,1.0,0.000310120689655,0.0,10.0,5.0,0.000310120689655,0.0,1.0,13.0,1.61,73.0,5.0,0.0,5.0,0.1999999999999999,0.0,73.95,1.55,1.55,334.438,72.05,1.81,1519.0,121.95,0.0,933.47,-8.4474,1.4e-05
Ni2MnGa0.90Al0.10,Ni2.000,Mn1.000,Ga0.900Al0.100,20.6721,2.3775000000000013,0.0,0.0,42.7414614,18.0,0.0,0.0,18.619750000000003,0.0,0.0,161.0,1.79,0.0,1.0,0.000310120689655,0.0,10.0,5.0,0.000310120689655,0.0,1.0,13.0,1.61,73.0,5.0,0.0,5.0,0.1999999999999999,0.0,73.9,1.55,1.55,365.966,80.1,1.81,1519.0,121.9,0.0,933.47,-0.0873,4.53e-06
Ni2MnGa0.90Al0.10,Ni2.000,Mn1.000,Ga0.900Al0.100,39.6841,2.3775000000000013,0.0,0.0,42.7414614,18.0,0.0,0.0,18.619750000000003,0.0,0.0,161.0,1.79,0.0,1.0,0.000310120689655,0.0,10.0,5.0,0.000310120689655,0.0,1.0,13.0,1.61,73.0,5.0,0.0,5.0,0.1999999999999999,0.0,73.9,1.55,1.55,365.966,80.1,1.81,1519.0,121.9,0.0,933.47,-2.124,4.72e-06
Ni2MnGa0.90Al0.10,Ni2.000,Mn1.000,Ga0.900Al0.100,55.4664,2.3775000000000013,0.0,0.0,42.7414614,18.0,0.0,0.0,18.619750000000003,0.0,0.0,161.0,1.79,0.0,1.0,0.000310120689655,0.0,10.0,5.0,0.000310120689655,0.0,1.0,13.0,1.61,73.0,5.0,0.0,5.0,0.1999999999999999,0.0,73.9,1.55,1.55,365.966,80.1,1.81,1519.0,121.9,0.0,933.47,-4.9209,4.88e-06
Ni2MnGa0.90Al0.10,Ni2.000,Mn1.000,Ga0.900Al0.100,75.8639,2.3775000000000013,0.0,0.0,42.7414614,18.0,0.0,0.0,18.619750000000003,0.0,0.0,161.0,1.79,0.0,1.0,0.000310120689655,0.0,10.0,5.0,0.000310120689655,0.0,1.0,13.0,1.61,73.0,5.0,0.0,5.0,0.1999999999999999,0.0,73.9,1.55,1.55,365.966,80.1,1.81,1519.0,121.9,0.0,933.47,-8.8084,5.11e-06
Ni2MnGa0.90Al0.10,Ni2.000,Mn1.000,Ga0.900Al0.100,92.9885,2.3775000000000013,0.0,0.0,42.7414614,18.0,0.0,0.0,18.619750000000003,0.0,0.0,161.0,1.79,0.0,1.0,0.000310120689655,0.0,10.0,5.0,0.000310120689655,0.0,1.0,13.0,1.61,73.0,5.0,0.0,5.0,0.1999999999999999,0.0,73.9,1.55,1.55,365.966,80.1,1.81,1519.0,121.9,0.0,933.47,-12.4594,5.33e-06
Ni2MnGa0.90Al0.10,Ni2.000,Mn1.000,Ga0.900Al0.100,106.8298,2.3775000000000013,0.0,0.0,42.7414614,18.0,0.0,0.0,18.619750000000003,0.0,0.0,161.0,1.79,0.0,1.0,0.000310120689655,0.0,10.0,5.0,0.000310120689655,0.0,1.0,13.0,1.61,73.0,5.0,0.0,5.0,0.1999999999999999,0.0,73.9,1.55,1.55,365.966,80.1,1.81,1519.0,121.9,0.0,933.47,-15.6365,5.54e-06
Ni2MnGa0.90Al0.10,Ni2.000,Mn1.000,Ga0.900Al0.100,126.6037,2.3775000000000013,0.0,0.0,42.7414614,18.0,0.0,0.0,18.619750000000003,0.0,0.0,161.0,1.79,0.0,1.0,0.000310120689655,0.0,10.0,5.0,0.000310120689655,0.0,1.0,13.0,1.61,73.0,5.0,0.0,5.0,0.1999999999999999,0.0,73.9,1.55,1.55,365.966,80.1,1.81,1519.0,121.9,0.0,933.47,-20.1888,5.91e-06
Ni2MnGa0.90Al0.10,Ni2.000,Mn1.000,Ga0.900Al0.100,150.2783,2.3775000000000013,0.0,0.0,42.7414614,18.0,0.0,0.0,18.619750000000003,0.0,0.0,161.0,1.79,0.0,1.0,0.000310120689655,0.0,10.0,5.0,0.000310120689655,0.0,1.0,13.0,1.61,73.0,5.0,0.0,5.0,0.1999999999999999,0.0,73.9,1.55,1.55,365.966,80.1,1.81,1519.0,121.9,0.0,933.47,-24.4079,6.46e-06
Ni2MnGa0.90Al0.10,Ni2.000,Mn1.000,Ga0.900Al0.100,184.3787,2.3775000000000013,0.0,0.0,42.7414614,18.0,0.0,0.0,18.619750000000003,0.0,0.0,161.0,1.79,0.0,1.0,0.000310120689655,0.0,10.0,5.0,0.000310120689655,0.0,1.0,13.0,1.61,73.0,5.0,0.0,5.0,0.1999999999999999,0.0,73.9,1.55,1.55,365.966,80.1,1.81,1519.0,121.9,0.0,933.47,-28.2922,7.46e-06
Ni2MnGa0.90Al0.10,Ni2.000,Mn1.000,Ga0.900Al0.100,213.8351,2.3775000000000013,0.0,0.0,42.7414614,18.0,0.0,0.0,18.619750000000003,0.0,0.0,161.0,1.79,0.0,1.0,0.000310120689655,0.0,10.0,5.0,0.000310120689655,0.0,1.0,13.0,1.61,73.0,5.0,0.0,5.0,0.1999999999999999,0.0,73.9,1.55,1.55,365.966,80.1,1.81,1519.0,121.9,0.0,933.47,-30.4212,8.22e-06
Ni2MnGa0.90Al0.10,Ni2.000,Mn1.000,Ga0.900Al0.100,246.3807,2.3775000000000013,0.0,0.0,42.7414614,18.0,0.0,0.0,18.619750000000003,0.0,0.0,161.0,1.79,0.0,1.0,0.000310120689655,0.0,10.0,5.0,0.000310120689655,0.0,1.0,13.0,1.61,73.0,5.0,0.0,5.0,0.1999999999999999,0.0,73.9,1.55,1.55,365.966,80.1,1.81,1519.0,121.9,0.0,933.47,-28.5623,9e-06
Ni2MnGa0.90Al0.10,Ni2.000,Mn1.000,Ga0.900Al0.100,266.4664,2.3775000000000013,0.0,0.0,42.7414614,18.0,0.0,0.0,18.619750000000003,0.0,0.0,161.0,1.79,0.0,1.0,0.000310120689655,0.0,10.0,5.0,0.000310120689655,0.0,1.0,13.0,1.61,73.0,5.0,0.0,5.0,0.1999999999999999,0.0,73.9,1.55,1.55,365.966,80.1,1.81,1519.0,121.9,0.0,933.47,-25.2822,9.65e-06
Ni2MnGa0.90Al0.10,Ni2.000,Mn1.000,Ga0.900Al0.100,301.5332,2.3775000000000013,0.0,0.0,42.7414614,18.0,0.0,0.0,18.619750000000003,0.0,0.0,161.0,1.79,0.0,1.0,0.000310120689655,0.0,10.0,5.0,0.000310120689655,0.0,1.0,13.0,1.61,73.0,5.0,0.0,5.0,0.1999999999999999,0.0,73.9,1.55,1.55,365.966,80.1,1.81,1519.0,121.9,0.0,933.47,-21.3814,1.11e-05
Ni2MnGa0.90Al0.10,Ni2.000,Mn1.000,Ga0.900Al0.100,332.6891,2.3775000000000013,0.0,0.0,42.7414614,18.0,0.0,0.0,18.619750000000003,0.0,0.0,161.0,1.79,0.0,1.0,0.000310120689655,0.0,10.0,5.0,0.000310120689655,0.0,1.0,13.0,1.61,73.0,5.0,0.0,5.0,0.1999999999999999,0.0,73.9,1.55,1.55,365.966,80.1,1.81,1519.0,121.9,0.0,933.47,-17.5766,1.25e-05
Ni2MnGa0.90Al0.10,Ni2.000,Mn1.000,Ga0.900Al0.100,357.361,2.3775000000000013,0.0,0.0,42.7414614,18.0,0.0,0.0,18.619750000000003,0.0,0.0,161.0,1.79,0.0,1.0,0.000310120689655,0.0,10.0,5.0,0.000310120689655,0.0,1.0,13.0,1.61,73.0,5.0,0.0,5.0,0.1999999999999999,0.0,73.9,1.55,1.55,365.966,80.1,1.81,1519.0,121.9,0.0,933.47,-14.7226,1.39e-05
Ni2MnGa0.90Al0.10,Ni2.000,Mn1.000,Ga0.900Al0.100,377.4694,2.3775000000000013,0.0,0.0,42.7414614,18.0,0.0,0.0,18.619750000000003,0.0,0.0,161.0,1.79,0.0,1.0,0.000310120689655,0.0,10.0,5.0,0.000310120689655,0.0,1.0,13.0,1.61,73.0,5.0,0.0,5.0,0.1999999999999999,0.0,73.9,1.55,1.55,365.966,80.1,1.81,1519.0,121.9,0.0,933.47,-11.9647,1.48e-05
Ni2MnGa0.90Al0.10,Ni2.000,Mn1.000,Ga0.900Al0.100,398.9737,2.3775000000000013,0.0,0.0,42.7414614,18.0,0.0,0.0,18.619750000000003,0.0,0.0,161.0,1.79,0.0,1.0,0.000310120689655,0.0,10.0,5.0,0.000310120689655,0.0,1.0,13.0,1.61,73.0,5.0,0.0,5.0,0.1999999999999999,0.0,73.9,1.55,1.55,365.966,80.1,1.81,1519.0,121.9,0.0,933.47,-11.295,1.5e-05
Ni2MnGa0.85Al0.15,Ni2.000,Mn1.000,Ga0.850Al0.150,22.6751,2.3775000000000013,0.0,0.0,42.7414614,18.0,0.0,0.0,18.500875,0.0,0.0,161.0,1.78,0.0,1.0,0.000310120689655,0.0,10.0,5.0,0.000310120689655,0.0,1.0,13.0,1.61,73.0,5.0,0.0,5.0,0.1999999999999999,0.0,73.85,1.55,1.55,397.494,88.15,1.81,1519.0,121.85,0.0,933.47,-1.1312,6.97e-06
Ni2MnGa0.85Al0.15,Ni2.000,Mn1.000,Ga0.850Al0.150,38.4286,2.3775000000000013,0.0,0.0,42.7414614,18.0,0.0,0.0,18.500875,0.0,0.0,161.0,1.78,0.0,1.0,0.000310120689655,0.0,10.0,5.0,0.000310120689655,0.0,1.0,13.0,1.61,73.0,5.0,0.0,5.0,0.1999999999999999,0.0,73.85,1.55,1.55,397.494,88.15,1.81,1519.0,121.85,0.0,933.47,-3.2635,7.11e-06
Ni2MnGa0.85Al0.15,Ni2.000,Mn1.000,Ga0.850Al0.150,59.4683,2.3775000000000013,0.0,0.0,42.7414614,18.0,0.0,0.0,18.500875,0.0,0.0,161.0,1.78,0.0,1.0,0.000310120689655,0.0,10.0,5.0,0.000310120689655,0.0,1.0,13.0,1.61,73.0,5.0,0.0,5.0,0.1999999999999999,0.0,73.85,1.55,1.55,397.494,88.15,1.81,1519.0,121.85,0.0,933.47,-6.9136,7.34e-06
Ni2MnGa0.85Al0.15,Ni2.000,Mn1.000,Ga0.850Al0.150,75.9424,2.3775000000000013,0.0,0.0,42.7414614,18.0,0.0,0.0,18.500875,0.0,0.0,161.0,1.78,0.0,1.0,0.000310120689655,0.0,10.0,5.0,0.000310120689655,0.0,1.0,13.0,1.61,73.0,5.0,0.0,5.0,0.1999999999999999,0.0,73.85,1.55,1.55,397.494,88.15,1.81,1519.0,121.85,0.0,933.47,-10.6122,7.55e-06
Ni2MnGa0.85Al0.15,Ni2.000,Mn1.000,Ga0.850Al0.150,95.6915,2.3775000000000013,0.0,0.0,42.7414614,18.0,0.0,0.0,18.500875,0.0,0.0,161.0,1.78,0.0,1.0,0.000310120689655,0.0,10.0,5.0,0.000310120689655,0.0,1.0,13.0,1.61,73.0,5.0,0.0,5.0,0.1999999999999999,0.0,73.85,1.55,1.55,397.494,88.15,1.81,1519.0,121.85,0.0,933.47,-14.5949,7.84e-06
Ni2MnGa0.85Al0.15,Ni2.000,Mn1.000,Ga0.850Al0.150,113.4645,2.3775000000000013,0.0,0.0,42.7414614,18.0,0.0,0.0,18.500875,0.0,0.0,161.0,1.78,0.0,1.0,0.000310120689655,0.0,10.0,5.0,0.000310120689655,0.0,1.0,13.0,1.61,73.0,5.0,0.0,5.0,0.1999999999999999,0.0,73.85,1.55,1.55,397.494,88.15,1.81,1519.0,121.85,0.0,933.47,-18.1508,8.13e-06
Ni2MnGa0.85Al0.15,Ni2.000,Mn1.000,Ga0.850Al0.150,135.1649,2.3775000000000013,0.0,0.0,42.7414614,18.0,0.0,0.0,18.500875,0.0,0.0,161.0,1.78,0.0,1.0,0.000310120689655,0.0,10.0,5.0,0.000310120689655,0.0,1.0,13.0,1.61,73.0,5.0,0.0,5.0,0.1999999999999999,0.0,73.85,1.55,1.55,397.494,88.15,1.81,1519.0,121.85,0.0,933.47,-21.9906,8.51e-06
Ni2MnGa0.85Al0.15,Ni2.000,Mn1.000,Ga0.850Al0.150,162.7319,2.3775000000000013,0.0,0.0,42.7414614,18.0,0.0,0.0,18.500875,0.0,0.0,161.0,1.78,0.0,1.0,0.000310120689655,0.0,10.0,5.0,0.000310120689655,0.0,1.0,13.0,1.61,73.0,5.0,0.0,5.0,0.1999999999999999,0.0,73.85,1.55,1.55,397.494,88.15,1.81,1519.0,121.85,0.0,933.47,-25.6865,9.06e-06
Ni2MnGa0.85Al0.15,Ni2.000,Mn1.000,Ga0.850Al0.150,187.6083,2.3775000000000013,0.0,0.0,42.7414614,18.0,0.0,0.0,18.500875,0.0,0.0,161.0,1.78,0.0,1.0,0.000310120689655,0.0,10.0,5.0,0.000310120689655,0.0,1.0,13.0,1.61,73.0,5.0,0.0,5.0,0.1999999999999999,0.0,73.85,1.55,1.55,397.494,88.15,1.81,1519.0,121.85,0.0,933.47,-27.5319,9.59e-06
Ni2MnGa0.85Al0.15,Ni2.000,Mn1.000,Ga0.850Al0.150,205.247,2.3775000000000013,0.0,0.0,42.7414614,18.0,0.0,0.0,18.500875,0.0,0.0,161.0,1.78,0.0,1.0,0.000310120689655,0.0,10.0,5.0,0.000310120689655,0.0,1.0,13.0,1.61,73.0,5.0,0.0,5.0,0.1999999999999999,0.0,73.85,1.55,1.55,397.494,88.15,1.81,1519.0,121.85,0.0,933.47,-28.0024,9.98e-06
Ni2MnGa0.85Al0.15,Ni2.000,Mn1.000,Ga0.850Al0.150,233.2125,2.3775000000000013,0.0,0.0,42.7414614,18.0,0.0,0.0,18.500875,0.0,0.0,161.0,1.78,0.0,1.0,0.000310120689655,0.0,10.0,5.0,0.000310120689655,0.0,1.0,13.0,1.61,73.0,5.0,0.0,5.0,0.1999999999999999,0.0,73.85,1.55,1.55,397.494,88.15,1.81,1519.0,121.85,0.0,933.47,-25.8597,1.06e-05
Ni2MnGa0.85Al0.15,Ni2.000,Mn1.000,Ga0.850Al0.150,258.5225,2.3775000000000013,0.0,0.0,42.7414614,18.0,0.0,0.0,18.500875,0.0,0.0,161.0,1.78,0.0,1.0,0.000310120689655,0.0,10.0,5.0,0.000310120689655,0.0,1.0,13.0,1.61,73.0,5.0,0.0,5.0,0.1999999999999999,0.0,73.85,1.55,1.55,397.494,88.15,1.81,1519.0,121.85,0.0,933.47,-22.6733,1.13e-05
Ni2MnGa0.85Al0.15,Ni2.000,Mn1.000,Ga0.850Al0.150,292.9472,2.3775000000000013,0.0,0.0,42.7414614,18.0,0.0,0.0,18.500875,0.0,0.0,161.0,1.78,0.0,1.0,0.000310120689655,0.0,10.0,5.0,0.000310120689655,0.0,1.0,13.0,1.61,73.0,5.0,0.0,5.0,0.1999999999999999,0.0,73.85,1.55,1.55,397.494,88.15,1.81,1519.0,121.85,0.0,933.47,-19.0101,1.24e-05
Ni2MnGa0.85Al0.15,Ni2.000,Mn1.000,Ga0.850Al0.150,324.7473,2.3775000000000013,0.0,0.0,42.7414614,18.0,0.0,0.0,18.500875,0.0,0.0,161.0,1.78,0.0,1.0,0.000310120689655,0.0,10.0,5.0,0.000310120689655,0.0,1.0,13.0,1.61,73.0,5.0,0.0,5.0,0.1999999999999999,0.0,73.85,1.55,1.55,397.494,88.15,1.81,1519.0,121.85,0.0,933.47,-15.0152,1.37e-05
Ni2MnGa0.85Al0.15,Ni2.000,Mn1.000,Ga0.850Al0.150,353.3199,2.3775000000000013,0.0,0.0,42.7414614,18.0,0.0,0.0,18.500875,0.0,0.0,161.0,1.78,0.0,1.0,0.000310120689655,0.0,10.0,5.0,0.000310120689655,0.0,1.0,13.0,1.61,73.0,5.0,0.0,5.0,0.1999999999999999,0.0,73.85,1.55,1.55,397.494,88.15,1.81,1519.0,121.85,0.0,933.47,-11.828,1.49e-05
Ni2MnGa0.85Al0.15,Ni2.000,Mn1.000,Ga0.850Al0.150,365.6559,2.3775000000000013,0.0,0.0,42.7414614,18.0,0.0,0.0,18.500875,0.0,0.0,161.0,1.78,0.0,1.0,0.000310120689655,0.0,10.0,5.0,0.000310120689655,0.0,1.0,13.0,1.61,73.0,5.0,0.0,5.0,0.1999999999999999,0.0,73.85,1.55,1.55,397.494,88.15,1.81,1519.0,121.85,0.0,933.47,-10.401,1.53e-05
Ni2MnGa0.85Al0.15,Ni2.000,Mn1.000,Ga0.850Al0.150,394.3441,2.3775000000000013,0.0,0.0,42.7414614,18.0,0.0,0.0,18.500875,0.0,0.0,161.0,1.78,0.0,1.0,0.000310120689655,0.0,10.0,5.0,0.000310120689655,0.0,1.0,13.0,1.61,73.0,5.0,0.0,5.0,0.1999999999999999,0.0,73.85,1.55,1.55,397.494,88.15,1.81,1519.0,121.85,0.0,933.47,-9.8721,1.57e-05
Ni2MnGa0.80Al0.20,Ni2.000,Mn1.000,Ga0.800Al0.200,27.8437,2.3775000000000013,0.0,0.0,42.7414614,18.0,0.0,0.0,18.382,0.0,0.0,161.0,1.7700000000000002,0.0,1.0,0.000310120689655,0.0,10.0,5.0,0.000310120689655,0.0,1.0,13.0,1.61,73.0,5.0,0.0,5.0,0.1999999999999999,0.0,73.80000000000001,1.55,1.55,429.0220000000001,96.2,1.81,1519.0,121.8,0.0,933.47,0.0568,1.11e-05
Ni2MnGa0.80Al0.20,Ni2.000,Mn1.000,Ga0.800Al0.200,48.173,2.3775000000000013,0.0,0.0,42.7414614,18.0,0.0,0.0,18.382,0.0,0.0,161.0,1.7700000000000002,0.0,1.0,0.000310120689655,0.0,10.0,5.0,0.000310120689655,0.0,1.0,13.0,1.61,73.0,5.0,0.0,5.0,0.1999999999999999,0.0,73.80000000000001,1.55,1.55,429.0220000000001,96.2,1.81,1519.0,121.8,0.0,933.47,-2.2644,1.11e-05
Ni2MnGa0.80Al0.20,Ni2.000,Mn1.000,Ga0.800Al0.200,69.1942,2.3775000000000013,0.0,0.0,42.7414614,18.0,0.0,0.0,18.382,0.0,0.0,161.0,1.7700000000000002,0.0,1.0,0.000310120689655,0.0,10.0,5.0,0.000310120689655,0.0,1.0,13.0,1.61,73.0,5.0,0.0,5.0,0.1999999999999999,0.0,73.80000000000001,1.55,1.55,429.0220000000001,96.2,1.81,1519.0,121.8,0.0,933.47,-5.4872,1.12e-05
Ni2MnGa0.80Al0.20,Ni2.000,Mn1.000,Ga0.800Al0.200,90.8719,2.3775000000000013,0.0,0.0,42.7414614,18.0,0.0,0.0,18.382,0.0,0.0,161.0,1.7700000000000002,0.0,1.0,0.000310120689655,0.0,10.0,5.0,0.000310120689655,0.0,1.0,13.0,1.61,73.0,5.0,0.0,5.0,0.1999999999999999,0.0,73.80000000000001,1.55,1.55,429.0220000000001,96.2,1.81,1519.0,121.8,0.0,933.47,-8.8049,1.14e-05
Ni2MnGa0.80Al0.20,Ni2.000,Mn1.000,Ga0.800Al0.200,113.2105,2.3775000000000013,0.0,0.0,42.7414614,18.0,0.0,0.0,18.382,0.0,0.0,161.0,1.7700000000000002,0.0,1.0,0.000310120689655,0.0,10.0,5.0,0.000310120689655,0.0,1.0,13.0,1.61,73.0,5.0,0.0,5.0,0.1999999999999999,0.0,73.80000000000001,1.55,1.55,429.0220000000001,96.2,1.81,1519.0,121.8,0.0,933.47,-12.3122,1.16e-05
Ni2MnGa0.80Al0.20,Ni2.000,Mn1.000,Ga0.800Al0.200,140.7651,2.3775000000000013,0.0,0.0,42.7414614,18.0,0.0,0.0,18.382,0.0,0.0,161.0,1.7700000000000002,0.0,1.0,0.000310120689655,0.0,10.0,5.0,0.000310120689655,0.0,1.0,13.0,1.61,73.0,5.0,0.0,5.0,0.1999999999999999,0.0,73.80000000000001,1.55,1.55,429.0220000000001,96.2,1.81,1519.0,121.8,0.0,933.47,-15.7234,1.19e-05
Ni2MnGa0.80Al0.20,Ni2.000,Mn1.000,Ga0.800Al0.200,180.0052,2.3775000000000013,0.0,0.0,42.7414614,18.0,0.0,0.0,18.382,0.0,0.0,161.0,1.7700000000000002,0.0,1.0,0.000310120689655,0.0,10.0,5.0,0.000310120689655,0.0,1.0,13.0,1.61,73.0,5.0,0.0,5.0,0.1999999999999999,0.0,73.80000000000001,1.55,1.55,429.0220000000001,96.2,1.81,1519.0,121.8,0.0,933.47,-17.7552,1.25e-05
Ni2MnGa0.80Al0.20,Ni2.000,Mn1.000,Ga0.800Al0.200,208.7285,2.3775000000000013,0.0,0.0,42.7414614,18.0,0.0,0.0,18.382,0.0,0.0,161.0,1.7700000000000002,0.0,1.0,0.000310120689655,0.0,10.0,5.0,0.000310120689655,0.0,1.0,13.0,1.61,73.0,5.0,0.0,5.0,0.1999999999999999,0.0,73.80000000000001,1.55,1.55,429.0220000000001,96.2,1.81,1519.0,121.8,0.0,933.47,-18.0332,1.3e-05
Ni2MnGa0.80Al0.20,Ni2.000,Mn1.000,Ga0.800Al0.200,252.3711,2.3775000000000013,0.0,0.0,42.7414614,18.0,0.0,0.0,18.382,0.0,0.0,161.0,1.7700000000000002,0.0,1.0,0.000310120689655,0.0,10.0,5.0,0.000310120689655,0.0,1.0,13.0,1.61,73.0,5.0,0.0,5.0,0.1999999999999999,0.0,73.80000000000001,1.55,1.55,429.0220000000001,96.2,1.81,1519.0,121.8,0.0,933.47,-16.2665,1.39e-05
Ni2MnGa0.80Al0.20,Ni2.000,Mn1.000,Ga0.800Al0.200,281.0077,2.3775000000000013,0.0,0.0,42.7414614,18.0,0.0,0.0,18.382,0.0,0.0,161.0,1.7700000000000002,0.0,1.0,0.000310120689655,0.0,10.0,5.0,0.000310120689655,0.0,1.0,13.0,1.61,73.0,5.0,0.0,5.0,0.1999999999999999,0.0,73.80000000000001,1.55,1.55,429.0220000000001,96.2,1.81,1519.0,121.8,0.0,933.47,-14.5509,1.48e-05
Ni2MnGa0.80Al0.20,Ni2.000,Mn1.000,Ga0.800Al0.200,314.8294,2.3775000000000013,0.0,0.0,42.7414614,18.0,0.0,0.0,18.382,0.0,0.0,161.0,1.7700000000000002,0.0,1.0,0.000310120689655,0.0,10.0,5.0,0.000310120689655,0.0,1.0,13.0,1.61,73.0,5.0,0.0,5.0,0.1999999999999999,0.0,73.80000000000001,1.55,1.55,429.0220000000001,96.2,1.81,1519.0,121.8,0.0,933.47,-12.027,1.6e-05
Ni2MnGa0.80Al0.20,Ni2.000,Mn1.000,Ga0.800Al0.200,349.9644,2.3775000000000013,0.0,0.0,42.7414614,18.0,0.0,0.0,18.382,0.0,0.0,161.0,1.7700000000000002,0.0,1.0,0.000310120689655,0.0,10.0,5.0,0.000310120689655,0.0,1.0,13.0,1.61,73.0,5.0,0.0,5.0,0.1999999999999999,0.0,73.80000000000001,1.55,1.55,429.0220000000001,96.2,1.81,1519.0,121.8,0.0,933.47,-9.6927,1.74e-05
Ni2MnGa0.80Al0.20,Ni2.000,Mn1.000,Ga0.800Al0.200,377.298,2.3775000000000013,0.0,0.0,42.7414614,18.0,0.0,0.0,18.382,0.0,0.0,161.0,1.7700000000000002,0.0,1.0,0.000310120689655,0.0,10.0,5.0,0.000310120689655,0.0,1.0,13.0,1.61,73.0,5.0,0.0,5.0,0.1999999999999999,0.0,73.80000000000001,1.55,1.55,429.0220000000001,96.2,1.81,1519.0,121.8,0.0,933.47,-8.0249,1.83e-05
Ni2MnGa0.80Al0.20,Ni2.000,Mn1.000,Ga0.800Al0.200,398.1477,2.3775000000000013,0.0,0.0,42.7414614,18.0,0.0,0.0,18.382,0.0,0.0,161.0,1.7700000000000002,0.0,1.0,0.000310120689655,0.0,10.0,5.0,0.000310120689655,0.0,1.0,13.0,1.61,73.0,5.0,0.0,5.0,0.1999999999999999,0.0,73.80000000000001,1.55,1.55,429.0220000000001,96.2,1.81,1519.0,121.8,0.0,933.47,-7.3079,1.87e-05
Co2MnSi,Co2.000,Mn1.000,Si1.000,40.6926,0.0,0.0,0.0,0.0,0.0,0.0,0.0,20.44,0.0,0.0,0.0,1.9,0.0,0.0,0.000310120689655,0.0,0.0,4.0,0.000310120689655,0.0,0.0,14.0,1.9,78.0,4.0,0.0,4.0,0.0,0.0,78.0,1.55,1.55,1687.0,227.0,1.9,1519.0,111.0,0.773,1687.0,-3.0196,9.04e-07
Co2MnSi,Co2.000,Mn1.000,Si1.000,84.4156,0.0,0.0,0.0,0.0,0.0,0.0,0.0,20.44,0.0,0.0,0.0,1.9,0.0,0.0,0.000310120689655,0.0,0.0,4.0,0.000310120689655,0.0,0.0,14.0,1.9,78.0,4.0,0.0,4.0,0.0,0.0,78.0,1.55,1.55,1687.0,227.0,1.9,1519.0,111.0,0.773,1687.0,-3.5387,1.15e-06
Co2MnSi,Co2.000,Mn1.000,Si1.000,157.5758,0.0,0.0,0.0,0.0,0.0,0.0,0.0,20.44,0.0,0.0,0.0,1.9,0.0,0.0,0.000310120689655,0.0,0.0,4.0,0.000310120689655,0.0,0.0,14.0,1.9,78.0,4.0,0.0,4.0,0.0,0.0,78.0,1.55,1.55,1687.0,227.0,1.9,1519.0,111.0,0.773,1687.0,-7.3425,1.69e-06
Co2MnSi,Co2.000,Mn1.000,Si1.000,232.4675,0.0,0.0,0.0,0.0,0.0,0.0,0.0,20.44,0.0,0.0,0.0,1.9,0.0,0.0,0.000310120689655,0.0,0.0,4.0,0.000310120689655,0.0,0.0,14.0,1.9,78.0,4.0,0.0,4.0,0.0,0.0,78.0,1.55,1.55,1687.0,227.0,1.9,1519.0,111.0,0.773,1687.0,-11.8039,2.19e-06
Co2MnSi,Co2.000,Mn1.000,Si1.000,297.8355,0.0,0.0,0.0,0.0,0.0,0.0,0.0,20.44,0.0,0.0,0.0,1.9,0.0,0.0,0.000310120689655,0.0,0.0,4.0,0.000310120689655,0.0,0.0,14.0,1.9,78.0,4.0,0.0,4.0,0.0,0.0,78.0,1.55,1.55,1687.0,227.0,1.9,1519.0,111.0,0.773,1687.0,-15.9379,2.64e-06
Co2MnSi,Co2.000,Mn1.000,Si1.000,400.4329,0.0,0.0,0.0,0.0,0.0,0.0,0.0,20.44,0.0,0.0,0.0,1.9,0.0,0.0,0.000310120689655,0.0,0.0,4.0,0.000310120689655,0.0,0.0,14.0,1.9,78.0,4.0,0.0,4.0,0.0,0.0,78.0,1.55,1.55,1687.0,227.0,1.9,1519.0,111.0,0.773,1687.0,-22.6315,3.46e-06
Co2MnSi0.67Al0.33,Co2.000,Mn1.000,Si0.670Al0.330,12.1212,3.960000000000001,0.773,0.0,1.103961399999999,1.0,0.0,0.0,19.1332,0.0,0.0,2.0,1.8043,0.0,0.0,0.000310120689655,0.0,1.0,5.0,0.000310120689655,1.0,5.0,13.0,1.61,73.0,4.33,1.0,4.33,0.2899999999999998,0.0,76.35000000000001,1.55,1.55,1438.3351,226.34,1.9,1519.0,114.3,0.5179100000000001,1687.0,-0.2612,4.61e-06
Co2MnSi0.67Al0.33,Co2.000,Mn1.000,Si0.670Al0.330,39.3939,3.960000000000001,0.773,0.0,1.103961399999999,1.0,0.0,0.0,19.1332,0.0,0.0,2.0,1.8043,0.0,0.0,0.000310120689655,0.0,1.0,5.0,0.000310120689655,1.0,5.0,13.0,1.61,73.0,4.33,1.0,4.33,0.2899999999999998,0.0,76.35000000000001,1.55,1.55,1438.3351,226.34,1.9,1519.0,114.3,0.5179100000000001,1687.0,-7.0988,4.67e-06
Co2MnSi0.67Al0.33,Co2.000,Mn1.000,Si0.670Al0.330,101.7316,3.960000000000001,0.773,0.0,1.103961399999999,1.0,0.0,0.0,19.1332,0.0,0.0,2.0,1.8043,0.0,0.0,0.000310120689655,0.0,1.0,5.0,0.000310120689655,1.0,5.0,13.0,1.61,73.0,4.33,1.0,4.33,0.2899999999999998,0.0,76.35000000000001,1.55,1.55,1438.3351,226.34,1.9,1519.0,114.3,0.5179100000000001,1687.0,-7.878,4.99e-06
Co2MnSi0.67Al0.33,Co2.000,Mn1.000,Si0.670Al0.330,153.6797,3.960000000000001,0.773,0.0,1.103961399999999,1.0,0.0,0.0,19.1332,0.0,0.0,2.0,1.8043,0.0,0.0,0.000310120689655,0.0,1.0,5.0,0.000310120689655,1.0,5.0,13.0,1.61,73.0,4.33,1.0,4.33,0.2899999999999998,0.0,76.35000000000001,1.55,1.55,1438.3351,226.34,1.9,1519.0,114.3,0.5179100000000001,1687.0,-10.4353,5.41e-06
Co2MnSi0.67Al0.33,Co2.000,Mn1.000,Si0.670Al0.330,210.3896,3.960000000000001,0.773,0.0,1.103961399999999,1.0,0.0,0.0,19.1332,0.0,0.0,2.0,1.8043,0.0,0.0,0.000310120689655,0.0,1.0,5.0,0.000310120689655,1.0,5.0,13.0,1.61,73.0,4.33,1.0,4.33,0.2899999999999998,0.0,76.35000000000001,1.55,1.55,1438.3351,226.34,1.9,1519.0,114.3,0.5179100000000001,1687.0,-14.8338,5.93e-06
Co2MnSi0.67Al0.33,Co2.000,Mn1.000,Si0.670Al0.330,287.013,3.960000000000001,0.773,0.0,1.103961399999999,1.0,0.0,0.0,19.1332,0.0,0.0,2.0,1.8043,0.0,0.0,0.000310120689655,0.0,1.0,5.0,0.000310120689655,1.0,5.0,13.0,1.61,73.0,4.33,1.0,4.33,0.2899999999999998,0.0,76.35000000000001,1.55,1.55,1438.3351,226.34,1.9,1519.0,114.3,0.5179100000000001,1687.0,-21.5317,6.6e-06
Co2MnSi0.67Al0.33,Co2.000,Mn1.000,Si0.670Al0.330,351.0823,3.960000000000001,0.773,0.0,1.103961399999999,1.0,0.0,0.0,19.1332,0.0,0.0,2.0,1.8043,0.0,0.0,0.000310120689655,0.0,1.0,5.0,0.000310120689655,1.0,5.0,13.0,1.61,73.0,4.33,1.0,4.33,0.2899999999999998,0.0,76.35000000000001,1.55,1.55,1438.3351,226.34,1.9,1519.0,114.3,0.5179100000000001,1687.0,-27.0475,7.18e-06
Co2MnSi0.67Al0.33,Co2.000,Mn1.000,Si0.670Al0.330,401.7316,3.960000000000001,0.773,0.0,1.103961399999999,1.0,0.0,0.0,19.1332,0.0,0.0,2.0,1.8043,0.0,0.0,0.000310120689655,0.0,1.0,5.0,0.000310120689655,1.0,5.0,13.0,1.61,73.0,4.33,1.0,4.33,0.2899999999999998,0.0,76.35000000000001,1.55,1.55,1438.3351,226.34,1.9,1519.0,114.3,0.5179100000000001,1687.0,-31.1181,7.69e-06
Co2MnSi0.33Al0.67,Co2.000,Mn1.000,Si0.330Al0.670,22.5108,3.960000000000001,0.773,0.0,1.103961399999999,1.0,0.0,0.0,17.7868,0.0,0.0,2.0,1.7057000000000002,0.0,0.0,0.000310120689655,0.0,1.0,5.0,0.000310120689655,1.0,5.0,13.0,1.61,73.0,4.67,1.0,4.67,0.2899999999999998,0.0,74.65,1.55,1.55,1182.1349,225.66,1.9,1519.0,117.70000000000002,0.25509,1687.0,-11.3121,1.43e-05
Co2MnSi0.33Al0.67,Co2.000,Mn1.000,Si0.330Al0.670,36.7965,3.960000000000001,0.773,0.0,1.103961399999999,1.0,0.0,0.0,17.7868,0.0,0.0,2.0,1.7057000000000002,0.0,0.0,0.000310120689655,0.0,1.0,5.0,0.000310120689655,1.0,5.0,13.0,1.61,73.0,4.67,1.0,4.67,0.2899999999999998,0.0,74.65,1.55,1.55,1182.1349,225.66,1.9,1519.0,117.70000000000002,0.25509,1687.0,-21.5729,1.43e-05
Co2MnSi0.33Al0.67,Co2.000,Mn1.000,Si0.330Al0.670,45.8874,3.960000000000001,0.773,0.0,1.103961399999999,1.0,0.0,0.0,17.7868,0.0,0.0,2.0,1.7057000000000002,0.0,0.0,0.000310120689655,0.0,1.0,5.0,0.000310120689655,1.0,5.0,13.0,1.61,73.0,4.67,1.0,4.67,0.2899999999999998,0.0,74.65,1.55,1.55,1182.1349,225.66,1.9,1519.0,117.70000000000002,0.25509,1687.0,-22.2951,1.43e-05
Co2MnSi0.33Al0.67,Co2.000,Mn1.000,Si0.330Al0.670,79.6537,3.960000000000001,0.773,0.0,1.103961399999999,1.0,0.0,0.0,17.7868,0.0,0.0,2.0,1.7057000000000002,0.0,0.0,0.000310120689655,0.0,1.0,5.0,0.000310120689655,1.0,5.0,13.0,1.61,73.0,4.67,1.0,4.67,0.2899999999999998,0.0,74.65,1.55,1.55,1182.1349,225.66,1.9,1519.0,117.70000000000002,0.25509,1687.0,-17.7501,1.45e-05
Co2MnSi0.33Al0.67,Co2.000,Mn1.000,Si0.330Al0.670,105.6277,3.960000000000001,0.773,0.0,1.103961399999999,1.0,0.0,0.0,17.7868,0.0,0.0,2.0,1.7057000000000002,0.0,0.0,0.000310120689655,0.0,1.0,5.0,0.000310120689655,1.0,5.0,13.0,1.61,73.0,4.67,1.0,4.67,0.2899999999999998,0.0,74.65,1.55,1.55,1182.1349,225.66,1.9,1519.0,117.70000000000002,0.25509,1687.0,-17.5484,1.46e-05
Co2MnSi0.33Al0.67,Co2.000,Mn1.000,Si0.330Al0.670,164.9351,3.960000000000001,0.773,0.0,1.103961399999999,1.0,0.0,0.0,17.7868,0.0,0.0,2.0,1.7057000000000002,0.0,0.0,0.000310120689655,0.0,1.0,5.0,0.000310120689655,1.0,5.0,13.0,1.61,73.0,4.67,1.0,4.67,0.2899999999999998,0.0,74.65,1.55,1.55,1182.1349,225.66,1.9,1519.0,117.70000000000002,0.25509,1687.0,-21.3545,1.51e-05
Co2MnSi0.33Al0.67,Co2.000,Mn1.000,Si0.330Al0.670,223.8095,3.960000000000001,0.773,0.0,1.103961399999999,1.0,0.0,0.0,17.7868,0.0,0.0,2.0,1.7057000000000002,0.0,0.0,0.000310120689655,0.0,1.0,5.0,0.000310120689655,1.0,5.0,13.0,1.61,73.0,4.67,1.0,4.67,0.2899999999999998,0.0,74.65,1.55,1.55,1182.1349,225.66,1.9,1519.0,117.70000000000002,0.25509,1687.0,-27.0027,1.57e-05
Co2MnSi0.33Al0.67,Co2.000,Mn1.000,Si0.330Al0.670,292.2078,3.960000000000001,0.773,0.0,1.103961399999999,1.0,0.0,0.0,17.7868,0.0,0.0,2.0,1.7057000000000002,0.0,0.0,0.000310120689655,0.0,1.0,5.0,0.000310120689655,1.0,5.0,13.0,1.61,73.0,4.67,1.0,4.67,0.2899999999999998,0.0,74.65,1.55,1.55,1182.1349,225.66,1.9,1519.0,117.70000000000002,0.25509,1687.0,-33.9651,1.62e-05
Co2MnSi0.33Al0.67,Co2.000,Mn1.000,Si0.330Al0.670,347.1861,3.960000000000001,0.773,0.0,1.103961399999999,1.0,0.0,0.0,17.7868,0.0,0.0,2.0,1.7057000000000002,0.0,0.0,0.000310120689655,0.0,1.0,5.0,0.000310120689655,1.0,5.0,13.0,1.61,73.0,4.67,1.0,4.67,0.2899999999999998,0.0,74.65,1.55,1.55,1182.1349,225.66,1.9,1519.0,117.70000000000002,0.25509,1687.0,-39.2192,1.66e-05
Co2MnSi0.33Al0.67,Co2.000,Mn1.000,Si0.330Al0.670,396.5368,3.960000000000001,0.773,0.0,1.103961399999999,1.0,0.0,0.0,17.7868,0.0,0.0,2.0,1.7057000000000002,0.0,0.0,0.000310120689655,0.0,1.0,5.0,0.000310120689655,1.0,5.0,13.0,1.61,73.0,4.67,1.0,4.67,0.2899999999999998,0.0,74.65,1.55,1.55,1182.1349,225.66,1.9,1519.0,117.70000000000002,0.25509,1687.0,-43.619,1.71e-05
Co2MnAl,Co2.000,Mn1.000,Al1.000,15.5844,0.0,0.0,0.0,0.0,0.0,0.0,0.0,16.48,0.0,0.0,0.0,1.61,0.0,0.0,0.000310120689655,0.0,0.0,5.0,0.000310120689655,0.0,0.0,13.0,1.61,73.0,5.0,0.0,5.0,0.0,0.0,73.0,1.55,1.55,933.47,225.0,1.61,1519.0,121.0,0.0,933.47,-0.6553,2e-05
Co2MnAl,Co2.000,Mn1.000,Al1.000,51.0823,0.0,0.0,0.0,0.0,0.0,0.0,0.0,16.48,0.0,0.0,0.0,1.61,0.0,0.0,0.000310120689655,0.0,0.0,5.0,0.000310120689655,0.0,0.0,13.0,1.61,73.0,5.0,0.0,5.0,0.0,0.0,73.0,1.55,1.55,933.47,225.0,1.61,1519.0,121.0,0.0,933.47,-10.3205,1.99e-05
Co2MnAl,Co2.000,Mn1.000,Al1.000,97.8355,0.0,0.0,0.0,0.0,0.0,0.0,0.0,16.48,0.0,0.0,0.0,1.61,0.0,0.0,0.000310120689655,0.0,0.0,5.0,0.000310120689655,0.0,0.0,13.0,1.61,73.0,5.0,0.0,5.0,0.0,0.0,73.0,1.55,1.55,933.47,225.0,1.61,1519.0,121.0,0.0,933.47,-9.655,1.98e-05
Co2MnAl,Co2.000,Mn1.000,Al1.000,165.368,0.0,0.0,0.0,0.0,0.0,0.0,0.0,16.48,0.0,0.0,0.0,1.61,0.0,0.0,0.000310120689655,0.0,0.0,5.0,0.000310120689655,0.0,0.0,13.0,1.61,73.0,5.0,0.0,5.0,0.0,0.0,73.0,1.55,1.55,933.47,225.0,1.61,1519.0,121.0,0.0,933.47,-12.9991,1.98e-05
Co2MnAl,Co2.000,Mn1.000,Al1.000,236.3636,0.0,0.0,0.0,0.0,0.0,0.0,0.0,16.48,0.0,0.0,0.0,1.61,0.0,0.0,0.000310120689655,0.0,0.0,5.0,0.000310120689655,0.0,0.0,13.0,1.61,73.0,5.0,0.0,5.0,0.0,0.0,73.0,1.55,1.55,933.47,225.0,1.61,1519.0,121.0,0.0,933.47,-19.5006,1.99e-05
Co2MnAl,Co2.000,Mn1.000,Al1.000,307.7922,0.0,0.0,0.0,0.0,0.0,0.0,0.0,16.48,0.0,0.0,0.0,1.61,0.0,0.0,0.000310120689655,0.0,0.0,5.0,0.000310120689655,0.0,0.0,13.0,1.61,73.0,5.0,0.0,5.0,0.0,0.0,73.0,1.55,1.55,933.47,225.0,1.61,1519.0,121.0,0.0,933.47,-26.0678,1.98e-05
Co2MnAl,Co2.000,Mn1.000,Al1.000,369.2641,0.0,0.0,0.0,0.0,0.0,0.0,0.0,16.48,0.0,0.0,0.0,1.61,0.0,0.0,0.000310120689655,0.0,0.0,5.0,0.000310120689655,0.0,0.0,13.0,1.61,73.0,5.0,0.0,5.0,0.0,0.0,73.0,1.55,1.55,933.47,225.0,1.61,1519.0,121.0,0.0,933.47,-30.5972,1.98e-05
Co2MnAl,Co2.000,Mn1.000,Al1.000,403.0303,0.0,0.0,0.0,0.0,0.0,0.0,0.0,16.48,0.0,0.0,0.0,1.61,0.0,0.0,0.000310120689655,0.0,0.0,5.0,0.000310120689655,0.0,0.0,13.0,1.61,73.0,5.0,0.0,5.0,0.0,0.0,73.0,1.55,1.55,933.47,225.0,1.61,1519.0,121.0,0.0,933.47,-32.3679,1.99e-05
Co2FeAl,Co2.000,Fe1.000,Al1.000,13.4199,0.0,0.0,0.0,0.0,0.0,0.0,0.0,16.48,0.0,0.0,0.0,1.61,0.0,0.0,2.1106628,0.0,0.0,5.0,2.1106628,0.0,0.0,13.0,1.61,73.0,5.0,0.0,5.0,0.0,0.0,73.0,1.83,1.83,933.47,225.0,1.61,1811.0,121.0,0.0,933.47,-0.1952,8.4e-06
Co2FeAl,Co2.000,Fe1.000,Al1.000,58.4416,0.0,0.0,0.0,0.0,0.0,0.0,0.0,16.48,0.0,0.0,0.0,1.61,0.0,0.0,2.1106628,0.0,0.0,5.0,2.1106628,0.0,0.0,13.0,1.61,73.0,5.0,0.0,5.0,0.0,0.0,73.0,1.83,1.83,933.47,225.0,1.61,1811.0,121.0,0.0,933.47,-8.7404,8.42e-06
Co2FeAl,Co2.000,Fe1.000,Al1.000,100.4329,0.0,0.0,0.0,0.0,0.0,0.0,0.0,16.48,0.0,0.0,0.0,1.61,0.0,0.0,2.1106628,0.0,0.0,5.0,2.1106628,0.0,0.0,13.0,1.61,73.0,5.0,0.0,5.0,0.0,0.0,73.0,1.83,1.83,933.47,225.0,1.61,1811.0,121.0,0.0,933.47,-10.2466,8.59e-06
Co2FeAl,Co2.000,Fe1.000,Al1.000,166.2338,0.0,0.0,0.0,0.0,0.0,0.0,0.0,16.48,0.0,0.0,0.0,1.61,0.0,0.0,2.1106628,0.0,0.0,5.0,2.1106628,0.0,0.0,13.0,1.61,73.0,5.0,0.0,5.0,0.0,0.0,73.0,1.83,1.83,933.47,225.0,1.61,1811.0,121.0,0.0,933.47,-14.5779,8.88e-06
Co2FeAl,Co2.000,Fe1.000,Al1.000,235.0649,0.0,0.0,0.0,0.0,0.0,0.0,0.0,16.48,0.0,0.0,0.0,1.61,0.0,0.0,2.1106628,0.0,0.0,5.0,2.1106628,0.0,0.0,13.0,1.61,73.0,5.0,0.0,5.0,0.0,0.0,73.0,1.83,1.83,933.47,225.0,1.61,1811.0,121.0,0.0,933.47,-19.9613,9.09e-06
Co2FeAl,Co2.000,Fe1.000,Al1.000,299.1342,0.0,0.0,0.0,0.0,0.0,0.0,0.0,16.48,0.0,0.0,0.0,1.61,0.0,0.0,2.1106628,0.0,0.0,5.0,2.1106628,0.0,0.0,13.0,1.61,73.0,5.0,0.0,5.0,0.0,0.0,73.0,1.83,1.83,933.47,225.0,1.61,1811.0,121.0,0.0,933.47,-23.8324,9.36e-06
Co2FeAl,Co2.000,Fe1.000,Al1.000,357.1429,0.0,0.0,0.0,0.0,0.0,0.0,0.0,16.48,0.0,0.0,0.0,1.61,0.0,0.0,2.1106628,0.0,0.0,5.0,2.1106628,0.0,0.0,13.0,1.61,73.0,5.0,0.0,5.0,0.0,0.0,73.0,1.83,1.83,933.47,225.0,1.61,1811.0,121.0,0.0,933.47,-27.5728,9.7e-06
Co2FeAl,Co2.000,Fe1.000,Al1.000,401.2987,0.0,0.0,0.0,0.0,0.0,0.0,0.0,16.48,0.0,0.0,0.0,1.61,0.0,0.0,2.1106628,0.0,0.0,5.0,2.1106628,0.0,0.0,13.0,1.61,73.0,5.0,0.0,5.0,0.0,0.0,73.0,1.83,1.83,933.47,225.0,1.61,1811.0,121.0,0.0,933.47,-29.934,9.99e-06
Co2TiAl,Co2.000,Ti1.000,Al1.000,6.9085,0.0,0.0,0.0,0.0,0.0,0.0,0.0,16.48,0.0,0.0,0.0,1.61,0.0,0.0,2.25333333333e-05,0.0,0.0,5.0,2.25333333333e-05,0.0,0.0,13.0,1.61,73.0,5.0,0.0,5.0,0.0,0.0,73.0,1.54,1.54,933.47,225.0,1.61,1941.0,121.0,0.0,933.47,-12.86,1.33e-06
Co2TiAl,Co2.000,Ti1.000,Al1.000,38.413,0.0,0.0,0.0,0.0,0.0,0.0,0.0,16.48,0.0,0.0,0.0,1.61,0.0,0.0,2.25333333333e-05,0.0,0.0,5.0,2.25333333333e-05,0.0,0.0,13.0,1.61,73.0,5.0,0.0,5.0,0.0,0.0,73.0,1.54,1.54,933.47,225.0,1.61,1941.0,121.0,0.0,933.47,-22.9268,1.4e-06
Co2TiAl,Co2.000,Ti1.000,Al1.000,60.1829,0.0,0.0,0.0,0.0,0.0,0.0,0.0,16.48,0.0,0.0,0.0,1.61,0.0,0.0,2.25333333333e-05,0.0,0.0,5.0,2.25333333333e-05,0.0,0.0,13.0,1.61,73.0,5.0,0.0,5.0,0.0,0.0,73.0,1.54,1.54,933.47,225.0,1.61,1941.0,121.0,0.0,933.47,-31.9209,1.87e-06
Co2TiAl,Co2.000,Ti1.000,Al1.000,90.6054,0.0,0.0,0.0,0.0,0.0,0.0,0.0,16.48,0.0,0.0,0.0,1.61,0.0,0.0,2.25333333333e-05,0.0,0.0,5.0,2.25333333333e-05,0.0,0.0,13.0,1.61,73.0,5.0,0.0,5.0,0.0,0.0,73.0,1.54,1.54,933.47,225.0,1.61,1941.0,121.0,0.0,933.47,-39.4193,2.87e-06
Co2TiAl,Co2.000,Ti1.000,Al1.000,124.332,0.0,0.0,0.0,0.0,0.0,0.0,0.0,16.48,0.0,0.0,0.0,1.61,0.0,0.0,2.25333333333e-05,0.0,0.0,5.0,2.25333333333e-05,0.0,0.0,13.0,1.61,73.0,5.0,0.0,5.0,0.0,0.0,73.0,1.54,1.54,933.47,225.0,1.61,1941.0,121.0,0.0,933.47,-44.3505,4.18e-06
Co2TiAl,Co2.000,Ti1.000,Al1.000,175.5857,0.0,0.0,0.0,0.0,0.0,0.0,0.0,16.48,0.0,0.0,0.0,1.61,0.0,0.0,2.25333333333e-05,0.0,0.0,5.0,2.25333333333e-05,0.0,0.0,13.0,1.61,73.0,5.0,0.0,5.0,0.0,0.0,73.0,1.54,1.54,933.47,225.0,1.61,1941.0,121.0,0.0,933.47,-49.0724,5.79e-06
Co2TiAl,Co2.000,Ti1.000,Al1.000,275.7073,0.0,0.0,0.0,0.0,0.0,0.0,0.0,16.48,0.0,0.0,0.0,1.61,0.0,0.0,2.25333333333e-05,0.0,0.0,5.0,2.25333333333e-05,0.0,0.0,13.0,1.61,73.0,5.0,0.0,5.0,0.0,0.0,73.0,1.54,1.54,933.47,225.0,1.61,1941.0,121.0,0.0,933.47,-50.5973,7.17e-06
Co2TiAl,Co2.000,Ti1.000,Al1.000,448.6716,0.0,0.0,0.0,0.0,0.0,0.0,0.0,16.48,0.0,0.0,0.0,1.61,0.0,0.0,2.25333333333e-05,0.0,0.0,5.0,2.25333333333e-05,0.0,0.0,13.0,1.61,73.0,5.0,0.0,5.0,0.0,0.0,73.0,1.54,1.54,933.47,225.0,1.61,1941.0,121.0,0.0,933.47,-52.5696,9.09e-06
Co2TiAl,Co2.000,Ti1.000,Al1.000,611.9012,0.0,0.0,0.0,0.0,0.0,0.0,0.0,16.48,0.0,0.0,0.0,1.61,0.0,0.0,2.25333333333e-05,0.0,0.0,5.0,2.25333333333e-05,0.0,0.0,13.0,1.61,73.0,5.0,0.0,5.0,0.0,0.0,73.0,1.54,1.54,933.47,225.0,1.61,1941.0,121.0,0.0,933.47,-53.4693,1.12e-05
Co2TiAl,Co2.000,Ti1.000,Al1.000,765.5043,0.0,0.0,0.0,0.0,0.0,0.0,0.0,16.48,0.0,0.0,0.0,1.61,0.0,0.0,2.25333333333e-05,0.0,0.0,5.0,2.25333333333e-05,0.0,0.0,13.0,1.61,73.0,5.0,0.0,5.0,0.0,0.0,73.0,1.54,1.54,933.47,225.0,1.61,1941.0,121.0,0.0,933.47,-54.6518,1.28e-05
Co2TiAl,Co2.000,Ti1.000,Al1.000,846.2362,0.0,0.0,0.0,0.0,0.0,0.0,0.0,16.48,0.0,0.0,0.0,1.61,0.0,0.0,2.25333333333e-05,0.0,0.0,5.0,2.25333333333e-05,0.0,0.0,13.0,1.61,73.0,5.0,0.0,5.0,0.0,0.0,73.0,1.54,1.54,933.47,225.0,1.61,1941.0,121.0,0.0,933.47,-55.03,1.33e-05
Co2VAl,Co2.000,V1.000,Al1.000,15.5395,0.0,0.0,0.0,0.0,0.0,0.0,0.0,16.48,0.0,0.0,0.0,1.61,0.0,0.0,0.0,0.0,0.0,5.0,0.0,0.0,0.0,13.0,1.61,73.0,5.0,0.0,5.0,0.0,0.0,73.0,1.63,1.63,933.47,225.0,1.61,2183.0,121.0,0.0,933.47,-0.0932,1.18e-05
Co2VAl,Co2.000,V1.000,Al1.000,69.2997,0.0,0.0,0.0,0.0,0.0,0.0,0.0,16.48,0.0,0.0,0.0,1.61,0.0,0.0,0.0,0.0,0.0,5.0,0.0,0.0,0.0,13.0,1.61,73.0,5.0,0.0,5.0,0.0,0.0,73.0,1.63,1.63,933.47,225.0,1.61,2183.0,121.0,0.0,933.47,-3.2463,1.19e-05
Co2VAl,Co2.000,V1.000,Al1.000,127.7589,0.0,0.0,0.0,0.0,0.0,0.0,0.0,16.48,0.0,0.0,0.0,1.61,0.0,0.0,0.0,0.0,0.0,5.0,0.0,0.0,0.0,13.0,1.61,73.0,5.0,0.0,5.0,0.0,0.0,73.0,1.63,1.63,933.47,225.0,1.61,2183.0,121.0,0.0,933.47,-10.3242,1.23e-05
Co2VAl,Co2.000,V1.000,Al1.000,194.1869,0.0,0.0,0.0,0.0,0.0,0.0,0.0,16.48,0.0,0.0,0.0,1.61,0.0,0.0,0.0,0.0,0.0,5.0,0.0,0.0,0.0,13.0,1.61,73.0,5.0,0.0,5.0,0.0,0.0,73.0,1.63,1.63,933.47,225.0,1.61,2183.0,121.0,0.0,933.47,-18.3316,1.27e-05
Co2VAl,Co2.000,V1.000,Al1.000,254.5541,0.0,0.0,0.0,0.0,0.0,0.0,0.0,16.48,0.0,0.0,0.0,1.61,0.0,0.0,0.0,0.0,0.0,5.0,0.0,0.0,0.0,13.0,1.61,73.0,5.0,0.0,5.0,0.0,0.0,73.0,1.63,1.63,933.47,225.0,1.61,2183.0,121.0,0.0,933.47,-27.3361,1.28e-05
Co2VAl,Co2.000,V1.000,Al1.000,305.8249,0.0,0.0,0.0,0.0,0.0,0.0,0.0,16.48,0.0,0.0,0.0,1.61,0.0,0.0,0.0,0.0,0.0,5.0,0.0,0.0,0.0,13.0,1.61,73.0,5.0,0.0,5.0,0.0,0.0,73.0,1.63,1.63,933.47,225.0,1.61,2183.0,121.0,0.0,933.47,-32.272,1.29e-05
Co2VAl,Co2.000,V1.000,Al1.000,342.9067,0.0,0.0,0.0,0.0,0.0,0.0,0.0,16.48,0.0,0.0,0.0,1.61,0.0,0.0,0.0,0.0,0.0,5.0,0.0,0.0,0.0,13.0,1.61,73.0,5.0,0.0,5.0,0.0,0.0,73.0,1.63,1.63,933.47,225.0,1.61,2183.0,121.0,0.0,933.47,-35.278,1.3e-05
Co2VAl,Co2.000,V1.000,Al1.000,423.6273,0.0,0.0,0.0,0.0,0.0,0.0,0.0,16.48,0.0,0.0,0.0,1.61,0.0,0.0,0.0,0.0,0.0,5.0,0.0,0.0,0.0,13.0,1.61,73.0,5.0,0.0,5.0,0.0,0.0,73.0,1.63,1.63,933.47,225.0,1.61,2183.0,121.0,0.0,933.47,-35.5136,1.31e-05
Co2VAl,Co2.000,V1.000,Al1.000,558.8146,0.0,0.0,0.0,0.0,0.0,0.0,0.0,16.48,0.0,0.0,0.0,1.61,0.0,0.0,0.0,0.0,0.0,5.0,0.0,0.0,0.0,13.0,1.61,73.0,5.0,0.0,5.0,0.0,0.0,73.0,1.63,1.63,933.47,225.0,1.61,2183.0,121.0,0.0,933.47,-36.7625,1.33e-05
Co2VAl,Co2.000,V1.000,Al1.000,701.0253,0.0,0.0,0.0,0.0,0.0,0.0,0.0,16.48,0.0,0.0,0.0,1.61,0.0,0.0,0.0,0.0,0.0,5.0,0.0,0.0,0.0,13.0,1.61,73.0,5.0,0.0,5.0,0.0,0.0,73.0,1.63,1.63,933.47,225.0,1.61,2183.0,121.0,0.0,933.47,-38.0846,1.34e-05
Co2VAl,Co2.000,V1.000,Al1.000,814.2538,0.0,0.0,0.0,0.0,0.0,0.0,0.0,16.48,0.0,0.0,0.0,1.61,0.0,0.0,0.0,0.0,0.0,5.0,0.0,0.0,0.0,13.0,1.61,73.0,5.0,0.0,5.0,0.0,0.0,73.0,1.63,1.63,933.47,225.0,1.61,2183.0,121.0,0.0,933.47,-38.9709,1.35e-05
Co2NbAl,Co2.000,Nb1.000,Al1.000,18.0801,0.0,0.0,0.0,0.0,0.0,0.0,0.0,16.48,0.0,0.0,0.0,1.61,0.0,0.0,0.0,0.0,0.0,5.0,0.0,0.0,0.0,13.0,1.61,73.0,5.0,0.0,5.0,0.0,0.0,73.0,1.6,1.6,933.47,225.0,1.61,2750.0,121.0,0.0,933.47,1.0475,1.35e-05
Co2NbAl,Co2.000,Nb1.000,Al1.000,94.4999,0.0,0.0,0.0,0.0,0.0,0.0,0.0,16.48,0.0,0.0,0.0,1.61,0.0,0.0,0.0,0.0,0.0,5.0,0.0,0.0,0.0,13.0,1.61,73.0,5.0,0.0,5.0,0.0,0.0,73.0,1.6,1.6,933.47,225.0,1.61,2750.0,121.0,0.0,933.47,-0.257,1.46e-05
Co2NbAl,Co2.000,Nb1.000,Al1.000,197.6457,0.0,0.0,0.0,0.0,0.0,0.0,0.0,16.48,0.0,0.0,0.0,1.61,0.0,0.0,0.0,0.0,0.0,5.0,0.0,0.0,0.0,13.0,1.61,73.0,5.0,0.0,5.0,0.0,0.0,73.0,1.6,1.6,933.47,225.0,1.61,2750.0,121.0,0.0,933.47,-6.7048,1.73e-05
Co2NbAl,Co2.000,Nb1.000,Al1.000,270.2085,0.0,0.0,0.0,0.0,0.0,0.0,0.0,16.48,0.0,0.0,0.0,1.61,0.0,0.0,0.0,0.0,0.0,5.0,0.0,0.0,0.0,13.0,1.61,73.0,5.0,0.0,5.0,0.0,0.0,73.0,1.6,1.6,933.47,225.0,1.61,2750.0,121.0,0.0,933.47,-14.6425,1.91e-05
Co2NbAl,Co2.000,Nb1.000,Al1.000,330.5245,0.0,0.0,0.0,0.0,0.0,0.0,0.0,16.48,0.0,0.0,0.0,1.61,0.0,0.0,0.0,0.0,0.0,5.0,0.0,0.0,0.0,13.0,1.61,73.0,5.0,0.0,5.0,0.0,0.0,73.0,1.6,1.6,933.47,225.0,1.61,2750.0,121.0,0.0,933.47,-23.0049,2.07e-05
Co2NbAl,Co2.000,Nb1.000,Al1.000,378.2182,0.0,0.0,0.0,0.0,0.0,0.0,0.0,16.48,0.0,0.0,0.0,1.61,0.0,0.0,0.0,0.0,0.0,5.0,0.0,0.0,0.0,13.0,1.61,73.0,5.0,0.0,5.0,0.0,0.0,73.0,1.6,1.6,933.47,225.0,1.61,2750.0,121.0,0.0,933.47,-27.0838,2.17e-05
Co2NbAl,Co2.000,Nb1.000,Al1.000,436.2905,0.0,0.0,0.0,0.0,0.0,0.0,0.0,16.48,0.0,0.0,0.0,1.61,0.0,0.0,0.0,0.0,0.0,5.0,0.0,0.0,0.0,13.0,1.61,73.0,5.0,0.0,5.0,0.0,0.0,73.0,1.6,1.6,933.47,225.0,1.61,2750.0,121.0,0.0,933.47,-29.3108,2.2e-05
Co2NbAl,Co2.000,Nb1.000,Al1.000,557.3742,0.0,0.0,0.0,0.0,0.0,0.0,0.0,16.48,0.0,0.0,0.0,1.61,0.0,0.0,0.0,0.0,0.0,5.0,0.0,0.0,0.0,13.0,1.61,73.0,5.0,0.0,5.0,0.0,0.0,73.0,1.6,1.6,933.47,225.0,1.61,2750.0,121.0,0.0,933.47,-29.6998,2.22e-05
Co2NbAl,Co2.000,Nb1.000,Al1.000,697.802,0.0,0.0,0.0,0.0,0.0,0.0,0.0,16.48,0.0,0.0,0.0,1.61,0.0,0.0,0.0,0.0,0.0,5.0,0.0,0.0,0.0,13.0,1.61,73.0,5.0,0.0,5.0,0.0,0.0,73.0,1.6,1.6,933.47,225.0,1.61,2750.0,121.0,0.0,933.47,-30.6648,2.26e-05
Co2NbAl,Co2.000,Nb1.000,Al1.000,842.5362,0.0,0.0,0.0,0.0,0.0,0.0,0.0,16.48,0.0,0.0,0.0,1.61,0.0,0.0,0.0,0.0,0.0,5.0,0.0,0.0,0.0,13.0,1.61,73.0,5.0,0.0,5.0,0.0,0.0,73.0,1.6,1.6,933.47,225.0,1.61,2750.0,121.0,0.0,933.47,-30.6322,2.31e-05
Fe2VAl,Fe2.000,V1.000,Al1.000,300.9457,0.0,0.0,0.0,0.0,0.0,0.0,0.0,16.48,0.0,0.0,0.0,1.61,0.0,0.0,0.0,0.0,0.0,5.0,0.0,0.0,0.0,13.0,1.61,73.0,5.0,0.0,5.0,0.0,0.0,73.0,1.63,1.63,933.47,225.0,1.61,2183.0,121.0,0.0,933.47,-54.1654,0.0003
Fe2VAl,Fe2.000,V1.000,Al1.000,365.1643,0.0,0.0,0.0,0.0,0.0,0.0,0.0,16.48,0.0,0.0,0.0,1.61,0.0,0.0,0.0,0.0,0.0,5.0,0.0,0.0,0.0,13.0,1.61,73.0,5.0,0.0,5.0,0.0,0.0,73.0,1.63,1.63,933.47,225.0,1.61,2183.0,121.0,0.0,933.47,-44.7744,0.000254
Fe2VAl,Fe2.000,V1.000,Al1.000,445.8307,0.0,0.0,0.0,0.0,0.0,0.0,0.0,16.48,0.0,0.0,0.0,1.61,0.0,0.0,0.0,0.0,0.0,5.0,0.0,0.0,0.0,13.0,1.61,73.0,5.0,0.0,5.0,0.0,0.0,73.0,1.63,1.63,933.47,225.0,1.61,2183.0,121.0,0.0,933.47,-34.2944,0.0002
Fe2VAl,Fe2.000,V1.000,Al1.000,509.3189,0.0,0.0,0.0,0.0,0.0,0.0,0.0,16.48,0.0,0.0,0.0,1.61,0.0,0.0,0.0,0.0,0.0,5.0,0.0,0.0,0.0,13.0,1.61,73.0,5.0,0.0,5.0,0.0,0.0,73.0,1.63,1.63,933.47,225.0,1.61,2183.0,121.0,0.0,933.47,-26.1028,0.000159
Fe2VAl,Fe2.000,V1.000,Al1.000,584.4138,0.0,0.0,0.0,0.0,0.0,0.0,0.0,16.48,0.0,0.0,0.0,1.61,0.0,0.0,0.0,0.0,0.0,5.0,0.0,0.0,0.0,13.0,1.61,73.0,5.0,0.0,5.0,0.0,0.0,73.0,1.63,1.63,933.47,225.0,1.61,2183.0,121.0,0.0,933.47,-18.384,0.000111
Fe2CoAl,Fe2.000,Co1.000,Al1.000,298.5633,0.0,0.0,0.0,0.0,0.0,0.0,0.0,16.48,0.0,0.0,0.0,1.61,0.0,0.0,1.5484712,0.0,0.0,5.0,1.5484712,0.0,0.0,13.0,1.61,73.0,5.0,0.0,5.0,0.0,0.0,73.0,1.88,1.88,933.47,225.0,1.61,1768.0,121.0,0.0,933.47,-19.9942,5.29e-05
Fe2CoAl,Fe2.000,Co1.000,Al1.000,382.4241,0.0,0.0,0.0,0.0,0.0,0.0,0.0,16.48,0.0,0.0,0.0,1.61,0.0,0.0,1.5484712,0.0,0.0,5.0,1.5484712,0.0,0.0,13.0,1.61,73.0,5.0,0.0,5.0,0.0,0.0,73.0,1.88,1.88,933.47,225.0,1.61,1768.0,121.0,0.0,933.47,-22.9415,5.56e-05
Fe2CoAl,Fe2.000,Co1.000,Al1.000,471.5197,0.0,0.0,0.0,0.0,0.0,0.0,0.0,16.48,0.0,0.0,0.0,1.61,0.0,0.0,1.5484712,0.0,0.0,5.0,1.5484712,0.0,0.0,13.0,1.61,73.0,5.0,0.0,5.0,0.0,0.0,73.0,1.88,1.88,933.47,225.0,1.61,1768.0,121.0,0.0,933.47,-25.6459,5.62e-05
Fe2CoAl,Fe2.000,Co1.000,Al1.000,528.8013,0.0,0.0,0.0,0.0,0.0,0.0,0.0,16.48,0.0,0.0,0.0,1.61,0.0,0.0,1.5484712,0.0,0.0,5.0,1.5484712,0.0,0.0,13.0,1.61,73.0,5.0,0.0,5.0,0.0,0.0,73.0,1.88,1.88,933.47,225.0,1.61,1768.0,121.0,0.0,933.47,-27.7698,5.62e-05
Fe2CoAl,Fe2.000,Co1.000,Al1.000,584.9549,0.0,0.0,0.0,0.0,0.0,0.0,0.0,16.48,0.0,0.0,0.0,1.61,0.0,0.0,1.5484712,0.0,0.0,5.0,1.5484712,0.0,0.0,13.0,1.61,73.0,5.0,0.0,5.0,0.0,0.0,73.0,1.88,1.88,933.47,225.0,1.61,1768.0,121.0,0.0,933.47,-29.5347,5.63e-05
Fe2CoAl,Fe2.000,Co1.000,Al1.000,297.351,0.0,0.0,0.0,0.0,0.0,0.0,0.0,16.48,0.0,0.0,0.0,1.61,0.0,0.0,1.5484712,0.0,0.0,5.0,1.5484712,0.0,0.0,13.0,1.61,73.0,5.0,0.0,5.0,0.0,0.0,73.0,1.88,1.88,933.47,225.0,1.61,1768.0,121.0,0.0,933.47,-13.9997,1.37e-05
Fe2CoAl,Fe2.000,Co1.000,Al1.000,401.7521,0.0,0.0,0.0,0.0,0.0,0.0,0.0,16.48,0.0,0.0,0.0,1.61,0.0,0.0,1.5484712,0.0,0.0,5.0,1.5484712,0.0,0.0,13.0,1.61,73.0,5.0,0.0,5.0,0.0,0.0,73.0,1.88,1.88,933.47,225.0,1.61,1768.0,121.0,0.0,933.47,-14.2968,1.5e-05
Fe2CoAl,Fe2.000,Co1.000,Al1.000,487.0701,0.0,0.0,0.0,0.0,0.0,0.0,0.0,16.48,0.0,0.0,0.0,1.61,0.0,0.0,1.5484712,0.0,0.0,5.0,1.5484712,0.0,0.0,13.0,1.61,73.0,5.0,0.0,5.0,0.0,0.0,73.0,1.88,1.88,933.47,225.0,1.61,1768.0,121.0,0.0,933.47,-14.6054,1.41e-05
Fe2CoAl,Fe2.000,Co1.000,Al1.000,537.2154,0.0,0.0,0.0,0.0,0.0,0.0,0.0,16.48,0.0,0.0,0.0,1.61,0.0,0.0,1.5484712,0.0,0.0,5.0,1.5484712,0.0,0.0,13.0,1.61,73.0,5.0,0.0,5.0,0.0,0.0,73.0,1.88,1.88,933.47,225.0,1.61,1768.0,121.0,0.0,933.47,-14.935,1.36e-05
Fe2CoAl,Fe2.000,Co1.000,Al1.000,586.6123,0.0,0.0,0.0,0.0,0.0,0.0,0.0,16.48,0.0,0.0,0.0,1.61,0.0,0.0,1.5484712,0.0,0.0,5.0,1.5484712,0.0,0.0,13.0,1.61,73.0,5.0,0.0,5.0,0.0,0.0,73.0,1.88,1.88,933.47,225.0,1.61,1768.0,121.0,0.0,933.47,-15.2651,1.36e-05
CeCoGe2,Ge2.000,Ce1.000,Co1.000,9.6077,0.0,0.0,0.0,0.0,0.0,0.0,0.0,10.245,3.0,3.0,0.0,1.88,0.0,0.0,0.0,0.0,0.0,3.0,0.0,0.0,0.0,9.0,1.88,58.0,3.0,0.0,0.0,0.0,0.0,58.0,1.12,1.12,1768.0,194.0,1.88,1071.0,126.0,0.0,1768.0,6.6685,5.19e-06
CeCoGe2,Ge2.000,Ce1.000,Co1.000,23.0584,0.0,0.0,0.0,0.0,0.0,0.0,0.0,10.245,3.0,3.0,0.0,1.88,0.0,0.0,0.0,0.0,0.0,3.0,0.0,0.0,0.0,9.0,1.88,58.0,3.0,0.0,0.0,0.0,0.0,58.0,1.12,1.12,1768.0,194.0,1.88,1071.0,126.0,0.0,1768.0,18.4042,6.07e-06
CeCoGe2,Ge2.000,Ce1.000,Co1.000,36.269,0.0,0.0,0.0,0.0,0.0,0.0,0.0,10.245,3.0,3.0,0.0,1.88,0.0,0.0,0.0,0.0,0.0,3.0,0.0,0.0,0.0,9.0,1.88,58.0,3.0,0.0,0.0,0.0,0.0,58.0,1.12,1.12,1768.0,194.0,1.88,1071.0,126.0,0.0,1768.0,27.4732,7.32e-06
CeCoGe2,Ge2.000,Ce1.000,Co1.000,55.004,0.0,0.0,0.0,0.0,0.0,0.0,0.0,10.245,3.0,3.0,0.0,1.88,0.0,0.0,0.0,0.0,0.0,3.0,0.0,0.0,0.0,9.0,1.88,58.0,3.0,0.0,0.0,0.0,0.0,58.0,1.12,1.12,1768.0,194.0,1.88,1071.0,126.0,0.0,1768.0,33.7165,8.7e-06
CeCoGe2,Ge2.000,Ce1.000,Co1.000,76.3811,0.0,0.0,0.0,0.0,0.0,0.0,0.0,10.245,3.0,3.0,0.0,1.88,0.0,0.0,0.0,0.0,0.0,3.0,0.0,0.0,0.0,9.0,1.88,58.0,3.0,0.0,0.0,0.0,0.0,58.0,1.12,1.12,1768.0,194.0,1.88,1071.0,126.0,0.0,1768.0,35.5337,9.46e-06
CeCoGe2,Ge2.000,Ce1.000,Co1.000,110.9688,0.0,0.0,0.0,0.0,0.0,0.0,0.0,10.245,3.0,3.0,0.0,1.88,0.0,0.0,0.0,0.0,0.0,3.0,0.0,0.0,0.0,9.0,1.88,58.0,3.0,0.0,0.0,0.0,0.0,58.0,1.12,1.12,1768.0,194.0,1.88,1071.0,126.0,0.0,1768.0,32.7665,1.02e-05
CeCoGe2,Ge2.000,Ce1.000,Co1.000,149.1593,0.0,0.0,0.0,0.0,0.0,0.0,0.0,10.245,3.0,3.0,0.0,1.88,0.0,0.0,0.0,0.0,0.0,3.0,0.0,0.0,0.0,9.0,1.88,58.0,3.0,0.0,0.0,0.0,0.0,58.0,1.12,1.12,1768.0,194.0,1.88,1071.0,126.0,0.0,1768.0,28.1333,1.06e-05
CeCoGe2,Ge2.000,Ce1.000,Co1.000,188.0705,0.0,0.0,0.0,0.0,0.0,0.0,0.0,10.245,3.0,3.0,0.0,1.88,0.0,0.0,0.0,0.0,0.0,3.0,0.0,0.0,0.0,9.0,1.88,58.0,3.0,0.0,0.0,0.0,0.0,58.0,1.12,1.12,1768.0,194.0,1.88,1071.0,126.0,0.0,1768.0,22.5402,1.08e-05
CeCoGe2,Ge2.000,Ce1.000,Co1.000,231.5452,0.0,0.0,0.0,0.0,0.0,0.0,0.0,10.245,3.0,3.0,0.0,1.88,0.0,0.0,0.0,0.0,0.0,3.0,0.0,0.0,0.0,9.0,1.88,58.0,3.0,0.0,0.0,0.0,0.0,58.0,1.12,1.12,1768.0,194.0,1.88,1071.0,126.0,0.0,1768.0,16.9479,1.1e-05
CeCoGe2,Ge2.000,Ce1.000,Co1.000,255.0841,0.0,0.0,0.0,0.0,0.0,0.0,0.0,10.245,3.0,3.0,0.0,1.88,0.0,0.0,0.0,0.0,0.0,3.0,0.0,0.0,0.0,9.0,1.88,58.0,3.0,0.0,0.0,0.0,0.0,58.0,1.12,1.12,1768.0,194.0,1.88,1071.0,126.0,0.0,1768.0,14.3921,1.11e-05
CeCoGe2,Ge2.000,Ce1.000,Co1.000,299.0392,0.0,0.0,0.0,0.0,0.0,0.0,0.0,10.245,3.0,3.0,0.0,1.88,0.0,0.0,0.0,0.0,0.0,3.0,0.0,0.0,0.0,9.0,1.88,58.0,3.0,0.0,0.0,0.0,0.0,58.0,1.12,1.12,1768.0,194.0,1.88,1071.0,126.0,0.0,1768.0,9.9199,1.14e-05
LaCoGe2,Ge2.000,La1.000,Co1.000,9.3529,0.0,0.0,0.0,0.0,0.0,0.0,0.0,10.245,3.0,3.0,0.0,1.88,0.0,0.0,0.0,0.0,0.0,3.0,0.0,0.0,0.0,9.0,1.88,58.0,3.0,0.0,0.0,0.0,0.0,58.0,1.1,1.1,1768.0,194.0,1.88,1193.0,126.0,0.0,1768.0,-0.3307,3.55e-06
LaCoGe2,Ge2.000,La1.000,Co1.000,20.8363,0.0,0.0,0.0,0.0,0.0,0.0,0.0,10.245,3.0,3.0,0.0,1.88,0.0,0.0,0.0,0.0,0.0,3.0,0.0,0.0,0.0,9.0,1.88,58.0,3.0,0.0,0.0,0.0,0.0,58.0,1.1,1.1,1768.0,194.0,1.88,1193.0,126.0,0.0,1768.0,-0.5547,3.65e-06
LaCoGe2,Ge2.000,La1.000,Co1.000,39.1495,0.0,0.0,0.0,0.0,0.0,0.0,0.0,10.245,3.0,3.0,0.0,1.88,0.0,0.0,0.0,0.0,0.0,3.0,0.0,0.0,0.0,9.0,1.88,58.0,3.0,0.0,0.0,0.0,0.0,58.0,1.1,1.1,1768.0,194.0,1.88,1193.0,126.0,0.0,1768.0,0.0213,3.83e-06
LaCoGe2,Ge2.000,La1.000,Co1.000,73.6023,0.0,0.0,0.0,0.0,0.0,0.0,0.0,10.245,3.0,3.0,0.0,1.88,0.0,0.0,0.0,0.0,0.0,3.0,0.0,0.0,0.0,9.0,1.88,58.0,3.0,0.0,0.0,0.0,0.0,58.0,1.1,1.1,1768.0,194.0,1.88,1193.0,126.0,0.0,1768.0,-0.5547,4.23e-06
LaCoGe2,Ge2.000,La1.000,Co1.000,128.6681,0.0,0.0,0.0,0.0,0.0,0.0,0.0,10.245,3.0,3.0,0.0,1.88,0.0,0.0,0.0,0.0,0.0,3.0,0.0,0.0,0.0,9.0,1.88,58.0,3.0,0.0,0.0,0.0,0.0,58.0,1.1,1.1,1768.0,194.0,1.88,1193.0,126.0,0.0,1768.0,-2.08,5.03e-06
LaCoGe2,Ge2.000,La1.000,Co1.000,219.2346,0.0,0.0,0.0,0.0,0.0,0.0,0.0,10.245,3.0,3.0,0.0,1.88,0.0,0.0,0.0,0.0,0.0,3.0,0.0,0.0,0.0,9.0,1.88,58.0,3.0,0.0,0.0,0.0,0.0,58.0,1.1,1.1,1768.0,194.0,1.88,1193.0,126.0,0.0,1768.0,-4.7787,6.56e-06
LaCoGe2,Ge2.000,La1.000,Co1.000,298.9626,0.0,0.0,0.0,0.0,0.0,0.0,0.0,10.245,3.0,3.0,0.0,1.88,0.0,0.0,0.0,0.0,0.0,3.0,0.0,0.0,0.0,9.0,1.88,58.0,3.0,0.0,0.0,0.0,0.0,58.0,1.1,1.1,1768.0,194.0,1.88,1193.0,126.0,0.0,1768.0,-7.008,7.95e-06
PrInAg2,Ag2.000,Pr1.000,In1.000,5.2905,0.0,0.0,0.0,0.0,0.0,0.0,0.0,24.26,0.0,0.0,0.0,1.78,0.0,0.0,0.0,0.0,0.0,5.0,0.0,0.0,0.0,13.0,1.78,75.0,5.0,0.0,5.0,0.0,0.0,75.0,1.13,1.13,429.75,139.0,1.78,1204.0,142.0,0.0,429.75,-0.1292,1.33e-06
PrInAg2,Ag2.000,Pr1.000,In1.000,12.5,0.0,0.0,0.0,0.0,0.0,0.0,0.0,24.26,0.0,0.0,0.0,1.78,0.0,0.0,0.0,0.0,0.0,5.0,0.0,0.0,0.0,13.0,1.78,75.0,5.0,0.0,5.0,0.0,0.0,75.0,1.13,1.13,429.75,139.0,1.78,1204.0,142.0,0.0,429.75,-0.736,1.44e-06
PrInAg2,Ag2.000,Pr1.000,In1.000,34.928,0.0,0.0,0.0,0.0,0.0,0.0,0.0,24.26,0.0,0.0,0.0,1.78,0.0,0.0,0.0,0.0,0.0,5.0,0.0,0.0,0.0,13.0,1.78,75.0,5.0,0.0,5.0,0.0,0.0,75.0,1.13,1.13,429.75,139.0,1.78,1204.0,142.0,0.0,429.75,-1.5056,1.77e-06
PrInAg2,Ag2.000,Pr1.000,In1.000,76.5309,0.0,0.0,0.0,0.0,0.0,0.0,0.0,24.26,0.0,0.0,0.0,1.78,0.0,0.0,0.0,0.0,0.0,5.0,0.0,0.0,0.0,13.0,1.78,75.0,5.0,0.0,5.0,0.0,0.0,75.0,1.13,1.13,429.75,139.0,1.78,1204.0,142.0,0.0,429.75,-1.9775,2.34e-06
PrInAg2,Ag2.000,Pr1.000,In1.000,137.2938,0.0,0.0,0.0,0.0,0.0,0.0,0.0,24.26,0.0,0.0,0.0,1.78,0.0,0.0,0.0,0.0,0.0,5.0,0.0,0.0,0.0,13.0,1.78,75.0,5.0,0.0,5.0,0.0,0.0,75.0,1.13,1.13,429.75,139.0,1.78,1204.0,142.0,0.0,429.75,-2.0787,3.06e-06
PrInAg2,Ag2.000,Pr1.000,In1.000,183.2574,0.0,0.0,0.0,0.0,0.0,0.0,0.0,24.26,0.0,0.0,0.0,1.78,0.0,0.0,0.0,0.0,0.0,5.0,0.0,0.0,0.0,13.0,1.78,75.0,5.0,0.0,5.0,0.0,0.0,75.0,1.13,1.13,429.75,139.0,1.78,1204.0,142.0,0.0,429.75,-2.4213,3.57e-06
PrInAg2,Ag2.000,Pr1.000,In1.000,219.4155,0.0,0.0,0.0,0.0,0.0,0.0,0.0,24.26,0.0,0.0,0.0,1.78,0.0,0.0,0.0,0.0,0.0,5.0,0.0,0.0,0.0,13.0,1.78,75.0,5.0,0.0,5.0,0.0,0.0,75.0,1.13,1.13,429.75,139.0,1.78,1204.0,142.0,0.0,429.75,-2.6685,3.95e-06
PrInAg2,Ag2.000,Pr1.000,In1.000,262.3306,0.0,0.0,0.0,0.0,0.0,0.0,0.0,24.26,0.0,0.0,0.0,1.78,0.0,0.0,0.0,0.0,0.0,5.0,0.0,0.0,0.0,13.0,1.78,75.0,5.0,0.0,5.0,0.0,0.0,75.0,1.13,1.13,429.75,139.0,1.78,1204.0,142.0,0.0,429.75,-2.9551,4.41e-06
PrInAg2,Ag2.000,Pr1.000,In1.000,285.6288,0.0,0.0,0.0,0.0,0.0,0.0,0.0,24.26,0.0,0.0,0.0,1.78,0.0,0.0,0.0,0.0,0.0,5.0,0.0,0.0,0.0,13.0,1.78,75.0,5.0,0.0,5.0,0.0,0.0,75.0,1.13,1.13,429.75,139.0,1.78,1204.0,142.0,0.0,429.75,-3.0225,4.66e-06
PrInCu2,Cu2.000,Pr1.000,In1.000,12.7169,0.0,0.0,0.0,0.0,0.0,0.0,0.0,24.26,0.0,0.0,0.0,1.78,0.0,0.0,0.0,0.0,0.0,5.0,0.0,0.0,0.0,13.0,1.78,75.0,5.0,0.0,5.0,0.0,0.0,75.0,1.13,1.13,429.75,139.0,1.78,1204.0,142.0,0.0,429.75,-0.1404,2.9e-06
PrInCu2,Cu2.000,Pr1.000,In1.000,37.1025,0.0,0.0,0.0,0.0,0.0,0.0,0.0,24.26,0.0,0.0,0.0,1.78,0.0,0.0,0.0,0.0,0.0,5.0,0.0,0.0,0.0,13.0,1.78,75.0,5.0,0.0,5.0,0.0,0.0,75.0,1.13,1.13,429.75,139.0,1.78,1204.0,142.0,0.0,429.75,-0.5787,3.01e-06
PrInCu2,Cu2.000,Pr1.000,In1.000,65.0649,0.0,0.0,0.0,0.0,0.0,0.0,0.0,24.26,0.0,0.0,0.0,1.78,0.0,0.0,0.0,0.0,0.0,5.0,0.0,0.0,0.0,13.0,1.78,75.0,5.0,0.0,5.0,0.0,0.0,75.0,1.13,1.13,429.75,139.0,1.78,1204.0,142.0,0.0,429.75,-0.3483,3.2e-06
PrInCu2,Cu2.000,Pr1.000,In1.000,129.8875,0.0,0.0,0.0,0.0,0.0,0.0,0.0,24.26,0.0,0.0,0.0,1.78,0.0,0.0,0.0,0.0,0.0,5.0,0.0,0.0,0.0,13.0,1.78,75.0,5.0,0.0,5.0,0.0,0.0,75.0,1.13,1.13,429.75,139.0,1.78,1204.0,142.0,0.0,429.75,-0.5,3.76e-06
PrInCu2,Cu2.000,Pr1.000,In1.000,194.1103,0.0,0.0,0.0,0.0,0.0,0.0,0.0,24.26,0.0,0.0,0.0,1.78,0.0,0.0,0.0,0.0,0.0,5.0,0.0,0.0,0.0,13.0,1.78,75.0,5.0,0.0,5.0,0.0,0.0,75.0,1.13,1.13,429.75,139.0,1.78,1204.0,142.0,0.0,429.75,-1.0225,4.29e-06
PrInCu2,Cu2.000,Pr1.000,In1.000,243.4735,0.0,0.0,0.0,0.0,0.0,0.0,0.0,24.26,0.0,0.0,0.0,1.78,0.0,0.0,0.0,0.0,0.0,5.0,0.0,0.0,0.0,13.0,1.78,75.0,5.0,0.0,5.0,0.0,0.0,75.0,1.13,1.13,429.75,139.0,1.78,1204.0,142.0,0.0,429.75,-1.4888,4.67e-06
PrInCu2,Cu2.000,Pr1.000,In1.000,286.0797,0.0,0.0,0.0,0.0,0.0,0.0,0.0,24.26,0.0,0.0,0.0,1.78,0.0,0.0,0.0,0.0,0.0,5.0,0.0,0.0,0.0,13.0,1.78,75.0,5.0,0.0,5.0,0.0,0.0,75.0,1.13,1.13,429.75,139.0,1.78,1204.0,142.0,0.0,429.75,-1.9157,5.03e-06
Fe2VAl,Fe2.000,V1.000,Al1.000,342.5818,0.0,0.0,0.0,0.0,0.0,0.0,0.0,16.48,0.0,0.0,0.0,1.61,0.0,0.0,0.0,0.0,0.0,5.0,0.0,0.0,0.0,13.0,1.61,73.0,5.0,0.0,5.0,0.0,0.0,73.0,1.63,1.63,933.47,225.0,1.61,2183.0,121.0,0.0,933.47,-18.6075,0.000895
Fe2VAl,Fe2.000,V1.000,Al1.000,392.1706,0.0,0.0,0.0,0.0,0.0,0.0,0.0,16.48,0.0,0.0,0.0,1.61,0.0,0.0,0.0,0.0,0.0,5.0,0.0,0.0,0.0,13.0,1.61,73.0,5.0,0.0,5.0,0.0,0.0,73.0,1.63,1.63,933.47,225.0,1.61,2183.0,121.0,0.0,933.47,-16.8471,0.000744
Fe2VAl,Fe2.000,V1.000,Al1.000,441.1922,0.0,0.0,0.0,0.0,0.0,0.0,0.0,16.48,0.0,0.0,0.0,1.61,0.0,0.0,0.0,0.0,0.0,5.0,0.0,0.0,0.0,13.0,1.61,73.0,5.0,0.0,5.0,0.0,0.0,73.0,1.63,1.63,933.47,225.0,1.61,2183.0,121.0,0.0,933.47,-14.2713,0.000634
Fe2VAl,Fe2.000,V1.000,Al1.000,494.1119,0.0,0.0,0.0,0.0,0.0,0.0,0.0,16.48,0.0,0.0,0.0,1.61,0.0,0.0,0.0,0.0,0.0,5.0,0.0,0.0,0.0,13.0,1.61,73.0,5.0,0.0,5.0,0.0,0.0,73.0,1.63,1.63,933.47,225.0,1.61,2183.0,121.0,0.0,933.47,-11.3722,0.000547
Fe2VAl,Fe2.000,V1.000,Al1.000,543.1549,0.0,0.0,0.0,0.0,0.0,0.0,0.0,16.48,0.0,0.0,0.0,1.61,0.0,0.0,0.0,0.0,0.0,5.0,0.0,0.0,0.0,13.0,1.61,73.0,5.0,0.0,5.0,0.0,0.0,73.0,1.63,1.63,933.47,225.0,1.61,2183.0,121.0,0.0,933.47,-10.5893,0.000483
Fe2VAl,Fe2.000,V1.000,Al1.000,593.3109,0.0,0.0,0.0,0.0,0.0,0.0,0.0,16.48,0.0,0.0,0.0,1.61,0.0,0.0,0.0,0.0,0.0,5.0,0.0,0.0,0.0,13.0,1.61,73.0,5.0,0.0,5.0,0.0,0.0,73.0,1.63,1.63,933.47,225.0,1.61,2183.0,121.0,0.0,933.47,-9.6441,0.000439
Fe2VAl,Fe2.000,V1.000,Al1.000,642.9152,0.0,0.0,0.0,0.0,0.0,0.0,0.0,16.48,0.0,0.0,0.0,1.61,0.0,0.0,0.0,0.0,0.0,5.0,0.0,0.0,0.0,13.0,1.61,73.0,5.0,0.0,5.0,0.0,0.0,73.0,1.63,1.63,933.47,225.0,1.61,2183.0,121.0,0.0,933.47,-9.1875,0.000408
Fe2VAl,Fe2.000,V1.000,Al1.000,693.6441,0.0,0.0,0.0,0.0,0.0,0.0,0.0,16.48,0.0,0.0,0.0,1.61,0.0,0.0,0.0,0.0,0.0,5.0,0.0,0.0,0.0,13.0,1.61,73.0,5.0,0.0,5.0,0.0,0.0,73.0,1.63,1.63,933.47,225.0,1.61,2183.0,121.0,0.0,933.47,-9.5465,0.000384
Fe2VAl,Fe2.000,V1.000,Al1.000,744.9266,0.0,0.0,0.0,0.0,0.0,0.0,0.0,16.48,0.0,0.0,0.0,1.61,0.0,0.0,0.0,0.0,0.0,5.0,0.0,0.0,0.0,13.0,1.61,73.0,5.0,0.0,5.0,0.0,0.0,73.0,1.63,1.63,933.47,225.0,1.61,2183.0,121.0,0.0,933.47,-9.5799,0.000363
Fe2V0.98W0.02Al,Fe2.000,V1.000,W0.020Al0.980,350.1488,0.4299999999999997,0.0,0.0,156.8584614,61.0,0.0,0.0,16.471400000000003,6.0,0.12,4.0,1.625,6.0,3.0,0.0,14.0,17.0,6.0,0.0,1.0,22.0,6.0,1.61,51.0,5.0200000000000005,7.0,4.9,0.7499999999999998,0.0,72.55999999999999,1.63,1.63,988.7006,225.08,2.36,2183.0,121.82,0.0,3695.0,-92.1165,0.000826
Fe2V0.98W0.02Al,Fe2.000,V1.000,W0.020Al0.980,391.2556,0.4299999999999997,0.0,0.0,156.8584614,61.0,0.0,0.0,16.471400000000003,6.0,0.12,4.0,1.625,6.0,3.0,0.0,14.0,17.0,6.0,0.0,1.0,22.0,6.0,1.61,51.0,5.0200000000000005,7.0,4.9,0.7499999999999998,0.0,72.55999999999999,1.63,1.63,988.7006,225.08,2.36,2183.0,121.82,0.0,3695.0,-80.2458,0.000727
Fe2V0.98W0.02Al,Fe2.000,V1.000,W0.020Al0.980,441.8599,0.4299999999999997,0.0,0.0,156.8584614,61.0,0.0,0.0,16.471400000000003,6.0,0.12,4.0,1.625,6.0,3.0,0.0,14.0,17.0,6.0,0.0,1.0,22.0,6.0,1.61,51.0,5.0200000000000005,7.0,4.9,0.7499999999999998,0.0,72.55999999999999,1.63,1.63,988.7006,225.08,2.36,2183.0,121.82,0.0,3695.0,-70.174,0.00063
Fe2V0.98W0.02Al,Fe2.000,V1.000,W0.020Al0.980,491.3397,0.4299999999999997,0.0,0.0,156.8584614,61.0,0.0,0.0,16.471400000000003,6.0,0.12,4.0,1.625,6.0,3.0,0.0,14.0,17.0,6.0,0.0,1.0,22.0,6.0,1.61,51.0,5.0200000000000005,7.0,4.9,0.7499999999999998,0.0,72.55999999999999,1.63,1.63,988.7006,225.08,2.36,2183.0,121.82,0.0,3695.0,-59.2866,0.000559
Fe2V0.98W0.02Al,Fe2.000,V1.000,W0.020Al0.980,543.5988,0.4299999999999997,0.0,0.0,156.8584614,61.0,0.0,0.0,16.471400000000003,6.0,0.12,4.0,1.625,6.0,3.0,0.0,14.0,17.0,6.0,0.0,1.0,22.0,6.0,1.61,51.0,5.0200000000000005,7.0,4.9,0.7499999999999998,0.0,72.55999999999999,1.63,1.63,988.7006,225.08,2.36,2183.0,121.82,0.0,3695.0,-47.749,0.000502
Fe2V0.98W0.02Al,Fe2.000,V1.000,W0.020Al0.980,591.9812,0.4299999999999997,0.0,0.0,156.8584614,61.0,0.0,0.0,16.471400000000003,6.0,0.12,4.0,1.625,6.0,3.0,0.0,14.0,17.0,6.0,0.0,1.0,22.0,6.0,1.61,51.0,5.0200000000000005,7.0,4.9,0.7499999999999998,0.0,72.55999999999999,1.63,1.63,988.7006,225.08,2.36,2183.0,121.82,0.0,3695.0,-38.3277,0.000459
Fe2V0.98W0.02Al,Fe2.000,V1.000,W0.020Al0.980,642.0729,0.4299999999999997,0.0,0.0,156.8584614,61.0,0.0,0.0,16.471400000000003,6.0,0.12,4.0,1.625,6.0,3.0,0.0,14.0,17.0,6.0,0.0,1.0,22.0,6.0,1.61,51.0,5.0200000000000005,7.0,4.9,0.7499999999999998,0.0,72.55999999999999,1.63,1.63,988.7006,225.08,2.36,2183.0,121.82,0.0,3695.0,-32.0041,0.000421
Fe2V0.98W0.02Al,Fe2.000,V1.000,W0.020Al0.980,694.9751,0.4299999999999997,0.0,0.0,156.8584614,61.0,0.0,0.0,16.471400000000003,6.0,0.12,4.0,1.625,6.0,3.0,0.0,14.0,17.0,6.0,0.0,1.0,22.0,6.0,1.61,51.0,5.0200000000000005,7.0,4.9,0.7499999999999998,0.0,72.55999999999999,1.63,1.63,988.7006,225.08,2.36,2183.0,121.82,0.0,3695.0,-27.6382,0.000389
Fe2V0.98W0.02Al,Fe2.000,V1.000,W0.020Al0.980,745.6417,0.4299999999999997,0.0,0.0,156.8584614,61.0,0.0,0.0,16.471400000000003,6.0,0.12,4.0,1.625,6.0,3.0,0.0,14.0,17.0,6.0,0.0,1.0,22.0,6.0,1.61,51.0,5.0200000000000005,7.0,4.9,0.7499999999999998,0.0,72.55999999999999,1.63,1.63,988.7006,225.08,2.36,2183.0,121.82,0.0,3695.0,-22.7818,0.000367
Fe2V0.96W0.04Al,Fe2.000,V1.000,W0.038Al0.962,349.8308,0.4299999999999997,0.0,0.0,156.8584614,61.0,0.0,0.0,16.46366,6.0,0.2279999999999999,4.0,1.6385,6.0,3.0,0.0,14.0,17.0,6.0,0.0,1.0,22.0,6.0,1.61,51.0,5.037999999999999,7.0,4.81,0.7499999999999998,0.0,72.164,1.63,1.63,1038.40814,225.152,2.36,2183.0,122.558,0.0,3695.0,-112.1629,0.000735
Fe2V0.96W0.04Al,Fe2.000,V1.000,W0.038Al0.962,391.9649,0.4299999999999997,0.0,0.0,156.8584614,61.0,0.0,0.0,16.46366,6.0,0.2279999999999999,4.0,1.6385,6.0,3.0,0.0,14.0,17.0,6.0,0.0,1.0,22.0,6.0,1.61,51.0,5.037999999999999,7.0,4.81,0.7499999999999998,0.0,72.164,1.63,1.63,1038.40814,225.152,2.36,2183.0,122.558,0.0,3695.0,-92.9587,0.000666
Fe2V0.96W0.04Al,Fe2.000,V1.000,W0.038Al0.962,446.475,0.4299999999999997,0.0,0.0,156.8584614,61.0,0.0,0.0,16.46366,6.0,0.2279999999999999,4.0,1.6385,6.0,3.0,0.0,14.0,17.0,6.0,0.0,1.0,22.0,6.0,1.61,51.0,5.037999999999999,7.0,4.81,0.7499999999999998,0.0,72.164,1.63,1.63,1038.40814,225.152,2.36,2183.0,122.558,0.0,3695.0,-83.2154,0.000589
Fe2V0.96W0.04Al,Fe2.000,V1.000,W0.038Al0.962,493.657,0.4299999999999997,0.0,0.0,156.8584614,61.0,0.0,0.0,16.46366,6.0,0.2279999999999999,4.0,1.6385,6.0,3.0,0.0,14.0,17.0,6.0,0.0,1.0,22.0,6.0,1.61,51.0,5.037999999999999,7.0,4.81,0.7499999999999998,0.0,72.164,1.63,1.63,1038.40814,225.152,2.36,2183.0,122.558,0.0,3695.0,-66.6222,0.000534
Fe2V0.96W0.04Al,Fe2.000,V1.000,W0.038Al0.962,543.6552,0.4299999999999997,0.0,0.0,156.8584614,61.0,0.0,0.0,16.46366,6.0,0.2279999999999999,4.0,1.6385,6.0,3.0,0.0,14.0,17.0,6.0,0.0,1.0,22.0,6.0,1.61,51.0,5.037999999999999,7.0,4.81,0.7499999999999998,0.0,72.164,1.63,1.63,1038.40814,225.152,2.36,2183.0,122.558,0.0,3695.0,-52.4755,0.000487
Fe2V0.96W0.04Al,Fe2.000,V1.000,W0.038Al0.962,596.4834,0.4299999999999997,0.0,0.0,156.8584614,61.0,0.0,0.0,16.46366,6.0,0.2279999999999999,4.0,1.6385,6.0,3.0,0.0,14.0,17.0,6.0,0.0,1.0,22.0,6.0,1.61,51.0,5.037999999999999,7.0,4.81,0.7499999999999998,0.0,72.164,1.63,1.63,1038.40814,225.152,2.36,2183.0,122.558,0.0,3695.0,-41.9162,0.000445
Fe2V0.96W0.04Al,Fe2.000,V1.000,W0.038Al0.962,643.7705,0.4299999999999997,0.0,0.0,156.8584614,61.0,0.0,0.0,16.46366,6.0,0.2279999999999999,4.0,1.6385,6.0,3.0,0.0,14.0,17.0,6.0,0.0,1.0,22.0,6.0,1.61,51.0,5.037999999999999,7.0,4.81,0.7499999999999998,0.0,72.164,1.63,1.63,1038.40814,225.152,2.36,2183.0,122.558,0.0,3695.0,-34.124,0.000411
Fe2V0.96W0.04Al,Fe2.000,V1.000,W0.038Al0.962,693.8836,0.4299999999999997,0.0,0.0,156.8584614,61.0,0.0,0.0,16.46366,6.0,0.2279999999999999,4.0,1.6385,6.0,3.0,0.0,14.0,17.0,6.0,0.0,1.0,22.0,6.0,1.61,51.0,5.037999999999999,7.0,4.81,0.7499999999999998,0.0,72.164,1.63,1.63,1038.40814,225.152,2.36,2183.0,122.558,0.0,3695.0,-29.5932,0.000384
Fe2V0.96W0.04Al,Fe2.000,V1.000,W0.038Al0.962,745.6651,0.4299999999999997,0.0,0.0,156.8584614,61.0,0.0,0.0,16.46366,6.0,0.2279999999999999,4.0,1.6385,6.0,3.0,0.0,14.0,17.0,6.0,0.0,1.0,22.0,6.0,1.61,51.0,5.037999999999999,7.0,4.81,0.7499999999999998,0.0,72.164,1.63,1.63,1038.40814,225.152,2.36,2183.0,122.558,0.0,3695.0,-24.7376,0.000368
Fe2V0.94W0.06Al,Fe2.000,V1.000,W0.057Al0.943,346.533,0.4299999999999997,0.0,0.0,156.8584614,61.0,0.0,0.0,16.45549,6.0,0.342,4.0,1.65275,6.0,3.0,0.0,14.0,17.0,6.0,0.0,1.0,22.0,6.0,1.61,51.0,5.0569999999999995,7.0,4.715,0.7499999999999998,0.0,71.746,1.63,1.63,1090.87721,225.228,2.36,2183.0,123.337,0.0,3695.0,-116.0722,0.000601
Fe2V0.94W0.06Al,Fe2.000,V1.000,W0.057Al0.943,396.6306,0.4299999999999997,0.0,0.0,156.8584614,61.0,0.0,0.0,16.45549,6.0,0.342,4.0,1.65275,6.0,3.0,0.0,14.0,17.0,6.0,0.0,1.0,22.0,6.0,1.61,51.0,5.0569999999999995,7.0,4.715,0.7499999999999998,0.0,71.746,1.63,1.63,1090.87721,225.228,2.36,2183.0,123.337,0.0,3695.0,-110.2376,0.000566
Fe2V0.94W0.06Al,Fe2.000,V1.000,W0.057Al0.943,444.9897,0.4299999999999997,0.0,0.0,156.8584614,61.0,0.0,0.0,16.45549,6.0,0.342,4.0,1.65275,6.0,3.0,0.0,14.0,17.0,6.0,0.0,1.0,22.0,6.0,1.61,51.0,5.0569999999999995,7.0,4.715,0.7499999999999998,0.0,71.746,1.63,1.63,1090.87721,225.228,2.36,2183.0,123.337,0.0,3695.0,-98.8605,0.000533
Fe2V0.94W0.06Al,Fe2.000,V1.000,W0.057Al0.943,493.2806,0.4299999999999997,0.0,0.0,156.8584614,61.0,0.0,0.0,16.45549,6.0,0.342,4.0,1.65275,6.0,3.0,0.0,14.0,17.0,6.0,0.0,1.0,22.0,6.0,1.61,51.0,5.0569999999999995,7.0,4.715,0.7499999999999998,0.0,71.746,1.63,1.63,1090.87721,225.228,2.36,2183.0,123.337,0.0,3695.0,-81.7791,0.000502
Fe2V0.94W0.06Al,Fe2.000,V1.000,W0.057Al0.943,543.3139,0.4299999999999997,0.0,0.0,156.8584614,61.0,0.0,0.0,16.45549,6.0,0.342,4.0,1.65275,6.0,3.0,0.0,14.0,17.0,6.0,0.0,1.0,22.0,6.0,1.61,51.0,5.0569999999999995,7.0,4.715,0.7499999999999998,0.0,71.746,1.63,1.63,1090.87721,225.228,2.36,2183.0,123.337,0.0,3695.0,-70.5661,0.000472
Fe2V0.94W0.06Al,Fe2.000,V1.000,W0.057Al0.943,593.8949,0.4299999999999997,0.0,0.0,156.8584614,61.0,0.0,0.0,16.45549,6.0,0.342,4.0,1.65275,6.0,3.0,0.0,14.0,17.0,6.0,0.0,1.0,22.0,6.0,1.61,51.0,5.0569999999999995,7.0,4.715,0.7499999999999998,0.0,71.746,1.63,1.63,1090.87721,225.228,2.36,2183.0,123.337,0.0,3695.0,-58.5385,0.000445
Fe2V0.94W0.06Al,Fe2.000,V1.000,W0.057Al0.943,642.2656,0.4299999999999997,0.0,0.0,156.8584614,61.0,0.0,0.0,16.45549,6.0,0.342,4.0,1.65275,6.0,3.0,0.0,14.0,17.0,6.0,0.0,1.0,22.0,6.0,1.61,51.0,5.0569999999999995,7.0,4.715,0.7499999999999998,0.0,71.746,1.63,1.63,1090.87721,225.228,2.36,2183.0,123.337,0.0,3695.0,-48.1393,0.00042
Fe2V0.94W0.06Al,Fe2.000,V1.000,W0.057Al0.943,695.1269,0.4299999999999997,0.0,0.0,156.8584614,61.0,0.0,0.0,16.45549,6.0,0.342,4.0,1.65275,6.0,3.0,0.0,14.0,17.0,6.0,0.0,1.0,22.0,6.0,1.61,51.0,5.0569999999999995,7.0,4.715,0.7499999999999998,0.0,71.746,1.63,1.63,1090.87721,225.228,2.36,2183.0,123.337,0.0,3695.0,-40.3507,0.000396
Fe2V0.94W0.06Al,Fe2.000,V1.000,W0.057Al0.943,745.2244,0.4299999999999997,0.0,0.0,156.8584614,61.0,0.0,0.0,16.45549,6.0,0.342,4.0,1.65275,6.0,3.0,0.0,14.0,17.0,6.0,0.0,1.0,22.0,6.0,1.61,51.0,5.0569999999999995,7.0,4.715,0.7499999999999998,0.0,71.746,1.63,1.63,1090.87721,225.228,2.36,2183.0,123.337,0.0,3695.0,-34.5161,0.00038
Fe2V0.92W0.08Al,Fe2.000,V1.000,W0.074Al0.926,349.8114,0.4299999999999997,0.0,0.0,156.8584614,61.0,0.0,0.0,16.44818,6.0,0.4439999999999999,4.0,1.6655,6.0,3.0,0.0,14.0,17.0,6.0,0.0,1.0,22.0,6.0,1.61,51.0,5.074,7.0,4.63,0.7499999999999998,0.0,71.372,1.63,1.63,1137.82322,225.296,2.36,2183.0,124.034,0.0,3695.0,-110.5331,0.000525
Fe2V0.92W0.08Al,Fe2.000,V1.000,W0.074Al0.926,392.0583,0.4299999999999997,0.0,0.0,156.8584614,61.0,0.0,0.0,16.44818,6.0,0.4439999999999999,4.0,1.6655,6.0,3.0,0.0,14.0,17.0,6.0,0.0,1.0,22.0,6.0,1.61,51.0,5.074,7.0,4.63,0.7499999999999998,0.0,71.372,1.63,1.63,1137.82322,225.296,2.36,2183.0,124.034,0.0,3695.0,-100.7818,0.000512
Fe2V0.92W0.08Al,Fe2.000,V1.000,W0.074Al0.926,443.8456,0.4299999999999997,0.0,0.0,156.8584614,61.0,0.0,0.0,16.44818,6.0,0.4439999999999999,4.0,1.6655,6.0,3.0,0.0,14.0,17.0,6.0,0.0,1.0,22.0,6.0,1.61,51.0,5.074,7.0,4.63,0.7499999999999998,0.0,71.372,1.63,1.63,1137.82322,225.296,2.36,2183.0,124.034,0.0,3695.0,-96.4151,0.000492
Fe2V0.92W0.08Al,Fe2.000,V1.000,W0.074Al0.926,493.3332,0.4299999999999997,0.0,0.0,156.8584614,61.0,0.0,0.0,16.44818,6.0,0.4439999999999999,4.0,1.6655,6.0,3.0,0.0,14.0,17.0,6.0,0.0,1.0,22.0,6.0,1.61,51.0,5.074,7.0,4.63,0.7499999999999998,0.0,71.372,1.63,1.63,1137.82322,225.296,2.36,2183.0,124.034,0.0,3695.0,-86.1796,0.000471
Fe2V0.92W0.08Al,Fe2.000,V1.000,W0.074Al0.926,543.3801,0.4299999999999997,0.0,0.0,156.8584614,61.0,0.0,0.0,16.44818,6.0,0.4439999999999999,4.0,1.6655,6.0,3.0,0.0,14.0,17.0,6.0,0.0,1.0,22.0,6.0,1.61,51.0,5.074,7.0,4.63,0.7499999999999998,0.0,71.372,1.63,1.63,1137.82322,225.296,2.36,2183.0,124.034,0.0,3695.0,-76.1074,0.000449
Fe2V0.92W0.08Al,Fe2.000,V1.000,W0.074Al0.926,593.3998,0.4299999999999997,0.0,0.0,156.8584614,61.0,0.0,0.0,16.44818,6.0,0.4439999999999999,4.0,1.6655,6.0,3.0,0.0,14.0,17.0,6.0,0.0,1.0,22.0,6.0,1.61,51.0,5.074,7.0,4.63,0.7499999999999998,0.0,71.372,1.63,1.63,1137.82322,225.296,2.36,2183.0,124.034,0.0,3695.0,-63.7536,0.000428
Fe2V0.92W0.08Al,Fe2.000,V1.000,W0.074Al0.926,643.4564,0.4299999999999997,0.0,0.0,156.8584614,61.0,0.0,0.0,16.44818,6.0,0.4439999999999999,4.0,1.6655,6.0,3.0,0.0,14.0,17.0,6.0,0.0,1.0,22.0,6.0,1.61,51.0,5.074,7.0,4.63,0.7499999999999998,0.0,71.372,1.63,1.63,1137.82322,225.296,2.36,2183.0,124.034,0.0,3695.0,-54.4963,0.000407
Fe2V0.92W0.08Al,Fe2.000,V1.000,W0.074Al0.926,694.0763,0.4299999999999997,0.0,0.0,156.8584614,61.0,0.0,0.0,16.44818,6.0,0.4439999999999999,4.0,1.6655,6.0,3.0,0.0,14.0,17.0,6.0,0.0,1.0,22.0,6.0,1.61,51.0,5.074,7.0,4.63,0.7499999999999998,0.0,71.372,1.63,1.63,1137.82322,225.296,2.36,2183.0,124.034,0.0,3695.0,-45.7284,0.000388
Fe2V0.92W0.08Al,Fe2.000,V1.000,W0.074Al0.926,744.1505,0.4299999999999997,0.0,0.0,156.8584614,61.0,0.0,0.0,16.44818,6.0,0.4439999999999999,4.0,1.6655,6.0,3.0,0.0,14.0,17.0,6.0,0.0,1.0,22.0,6.0,1.61,51.0,5.074,7.0,4.63,0.7499999999999998,0.0,71.372,1.63,1.63,1137.82322,225.296,2.36,2183.0,124.034,0.0,3695.0,-37.938,0.000371
Fe2V0.90W0.10Al,Fe2.000,V1.000,W0.091Al0.909,350.3415,0.4299999999999997,0.0,0.0,156.8584614,61.0,0.0,0.0,16.44087,6.0,0.546,4.0,1.6782500000000002,6.0,3.0,0.0,14.0,17.0,6.0,0.0,1.0,22.0,6.0,1.61,51.0,5.091,7.0,4.545,0.7499999999999998,0.0,70.998,1.63,1.63,1184.76923,225.364,2.36,2183.0,124.731,0.0,3695.0,-108.2517,0.00045
Fe2V0.90W0.10Al,Fe2.000,V1.000,W0.091Al0.909,393.8532,0.4299999999999997,0.0,0.0,156.8584614,61.0,0.0,0.0,16.44087,6.0,0.546,4.0,1.6782500000000002,6.0,3.0,0.0,14.0,17.0,6.0,0.0,1.0,22.0,6.0,1.61,51.0,5.091,7.0,4.545,0.7499999999999998,0.0,70.998,1.63,1.63,1184.76923,225.364,2.36,2183.0,124.731,0.0,3695.0,-111.0507,0.000451
Fe2V0.90W0.10Al,Fe2.000,V1.000,W0.091Al0.909,445.0617,0.4299999999999997,0.0,0.0,156.8584614,61.0,0.0,0.0,16.44087,6.0,0.546,4.0,1.6782500000000002,6.0,3.0,0.0,14.0,17.0,6.0,0.0,1.0,22.0,6.0,1.61,51.0,5.091,7.0,4.545,0.7499999999999998,0.0,70.998,1.63,1.63,1184.76923,225.364,2.36,2183.0,124.731,0.0,3695.0,-104.8908,0.000448
Fe2V0.90W0.10Al,Fe2.000,V1.000,W0.091Al0.909,493.9568,0.4299999999999997,0.0,0.0,156.8584614,61.0,0.0,0.0,16.44087,6.0,0.546,4.0,1.6782500000000002,6.0,3.0,0.0,14.0,17.0,6.0,0.0,1.0,22.0,6.0,1.61,51.0,5.091,7.0,4.545,0.7499999999999998,0.0,70.998,1.63,1.63,1184.76923,225.364,2.36,2183.0,124.731,0.0,3695.0,-91.7213,0.00044
Fe2V0.90W0.10Al,Fe2.000,V1.000,W0.091Al0.909,543.9492,0.4299999999999997,0.0,0.0,156.8584614,61.0,0.0,0.0,16.44087,6.0,0.546,4.0,1.6782500000000002,6.0,3.0,0.0,14.0,17.0,6.0,0.0,1.0,22.0,6.0,1.61,51.0,5.091,7.0,4.545,0.7499999999999998,0.0,70.998,1.63,1.63,1184.76923,225.364,2.36,2183.0,124.731,0.0,3695.0,-77.0857,0.000427
Fe2V0.90W0.10Al,Fe2.000,V1.000,W0.091Al0.909,595.1324,0.4299999999999997,0.0,0.0,156.8584614,61.0,0.0,0.0,16.44087,6.0,0.546,4.0,1.6782500000000002,6.0,3.0,0.0,14.0,17.0,6.0,0.0,1.0,22.0,6.0,1.61,51.0,5.091,7.0,4.545,0.7499999999999998,0.0,70.998,1.63,1.63,1184.76923,225.364,2.36,2183.0,124.731,0.0,3695.0,-68.8071,0.000412
Fe2V0.90W0.10Al,Fe2.000,V1.000,W0.091Al0.909,643.4876,0.4299999999999997,0.0,0.0,156.8584614,61.0,0.0,0.0,16.44087,6.0,0.546,4.0,1.6782500000000002,6.0,3.0,0.0,14.0,17.0,6.0,0.0,1.0,22.0,6.0,1.61,51.0,5.091,7.0,4.545,0.7499999999999998,0.0,70.998,1.63,1.63,1184.76923,225.364,2.36,2183.0,124.731,0.0,3695.0,-57.104,0.000397
Fe2V0.90W0.10Al,Fe2.000,V1.000,W0.091Al0.909,693.5734,0.4299999999999997,0.0,0.0,156.8584614,61.0,0.0,0.0,16.44087,6.0,0.546,4.0,1.6782500000000002,6.0,3.0,0.0,14.0,17.0,6.0,0.0,1.0,22.0,6.0,1.61,51.0,5.091,7.0,4.545,0.7499999999999998,0.0,70.998,1.63,1.63,1184.76923,225.364,2.36,2183.0,124.731,0.0,3695.0,-50.2915,0.00038
Fe2V0.90W0.10Al,Fe2.000,V1.000,W0.091Al0.909,745.314,0.4299999999999997,0.0,0.0,156.8584614,61.0,0.0,0.0,16.44087,6.0,0.546,4.0,1.6782500000000002,6.0,3.0,0.0,14.0,17.0,6.0,0.0,1.0,22.0,6.0,1.61,51.0,5.091,7.0,4.545,0.7499999999999998,0.0,70.998,1.63,1.63,1184.76923,225.364,2.36,2183.0,124.731,0.0,3695.0,-42.0132,0.000364
Co2MnSi,Co2.000,Mn1.000,Si1.000,325.1895,0.0,0.0,0.0,0.0,0.0,0.0,0.0,20.44,0.0,0.0,0.0,1.9,0.0,0.0,0.000310120689655,0.0,0.0,4.0,0.000310120689655,0.0,0.0,14.0,1.9,78.0,4.0,0.0,4.0,0.0,0.0,78.0,1.55,1.55,1687.0,227.0,1.9,1519.0,111.0,0.773,1687.0,-22.9492,4.09e-05
Co2MnSi,Co2.000,Mn1.000,Si1.000,419.595,0.0,0.0,0.0,0.0,0.0,0.0,0.0,20.44,0.0,0.0,0.0,1.9,0.0,0.0,0.000310120689655,0.0,0.0,4.0,0.000310120689655,0.0,0.0,14.0,1.9,78.0,4.0,0.0,4.0,0.0,0.0,78.0,1.55,1.55,1687.0,227.0,1.9,1519.0,111.0,0.773,1687.0,-28.5048,4.84e-05
Co2MnSi,Co2.000,Mn1.000,Si1.000,468.791,0.0,0.0,0.0,0.0,0.0,0.0,0.0,20.44,0.0,0.0,0.0,1.9,0.0,0.0,0.000310120689655,0.0,0.0,4.0,0.000310120689655,0.0,0.0,14.0,1.9,78.0,4.0,0.0,4.0,0.0,0.0,78.0,1.55,1.55,1687.0,227.0,1.9,1519.0,111.0,0.773,1687.0,-31.214,5.27e-05
Co2MnSi,Co2.000,Mn1.000,Si1.000,546.037,0.0,0.0,0.0,0.0,0.0,0.0,0.0,20.44,0.0,0.0,0.0,1.9,0.0,0.0,0.000310120689655,0.0,0.0,4.0,0.000310120689655,0.0,0.0,14.0,1.9,78.0,4.0,0.0,4.0,0.0,0.0,78.0,1.55,1.55,1687.0,227.0,1.9,1519.0,111.0,0.773,1687.0,-34.0947,6.01e-05
Co2MnSi,Co2.000,Mn1.000,Si1.000,627.1903,0.0,0.0,0.0,0.0,0.0,0.0,0.0,20.44,0.0,0.0,0.0,1.9,0.0,0.0,0.000310120689655,0.0,0.0,4.0,0.000310120689655,0.0,0.0,14.0,1.9,78.0,4.0,0.0,4.0,0.0,0.0,78.0,1.55,1.55,1687.0,227.0,1.9,1519.0,111.0,0.773,1687.0,-36.2209,6.95e-05
Co2MnSi,Co2.000,Mn1.000,Si1.000,682.5818,0.0,0.0,0.0,0.0,0.0,0.0,0.0,20.44,0.0,0.0,0.0,1.9,0.0,0.0,0.000310120689655,0.0,0.0,4.0,0.000310120689655,0.0,0.0,14.0,1.9,78.0,4.0,0.0,4.0,0.0,0.0,78.0,1.55,1.55,1687.0,227.0,1.9,1519.0,111.0,0.773,1687.0,-37.284,7.75e-05
Co2MnSi,Co2.000,Mn1.000,Si1.000,729.3402,0.0,0.0,0.0,0.0,0.0,0.0,0.0,20.44,0.0,0.0,0.0,1.9,0.0,0.0,0.000310120689655,0.0,0.0,4.0,0.000310120689655,0.0,0.0,14.0,1.9,78.0,4.0,0.0,4.0,0.0,0.0,78.0,1.55,1.55,1687.0,227.0,1.9,1519.0,111.0,0.773,1687.0,-39.7188,8.62e-05
Co2MnSi,Co2.000,Mn1.000,Si1.000,784.468,0.0,0.0,0.0,0.0,0.0,0.0,0.0,20.44,0.0,0.0,0.0,1.9,0.0,0.0,0.000310120689655,0.0,0.0,4.0,0.000310120689655,0.0,0.0,14.0,1.9,78.0,4.0,0.0,4.0,0.0,0.0,78.0,1.55,1.55,1687.0,227.0,1.9,1519.0,111.0,0.773,1687.0,-38.7243,0.0001
Co2MnSi,Co2.000,Mn1.000,Si1.000,823.091,0.0,0.0,0.0,0.0,0.0,0.0,0.0,20.44,0.0,0.0,0.0,1.9,0.0,0.0,0.000310120689655,0.0,0.0,4.0,0.000310120689655,0.0,0.0,14.0,1.9,78.0,4.0,0.0,4.0,0.0,0.0,78.0,1.55,1.55,1687.0,227.0,1.9,1519.0,111.0,0.773,1687.0,-40.1646,0.000113
Co2MnSi,Co2.000,Mn1.000,Si1.000,884.7263,0.0,0.0,0.0,0.0,0.0,0.0,0.0,20.44,0.0,0.0,0.0,1.9,0.0,0.0,0.000310120689655,0.0,0.0,4.0,0.000310120689655,0.0,0.0,14.0,1.9,78.0,4.0,0.0,4.0,0.0,0.0,78.0,1.55,1.55,1687.0,227.0,1.9,1519.0,111.0,0.773,1687.0,-39.9588,0.000141
Co2MnSi,Co2.000,Mn1.000,Si1.000,921.7301,0.0,0.0,0.0,0.0,0.0,0.0,0.0,20.44,0.0,0.0,0.0,1.9,0.0,0.0,0.000310120689655,0.0,0.0,4.0,0.000310120689655,0.0,0.0,14.0,1.9,78.0,4.0,0.0,4.0,0.0,0.0,78.0,1.55,1.55,1687.0,227.0,1.9,1519.0,111.0,0.773,1687.0,-41.262,0.000164
Co2MnSi,Co2.000,Mn1.000,Si1.000,983.9992,0.0,0.0,0.0,0.0,0.0,0.0,0.0,20.44,0.0,0.0,0.0,1.9,0.0,0.0,0.000310120689655,0.0,0.0,4.0,0.000310120689655,0.0,0.0,14.0,1.9,78.0,4.0,0.0,4.0,0.0,0.0,78.0,1.55,1.55,1687.0,227.0,1.9,1519.0,111.0,0.773,1687.0,-39.7531,0.000212
Co2MnSi,Co2.000,Mn1.000,Si1.000,1029.4,0.0,0.0,0.0,0.0,0.0,0.0,0.0,20.44,0.0,0.0,0.0,1.9,0.0,0.0,0.000310120689655,0.0,0.0,4.0,0.000310120689655,0.0,0.0,14.0,1.9,78.0,4.0,0.0,4.0,0.0,0.0,78.0,1.55,1.55,1687.0,227.0,1.9,1519.0,111.0,0.773,1687.0,-37.4554,0.000252
Co2MnSi(SiC)0.02,Co2.000,Mn1.000,Si0.981C0.019,328.2609,14.8,3.723,0.0,16.0748,8.0,0.0,0.0,20.158800000000003,0.0,0.0,33.0,1.91235,0.0,1.0,0.000310120689655,0.0,0.0,4.0,0.000310120689655,0.0,1.0,14.0,1.9,77.0,4.0,0.0,4.0,0.6499999999999999,0.0,77.981,1.55,1.55,1727.5839999999998,226.373,2.55,1519.0,110.335,0.843737,3823.0,-21.9204,0.383
Co2MnSi(SiC)0.02,Co2.000,Mn1.000,Si0.981C0.019,368.67,14.8,3.723,0.0,16.0748,8.0,0.0,0.0,20.158800000000003,0.0,0.0,33.0,1.91235,0.0,1.0,0.000310120689655,0.0,0.0,4.0,0.000310120689655,0.0,1.0,14.0,1.9,77.0,4.0,0.0,4.0,0.6499999999999999,0.0,77.981,1.55,1.55,1727.5839999999998,226.373,2.55,1519.0,110.335,0.843737,3823.0,-24.8011,4.18e-05
Co2MnSi(SiC)0.02,Co2.000,Mn1.000,Si0.981C0.019,414.3728,14.8,3.723,0.0,16.0748,8.0,0.0,0.0,20.158800000000003,0.0,0.0,33.0,1.91235,0.0,1.0,0.000310120689655,0.0,0.0,4.0,0.000310120689655,0.0,1.0,14.0,1.9,77.0,4.0,0.0,4.0,0.6499999999999999,0.0,77.981,1.55,1.55,1727.5839999999998,226.373,2.55,1519.0,110.335,0.843737,3823.0,-25.2469,4.19e-05
Co2MnSi(SiC)0.02,Co2.000,Mn1.000,Si0.981C0.019,523.9013,14.8,3.723,0.0,16.0748,8.0,0.0,0.0,20.158800000000003,0.0,0.0,33.0,1.91235,0.0,1.0,0.000310120689655,0.0,0.0,4.0,0.000310120689655,0.0,1.0,14.0,1.9,77.0,4.0,0.0,4.0,0.6499999999999999,0.0,77.981,1.55,1.55,1727.5839999999998,226.373,2.55,1519.0,110.335,0.843737,3823.0,-30.0823,5.08e-05
Co2MnSi(SiC)0.02,Co2.000,Mn1.000,Si0.981C0.019,579.3543,14.8,3.723,0.0,16.0748,8.0,0.0,0.0,20.158800000000003,0.0,0.0,33.0,1.91235,0.0,1.0,0.000310120689655,0.0,0.0,4.0,0.000310120689655,0.0,1.0,14.0,1.9,77.0,4.0,0.0,4.0,0.6499999999999999,0.0,77.981,1.55,1.55,1727.5839999999998,226.373,2.55,1519.0,110.335,0.843737,3823.0,-31.6255,5.23e-05
Co2MnSi(SiC)0.02,Co2.000,Mn1.000,Si0.981C0.019,634.2173,14.8,3.723,0.0,16.0748,8.0,0.0,0.0,20.158800000000003,0.0,0.0,33.0,1.91235,0.0,1.0,0.000310120689655,0.0,0.0,4.0,0.000310120689655,0.0,1.0,14.0,1.9,77.0,4.0,0.0,4.0,0.6499999999999999,0.0,77.981,1.55,1.55,1727.5839999999998,226.373,2.55,1519.0,110.335,0.843737,3823.0,-34.8148,5.81e-05
Co2MnSi(SiC)0.02,Co2.000,Mn1.000,Si0.981C0.019,682.4763,14.8,3.723,0.0,16.0748,8.0,0.0,0.0,20.158800000000003,0.0,0.0,33.0,1.91235,0.0,1.0,0.000310120689655,0.0,0.0,4.0,0.000310120689655,0.0,1.0,14.0,1.9,77.0,4.0,0.0,4.0,0.6499999999999999,0.0,77.981,1.55,1.55,1727.5839999999998,226.373,2.55,1519.0,110.335,0.843737,3823.0,-36.4609,6.63e-05
Co2MnSi(SiC)0.02,Co2.000,Mn1.000,Si0.981C0.019,732.9619,14.8,3.723,0.0,16.0748,8.0,0.0,0.0,20.158800000000003,0.0,0.0,33.0,1.91235,0.0,1.0,0.000310120689655,0.0,0.0,4.0,0.000310120689655,0.0,1.0,14.0,1.9,77.0,4.0,0.0,4.0,0.6499999999999999,0.0,77.981,1.55,1.55,1727.5839999999998,226.373,2.55,1519.0,110.335,0.843737,3823.0,-36.7353,7.68e-05
Co2MnSi(SiC)0.02,Co2.000,Mn1.000,Si0.981C0.019,776.3677,14.8,3.723,0.0,16.0748,8.0,0.0,0.0,20.158800000000003,0.0,0.0,33.0,1.91235,0.0,1.0,0.000310120689655,0.0,0.0,4.0,0.000310120689655,0.0,1.0,14.0,1.9,77.0,4.0,0.0,4.0,0.6499999999999999,0.0,77.981,1.55,1.55,1727.5839999999998,226.373,2.55,1519.0,110.335,0.843737,3823.0,-38.0041,8.72e-05
Co2MnSi(SiC)0.02,Co2.000,Mn1.000,Si0.981C0.019,928.6078,14.8,3.723,0.0,16.0748,8.0,0.0,0.0,20.158800000000003,0.0,0.0,33.0,1.91235,0.0,1.0,0.000310120689655,0.0,0.0,4.0,0.000310120689655,0.0,1.0,14.0,1.9,77.0,4.0,0.0,4.0,0.6499999999999999,0.0,77.981,1.55,1.55,1727.5839999999998,226.373,2.55,1519.0,110.335,0.843737,3823.0,-38.69,0.00014
Co2MnSi(SiC)0.02,Co2.000,Mn1.000,Si0.981C0.019,1026.9,14.8,3.723,0.0,16.0748,8.0,0.0,0.0,20.158800000000003,0.0,0.0,33.0,1.91235,0.0,1.0,0.000310120689655,0.0,0.0,4.0,0.000310120689655,0.0,1.0,14.0,1.9,77.0,4.0,0.0,4.0,0.6499999999999999,0.0,77.981,1.55,1.55,1727.5839999999998,226.373,2.55,1519.0,110.335,0.843737,3823.0,-36.941,0.000201
Co2MnSi(SiC)0.04,Co2.000,Mn1.000,Si0.963C0.037,332.9647,14.8,3.723,0.0,16.0748,8.0,0.0,0.0,19.8924,0.0,0.0,33.0,1.92405,0.0,1.0,0.000310120689655,0.0,0.0,4.0,0.000310120689655,0.0,1.0,14.0,1.9,77.0,4.0,0.0,4.0,0.6499999999999999,0.0,77.96300000000001,1.55,1.55,1766.032,225.779,2.55,1519.0,109.705,0.910751,3823.0,-21.1317,2.92e-05
Co2MnSi(SiC)0.04,Co2.000,Mn1.000,Si0.963C0.037,429.9835,14.8,3.723,0.0,16.0748,8.0,0.0,0.0,19.8924,0.0,0.0,33.0,1.92405,0.0,1.0,0.000310120689655,0.0,0.0,4.0,0.000310120689655,0.0,1.0,14.0,1.9,77.0,4.0,0.0,4.0,0.6499999999999999,0.0,77.96300000000001,1.55,1.55,1766.032,225.779,2.55,1519.0,109.705,0.910751,3823.0,-28.3333,3.66e-05
Co2MnSi(SiC)0.04,Co2.000,Mn1.000,Si0.963C0.037,479.5628,14.8,3.723,0.0,16.0748,8.0,0.0,0.0,19.8924,0.0,0.0,33.0,1.92405,0.0,1.0,0.000310120689655,0.0,0.0,4.0,0.000310120689655,0.0,1.0,14.0,1.9,77.0,4.0,0.0,4.0,0.6499999999999999,0.0,77.96300000000001,1.55,1.55,1766.032,225.779,2.55,1519.0,109.705,0.910751,3823.0,-27.7846,4.08e-05
Co2MnSi(SiC)0.04,Co2.000,Mn1.000,Si0.963C0.037,526.3652,14.8,3.723,0.0,16.0748,8.0,0.0,0.0,19.8924,0.0,0.0,33.0,1.92405,0.0,1.0,0.000310120689655,0.0,0.0,4.0,0.000310120689655,0.0,1.0,14.0,1.9,77.0,4.0,0.0,4.0,0.6499999999999999,0.0,77.96300000000001,1.55,1.55,1766.032,225.779,2.55,1519.0,109.705,0.910751,3823.0,-30.5624,4.5e-05
Co2MnSi(SiC)0.04,Co2.000,Mn1.000,Si0.963C0.037,627.6,14.8,3.723,0.0,16.0748,8.0,0.0,0.0,19.8924,0.0,0.0,33.0,1.92405,0.0,1.0,0.000310120689655,0.0,0.0,4.0,0.000310120689655,0.0,1.0,14.0,1.9,77.0,4.0,0.0,4.0,0.6499999999999999,0.0,77.96300000000001,1.55,1.55,1766.032,225.779,2.55,1519.0,109.705,0.910751,3823.0,-33.1687,5.57e-05
Co2MnSi(SiC)0.04,Co2.000,Mn1.000,Si0.963C0.037,679.7312,14.8,3.723,0.0,16.0748,8.0,0.0,0.0,19.8924,0.0,0.0,33.0,1.92405,0.0,1.0,0.000310120689655,0.0,0.0,4.0,0.000310120689655,0.0,1.0,14.0,1.9,77.0,4.0,0.0,4.0,0.6499999999999999,0.0,77.96300000000001,1.55,1.55,1766.032,225.779,2.55,1519.0,109.705,0.910751,3823.0,-33.786,6.25e-05
Co2MnSi(SiC)0.04,Co2.000,Mn1.000,Si0.963C0.037,731.3735,14.8,3.723,0.0,16.0748,8.0,0.0,0.0,19.8924,0.0,0.0,33.0,1.92405,0.0,1.0,0.000310120689655,0.0,0.0,4.0,0.000310120689655,0.0,1.0,14.0,1.9,77.0,4.0,0.0,4.0,0.6499999999999999,0.0,77.96300000000001,1.55,1.55,1766.032,225.779,2.55,1519.0,109.705,0.910751,3823.0,-36.8381,7.04e-05
Co2MnSi(SiC)0.04,Co2.000,Mn1.000,Si0.963C0.037,784.1077,14.8,3.723,0.0,16.0748,8.0,0.0,0.0,19.8924,0.0,0.0,33.0,1.92405,0.0,1.0,0.000310120689655,0.0,0.0,4.0,0.000310120689655,0.0,1.0,14.0,1.9,77.0,4.0,0.0,4.0,0.6499999999999999,0.0,77.96300000000001,1.55,1.55,1766.032,225.779,2.55,1519.0,109.705,0.910751,3823.0,-35.9122,8.05e-05
Co2MnSi(SiC)0.04,Co2.000,Mn1.000,Si0.963C0.037,824.4773,14.8,3.723,0.0,16.0748,8.0,0.0,0.0,19.8924,0.0,0.0,33.0,1.92405,0.0,1.0,0.000310120689655,0.0,0.0,4.0,0.000310120689655,0.0,1.0,14.0,1.9,77.0,4.0,0.0,4.0,0.6499999999999999,0.0,77.96300000000001,1.55,1.55,1766.032,225.779,2.55,1519.0,109.705,0.910751,3823.0,-38.4842,9e-05
Co2MnSi(SiC)0.04,Co2.000,Mn1.000,Si0.963C0.037,928.7967,14.8,3.723,0.0,16.0748,8.0,0.0,0.0,19.8924,0.0,0.0,33.0,1.92405,0.0,1.0,0.000310120689655,0.0,0.0,4.0,0.000310120689655,0.0,1.0,14.0,1.9,77.0,4.0,0.0,4.0,0.6499999999999999,0.0,77.96300000000001,1.55,1.55,1766.032,225.779,2.55,1519.0,109.705,0.910751,3823.0,-40.1646,0.000127
Co2MnSi(SiC)0.04,Co2.000,Mn1.000,Si0.963C0.037,971.327,14.8,3.723,0.0,16.0748,8.0,0.0,0.0,19.8924,0.0,0.0,33.0,1.92405,0.0,1.0,0.000310120689655,0.0,0.0,4.0,0.000310120689655,0.0,1.0,14.0,1.9,77.0,4.0,0.0,4.0,0.6499999999999999,0.0,77.96300000000001,1.55,1.55,1766.032,225.779,2.55,1519.0,109.705,0.910751,3823.0,-40.8505,0.000151
Co2MnSi(SiC)0.04,Co2.000,Mn1.000,Si0.963C0.037,1026.6,14.8,3.723,0.0,16.0748,8.0,0.0,0.0,19.8924,0.0,0.0,33.0,1.92405,0.0,1.0,0.000310120689655,0.0,0.0,4.0,0.000310120689655,0.0,1.0,14.0,1.9,77.0,4.0,0.0,4.0,0.6499999999999999,0.0,77.96300000000001,1.55,1.55,1766.032,225.779,2.55,1519.0,109.705,0.910751,3823.0,-40.6447,0.0002
Co2MnSi(SiC)0.06,Co2.000,Mn1.000,Si0.946C0.054,337.0961,14.8,3.723,0.0,16.0748,8.0,0.0,0.0,19.6408,0.0,0.0,33.0,1.9351,0.0,1.0,0.000310120689655,0.0,0.0,4.0,0.000310120689655,0.0,1.0,14.0,1.9,77.0,4.0,0.0,4.0,0.6499999999999999,0.0,77.946,1.55,1.55,1802.344,225.218,2.55,1519.0,109.11,0.974042,3823.0,-22.1262,3.74e-05
Co2MnSi(SiC)0.06,Co2.000,Mn1.000,Si0.946C0.054,370.9318,14.8,3.723,0.0,16.0748,8.0,0.0,0.0,19.6408,0.0,0.0,33.0,1.9351,0.0,1.0,0.000310120689655,0.0,0.0,4.0,0.000310120689655,0.0,1.0,14.0,1.9,77.0,4.0,0.0,4.0,0.6499999999999999,0.0,77.946,1.55,1.55,1802.344,225.218,2.55,1519.0,109.11,0.974042,3823.0,-23.7037,3.97e-05
Co2MnSi(SiC)0.06,Co2.000,Mn1.000,Si0.946C0.054,475.572,14.8,3.723,0.0,16.0748,8.0,0.0,0.0,19.6408,0.0,0.0,33.0,1.9351,0.0,1.0,0.000310120689655,0.0,0.0,4.0,0.000310120689655,0.0,1.0,14.0,1.9,77.0,4.0,0.0,4.0,0.6499999999999999,0.0,77.946,1.55,1.55,1802.344,225.218,2.55,1519.0,109.11,0.974042,3823.0,-27.8875,4.92e-05
Co2MnSi(SiC)0.06,Co2.000,Mn1.000,Si0.946C0.054,583.288,14.8,3.723,0.0,16.0748,8.0,0.0,0.0,19.6408,0.0,0.0,33.0,1.9351,0.0,1.0,0.000310120689655,0.0,0.0,4.0,0.000310120689655,0.0,1.0,14.0,1.9,77.0,4.0,0.0,4.0,0.6499999999999999,0.0,77.946,1.55,1.55,1802.344,225.218,2.55,1519.0,109.11,0.974042,3823.0,-31.0768,6.34e-05
Co2MnSi(SiC)0.06,Co2.000,Mn1.000,Si0.946C0.054,682.2215,14.8,3.723,0.0,16.0748,8.0,0.0,0.0,19.6408,0.0,0.0,33.0,1.9351,0.0,1.0,0.000310120689655,0.0,0.0,4.0,0.000310120689655,0.0,1.0,14.0,1.9,77.0,4.0,0.0,4.0,0.6499999999999999,0.0,77.946,1.55,1.55,1802.344,225.218,2.55,1519.0,109.11,0.974042,3823.0,-34.4719,8.02e-05
Co2MnSi(SiC)0.06,Co2.000,Mn1.000,Si0.946C0.054,777.1026,14.8,3.723,0.0,16.0748,8.0,0.0,0.0,19.6408,0.0,0.0,33.0,1.9351,0.0,1.0,0.000310120689655,0.0,0.0,4.0,0.000310120689655,0.0,1.0,14.0,1.9,77.0,4.0,0.0,4.0,0.6499999999999999,0.0,77.946,1.55,1.55,1802.344,225.218,2.55,1519.0,109.11,0.974042,3823.0,-37.4897,0.0001
Co2MnSi(SiC)0.06,Co2.000,Mn1.000,Si0.946C0.054,824.4421,14.8,3.723,0.0,16.0748,8.0,0.0,0.0,19.6408,0.0,0.0,33.0,1.9351,0.0,1.0,0.000310120689655,0.0,0.0,4.0,0.000310120689655,0.0,1.0,14.0,1.9,77.0,4.0,0.0,4.0,0.6499999999999999,0.0,77.946,1.55,1.55,1802.344,225.218,2.55,1519.0,109.11,0.974042,3823.0,-38.2099,0.000113
Co2MnSi(SiC)0.06,Co2.000,Mn1.000,Si0.946C0.054,878.1441,14.8,3.723,0.0,16.0748,8.0,0.0,0.0,19.6408,0.0,0.0,33.0,1.9351,0.0,1.0,0.000310120689655,0.0,0.0,4.0,0.000310120689655,0.0,1.0,14.0,1.9,77.0,4.0,0.0,4.0,0.6499999999999999,0.0,77.946,1.55,1.55,1802.344,225.218,2.55,1519.0,109.11,0.974042,3823.0,-38.5871,0.000133
Co2MnSi(SiC)0.06,Co2.000,Mn1.000,Si0.946C0.054,976.8447,14.8,3.723,0.0,16.0748,8.0,0.0,0.0,19.6408,0.0,0.0,33.0,1.9351,0.0,1.0,0.000310120689655,0.0,0.0,4.0,0.000310120689655,0.0,1.0,14.0,1.9,77.0,4.0,0.0,4.0,0.6499999999999999,0.0,77.946,1.55,1.55,1802.344,225.218,2.55,1519.0,109.11,0.974042,3823.0,-40.1646,0.000198
Co2MnSi(SiC)0.06,Co2.000,Mn1.000,Si0.946C0.054,1023.4,14.8,3.723,0.0,16.0748,8.0,0.0,0.0,19.6408,0.0,0.0,33.0,1.9351,0.0,1.0,0.000310120689655,0.0,0.0,4.0,0.000310120689655,0.0,1.0,14.0,1.9,77.0,4.0,0.0,4.0,0.6499999999999999,0.0,77.946,1.55,1.55,1802.344,225.218,2.55,1519.0,109.11,0.974042,3823.0,-34.9177,0.00026
Fe2V1.02Al0.98,Fe2.000,V1.000,Al1.000,118.9363,0.0,0.0,0.0,0.0,0.0,0.0,0.0,16.48,0.0,0.0,0.0,1.61,0.0,0.0,0.0,0.0,0.0,5.0,0.0,0.0,0.0,13.0,1.61,73.0,5.0,0.0,5.0,0.0,0.0,73.0,1.63,1.63,933.47,225.0,1.61,2183.0,121.0,0.0,933.47,-102.5855,2.75e-05
Fe2V1.02Al0.98,Fe2.000,V1.000,Al1.000,180.5802,0.0,0.0,0.0,0.0,0.0,0.0,0.0,16.48,0.0,0.0,0.0,1.61,0.0,0.0,0.0,0.0,0.0,5.0,0.0,0.0,0.0,13.0,1.61,73.0,5.0,0.0,5.0,0.0,0.0,73.0,1.63,1.63,933.47,225.0,1.61,2183.0,121.0,0.0,933.47,-135.2519,3.48e-05
Fe2V1.02Al0.98,Fe2.000,V1.000,Al1.000,241.4182,0.0,0.0,0.0,0.0,0.0,0.0,0.0,16.48,0.0,0.0,0.0,1.61,0.0,0.0,0.0,0.0,0.0,5.0,0.0,0.0,0.0,13.0,1.61,73.0,5.0,0.0,5.0,0.0,0.0,73.0,1.63,1.63,933.47,225.0,1.61,2183.0,121.0,0.0,933.47,-154.9156,4.25e-05
Fe2V1.02Al0.98,Fe2.000,V1.000,Al1.000,271.2329,0.0,0.0,0.0,0.0,0.0,0.0,0.0,16.48,0.0,0.0,0.0,1.61,0.0,0.0,0.0,0.0,0.0,5.0,0.0,0.0,0.0,13.0,1.61,73.0,5.0,0.0,5.0,0.0,0.0,73.0,1.63,1.63,933.47,225.0,1.61,2183.0,121.0,0.0,933.47,-155.31,4.57e-05
Fe2V1.02Al0.98,Fe2.000,V1.000,Al1.000,330.8622,0.0,0.0,0.0,0.0,0.0,0.0,0.0,16.48,0.0,0.0,0.0,1.61,0.0,0.0,0.0,0.0,0.0,5.0,0.0,0.0,0.0,13.0,1.61,73.0,5.0,0.0,5.0,0.0,0.0,73.0,1.63,1.63,933.47,225.0,1.61,2183.0,121.0,0.0,933.47,-133.4479,4.85e-05
Fe2V1.02Al0.98,Fe2.000,V1.000,Al1.000,390.8944,0.0,0.0,0.0,0.0,0.0,0.0,0.0,16.48,0.0,0.0,0.0,1.61,0.0,0.0,0.0,0.0,0.0,5.0,0.0,0.0,0.0,13.0,1.61,73.0,5.0,0.0,5.0,0.0,0.0,73.0,1.63,1.63,933.47,225.0,1.61,2183.0,121.0,0.0,933.47,-96.9043,4.7e-05
Fe2V1.02Al0.98,Fe2.000,V1.000,Al1.000,481.5471,0.0,0.0,0.0,0.0,0.0,0.0,0.0,16.48,0.0,0.0,0.0,1.61,0.0,0.0,0.0,0.0,0.0,5.0,0.0,0.0,0.0,13.0,1.61,73.0,5.0,0.0,5.0,0.0,0.0,73.0,1.63,1.63,933.47,225.0,1.61,2183.0,121.0,0.0,933.47,-47.7511,4.07e-05
Fe2V1.02Al0.98,Fe2.000,V1.000,Al1.000,539.9678,0.0,0.0,0.0,0.0,0.0,0.0,0.0,16.48,0.0,0.0,0.0,1.61,0.0,0.0,0.0,0.0,0.0,5.0,0.0,0.0,0.0,13.0,1.61,73.0,5.0,0.0,5.0,0.0,0.0,73.0,1.63,1.63,933.47,225.0,1.61,2183.0,121.0,0.0,933.47,-28.8262,3.69e-05
Fe2V1.02Al0.98,Fe2.000,V1.000,Al1.000,600.4029,0.0,0.0,0.0,0.0,0.0,0.0,0.0,16.48,0.0,0.0,0.0,1.61,0.0,0.0,0.0,0.0,0.0,5.0,0.0,0.0,0.0,13.0,1.61,73.0,5.0,0.0,5.0,0.0,0.0,73.0,1.63,1.63,933.47,225.0,1.61,2183.0,121.0,0.0,933.47,-20.3862,3.42e-05
Fe2V1.03Al0.97,Fe2.000,V1.000,Al1.000,120.145,0.0,0.0,0.0,0.0,0.0,0.0,0.0,16.48,0.0,0.0,0.0,1.61,0.0,0.0,0.0,0.0,0.0,5.0,0.0,0.0,0.0,13.0,1.61,73.0,5.0,0.0,5.0,0.0,0.0,73.0,1.63,1.63,933.47,225.0,1.61,2183.0,121.0,0.0,933.47,-97.5509,2.16e-05
Fe2V1.03Al0.97,Fe2.000,V1.000,Al1.000,209.589,0.0,0.0,0.0,0.0,0.0,0.0,0.0,16.48,0.0,0.0,0.0,1.61,0.0,0.0,0.0,0.0,0.0,5.0,0.0,0.0,0.0,13.0,1.61,73.0,5.0,0.0,5.0,0.0,0.0,73.0,1.63,1.63,933.47,225.0,1.61,2183.0,121.0,0.0,933.47,-140.2611,3.06e-05
Fe2V1.03Al0.97,Fe2.000,V1.000,Al1.000,271.2329,0.0,0.0,0.0,0.0,0.0,0.0,0.0,16.48,0.0,0.0,0.0,1.61,0.0,0.0,0.0,0.0,0.0,5.0,0.0,0.0,0.0,13.0,1.61,73.0,5.0,0.0,5.0,0.0,0.0,73.0,1.63,1.63,933.47,225.0,1.61,2183.0,121.0,0.0,933.47,-155.31,3.74e-05
Fe2V1.03Al0.97,Fe2.000,V1.000,Al1.000,361.0798,0.0,0.0,0.0,0.0,0.0,0.0,0.0,16.48,0.0,0.0,0.0,1.61,0.0,0.0,0.0,0.0,0.0,5.0,0.0,0.0,0.0,13.0,1.61,73.0,5.0,0.0,5.0,0.0,0.0,73.0,1.63,1.63,933.47,225.0,1.61,2183.0,121.0,0.0,933.47,-135.1004,4.37e-05
Fe2V1.03Al0.97,Fe2.000,V1.000,Al1.000,420.3062,0.0,0.0,0.0,0.0,0.0,0.0,0.0,16.48,0.0,0.0,0.0,1.61,0.0,0.0,0.0,0.0,0.0,5.0,0.0,0.0,0.0,13.0,1.61,73.0,5.0,0.0,5.0,0.0,0.0,73.0,1.63,1.63,933.47,225.0,1.61,2183.0,121.0,0.0,933.47,-109.4635,4.45e-05
Fe2V1.03Al0.97,Fe2.000,V1.000,Al1.000,483.1587,0.0,0.0,0.0,0.0,0.0,0.0,0.0,16.48,0.0,0.0,0.0,1.61,0.0,0.0,0.0,0.0,0.0,5.0,0.0,0.0,0.0,13.0,1.61,73.0,5.0,0.0,5.0,0.0,0.0,73.0,1.63,1.63,933.47,225.0,1.61,2183.0,121.0,0.0,933.47,-79.2094,4.25e-05
Fe2V1.03Al0.97,Fe2.000,V1.000,Al1.000,538.7591,0.0,0.0,0.0,0.0,0.0,0.0,0.0,16.48,0.0,0.0,0.0,1.61,0.0,0.0,0.0,0.0,0.0,5.0,0.0,0.0,0.0,13.0,1.61,73.0,5.0,0.0,5.0,0.0,0.0,73.0,1.63,1.63,933.47,225.0,1.61,2183.0,121.0,0.0,933.47,-55.6729,3.98e-05
Fe2V1.03Al0.97,Fe2.000,V1.000,Al1.000,600.4029,0.0,0.0,0.0,0.0,0.0,0.0,0.0,16.48,0.0,0.0,0.0,1.61,0.0,0.0,0.0,0.0,0.0,5.0,0.0,0.0,0.0,13.0,1.61,73.0,5.0,0.0,5.0,0.0,0.0,73.0,1.63,1.63,933.47,225.0,1.61,2183.0,121.0,0.0,933.47,-40.5205,3.73e-05
Fe2V1.08Al0.92,Fe2.000,V1.000,Al1.000,119.3392,0.0,0.0,0.0,0.0,0.0,0.0,0.0,16.48,0.0,0.0,0.0,1.61,0.0,0.0,0.0,0.0,0.0,5.0,0.0,0.0,0.0,13.0,1.61,73.0,5.0,0.0,5.0,0.0,0.0,73.0,1.63,1.63,933.47,225.0,1.61,2183.0,121.0,0.0,933.47,-50.9912,1.13e-05
Fe2V1.08Al0.92,Fe2.000,V1.000,Al1.000,211.2006,0.0,0.0,0.0,0.0,0.0,0.0,0.0,16.48,0.0,0.0,0.0,1.61,0.0,0.0,0.0,0.0,0.0,5.0,0.0,0.0,0.0,13.0,1.61,73.0,5.0,0.0,5.0,0.0,0.0,73.0,1.63,1.63,933.47,225.0,1.61,2183.0,121.0,0.0,933.47,-86.9879,1.64e-05
Fe2V1.08Al0.92,Fe2.000,V1.000,Al1.000,301.4504,0.0,0.0,0.0,0.0,0.0,0.0,0.0,16.48,0.0,0.0,0.0,1.61,0.0,0.0,0.0,0.0,0.0,5.0,0.0,0.0,0.0,13.0,1.61,73.0,5.0,0.0,5.0,0.0,0.0,73.0,1.63,1.63,933.47,225.0,1.61,2183.0,121.0,0.0,933.47,-107.4659,2.2e-05
Fe2V1.08Al0.92,Fe2.000,V1.000,Al1.000,390.0886,0.0,0.0,0.0,0.0,0.0,0.0,0.0,16.48,0.0,0.0,0.0,1.61,0.0,0.0,0.0,0.0,0.0,5.0,0.0,0.0,0.0,13.0,1.61,73.0,5.0,0.0,5.0,0.0,0.0,73.0,1.63,1.63,933.47,225.0,1.61,2183.0,121.0,0.0,933.47,-115.7808,2.83e-05
Fe2V1.08Al0.92,Fe2.000,V1.000,Al1.000,450.5238,0.0,0.0,0.0,0.0,0.0,0.0,0.0,16.48,0.0,0.0,0.0,1.61,0.0,0.0,0.0,0.0,0.0,5.0,0.0,0.0,0.0,13.0,1.61,73.0,5.0,0.0,5.0,0.0,0.0,73.0,1.63,1.63,933.47,225.0,1.61,2183.0,121.0,0.0,933.47,-116.1496,3.22e-05
Fe2V1.08Al0.92,Fe2.000,V1.000,Al1.000,538.7591,0.0,0.0,0.0,0.0,0.0,0.0,0.0,16.48,0.0,0.0,0.0,1.61,0.0,0.0,0.0,0.0,0.0,5.0,0.0,0.0,0.0,13.0,1.61,73.0,5.0,0.0,5.0,0.0,0.0,73.0,1.63,1.63,933.47,225.0,1.61,2183.0,121.0,0.0,933.47,-102.2333,3.59e-05
Fe2V1.08Al0.92,Fe2.000,V1.000,Al1.000,599.1942,0.0,0.0,0.0,0.0,0.0,0.0,0.0,16.48,0.0,0.0,0.0,1.61,0.0,0.0,0.0,0.0,0.0,5.0,0.0,0.0,0.0,13.0,1.61,73.0,5.0,0.0,5.0,0.0,0.0,73.0,1.63,1.63,933.47,225.0,1.61,2183.0,121.0,0.0,933.47,-87.9208,3.7e-05
Fe2V0.93Al1.07,Fe2.000,V1.000,Al1.000,120.145,0.0,0.0,0.0,0.0,0.0,0.0,0.0,16.48,0.0,0.0,0.0,1.61,0.0,0.0,0.0,0.0,0.0,5.0,0.0,0.0,0.0,13.0,1.61,73.0,5.0,0.0,5.0,0.0,0.0,73.0,1.63,1.63,933.47,225.0,1.61,2183.0,121.0,0.0,933.47,18.2209,5.16e-06
Fe2V0.93Al1.07,Fe2.000,V1.000,Al1.000,241.0153,0.0,0.0,0.0,0.0,0.0,0.0,0.0,16.48,0.0,0.0,0.0,1.61,0.0,0.0,0.0,0.0,0.0,5.0,0.0,0.0,0.0,13.0,1.61,73.0,5.0,0.0,5.0,0.0,0.0,73.0,1.63,1.63,933.47,225.0,1.61,2183.0,121.0,0.0,933.47,35.9398,8.87e-06
Fe2V0.93Al1.07,Fe2.000,V1.000,Al1.000,332.8767,0.0,0.0,0.0,0.0,0.0,0.0,0.0,16.48,0.0,0.0,0.0,1.61,0.0,0.0,0.0,0.0,0.0,5.0,0.0,0.0,0.0,13.0,1.61,73.0,5.0,0.0,5.0,0.0,0.0,73.0,1.63,1.63,933.47,225.0,1.61,2183.0,121.0,0.0,933.47,47.7618,1.26e-05
Fe2V0.93Al1.07,Fe2.000,V1.000,Al1.000,420.3062,0.0,0.0,0.0,0.0,0.0,0.0,0.0,16.48,0.0,0.0,0.0,1.61,0.0,0.0,0.0,0.0,0.0,5.0,0.0,0.0,0.0,13.0,1.61,73.0,5.0,0.0,5.0,0.0,0.0,73.0,1.63,1.63,933.47,225.0,1.61,2183.0,121.0,0.0,933.47,59.1607,1.64e-05
Fe2V0.93Al1.07,Fe2.000,V1.000,Al1.000,480.7413,0.0,0.0,0.0,0.0,0.0,0.0,0.0,16.48,0.0,0.0,0.0,1.61,0.0,0.0,0.0,0.0,0.0,5.0,0.0,0.0,0.0,13.0,1.61,73.0,5.0,0.0,5.0,0.0,0.0,73.0,1.63,1.63,933.47,225.0,1.61,2183.0,121.0,0.0,933.47,64.2449,1.92e-05
Fe2V0.93Al1.07,Fe2.000,V1.000,Al1.000,541.9823,0.0,0.0,0.0,0.0,0.0,0.0,0.0,16.48,0.0,0.0,0.0,1.61,0.0,0.0,0.0,0.0,0.0,5.0,0.0,0.0,0.0,13.0,1.61,73.0,5.0,0.0,5.0,0.0,0.0,73.0,1.63,1.63,933.47,225.0,1.61,2183.0,121.0,0.0,933.47,61.7795,2.19e-05
Fe2V0.93Al1.07,Fe2.000,V1.000,Al1.000,600.0,0.0,0.0,0.0,0.0,0.0,0.0,0.0,16.48,0.0,0.0,0.0,1.61,0.0,0.0,0.0,0.0,0.0,5.0,0.0,0.0,0.0,13.0,1.61,73.0,5.0,0.0,5.0,0.0,0.0,73.0,1.63,1.63,933.47,225.0,1.61,2183.0,121.0,0.0,933.47,59.3114,2.4e-05
Fe2V0.95Al1.07,Fe2.000,V1.000,Al1.000,119.3392,0.0,0.0,0.0,0.0,0.0,0.0,0.0,16.48,0.0,0.0,0.0,1.61,0.0,0.0,0.0,0.0,0.0,5.0,0.0,0.0,0.0,13.0,1.61,73.0,5.0,0.0,5.0,0.0,0.0,73.0,1.63,1.63,933.47,225.0,1.61,2183.0,121.0,0.0,933.47,27.4484,7e-06
Fe2V0.95Al1.07,Fe2.000,V1.000,Al1.000,210.7977,0.0,0.0,0.0,0.0,0.0,0.0,0.0,16.48,0.0,0.0,0.0,1.61,0.0,0.0,0.0,0.0,0.0,5.0,0.0,0.0,0.0,13.0,1.61,73.0,5.0,0.0,5.0,0.0,0.0,73.0,1.63,1.63,933.47,225.0,1.61,2183.0,121.0,0.0,933.47,40.1091,9.43e-06
Fe2V0.95Al1.07,Fe2.000,V1.000,Al1.000,301.4504,0.0,0.0,0.0,0.0,0.0,0.0,0.0,16.48,0.0,0.0,0.0,1.61,0.0,0.0,0.0,0.0,0.0,5.0,0.0,0.0,0.0,13.0,1.61,73.0,5.0,0.0,5.0,0.0,0.0,73.0,1.63,1.63,933.47,225.0,1.61,2183.0,121.0,0.0,933.47,52.3495,1.24e-05
Fe2V0.95Al1.07,Fe2.000,V1.000,Al1.000,390.8944,0.0,0.0,0.0,0.0,0.0,0.0,0.0,16.48,0.0,0.0,0.0,1.61,0.0,0.0,0.0,0.0,0.0,5.0,0.0,0.0,0.0,13.0,1.61,73.0,5.0,0.0,5.0,0.0,0.0,73.0,1.63,1.63,933.47,225.0,1.61,2183.0,121.0,0.0,933.47,62.9111,1.62e-05
Fe2V0.95Al1.07,Fe2.000,V1.000,Al1.000,479.5326,0.0,0.0,0.0,0.0,0.0,0.0,0.0,16.48,0.0,0.0,0.0,1.61,0.0,0.0,0.0,0.0,0.0,5.0,0.0,0.0,0.0,13.0,1.61,73.0,5.0,0.0,5.0,0.0,0.0,73.0,1.63,1.63,933.47,225.0,1.61,2183.0,121.0,0.0,933.47,68.858,2.02e-05
Fe2V0.95Al1.07,Fe2.000,V1.000,Al1.000,539.5649,0.0,0.0,0.0,0.0,0.0,0.0,0.0,16.48,0.0,0.0,0.0,1.61,0.0,0.0,0.0,0.0,0.0,5.0,0.0,0.0,0.0,13.0,1.61,73.0,5.0,0.0,5.0,0.0,0.0,73.0,1.63,1.63,933.47,225.0,1.61,2183.0,121.0,0.0,933.47,66.811,2.26e-05
Fe2V0.95Al1.07,Fe2.000,V1.000,Al1.000,600.4029,0.0,0.0,0.0,0.0,0.0,0.0,0.0,16.48,0.0,0.0,0.0,1.61,0.0,0.0,0.0,0.0,0.0,5.0,0.0,0.0,0.0,13.0,1.61,73.0,5.0,0.0,5.0,0.0,0.0,73.0,1.63,1.63,933.47,225.0,1.61,2183.0,121.0,0.0,933.47,57.6339,2.47e-05
Fe2V0.985Al1.07,Fe2.000,V1.000,Al1.000,118.9363,0.0,0.0,0.0,0.0,0.0,0.0,0.0,16.48,0.0,0.0,0.0,1.61,0.0,0.0,0.0,0.0,0.0,5.0,0.0,0.0,0.0,13.0,1.61,73.0,5.0,0.0,5.0,0.0,0.0,73.0,1.63,1.63,933.47,225.0,1.61,2183.0,121.0,0.0,933.47,62.2635,2.4e-05
Fe2V0.985Al1.07,Fe2.000,V1.000,Al1.000,180.9831,0.0,0.0,0.0,0.0,0.0,0.0,0.0,16.48,0.0,0.0,0.0,1.61,0.0,0.0,0.0,0.0,0.0,5.0,0.0,0.0,0.0,13.0,1.61,73.0,5.0,0.0,5.0,0.0,0.0,73.0,1.63,1.63,933.47,225.0,1.61,2183.0,121.0,0.0,933.47,76.1579,2.42e-05
Fe2V0.985Al1.07,Fe2.000,V1.000,Al1.000,270.4271,0.0,0.0,0.0,0.0,0.0,0.0,0.0,16.48,0.0,0.0,0.0,1.61,0.0,0.0,0.0,0.0,0.0,5.0,0.0,0.0,0.0,13.0,1.61,73.0,5.0,0.0,5.0,0.0,0.0,73.0,1.63,1.63,933.47,225.0,1.61,2183.0,121.0,0.0,933.47,90.0752,2.47e-05
Fe2V0.985Al1.07,Fe2.000,V1.000,Al1.000,298.2272,0.0,0.0,0.0,0.0,0.0,0.0,0.0,16.48,0.0,0.0,0.0,1.61,0.0,0.0,0.0,0.0,0.0,5.0,0.0,0.0,0.0,13.0,1.61,73.0,5.0,0.0,5.0,0.0,0.0,73.0,1.63,1.63,933.47,225.0,1.61,2183.0,121.0,0.0,933.47,93.0347,2.54e-05
Fe2V0.985Al1.07,Fe2.000,V1.000,Al1.000,328.0419,0.0,0.0,0.0,0.0,0.0,0.0,0.0,16.48,0.0,0.0,0.0,1.61,0.0,0.0,0.0,0.0,0.0,5.0,0.0,0.0,0.0,13.0,1.61,73.0,5.0,0.0,5.0,0.0,0.0,73.0,1.63,1.63,933.47,225.0,1.61,2183.0,121.0,0.0,933.47,93.0598,2.64e-05
Fe2V0.985Al1.07,Fe2.000,V1.000,Al1.000,390.0886,0.0,0.0,0.0,0.0,0.0,0.0,0.0,16.48,0.0,0.0,0.0,1.61,0.0,0.0,0.0,0.0,0.0,5.0,0.0,0.0,0.0,13.0,1.61,73.0,5.0,0.0,5.0,0.0,0.0,73.0,1.63,1.63,933.47,225.0,1.61,2183.0,121.0,0.0,933.47,75.4944,2.74e-05
Fe2V0.985Al1.07,Fe2.000,V1.000,Al1.000,448.1064,0.0,0.0,0.0,0.0,0.0,0.0,0.0,16.48,0.0,0.0,0.0,1.61,0.0,0.0,0.0,0.0,0.0,5.0,0.0,0.0,0.0,13.0,1.61,73.0,5.0,0.0,5.0,0.0,0.0,73.0,1.63,1.63,933.47,225.0,1.61,2183.0,121.0,0.0,933.47,57.9256,2.74e-05
Fe2V0.985Al1.07,Fe2.000,V1.000,Al1.000,540.7736,0.0,0.0,0.0,0.0,0.0,0.0,0.0,16.48,0.0,0.0,0.0,1.61,0.0,0.0,0.0,0.0,0.0,5.0,0.0,0.0,0.0,13.0,1.61,73.0,5.0,0.0,5.0,0.0,0.0,73.0,1.63,1.63,933.47,225.0,1.61,2183.0,121.0,0.0,933.47,35.3523,2.75e-05
Fe2V0.985Al1.07,Fe2.000,V1.000,Al1.000,598.7913,0.0,0.0,0.0,0.0,0.0,0.0,0.0,16.48,0.0,0.0,0.0,1.61,0.0,0.0,0.0,0.0,0.0,5.0,0.0,0.0,0.0,13.0,1.61,73.0,5.0,0.0,5.0,0.0,0.0,73.0,1.63,1.63,933.47,225.0,1.61,2183.0,121.0,0.0,933.47,24.0755,2.79e-05
Fe2CoGa,Fe2.000,Co1.000,Ga1.000,298.2659,0.0,0.0,0.0,0.0,0.0,0.0,0.0,18.8575,0.0,0.0,0.0,1.81,0.0,0.0,1.5484712,0.0,0.0,5.0,1.5484712,0.0,0.0,13.0,1.81,74.0,5.0,0.0,5.0,0.0,0.0,74.0,1.88,1.88,302.91,64.0,1.81,1768.0,122.0,0.0,302.91,-43.8816,5.83e-07
Fe2CoGa,Fe2.000,Co1.000,Ga1.000,345.8569,0.0,0.0,0.0,0.0,0.0,0.0,0.0,18.8575,0.0,0.0,0.0,1.81,0.0,0.0,1.5484712,0.0,0.0,5.0,1.5484712,0.0,0.0,13.0,1.81,74.0,5.0,0.0,5.0,0.0,0.0,74.0,1.88,1.88,302.91,64.0,1.81,1768.0,122.0,0.0,302.91,-45.7237,6.4e-07
Fe2CoGa,Fe2.000,Co1.000,Ga1.000,391.0045,0.0,0.0,0.0,0.0,0.0,0.0,0.0,18.8575,0.0,0.0,0.0,1.81,0.0,0.0,1.5484712,0.0,0.0,5.0,1.5484712,0.0,0.0,13.0,1.81,74.0,5.0,0.0,5.0,0.0,0.0,74.0,1.88,1.88,302.91,64.0,1.81,1768.0,122.0,0.0,302.91,-47.3026,6.93e-07
Fe2CoGa,Fe2.000,Co1.000,Ga1.000,434.5111,0.0,0.0,0.0,0.0,0.0,0.0,0.0,18.8575,0.0,0.0,0.0,1.81,0.0,0.0,1.5484712,0.0,0.0,5.0,1.5484712,0.0,0.0,13.0,1.81,74.0,5.0,0.0,5.0,0.0,0.0,74.0,1.88,1.88,302.91,64.0,1.81,1768.0,122.0,0.0,302.91,-47.9605,7.52e-07
Fe2CoGa,Fe2.000,Co1.000,Ga1.000,486.1457,0.0,0.0,0.0,0.0,0.0,0.0,0.0,18.8575,0.0,0.0,0.0,1.81,0.0,0.0,1.5484712,0.0,0.0,5.0,1.5484712,0.0,0.0,13.0,1.81,74.0,5.0,0.0,5.0,0.0,0.0,74.0,1.88,1.88,302.91,64.0,1.81,1768.0,122.0,0.0,302.91,-48.4868,8.2e-07
Fe2CoGa,Fe2.000,Co1.000,Ga1.000,538.1804,0.0,0.0,0.0,0.0,0.0,0.0,0.0,18.8575,0.0,0.0,0.0,1.81,0.0,0.0,1.5484712,0.0,0.0,5.0,1.5484712,0.0,0.0,13.0,1.81,74.0,5.0,0.0,5.0,0.0,0.0,74.0,1.88,1.88,302.91,64.0,1.81,1768.0,122.0,0.0,302.91,-48.6184,8.92e-07
Fe2CoGa,Fe2.000,Co1.000,Ga1.000,597.9343,0.0,0.0,0.0,0.0,0.0,0.0,0.0,18.8575,0.0,0.0,0.0,1.81,0.0,0.0,1.5484712,0.0,0.0,5.0,1.5484712,0.0,0.0,13.0,1.81,74.0,5.0,0.0,5.0,0.0,0.0,74.0,1.88,1.88,302.91,64.0,1.81,1768.0,122.0,0.0,302.91,-48.4868,9.84e-07
FeCo2Ga,Co2.000,Fe1.000,Ga1.000,304.9021,0.0,0.0,0.0,0.0,0.0,0.0,0.0,18.8575,0.0,0.0,0.0,1.81,0.0,0.0,2.1106628,0.0,0.0,5.0,2.1106628,0.0,0.0,13.0,1.81,74.0,5.0,0.0,5.0,0.0,0.0,74.0,1.83,1.83,302.91,64.0,1.81,1811.0,122.0,0.0,302.91,-11.6333,2.2e-07
FeCo2Ga,Co2.000,Fe1.000,Ga1.000,352.7865,0.0,0.0,0.0,0.0,0.0,0.0,0.0,18.8575,0.0,0.0,0.0,1.81,0.0,0.0,2.1106628,0.0,0.0,5.0,2.1106628,0.0,0.0,13.0,1.81,74.0,5.0,0.0,5.0,0.0,0.0,74.0,1.83,1.83,302.91,64.0,1.81,1811.0,122.0,0.0,302.91,-12.9561,2.51e-07
FeCo2Ga,Co2.000,Fe1.000,Ga1.000,393.1708,0.0,0.0,0.0,0.0,0.0,0.0,0.0,18.8575,0.0,0.0,0.0,1.81,0.0,0.0,2.1106628,0.0,0.0,5.0,2.1106628,0.0,0.0,13.0,1.81,74.0,5.0,0.0,5.0,0.0,0.0,74.0,1.83,1.83,302.91,64.0,1.81,1811.0,122.0,0.0,302.91,-13.7759,2.74e-07
FeCo2Ga,Co2.000,Fe1.000,Ga1.000,443.3629,0.0,0.0,0.0,0.0,0.0,0.0,0.0,18.8575,0.0,0.0,0.0,1.81,0.0,0.0,2.1106628,0.0,0.0,5.0,2.1106628,0.0,0.0,13.0,1.81,74.0,5.0,0.0,5.0,0.0,0.0,74.0,1.83,1.83,302.91,64.0,1.81,1811.0,122.0,0.0,302.91,-14.42,3.13e-07
FeCo2Ga,Co2.000,Fe1.000,Ga1.000,499.3241,0.0,0.0,0.0,0.0,0.0,0.0,0.0,18.8575,0.0,0.0,0.0,1.81,0.0,0.0,2.1106628,0.0,0.0,5.0,2.1106628,0.0,0.0,13.0,1.81,74.0,5.0,0.0,5.0,0.0,0.0,74.0,1.83,1.83,302.91,64.0,1.81,1811.0,122.0,0.0,302.91,-14.7217,3.69e-07
FeCo2Ga,Co2.000,Fe1.000,Ga1.000,551.8238,0.0,0.0,0.0,0.0,0.0,0.0,0.0,18.8575,0.0,0.0,0.0,1.81,0.0,0.0,2.1106628,0.0,0.0,5.0,2.1106628,0.0,0.0,13.0,1.81,74.0,5.0,0.0,5.0,0.0,0.0,74.0,1.83,1.83,302.91,64.0,1.81,1811.0,122.0,0.0,302.91,-14.8565,4.3e-07
FeCo2Ga,Co2.000,Fe1.000,Ga1.000,600.285,0.0,0.0,0.0,0.0,0.0,0.0,0.0,18.8575,0.0,0.0,0.0,1.81,0.0,0.0,2.1106628,0.0,0.0,5.0,2.1106628,0.0,0.0,13.0,1.81,74.0,5.0,0.0,5.0,0.0,0.0,74.0,1.83,1.83,302.91,64.0,1.81,1811.0,122.0,0.0,302.91,-15.1632,4.78e-07
GdPd2Bi,Pd2.000,Gd1.000,Bi1.000,11.1111,0.0,0.0,0.0,0.0,0.0,0.0,0.0,32.95,0.0,0.0,0.0,2.02,0.0,0.0,0.0,0.0,0.0,3.0,0.0,0.0,0.0,15.0,2.02,86.0,3.0,0.0,3.0,0.0,0.0,86.0,1.2,1.2,544.4,12.0,2.02,1586.0,148.0,0.0,544.4,0.6367,2.14e-05
GdPd2Bi,Pd2.000,Gd1.000,Bi1.000,14.8148,0.0,0.0,0.0,0.0,0.0,0.0,0.0,32.95,0.0,0.0,0.0,2.02,0.0,0.0,0.0,0.0,0.0,3.0,0.0,0.0,0.0,15.0,2.02,86.0,3.0,0.0,3.0,0.0,0.0,86.0,1.2,1.2,544.4,12.0,2.02,1586.0,148.0,0.0,544.4,0.7056,2.14e-05
GdPd2Bi,Pd2.000,Gd1.000,Bi1.000,38.4615,0.0,0.0,0.0,0.0,0.0,0.0,0.0,32.95,0.0,0.0,0.0,2.02,0.0,0.0,0.0,0.0,0.0,3.0,0.0,0.0,0.0,15.0,2.02,86.0,3.0,0.0,3.0,0.0,0.0,86.0,1.2,1.2,544.4,12.0,2.02,1586.0,148.0,0.0,544.4,-0.3851,2.13e-05
GdPd2Bi,Pd2.000,Gd1.000,Bi1.000,67.5214,0.0,0.0,0.0,0.0,0.0,0.0,0.0,32.95,0.0,0.0,0.0,2.02,0.0,0.0,0.0,0.0,0.0,3.0,0.0,0.0,0.0,15.0,2.02,86.0,3.0,0.0,3.0,0.0,0.0,86.0,1.2,1.2,544.4,12.0,2.02,1586.0,148.0,0.0,544.4,-1.1166,2.09e-05
GdPd2Bi,Pd2.000,Gd1.000,Bi1.000,83.1909,0.0,0.0,0.0,0.0,0.0,0.0,0.0,32.95,0.0,0.0,0.0,2.02,0.0,0.0,0.0,0.0,0.0,3.0,0.0,0.0,0.0,15.0,2.02,86.0,3.0,0.0,3.0,0.0,0.0,86.0,1.2,1.2,544.4,12.0,2.02,1586.0,148.0,0.0,544.4,-1.3002,2.05e-05
GdPd2Bi,Pd2.000,Gd1.000,Bi1.000,119.0883,0.0,0.0,0.0,0.0,0.0,0.0,0.0,32.95,0.0,0.0,0.0,2.02,0.0,0.0,0.0,0.0,0.0,3.0,0.0,0.0,0.0,15.0,2.02,86.0,3.0,0.0,3.0,0.0,0.0,86.0,1.2,1.2,544.4,12.0,2.02,1586.0,148.0,0.0,544.4,-1.1393,1.87e-05
GdPd2Bi,Pd2.000,Gd1.000,Bi1.000,147.2934,0.0,0.0,0.0,0.0,0.0,0.0,0.0,32.95,0.0,0.0,0.0,2.02,0.0,0.0,0.0,0.0,0.0,3.0,0.0,0.0,0.0,15.0,2.02,86.0,3.0,0.0,3.0,0.0,0.0,86.0,1.2,1.2,544.4,12.0,2.02,1586.0,148.0,0.0,544.4,-1.3115,1.75e-05
GdPd2Bi,Pd2.000,Gd1.000,Bi1.000,192.5926,0.0,0.0,0.0,0.0,0.0,0.0,0.0,32.95,0.0,0.0,0.0,2.02,0.0,0.0,0.0,0.0,0.0,3.0,0.0,0.0,0.0,15.0,2.02,86.0,3.0,0.0,3.0,0.0,0.0,86.0,1.2,1.2,544.4,12.0,2.02,1586.0,148.0,0.0,544.4,-1.9732,1.67e-05
GdPd2Bi,Pd2.000,Gd1.000,Bi1.000,224.7863,0.0,0.0,0.0,0.0,0.0,0.0,0.0,32.95,0.0,0.0,0.0,2.02,0.0,0.0,0.0,0.0,0.0,3.0,0.0,0.0,0.0,15.0,2.02,86.0,3.0,0.0,3.0,0.0,0.0,86.0,1.2,1.2,544.4,12.0,2.02,1586.0,148.0,0.0,544.4,-2.4934,1.7e-05
GdPd2Bi,Pd2.000,Gd1.000,Bi1.000,237.8917,0.0,0.0,0.0,0.0,0.0,0.0,0.0,32.95,0.0,0.0,0.0,2.02,0.0,0.0,0.0,0.0,0.0,3.0,0.0,0.0,0.0,15.0,2.02,86.0,3.0,0.0,3.0,0.0,0.0,86.0,1.2,1.2,544.4,12.0,2.02,1586.0,148.0,0.0,544.4,-2.7141,1.71e-05
GdPd2Bi,Pd2.000,Gd1.000,Bi1.000,267.8063,0.0,0.0,0.0,0.0,0.0,0.0,0.0,32.95,0.0,0.0,0.0,2.02,0.0,0.0,0.0,0.0,0.0,3.0,0.0,0.0,0.0,15.0,2.02,86.0,3.0,0.0,3.0,0.0,0.0,86.0,1.2,1.2,544.4,12.0,2.02,1586.0,148.0,0.0,544.4,-2.9969,1.73e-05
Fe1.94Re0.06V0.94Ti0.14Al0.92,Fe2.000,V1.000,Re0.054Ti0.125Al0.821,310.3957,2.035000000000002,0.0,0.0,159.2254614,62.0,0.0,2.25333333333e-05,16.4077,8.0,1.27,31.0,1.6169099999999998,8.0,3.0,0.0,14.0,18.0,8.0,0.0,3.0,30.0,4.0,1.54,43.0,5.375,9.0,4.1049999999999995,0.3599999999999999,0.0,68.224,1.63,1.63,1195.78987,219.451,1.9,2183.0,127.495,0.0,3459.0,101.1739,0.00013
Fe1.94Re0.06V0.94Ti0.14Al0.92,Fe2.000,V1.000,Re0.054Ti0.125Al0.821,411.3438,2.035000000000002,0.0,0.0,159.2254614,62.0,0.0,2.25333333333e-05,16.4077,8.0,1.27,31.0,1.6169099999999998,8.0,3.0,0.0,14.0,18.0,8.0,0.0,3.0,30.0,4.0,1.54,43.0,5.375,9.0,4.1049999999999995,0.3599999999999999,0.0,68.224,1.63,1.63,1195.78987,219.451,1.9,2183.0,127.495,0.0,3459.0,79.2819,9.43e-05
Fe1.94Re0.06V0.94Ti0.14Al0.92,Fe2.000,V1.000,Re0.054Ti0.125Al0.821,526.0801,2.035000000000002,0.0,0.0,159.2254614,62.0,0.0,2.25333333333e-05,16.4077,8.0,1.27,31.0,1.6169099999999998,8.0,3.0,0.0,14.0,18.0,8.0,0.0,3.0,30.0,4.0,1.54,43.0,5.375,9.0,4.1049999999999995,0.3599999999999999,0.0,68.224,1.63,1.63,1195.78987,219.451,1.9,2183.0,127.495,0.0,3459.0,45.0284,6.67e-05
Fe1.94Re0.06V0.94Ti0.14Al0.92,Fe2.000,V1.000,Re0.054Ti0.125Al0.821,631.1499,2.035000000000002,0.0,0.0,159.2254614,62.0,0.0,2.25333333333e-05,16.4077,8.0,1.27,31.0,1.6169099999999998,8.0,3.0,0.0,14.0,18.0,8.0,0.0,3.0,30.0,4.0,1.54,43.0,5.375,9.0,4.1049999999999995,0.3599999999999999,0.0,68.224,1.63,1.63,1195.78987,219.451,1.9,2183.0,127.495,0.0,3459.0,22.0134,5.25e-05
Fe1.94Re0.06V0.94Ti0.14Al0.92,Fe2.000,V1.000,Re0.054Ti0.125Al0.821,716.266,2.035000000000002,0.0,0.0,159.2254614,62.0,0.0,2.25333333333e-05,16.4077,8.0,1.27,31.0,1.6169099999999998,8.0,3.0,0.0,14.0,18.0,8.0,0.0,3.0,30.0,4.0,1.54,43.0,5.375,9.0,4.1049999999999995,0.3599999999999999,0.0,68.224,1.63,1.63,1195.78987,219.451,1.9,2183.0,127.495,0.0,3459.0,10.0936,4.58e-05
Fe1.94Re0.06V0.94Ti0.14Al0.92,Fe2.000,V1.000,Re0.054Ti0.125Al0.821,799.9823,2.035000000000002,0.0,0.0,159.2254614,62.0,0.0,2.25333333333e-05,16.4077,8.0,1.27,31.0,1.6169099999999998,8.0,3.0,0.0,14.0,18.0,8.0,0.0,3.0,30.0,4.0,1.54,43.0,5.375,9.0,4.1049999999999995,0.3599999999999999,0.0,68.224,1.63,1.63,1195.78987,219.451,1.9,2183.0,127.495,0.0,3459.0,3.0913,4.01e-05
Fe1.94Re0.06V0.90Ti0.18Al0.92,Fe2.000,Re0.062V0.938,Ti0.164Al0.836,310.382,0.2100000000000008,0.0,0.0,20.885461399999997,9.0,35.0,2.25333333333e-05,16.51444,8.0,1.312,31.0,1.5985200000000002,8.0,1.0,0.0,0.0,1.0,8.0,0.0,3.0,30.0,4.0,1.54,43.0,5.492,9.0,4.18,0.07,0.27,68.08,1.6467399999999996,1.63,1098.70492,219.916,1.61,2262.1119999999996,127.396,0.0,1941.0,103.5626,4.83e-05
Fe1.94Re0.06V0.90Ti0.18Al0.92,Fe2.000,Re0.062V0.938,Ti0.164Al0.836,359.7478,0.2100000000000008,0.0,0.0,20.885461399999997,9.0,35.0,2.25333333333e-05,16.51444,8.0,1.312,31.0,1.5985200000000002,8.0,1.0,0.0,0.0,1.0,8.0,0.0,3.0,30.0,4.0,1.54,43.0,5.492,9.0,4.18,0.07,0.27,68.08,1.6467399999999996,1.63,1098.70492,219.916,1.61,2262.1119999999996,127.396,0.0,1941.0,106.5273,5.17e-05
Fe1.94Re0.06V0.90Ti0.18Al0.92,Fe2.000,Re0.062V0.938,Ti0.164Al0.836,451.7162,0.2100000000000008,0.0,0.0,20.885461399999997,9.0,35.0,2.25333333333e-05,16.51444,8.0,1.312,31.0,1.5985200000000002,8.0,1.0,0.0,0.0,1.0,8.0,0.0,3.0,30.0,4.0,1.54,43.0,5.492,9.0,4.18,0.07,0.27,68.08,1.6467399999999996,1.63,1098.70492,219.916,1.61,2262.1119999999996,127.396,0.0,1941.0,95.7335,5.3e-05
Fe1.94Re0.06V0.90Ti0.18Al0.92,Fe2.000,Re0.062V0.938,Ti0.164Al0.836,561.6441,0.2100000000000008,0.0,0.0,20.885461399999997,9.0,35.0,2.25333333333e-05,16.51444,8.0,1.312,31.0,1.5985200000000002,8.0,1.0,0.0,0.0,1.0,8.0,0.0,3.0,30.0,4.0,1.54,43.0,5.492,9.0,4.18,0.07,0.27,68.08,1.6467399999999996,1.63,1098.70492,219.916,1.61,2262.1119999999996,127.396,0.0,1941.0,62.7433,4.91e-05
Fe1.94Re0.06V0.90Ti0.18Al0.92,Fe2.000,Re0.062V0.938,Ti0.164Al0.836,651.6328,0.2100000000000008,0.0,0.0,20.885461399999997,9.0,35.0,2.25333333333e-05,16.51444,8.0,1.312,31.0,1.5985200000000002,8.0,1.0,0.0,0.0,1.0,8.0,0.0,3.0,30.0,4.0,1.54,43.0,5.492,9.0,4.18,0.07,0.27,68.08,1.6467399999999996,1.63,1098.70492,219.916,1.61,2262.1119999999996,127.396,0.0,1941.0,38.319,4.4e-05
Fe1.94Re0.06V0.90Ti0.18Al0.92,Fe2.000,Re0.062V0.938,Ti0.164Al0.836,726.4762,0.2100000000000008,0.0,0.0,20.885461399999997,9.0,35.0,2.25333333333e-05,16.51444,8.0,1.312,31.0,1.5985200000000002,8.0,1.0,0.0,0.0,1.0,8.0,0.0,3.0,30.0,4.0,1.54,43.0,5.492,9.0,4.18,0.07,0.27,68.08,1.6467399999999996,1.63,1098.70492,219.916,1.61,2262.1119999999996,127.396,0.0,1941.0,23.7264,4.01e-05
Fe1.94Re0.06V0.90Ti0.18Al0.92,Fe2.000,Re0.062V0.938,Ti0.164Al0.836,775.907,0.2100000000000008,0.0,0.0,20.885461399999997,9.0,35.0,2.25333333333e-05,16.51444,8.0,1.312,31.0,1.5985200000000002,8.0,1.0,0.0,0.0,1.0,8.0,0.0,3.0,30.0,4.0,1.54,43.0,5.492,9.0,4.18,0.07,0.27,68.08,1.6467399999999996,1.63,1098.70492,219.916,1.61,2262.1119999999996,127.396,0.0,1941.0,15.3094,3.83e-05
Fe1.94Re0.06V0.82Ti0.26Al0.92,Fe2.000,V0.759Ti0.241,Re0.061Al0.939,313.9198,1.825000000000001,0.0,2.25333333333e-05,159.2254614,62.0,35.0,0.0,16.368675,5.0,0.305,31.0,1.62769,5.0,3.0,5.4305333333253e-06,14.0,18.0,5.0,2.25333333333e-05,0.0,19.0,7.0,1.61,54.0,4.999999999999999,6.0,4.694999999999999,0.2899999999999998,0.0899999999999998,71.841,1.60831,1.54,1087.52733,223.109,1.9,2124.678,122.83,0.0,3459.0,84.5941,2.45e-05
Fe1.94Re0.06V0.82Ti0.26Al0.92,Fe2.000,V0.759Ti0.241,Re0.061Al0.939,412.6144,1.825000000000001,0.0,2.25333333333e-05,159.2254614,62.0,35.0,0.0,16.368675,5.0,0.305,31.0,1.62769,5.0,3.0,5.4305333333253e-06,14.0,18.0,5.0,2.25333333333e-05,0.0,19.0,7.0,1.61,54.0,4.999999999999999,6.0,4.694999999999999,0.2899999999999998,0.0899999999999998,71.841,1.60831,1.54,1087.52733,223.109,1.9,2124.678,122.83,0.0,3459.0,96.9872,2.87e-05
Fe1.94Re0.06V0.82Ti0.26Al0.92,Fe2.000,V0.759Ti0.241,Re0.061Al0.939,472.9742,1.825000000000001,0.0,2.25333333333e-05,159.2254614,62.0,35.0,0.0,16.368675,5.0,0.305,31.0,1.62769,5.0,3.0,5.4305333333253e-06,14.0,18.0,5.0,2.25333333333e-05,0.0,19.0,7.0,1.61,54.0,4.999999999999999,6.0,4.694999999999999,0.2899999999999998,0.0899999999999998,71.841,1.60831,1.54,1087.52733,223.109,1.9,2124.678,122.83,0.0,3459.0,96.4421,3.14e-05
Fe1.94Re0.06V0.82Ti0.26Al0.92,Fe2.000,V0.759Ti0.241,Re0.061Al0.939,582.1255,1.825000000000001,0.0,2.25333333333e-05,159.2254614,62.0,35.0,0.0,16.368675,5.0,0.305,31.0,1.62769,5.0,3.0,5.4305333333253e-06,14.0,18.0,5.0,2.25333333333e-05,0.0,19.0,7.0,1.61,54.0,4.999999999999999,6.0,4.694999999999999,0.2899999999999998,0.0899999999999998,71.841,1.60831,1.54,1087.52733,223.109,1.9,2124.678,122.83,0.0,3459.0,79.3299,3.44e-05
Fe1.94Re0.06V0.82Ti0.26Al0.92,Fe2.000,V0.759Ti0.241,Re0.061Al0.939,678.9688,1.825000000000001,0.0,2.25333333333e-05,159.2254614,62.0,35.0,0.0,16.368675,5.0,0.305,31.0,1.62769,5.0,3.0,5.4305333333253e-06,14.0,18.0,5.0,2.25333333333e-05,0.0,19.0,7.0,1.61,54.0,4.999999999999999,6.0,4.694999999999999,0.2899999999999998,0.0899999999999998,71.841,1.60831,1.54,1087.52733,223.109,1.9,2124.678,122.83,0.0,3459.0,55.61,3.41e-05
Fe1.94Re0.06V0.82Ti0.26Al0.92,Fe2.000,V0.759Ti0.241,Re0.061Al0.939,777.1679,1.825000000000001,0.0,2.25333333333e-05,159.2254614,62.0,35.0,0.0,16.368675,5.0,0.305,31.0,1.62769,5.0,3.0,5.4305333333253e-06,14.0,18.0,5.0,2.25333333333e-05,0.0,19.0,7.0,1.61,54.0,4.999999999999999,6.0,4.694999999999999,0.2899999999999998,0.0899999999999998,71.841,1.60831,1.54,1087.52733,223.109,1.9,2124.678,122.83,0.0,3459.0,34.7008,3.25e-05
Fe1.94Re0.06V0.78Ti0.30Al0.92,Fe2.000,V0.722Ti0.278,Re0.061Al0.939,309.8624,1.825000000000001,0.0,2.25333333333e-05,159.2254614,62.0,35.0,0.0,16.368675,5.0,0.305,31.0,1.62769,5.0,3.0,6.264266666657401e-06,14.0,18.0,5.0,2.25333333333e-05,0.0,19.0,7.0,1.61,54.0,4.999999999999999,6.0,4.694999999999999,0.2899999999999998,0.0899999999999998,71.841,1.60498,1.54,1087.52733,223.109,1.9,2115.724,122.83,0.0,3459.0,74.4758,1.89e-05
Fe1.94Re0.06V0.78Ti0.30Al0.92,Fe2.000,V0.722Ti0.278,Re0.061Al0.939,408.553,1.825000000000001,0.0,2.25333333333e-05,159.2254614,62.0,35.0,0.0,16.368675,5.0,0.305,31.0,1.62769,5.0,3.0,6.264266666657401e-06,14.0,18.0,5.0,2.25333333333e-05,0.0,19.0,7.0,1.61,54.0,4.999999999999999,6.0,4.694999999999999,0.2899999999999998,0.0899999999999998,71.841,1.60498,1.54,1087.52733,223.109,1.9,2115.724,122.83,0.0,3459.0,87.5715,2.34e-05
Fe1.94Re0.06V0.78Ti0.30Al0.92,Fe2.000,V0.722Ti0.278,Re0.061Al0.939,462.7239,1.825000000000001,0.0,2.25333333333e-05,159.2254614,62.0,35.0,0.0,16.368675,5.0,0.305,31.0,1.62769,5.0,3.0,6.264266666657401e-06,14.0,18.0,5.0,2.25333333333e-05,0.0,19.0,7.0,1.61,54.0,4.999999999999999,6.0,4.694999999999999,0.2899999999999998,0.0899999999999998,71.841,1.60498,1.54,1087.52733,223.109,1.9,2115.724,122.83,0.0,3459.0,89.835,2.58e-05
Fe1.94Re0.06V0.78Ti0.30Al0.92,Fe2.000,V0.722Ti0.278,Re0.061Al0.939,545.0547,1.825000000000001,0.0,2.25333333333e-05,159.2254614,62.0,35.0,0.0,16.368675,5.0,0.305,31.0,1.62769,5.0,3.0,6.264266666657401e-06,14.0,18.0,5.0,2.25333333333e-05,0.0,19.0,7.0,1.61,54.0,4.999999999999999,6.0,4.694999999999999,0.2899999999999998,0.0899999999999998,71.841,1.60498,1.54,1087.52733,223.109,1.9,2115.724,122.83,0.0,3459.0,85.2211,2.91e-05
Fe1.94Re0.06V0.78Ti0.30Al0.92,Fe2.000,V0.722Ti0.278,Re0.061Al0.939,628.8128,1.825000000000001,0.0,2.25333333333e-05,159.2254614,62.0,35.0,0.0,16.368675,5.0,0.305,31.0,1.62769,5.0,3.0,6.264266666657401e-06,14.0,18.0,5.0,2.25333333333e-05,0.0,19.0,7.0,1.61,54.0,4.999999999999999,6.0,4.694999999999999,0.2899999999999998,0.0899999999999998,71.841,1.60498,1.54,1087.52733,223.109,1.9,2115.724,122.83,0.0,3459.0,70.9121,3.14e-05
Fe1.94Re0.06V0.78Ti0.30Al0.92,Fe2.000,V0.722Ti0.278,Re0.061Al0.939,713.276,1.825000000000001,0.0,2.25333333333e-05,159.2254614,62.0,35.0,0.0,16.368675,5.0,0.305,31.0,1.62769,5.0,3.0,6.264266666657401e-06,14.0,18.0,5.0,2.25333333333e-05,0.0,19.0,7.0,1.61,54.0,4.999999999999999,6.0,4.694999999999999,0.2899999999999998,0.0899999999999998,71.841,1.60498,1.54,1087.52733,223.109,1.9,2115.724,122.83,0.0,3459.0,53.2309,3.24e-05
Fe1.94Re0.06V0.78Ti0.30Al0.92,Fe2.000,V0.722Ti0.278,Re0.061Al0.939,775.0798,1.825000000000001,0.0,2.25333333333e-05,159.2254614,62.0,35.0,0.0,16.368675,5.0,0.305,31.0,1.62769,5.0,3.0,6.264266666657401e-06,14.0,18.0,5.0,2.25333333333e-05,0.0,19.0,7.0,1.61,54.0,4.999999999999999,6.0,4.694999999999999,0.2899999999999998,0.0899999999999998,71.841,1.60498,1.54,1087.52733,223.109,1.9,2115.724,122.83,0.0,3459.0,40.0398,3.21e-05
Fe1.94Re0.06V0.74Ti0.34Al0.92,Fe2.000,V0.685Ti0.315,Re0.061Al0.939,312.6412,1.825000000000001,0.0,2.25333333333e-05,159.2254614,62.0,35.0,0.0,16.368675,5.0,0.305,31.0,1.62769,5.0,3.0,7.097999999989501e-06,14.0,18.0,5.0,2.25333333333e-05,0.0,19.0,7.0,1.61,54.0,4.999999999999999,6.0,4.694999999999999,0.2899999999999998,0.0899999999999998,71.841,1.60165,1.54,1087.52733,223.109,1.9,2106.77,122.83,0.0,3459.0,68.294,2.59e-05
Fe1.94Re0.06V0.74Ti0.34Al0.92,Fe2.000,V0.685Ti0.315,Re0.061Al0.939,418.874,1.825000000000001,0.0,2.25333333333e-05,159.2254614,62.0,35.0,0.0,16.368675,5.0,0.305,31.0,1.62769,5.0,3.0,7.097999999989501e-06,14.0,18.0,5.0,2.25333333333e-05,0.0,19.0,7.0,1.61,54.0,4.999999999999999,6.0,4.694999999999999,0.2899999999999998,0.0899999999999998,71.841,1.60165,1.54,1087.52733,223.109,1.9,2106.77,122.83,0.0,3459.0,81.8133,3.26e-05
Fe1.94Re0.06V0.74Ti0.34Al0.92,Fe2.000,V0.685Ti0.315,Re0.061Al0.939,472.3501,1.825000000000001,0.0,2.25333333333e-05,159.2254614,62.0,35.0,0.0,16.368675,5.0,0.305,31.0,1.62769,5.0,3.0,7.097999999989501e-06,14.0,18.0,5.0,2.25333333333e-05,0.0,19.0,7.0,1.61,54.0,4.999999999999999,6.0,4.694999999999999,0.2899999999999998,0.0899999999999998,71.841,1.60165,1.54,1087.52733,223.109,1.9,2106.77,122.83,0.0,3459.0,85.6222,3.53e-05
Fe1.94Re0.06V0.74Ti0.34Al0.92,Fe2.000,V0.685Ti0.315,Re0.061Al0.939,571.823,1.825000000000001,0.0,2.25333333333e-05,159.2254614,62.0,35.0,0.0,16.368675,5.0,0.305,31.0,1.62769,5.0,3.0,7.097999999989501e-06,14.0,18.0,5.0,2.25333333333e-05,0.0,19.0,7.0,1.61,54.0,4.999999999999999,6.0,4.694999999999999,0.2899999999999998,0.0899999999999998,71.841,1.60165,1.54,1087.52733,223.109,1.9,2106.77,122.83,0.0,3459.0,81.8563,3.91e-05
Fe1.94Re0.06V0.74Ti0.34Al0.92,Fe2.000,V0.685Ti0.315,Re0.061Al0.939,684.4076,1.825000000000001,0.0,2.25333333333e-05,159.2254614,62.0,35.0,0.0,16.368675,5.0,0.305,31.0,1.62769,5.0,3.0,7.097999999989501e-06,14.0,18.0,5.0,2.25333333333e-05,0.0,19.0,7.0,1.61,54.0,4.999999999999999,6.0,4.694999999999999,0.2899999999999998,0.0899999999999998,71.841,1.60165,1.54,1087.52733,223.109,1.9,2106.77,122.83,0.0,3459.0,64.0425,4.14e-05
Fe1.94Re0.06V0.74Ti0.34Al0.92,Fe2.000,V0.685Ti0.315,Re0.061Al0.939,768.8708,1.825000000000001,0.0,2.25333333333e-05,159.2254614,62.0,35.0,0.0,16.368675,5.0,0.305,31.0,1.62769,5.0,3.0,7.097999999989501e-06,14.0,18.0,5.0,2.25333333333e-05,0.0,19.0,7.0,1.61,54.0,4.999999999999999,6.0,4.694999999999999,0.2899999999999998,0.0899999999999998,71.841,1.60165,1.54,1087.52733,223.109,1.9,2106.77,122.83,0.0,3459.0,46.3613,4.03e-05
Fe2VAl,Fe2.000,V1.000,Al1.000,300.0824,0.0,0.0,0.0,0.0,0.0,0.0,0.0,16.48,0.0,0.0,0.0,1.61,0.0,0.0,0.0,0.0,0.0,5.0,0.0,0.0,0.0,13.0,1.61,73.0,5.0,0.0,5.0,0.0,0.0,73.0,1.63,1.63,933.47,225.0,1.61,2183.0,121.0,0.0,933.47,85.1061,5.83e-05
Fe2VAl,Fe2.000,V1.000,Al1.000,450.3905,0.0,0.0,0.0,0.0,0.0,0.0,0.0,16.48,0.0,0.0,0.0,1.61,0.0,0.0,0.0,0.0,0.0,5.0,0.0,0.0,0.0,13.0,1.61,73.0,5.0,0.0,5.0,0.0,0.0,73.0,1.63,1.63,933.47,225.0,1.61,2183.0,121.0,0.0,933.47,45.3422,3.84e-05
Fe2VAl,Fe2.000,V1.000,Al1.000,599.9199,0.0,0.0,0.0,0.0,0.0,0.0,0.0,16.48,0.0,0.0,0.0,1.61,0.0,0.0,0.0,0.0,0.0,5.0,0.0,0.0,0.0,13.0,1.61,73.0,5.0,0.0,5.0,0.0,0.0,73.0,1.63,1.63,933.47,225.0,1.61,2183.0,121.0,0.0,933.47,16.6308,3.22e-05
Fe2V1.02Al0.98,Fe2.000,V1.000,Al1.000,117.6942,0.0,0.0,0.0,0.0,0.0,0.0,0.0,16.48,0.0,0.0,0.0,1.61,0.0,0.0,0.0,0.0,0.0,5.0,0.0,0.0,0.0,13.0,1.61,73.0,5.0,0.0,5.0,0.0,0.0,73.0,1.63,1.63,933.47,225.0,1.61,2183.0,121.0,0.0,933.47,-102.9371,2.74e-05
Fe2V1.02Al0.98,Fe2.000,V1.000,Al1.000,178.799,0.0,0.0,0.0,0.0,0.0,0.0,0.0,16.48,0.0,0.0,0.0,1.61,0.0,0.0,0.0,0.0,0.0,5.0,0.0,0.0,0.0,13.0,1.61,73.0,5.0,0.0,5.0,0.0,0.0,73.0,1.63,1.63,933.47,225.0,1.61,2183.0,121.0,0.0,933.47,-135.6643,3.42e-05
Fe2V1.02Al0.98,Fe2.000,V1.000,Al1.000,239.1353,0.0,0.0,0.0,0.0,0.0,0.0,0.0,16.48,0.0,0.0,0.0,1.61,0.0,0.0,0.0,0.0,0.0,5.0,0.0,0.0,0.0,13.0,1.61,73.0,5.0,0.0,5.0,0.0,0.0,73.0,1.63,1.63,933.47,225.0,1.61,2183.0,121.0,0.0,933.47,-156.4336,4.2e-05
Fe2V1.02Al0.98,Fe2.000,V1.000,Al1.000,269.1113,0.0,0.0,0.0,0.0,0.0,0.0,0.0,16.48,0.0,0.0,0.0,1.61,0.0,0.0,0.0,0.0,0.0,5.0,0.0,0.0,0.0,13.0,1.61,73.0,5.0,0.0,5.0,0.0,0.0,73.0,1.63,1.63,933.47,225.0,1.61,2183.0,121.0,0.0,933.47,-156.4336,4.53e-05
Fe2V1.02Al0.98,Fe2.000,V1.000,Al1.000,359.0392,0.0,0.0,0.0,0.0,0.0,0.0,0.0,16.48,0.0,0.0,0.0,1.61,0.0,0.0,0.0,0.0,0.0,5.0,0.0,0.0,0.0,13.0,1.61,73.0,5.0,0.0,5.0,0.0,0.0,73.0,1.63,1.63,933.47,225.0,1.61,2183.0,121.0,0.0,933.47,-117.4126,4.83e-05
Fe2V1.02Al0.98,Fe2.000,V1.000,Al1.000,451.273,0.0,0.0,0.0,0.0,0.0,0.0,0.0,16.48,0.0,0.0,0.0,1.61,0.0,0.0,0.0,0.0,0.0,5.0,0.0,0.0,0.0,13.0,1.61,73.0,5.0,0.0,5.0,0.0,0.0,73.0,1.63,1.63,933.47,225.0,1.61,2183.0,121.0,0.0,933.47,-63.2867,4.26e-05
Fe2V1.02Al0.98,Fe2.000,V1.000,Al1.000,510.8407,0.0,0.0,0.0,0.0,0.0,0.0,0.0,16.48,0.0,0.0,0.0,1.61,0.0,0.0,0.0,0.0,0.0,5.0,0.0,0.0,0.0,13.0,1.61,73.0,5.0,0.0,5.0,0.0,0.0,73.0,1.63,1.63,933.47,225.0,1.61,2183.0,121.0,0.0,933.47,-38.7413,3.82e-05
Fe2V1.02Al0.98,Fe2.000,V1.000,Al1.000,601.1529,0.0,0.0,0.0,0.0,0.0,0.0,0.0,16.48,0.0,0.0,0.0,1.61,0.0,0.0,0.0,0.0,0.0,5.0,0.0,0.0,0.0,13.0,1.61,73.0,5.0,0.0,5.0,0.0,0.0,73.0,1.63,1.63,933.47,225.0,1.61,2183.0,121.0,0.0,933.47,-22.3776,3.37e-05
Fe2V1.03Al0.97,Fe2.000,V1.000,Al1.000,117.6942,0.0,0.0,0.0,0.0,0.0,0.0,0.0,16.48,0.0,0.0,0.0,1.61,0.0,0.0,0.0,0.0,0.0,5.0,0.0,0.0,0.0,13.0,1.61,73.0,5.0,0.0,5.0,0.0,0.0,73.0,1.63,1.63,933.47,225.0,1.61,2183.0,121.0,0.0,933.47,-97.2727,2.11e-05
Fe2V1.03Al0.97,Fe2.000,V1.000,Al1.000,206.4692,0.0,0.0,0.0,0.0,0.0,0.0,0.0,16.48,0.0,0.0,0.0,1.61,0.0,0.0,0.0,0.0,0.0,5.0,0.0,0.0,0.0,13.0,1.61,73.0,5.0,0.0,5.0,0.0,0.0,73.0,1.63,1.63,933.47,225.0,1.61,2183.0,121.0,0.0,933.47,-140.4895,2.95e-05
Fe2V1.03Al0.97,Fe2.000,V1.000,Al1.000,267.5741,0.0,0.0,0.0,0.0,0.0,0.0,0.0,16.48,0.0,0.0,0.0,1.61,0.0,0.0,0.0,0.0,0.0,5.0,0.0,0.0,0.0,13.0,1.61,73.0,5.0,0.0,5.0,0.0,0.0,73.0,1.63,1.63,933.47,225.0,1.61,2183.0,121.0,0.0,933.47,-155.8042,3.61e-05
Fe2V1.03Al0.97,Fe2.000,V1.000,Al1.000,358.6549,0.0,0.0,0.0,0.0,0.0,0.0,0.0,16.48,0.0,0.0,0.0,1.61,0.0,0.0,0.0,0.0,0.0,5.0,0.0,0.0,0.0,13.0,1.61,73.0,5.0,0.0,5.0,0.0,0.0,73.0,1.63,1.63,933.47,225.0,1.61,2183.0,121.0,0.0,933.47,-135.4545,4.31e-05
Fe2V1.03Al0.97,Fe2.000,V1.000,Al1.000,450.1201,0.0,0.0,0.0,0.0,0.0,0.0,0.0,16.48,0.0,0.0,0.0,1.61,0.0,0.0,0.0,0.0,0.0,5.0,0.0,0.0,0.0,13.0,1.61,73.0,5.0,0.0,5.0,0.0,0.0,73.0,1.63,1.63,933.47,225.0,1.61,2183.0,121.0,0.0,933.47,-94.7552,4.35e-05
Fe2V1.03Al0.97,Fe2.000,V1.000,Al1.000,539.6637,0.0,0.0,0.0,0.0,0.0,0.0,0.0,16.48,0.0,0.0,0.0,1.61,0.0,0.0,0.0,0.0,0.0,5.0,0.0,0.0,0.0,13.0,1.61,73.0,5.0,0.0,5.0,0.0,0.0,73.0,1.63,1.63,933.47,225.0,1.61,2183.0,121.0,0.0,933.47,-58.042,3.98e-05
Fe2V1.03Al0.97,Fe2.000,V1.000,Al1.000,598.4628,0.0,0.0,0.0,0.0,0.0,0.0,0.0,16.48,0.0,0.0,0.0,1.61,0.0,0.0,0.0,0.0,0.0,5.0,0.0,0.0,0.0,13.0,1.61,73.0,5.0,0.0,5.0,0.0,0.0,73.0,1.63,1.63,933.47,225.0,1.61,2183.0,121.0,0.0,933.47,-42.5175,3.68e-05
Fe2V1.08Al0.92,Fe2.000,V1.000,Al1.000,118.0785,0.0,0.0,0.0,0.0,0.0,0.0,0.0,16.48,0.0,0.0,0.0,1.61,0.0,0.0,0.0,0.0,0.0,5.0,0.0,0.0,0.0,13.0,1.61,73.0,5.0,0.0,5.0,0.0,0.0,73.0,1.63,1.63,933.47,225.0,1.61,2183.0,121.0,0.0,933.47,-53.8462,1.04e-05
Fe2V1.08Al0.92,Fe2.000,V1.000,Al1.000,234.1393,0.0,0.0,0.0,0.0,0.0,0.0,0.0,16.48,0.0,0.0,0.0,1.61,0.0,0.0,0.0,0.0,0.0,5.0,0.0,0.0,0.0,13.0,1.61,73.0,5.0,0.0,5.0,0.0,0.0,73.0,1.63,1.63,933.47,225.0,1.61,2183.0,121.0,0.0,933.47,-94.7552,1.76e-05
Fe2V1.08Al0.92,Fe2.000,V1.000,Al1.000,330.9848,0.0,0.0,0.0,0.0,0.0,0.0,0.0,16.48,0.0,0.0,0.0,1.61,0.0,0.0,0.0,0.0,0.0,5.0,0.0,0.0,0.0,13.0,1.61,73.0,5.0,0.0,5.0,0.0,0.0,73.0,1.63,1.63,933.47,225.0,1.61,2183.0,121.0,0.0,933.47,-109.021,2.43e-05
Fe2V1.08Al0.92,Fe2.000,V1.000,Al1.000,420.9127,0.0,0.0,0.0,0.0,0.0,0.0,0.0,16.48,0.0,0.0,0.0,1.61,0.0,0.0,0.0,0.0,0.0,5.0,0.0,0.0,0.0,13.0,1.61,73.0,5.0,0.0,5.0,0.0,0.0,73.0,1.63,1.63,933.47,225.0,1.61,2183.0,121.0,0.0,933.47,-118.4615,3.02e-05
Fe2V1.08Al0.92,Fe2.000,V1.000,Al1.000,479.7118,0.0,0.0,0.0,0.0,0.0,0.0,0.0,16.48,0.0,0.0,0.0,1.61,0.0,0.0,0.0,0.0,0.0,5.0,0.0,0.0,0.0,13.0,1.61,73.0,5.0,0.0,5.0,0.0,0.0,73.0,1.63,1.63,933.47,225.0,1.61,2183.0,121.0,0.0,933.47,-115.3147,3.34e-05
Fe2V1.08Al0.92,Fe2.000,V1.000,Al1.000,540.048,0.0,0.0,0.0,0.0,0.0,0.0,0.0,16.48,0.0,0.0,0.0,1.61,0.0,0.0,0.0,0.0,0.0,5.0,0.0,0.0,0.0,13.0,1.61,73.0,5.0,0.0,5.0,0.0,0.0,73.0,1.63,1.63,933.47,225.0,1.61,2183.0,121.0,0.0,933.47,-105.2448,3.57e-05
Fe2V1.08Al0.92,Fe2.000,V1.000,Al1.000,600.0,0.0,0.0,0.0,0.0,0.0,0.0,0.0,16.48,0.0,0.0,0.0,1.61,0.0,0.0,0.0,0.0,0.0,5.0,0.0,0.0,0.0,13.0,1.61,73.0,5.0,0.0,5.0,0.0,0.0,73.0,1.63,1.63,933.47,225.0,1.61,2183.0,121.0,0.0,933.47,-89.5105,3.67e-05
Fe2V0.93Al1.07,Fe2.000,V1.000,Al1.000,117.7072,0.0,0.0,0.0,0.0,0.0,0.0,0.0,16.48,0.0,0.0,0.0,1.61,0.0,0.0,0.0,0.0,0.0,5.0,0.0,0.0,0.0,13.0,1.61,73.0,5.0,0.0,5.0,0.0,0.0,73.0,1.63,1.63,933.47,225.0,1.61,2183.0,121.0,0.0,933.47,16.3657,5.1e-06
Fe2V0.93Al1.07,Fe2.000,V1.000,Al1.000,242.7098,0.0,0.0,0.0,0.0,0.0,0.0,0.0,16.48,0.0,0.0,0.0,1.61,0.0,0.0,0.0,0.0,0.0,5.0,0.0,0.0,0.0,13.0,1.61,73.0,5.0,0.0,5.0,0.0,0.0,73.0,1.63,1.63,933.47,225.0,1.61,2183.0,121.0,0.0,933.47,35.4708,9.12e-06
Fe2V0.93Al1.07,Fe2.000,V1.000,Al1.000,331.2159,0.0,0.0,0.0,0.0,0.0,0.0,0.0,16.48,0.0,0.0,0.0,1.61,0.0,0.0,0.0,0.0,0.0,5.0,0.0,0.0,0.0,13.0,1.61,73.0,5.0,0.0,5.0,0.0,0.0,73.0,1.63,1.63,933.47,225.0,1.61,2183.0,121.0,0.0,933.47,46.6068,1.29e-05
Fe2V0.93Al1.07,Fe2.000,V1.000,Al1.000,419.3546,0.0,0.0,0.0,0.0,0.0,0.0,0.0,16.48,0.0,0.0,0.0,1.61,0.0,0.0,0.0,0.0,0.0,5.0,0.0,0.0,0.0,13.0,1.61,73.0,5.0,0.0,5.0,0.0,0.0,73.0,1.63,1.63,933.47,225.0,1.61,2183.0,121.0,0.0,933.47,57.3435,1.67e-05
Fe2V0.93Al1.07,Fe2.000,V1.000,Al1.000,505.6707,0.0,0.0,0.0,0.0,0.0,0.0,0.0,16.48,0.0,0.0,0.0,1.61,0.0,0.0,0.0,0.0,0.0,5.0,0.0,0.0,0.0,13.0,1.61,73.0,5.0,0.0,5.0,0.0,0.0,73.0,1.63,1.63,933.47,225.0,1.61,2183.0,121.0,0.0,933.47,62.0892,2.03e-05
Fe2V0.93Al1.07,Fe2.000,V1.000,Al1.000,600.139,0.0,0.0,0.0,0.0,0.0,0.0,0.0,16.48,0.0,0.0,0.0,1.61,0.0,0.0,0.0,0.0,0.0,5.0,0.0,0.0,0.0,13.0,1.61,73.0,5.0,0.0,5.0,0.0,0.0,73.0,1.63,1.63,933.47,225.0,1.61,2183.0,121.0,0.0,933.47,57.2432,2.42e-05
Fe2V0.95Al1.05,Fe2.000,V1.000,Al1.000,118.7738,0.0,0.0,0.0,0.0,0.0,0.0,0.0,16.48,0.0,0.0,0.0,1.61,0.0,0.0,0.0,0.0,0.0,5.0,0.0,0.0,0.0,13.0,1.61,73.0,5.0,0.0,5.0,0.0,0.0,73.0,1.63,1.63,933.47,225.0,1.61,2183.0,121.0,0.0,933.47,27.2839,6.57e-06
Fe2V0.95Al1.05,Fe2.000,V1.000,Al1.000,238.9893,0.0,0.0,0.0,0.0,0.0,0.0,0.0,16.48,0.0,0.0,0.0,1.61,0.0,0.0,0.0,0.0,0.0,5.0,0.0,0.0,0.0,13.0,1.61,73.0,5.0,0.0,5.0,0.0,0.0,73.0,1.63,1.63,933.47,225.0,1.61,2183.0,121.0,0.0,933.47,43.8617,9.91e-06
Fe2V0.95Al1.05,Fe2.000,V1.000,Al1.000,299.8269,0.0,0.0,0.0,0.0,0.0,0.0,0.0,16.48,0.0,0.0,0.0,1.61,0.0,0.0,0.0,0.0,0.0,5.0,0.0,0.0,0.0,13.0,1.61,73.0,5.0,0.0,5.0,0.0,0.0,73.0,1.63,1.63,933.47,225.0,1.61,2183.0,121.0,0.0,933.47,54.3472,1.23e-05
Fe2V0.95Al1.05,Fe2.000,V1.000,Al1.000,390.9309,0.0,0.0,0.0,0.0,0.0,0.0,0.0,16.48,0.0,0.0,0.0,1.61,0.0,0.0,0.0,0.0,0.0,5.0,0.0,0.0,0.0,13.0,1.61,73.0,5.0,0.0,5.0,0.0,0.0,73.0,1.63,1.63,933.47,225.0,1.61,2183.0,121.0,0.0,933.47,61.3539,1.63e-05
Fe2V0.95Al1.05,Fe2.000,V1.000,Al1.000,450.6823,0.0,0.0,0.0,0.0,0.0,0.0,0.0,16.48,0.0,0.0,0.0,1.61,0.0,0.0,0.0,0.0,0.0,5.0,0.0,0.0,0.0,13.0,1.61,73.0,5.0,0.0,5.0,0.0,0.0,73.0,1.63,1.63,933.47,225.0,1.61,2183.0,121.0,0.0,933.47,66.2475,1.89e-05
Fe2V0.95Al1.05,Fe2.000,V1.000,Al1.000,508.9721,0.0,0.0,0.0,0.0,0.0,0.0,0.0,16.48,0.0,0.0,0.0,1.61,0.0,0.0,0.0,0.0,0.0,5.0,0.0,0.0,0.0,13.0,1.61,73.0,5.0,0.0,5.0,0.0,0.0,73.0,1.63,1.63,933.47,225.0,1.61,2183.0,121.0,0.0,933.47,67.2805,2.14e-05
Fe2V0.95Al1.05,Fe2.000,V1.000,Al1.000,601.2513,0.0,0.0,0.0,0.0,0.0,0.0,0.0,16.48,0.0,0.0,0.0,1.61,0.0,0.0,0.0,0.0,0.0,5.0,0.0,0.0,0.0,13.0,1.61,73.0,5.0,0.0,5.0,0.0,0.0,73.0,1.63,1.63,933.47,225.0,1.61,2183.0,121.0,0.0,933.47,55.7779,2.53e-05
Fe2V0.97Al1.03,Fe2.000,V1.000,Al1.000,119.8398,0.0,0.0,0.0,0.0,0.0,0.0,0.0,16.48,0.0,0.0,0.0,1.61,0.0,0.0,0.0,0.0,0.0,5.0,0.0,0.0,0.0,13.0,1.61,73.0,5.0,0.0,5.0,0.0,0.0,73.0,1.63,1.63,933.47,225.0,1.61,2183.0,121.0,0.0,933.47,38.3352,7.93e-06
Fe2V0.97Al1.03,Fe2.000,V1.000,Al1.000,211.669,0.0,0.0,0.0,0.0,0.0,0.0,0.0,16.48,0.0,0.0,0.0,1.61,0.0,0.0,0.0,0.0,0.0,5.0,0.0,0.0,0.0,13.0,1.61,73.0,5.0,0.0,5.0,0.0,0.0,73.0,1.63,1.63,933.47,225.0,1.61,2183.0,121.0,0.0,933.47,48.8036,1.01e-05
Fe2V0.97Al1.03,Fe2.000,V1.000,Al1.000,329.6724,0.0,0.0,0.0,0.0,0.0,0.0,0.0,16.48,0.0,0.0,0.0,1.61,0.0,0.0,0.0,0.0,0.0,5.0,0.0,0.0,0.0,13.0,1.61,73.0,5.0,0.0,5.0,0.0,0.0,73.0,1.63,1.63,933.47,225.0,1.61,2183.0,121.0,0.0,933.47,64.9831,1.47e-05
Fe2V0.97Al1.03,Fe2.000,V1.000,Al1.000,420.7828,0.0,0.0,0.0,0.0,0.0,0.0,0.0,16.48,0.0,0.0,0.0,1.61,0.0,0.0,0.0,0.0,0.0,5.0,0.0,0.0,0.0,13.0,1.61,73.0,5.0,0.0,5.0,0.0,0.0,73.0,1.63,1.63,933.47,225.0,1.61,2183.0,121.0,0.0,933.47,70.2588,1.88e-05
Fe2V0.97Al1.03,Fe2.000,V1.000,Al1.000,508.244,0.0,0.0,0.0,0.0,0.0,0.0,0.0,16.48,0.0,0.0,0.0,1.61,0.0,0.0,0.0,0.0,0.0,5.0,0.0,0.0,0.0,13.0,1.61,73.0,5.0,0.0,5.0,0.0,0.0,73.0,1.63,1.63,933.47,225.0,1.61,2183.0,121.0,0.0,933.47,64.6177,2.23e-05
Fe2V0.97Al1.03,Fe2.000,V1.000,Al1.000,600.9152,0.0,0.0,0.0,0.0,0.0,0.0,0.0,16.48,0.0,0.0,0.0,1.61,0.0,0.0,0.0,0.0,0.0,5.0,0.0,0.0,0.0,13.0,1.61,73.0,5.0,0.0,5.0,0.0,0.0,73.0,1.63,1.63,933.47,225.0,1.61,2183.0,121.0,0.0,933.47,46.8566,2.45e-05
Fe2V0.985Al1.015,Fe2.000,V1.000,Al1.000,119.7573,0.0,0.0,0.0,0.0,0.0,0.0,0.0,16.48,0.0,0.0,0.0,1.61,0.0,0.0,0.0,0.0,0.0,5.0,0.0,0.0,0.0,13.0,1.61,73.0,5.0,0.0,5.0,0.0,0.0,73.0,1.63,1.63,933.47,225.0,1.61,2183.0,121.0,0.0,933.47,60.7055,2.43e-05
Fe2V0.985Al1.015,Fe2.000,V1.000,Al1.000,206.7612,0.0,0.0,0.0,0.0,0.0,0.0,0.0,16.48,0.0,0.0,0.0,1.61,0.0,0.0,0.0,0.0,0.0,5.0,0.0,0.0,0.0,13.0,1.61,73.0,5.0,0.0,5.0,0.0,0.0,73.0,1.63,1.63,933.47,225.0,1.61,2183.0,121.0,0.0,933.47,79.0327,2.41e-05
Fe2V0.985Al1.015,Fe2.000,V1.000,Al1.000,271.2917,0.0,0.0,0.0,0.0,0.0,0.0,0.0,16.48,0.0,0.0,0.0,1.61,0.0,0.0,0.0,0.0,0.0,5.0,0.0,0.0,0.0,13.0,1.61,73.0,5.0,0.0,5.0,0.0,0.0,73.0,1.63,1.63,933.47,225.0,1.61,2183.0,121.0,0.0,933.47,88.5841,2.51e-05
Fe2V0.985Al1.015,Fe2.000,V1.000,Al1.000,330.6863,0.0,0.0,0.0,0.0,0.0,0.0,0.0,16.48,0.0,0.0,0.0,1.61,0.0,0.0,0.0,0.0,0.0,5.0,0.0,0.0,0.0,13.0,1.61,73.0,5.0,0.0,5.0,0.0,0.0,73.0,1.63,1.63,933.47,225.0,1.61,2183.0,121.0,0.0,933.47,90.149,2.62e-05
Fe2V0.985Al1.015,Fe2.000,V1.000,Al1.000,417.479,0.0,0.0,0.0,0.0,0.0,0.0,0.0,16.48,0.0,0.0,0.0,1.61,0.0,0.0,0.0,0.0,0.0,5.0,0.0,0.0,0.0,13.0,1.61,73.0,5.0,0.0,5.0,0.0,0.0,73.0,1.63,1.63,933.47,225.0,1.61,2183.0,121.0,0.0,933.47,65.7333,2.73e-05
Fe2V0.985Al1.015,Fe2.000,V1.000,Al1.000,511.65,0.0,0.0,0.0,0.0,0.0,0.0,0.0,16.48,0.0,0.0,0.0,1.61,0.0,0.0,0.0,0.0,0.0,5.0,0.0,0.0,0.0,13.0,1.61,73.0,5.0,0.0,5.0,0.0,0.0,73.0,1.63,1.63,933.47,225.0,1.61,2183.0,121.0,0.0,933.47,41.4467,2.75e-05
Fe2V0.985Al1.015,Fe2.000,V1.000,Al1.000,599.1619,0.0,0.0,0.0,0.0,0.0,0.0,0.0,16.48,0.0,0.0,0.0,1.61,0.0,0.0,0.0,0.0,0.0,5.0,0.0,0.0,0.0,13.0,1.61,73.0,5.0,0.0,5.0,0.0,0.0,73.0,1.63,1.63,933.47,225.0,1.61,2183.0,121.0,0.0,933.47,22.0906,2.83e-05
Fe2VAl,Fe2.000,V1.000,Al1.000,3.0519,0.0,0.0,0.0,0.0,0.0,0.0,0.0,16.48,0.0,0.0,0.0,1.61,0.0,0.0,0.0,0.0,0.0,5.0,0.0,0.0,0.0,13.0,1.61,73.0,5.0,0.0,5.0,0.0,0.0,73.0,1.63,1.63,933.47,225.0,1.61,2183.0,121.0,0.0,933.47,5.5749,0.000229
Fe2VAl,Fe2.000,V1.000,Al1.000,73.2452,0.0,0.0,0.0,0.0,0.0,0.0,0.0,16.48,0.0,0.0,0.0,1.61,0.0,0.0,0.0,0.0,0.0,5.0,0.0,0.0,0.0,13.0,1.61,73.0,5.0,0.0,5.0,0.0,0.0,73.0,1.63,1.63,933.47,225.0,1.61,2183.0,121.0,0.0,933.47,49.4774,0.000174
Fe2VAl,Fe2.000,V1.000,Al1.000,166.8362,0.0,0.0,0.0,0.0,0.0,0.0,0.0,16.48,0.0,0.0,0.0,1.61,0.0,0.0,0.0,0.0,0.0,5.0,0.0,0.0,0.0,13.0,1.61,73.0,5.0,0.0,5.0,0.0,0.0,73.0,1.63,1.63,933.47,225.0,1.61,2183.0,121.0,0.0,933.47,74.5645,0.000146
Fe2VAl,Fe2.000,V1.000,Al1.000,270.6002,0.0,0.0,0.0,0.0,0.0,0.0,0.0,16.48,0.0,0.0,0.0,1.61,0.0,0.0,0.0,0.0,0.0,5.0,0.0,0.0,0.0,13.0,1.61,73.0,5.0,0.0,5.0,0.0,0.0,73.0,1.63,1.63,933.47,225.0,1.61,2183.0,121.0,0.0,933.47,67.2474,0.000103
Fe2VAl,Fe2.000,V1.000,Al1.000,468.9725,0.0,0.0,0.0,0.0,0.0,0.0,0.0,16.48,0.0,0.0,0.0,1.61,0.0,0.0,0.0,0.0,0.0,5.0,0.0,0.0,0.0,13.0,1.61,73.0,5.0,0.0,5.0,0.0,0.0,73.0,1.63,1.63,933.47,225.0,1.61,2183.0,121.0,0.0,933.47,34.1463,4.92e-05
Fe2VAl,Fe2.000,V1.000,Al1.000,661.2411,0.0,0.0,0.0,0.0,0.0,0.0,0.0,16.48,0.0,0.0,0.0,1.61,0.0,0.0,0.0,0.0,0.0,5.0,0.0,0.0,0.0,13.0,1.61,73.0,5.0,0.0,5.0,0.0,0.0,73.0,1.63,1.63,933.47,225.0,1.61,2183.0,121.0,0.0,933.47,5.9233,3.54e-05
Fe2VAl,Fe2.000,V1.000,Al1.000,865.7172,0.0,0.0,0.0,0.0,0.0,0.0,0.0,16.48,0.0,0.0,0.0,1.61,0.0,0.0,0.0,0.0,0.0,5.0,0.0,0.0,0.0,13.0,1.61,73.0,5.0,0.0,5.0,0.0,0.0,73.0,1.63,1.63,933.47,225.0,1.61,2183.0,121.0,0.0,933.47,-4.878,3.19e-05
Fe2V0.85W0.15Al,Fe2.000,V1.000,W0.130Al0.870,8.1384,0.4299999999999997,0.0,0.0,156.8584614,61.0,0.0,0.0,16.4241,6.0,0.78,4.0,1.7075,6.0,3.0,0.0,14.0,17.0,6.0,0.0,1.0,22.0,6.0,1.61,51.0,5.13,7.0,4.35,0.7499999999999998,0.0,70.14,1.63,1.63,1292.4689,225.52,2.36,2183.0,126.33,0.0,3695.0,-4.878,6.01e-05
Fe2V0.85W0.15Al,Fe2.000,V1.000,W0.130Al0.870,100.7121,0.4299999999999997,0.0,0.0,156.8584614,61.0,0.0,0.0,16.4241,6.0,0.78,4.0,1.7075,6.0,3.0,0.0,14.0,17.0,6.0,0.0,1.0,22.0,6.0,1.61,51.0,5.13,7.0,4.35,0.7499999999999998,0.0,70.14,1.63,1.63,1292.4689,225.52,2.36,2183.0,126.33,0.0,3695.0,-64.1115,6.43e-05
Fe2V0.85W0.15Al,Fe2.000,V1.000,W0.130Al0.870,173.9573,0.4299999999999997,0.0,0.0,156.8584614,61.0,0.0,0.0,16.4241,6.0,0.78,4.0,1.7075,6.0,3.0,0.0,14.0,17.0,6.0,0.0,1.0,22.0,6.0,1.61,51.0,5.13,7.0,4.35,0.7499999999999998,0.0,70.14,1.63,1.63,1292.4689,225.52,2.36,2183.0,126.33,0.0,3695.0,-100.6969,7.23e-05
Fe2V0.85W0.15Al,Fe2.000,V1.000,W0.130Al0.870,267.5483,0.4299999999999997,0.0,0.0,156.8584614,61.0,0.0,0.0,16.4241,6.0,0.78,4.0,1.7075,6.0,3.0,0.0,14.0,17.0,6.0,0.0,1.0,22.0,6.0,1.61,51.0,5.13,7.0,4.35,0.7499999999999998,0.0,70.14,1.63,1.63,1292.4689,225.52,2.36,2183.0,126.33,0.0,3695.0,-125.0871,7.88e-05
Fe2V0.85W0.15Al,Fe2.000,V1.000,W0.130Al0.870,378.4334,0.4299999999999997,0.0,0.0,156.8584614,61.0,0.0,0.0,16.4241,6.0,0.78,4.0,1.7075,6.0,3.0,0.0,14.0,17.0,6.0,0.0,1.0,22.0,6.0,1.61,51.0,5.13,7.0,4.35,0.7499999999999998,0.0,70.14,1.63,1.63,1292.4689,225.52,2.36,2183.0,126.33,0.0,3695.0,-100.6969,7.71e-05
Fe2V0.85W0.15Al,Fe2.000,V1.000,W0.130Al0.870,521.8718,0.4299999999999997,0.0,0.0,156.8584614,61.0,0.0,0.0,16.4241,6.0,0.78,4.0,1.7075,6.0,3.0,0.0,14.0,17.0,6.0,0.0,1.0,22.0,6.0,1.61,51.0,5.13,7.0,4.35,0.7499999999999998,0.0,70.14,1.63,1.63,1292.4689,225.52,2.36,2183.0,126.33,0.0,3695.0,-49.8258,6.8e-05
Fe2V0.85W0.15Al,Fe2.000,V1.000,W0.130Al0.870,664.293,0.4299999999999997,0.0,0.0,156.8584614,61.0,0.0,0.0,16.4241,6.0,0.78,4.0,1.7075,6.0,3.0,0.0,14.0,17.0,6.0,0.0,1.0,22.0,6.0,1.61,51.0,5.13,7.0,4.35,0.7499999999999998,0.0,70.14,1.63,1.63,1292.4689,225.52,2.36,2183.0,126.33,0.0,3695.0,-19.1638,5.81e-05
Fe2V0.85W0.15Al,Fe2.000,V1.000,W0.130Al0.870,771.1089,0.4299999999999997,0.0,0.0,156.8584614,61.0,0.0,0.0,16.4241,6.0,0.78,4.0,1.7075,6.0,3.0,0.0,14.0,17.0,6.0,0.0,1.0,22.0,6.0,1.61,51.0,5.13,7.0,4.35,0.7499999999999998,0.0,70.14,1.63,1.63,1292.4689,225.52,2.36,2183.0,126.33,0.0,3695.0,-25.784,5.23e-05
Fe2V0.85W0.15Al,Fe2.000,V1.000,W0.130Al0.870,819.939,0.4299999999999997,0.0,0.0,156.8584614,61.0,0.0,0.0,16.4241,6.0,0.78,4.0,1.7075,6.0,3.0,0.0,14.0,17.0,6.0,0.0,1.0,22.0,6.0,1.61,51.0,5.13,7.0,4.35,0.7499999999999998,0.0,70.14,1.63,1.63,1292.4689,225.52,2.36,2183.0,126.33,0.0,3695.0,-25.784,5.06e-05
Fe2V0.8W0.2Al,Fe2.000,V0.800W0.200,Al1.000,9.1556,0.0,0.0,0.0,0.0,0.0,0.0,0.0,16.48,0.0,0.0,0.0,1.61,0.0,0.0,0.0,0.0,0.0,5.0,0.0,0.0,0.0,13.0,1.61,73.0,5.0,0.0,5.0,0.0,0.73,73.0,1.776,1.63,933.47,225.0,1.61,2485.4,121.0,0.0,933.47,-3.8328,2.73e-05
Fe2V0.8W0.2Al,Fe2.000,V0.800W0.200,Al1.000,79.3489,0.0,0.0,0.0,0.0,0.0,0.0,0.0,16.48,0.0,0.0,0.0,1.61,0.0,0.0,0.0,0.0,0.0,5.0,0.0,0.0,0.0,13.0,1.61,73.0,5.0,0.0,5.0,0.0,0.73,73.0,1.776,1.63,933.47,225.0,1.61,2485.4,121.0,0.0,933.47,-43.2056,3.02e-05
Fe2V0.8W0.2Al,Fe2.000,V0.800W0.200,Al1.000,157.6806,0.0,0.0,0.0,0.0,0.0,0.0,0.0,16.48,0.0,0.0,0.0,1.61,0.0,0.0,0.0,0.0,0.0,5.0,0.0,0.0,0.0,13.0,1.61,73.0,5.0,0.0,5.0,0.0,0.73,73.0,1.776,1.63,933.47,225.0,1.61,2485.4,121.0,0.0,933.47,-80.1394,3.51e-05
Fe2V0.8W0.2Al,Fe2.000,V0.800W0.200,Al1.000,209.5626,0.0,0.0,0.0,0.0,0.0,0.0,0.0,16.48,0.0,0.0,0.0,1.61,0.0,0.0,0.0,0.0,0.0,5.0,0.0,0.0,0.0,13.0,1.61,73.0,5.0,0.0,5.0,0.0,0.73,73.0,1.776,1.63,933.47,225.0,1.61,2485.4,121.0,0.0,933.47,-98.9547,3.88e-05
Fe2V0.8W0.2Al,Fe2.000,V0.800W0.200,Al1.000,267.5483,0.0,0.0,0.0,0.0,0.0,0.0,0.0,16.48,0.0,0.0,0.0,1.61,0.0,0.0,0.0,0.0,0.0,5.0,0.0,0.0,0.0,13.0,1.61,73.0,5.0,0.0,5.0,0.0,0.73,73.0,1.776,1.63,933.47,225.0,1.61,2485.4,121.0,0.0,933.47,-112.1951,4.29e-05
Fe2V0.8W0.2Al,Fe2.000,V0.800W0.200,Al1.000,371.3123,0.0,0.0,0.0,0.0,0.0,0.0,0.0,16.48,0.0,0.0,0.0,1.61,0.0,0.0,0.0,0.0,0.0,5.0,0.0,0.0,0.0,13.0,1.61,73.0,5.0,0.0,5.0,0.0,0.73,73.0,1.776,1.63,933.47,225.0,1.61,2485.4,121.0,0.0,933.47,-101.0453,4.89e-05
Fe2V0.8W0.2Al,Fe2.000,V0.800W0.200,Al1.000,527.9756,0.0,0.0,0.0,0.0,0.0,0.0,0.0,16.48,0.0,0.0,0.0,1.61,0.0,0.0,0.0,0.0,0.0,5.0,0.0,0.0,0.0,13.0,1.61,73.0,5.0,0.0,5.0,0.0,0.73,73.0,1.776,1.63,933.47,225.0,1.61,2485.4,121.0,0.0,933.47,-71.777,5.2e-05
Fe2V0.8W0.2Al,Fe2.000,V0.800W0.200,Al1.000,720.2442,0.0,0.0,0.0,0.0,0.0,0.0,0.0,16.48,0.0,0.0,0.0,1.61,0.0,0.0,0.0,0.0,0.0,5.0,0.0,0.0,0.0,13.0,1.61,73.0,5.0,0.0,5.0,0.0,0.73,73.0,1.776,1.63,933.47,225.0,1.61,2485.4,121.0,0.0,933.47,-43.554,4.82e-05
Fe2V0.8W0.2Al,Fe2.000,V0.800W0.200,Al1.000,824.0081,0.0,0.0,0.0,0.0,0.0,0.0,0.0,16.48,0.0,0.0,0.0,1.61,0.0,0.0,0.0,0.0,0.0,5.0,0.0,0.0,0.0,13.0,1.61,73.0,5.0,0.0,5.0,0.0,0.73,73.0,1.776,1.63,933.47,225.0,1.61,2485.4,121.0,0.0,933.47,-34.8432,4.51e-05
Fe2V0.95W0.05Al,Fe2.000,V1.000,W0.048Al0.952,2.0346,0.4299999999999997,0.0,0.0,156.8584614,61.0,0.0,0.0,16.45936,6.0,0.288,4.0,1.646,6.0,3.0,0.0,14.0,17.0,6.0,0.0,1.0,22.0,6.0,1.61,51.0,5.048,7.0,4.76,0.7499999999999998,0.0,71.94399999999999,1.63,1.63,1066.02344,225.192,2.36,2183.0,122.968,0.0,3695.0,-8.0139,5.26e-05
Fe2V0.95W0.05Al,Fe2.000,V1.000,W0.048Al0.952,82.4008,0.4299999999999997,0.0,0.0,156.8584614,61.0,0.0,0.0,16.45936,6.0,0.288,4.0,1.646,6.0,3.0,0.0,14.0,17.0,6.0,0.0,1.0,22.0,6.0,1.61,51.0,5.048,7.0,4.76,0.7499999999999998,0.0,71.94399999999999,1.63,1.63,1066.02344,225.192,2.36,2183.0,122.968,0.0,3695.0,-70.7317,5.73e-05
Fe2V0.95W0.05Al,Fe2.000,V1.000,W0.048Al0.952,160.7325,0.4299999999999997,0.0,0.0,156.8584614,61.0,0.0,0.0,16.45936,6.0,0.288,4.0,1.646,6.0,3.0,0.0,14.0,17.0,6.0,0.0,1.0,22.0,6.0,1.61,51.0,5.048,7.0,4.76,0.7499999999999998,0.0,71.94399999999999,1.63,1.63,1066.02344,225.192,2.36,2183.0,122.968,0.0,3695.0,-110.1045,6.57e-05
Fe2V0.95W0.05Al,Fe2.000,V1.000,W0.048Al0.952,246.1851,0.4299999999999997,0.0,0.0,156.8584614,61.0,0.0,0.0,16.45936,6.0,0.288,4.0,1.646,6.0,3.0,0.0,14.0,17.0,6.0,0.0,1.0,22.0,6.0,1.61,51.0,5.048,7.0,4.76,0.7499999999999998,0.0,71.94399999999999,1.63,1.63,1066.02344,225.192,2.36,2183.0,122.968,0.0,3695.0,-132.4042,7.11e-05
Fe2V0.95W0.05Al,Fe2.000,V1.000,W0.048Al0.952,346.8973,0.4299999999999997,0.0,0.0,156.8584614,61.0,0.0,0.0,16.45936,6.0,0.288,4.0,1.646,6.0,3.0,0.0,14.0,17.0,6.0,0.0,1.0,22.0,6.0,1.61,51.0,5.048,7.0,4.76,0.7499999999999998,0.0,71.94399999999999,1.63,1.63,1066.02344,225.192,2.36,2183.0,122.968,0.0,3695.0,-117.4216,6.63e-05
Fe2V0.95W0.05Al,Fe2.000,V1.000,W0.048Al0.952,436.4191,0.4299999999999997,0.0,0.0,156.8584614,61.0,0.0,0.0,16.45936,6.0,0.288,4.0,1.646,6.0,3.0,0.0,14.0,17.0,6.0,0.0,1.0,22.0,6.0,1.61,51.0,5.048,7.0,4.76,0.7499999999999998,0.0,71.94399999999999,1.63,1.63,1066.02344,225.192,2.36,2183.0,122.968,0.0,3695.0,-70.3833,5.67e-05
Fe2V0.95W0.05Al,Fe2.000,V1.000,W0.048Al0.952,572.7365,0.4299999999999997,0.0,0.0,156.8584614,61.0,0.0,0.0,16.45936,6.0,0.288,4.0,1.646,6.0,3.0,0.0,14.0,17.0,6.0,0.0,1.0,22.0,6.0,1.61,51.0,5.048,7.0,4.76,0.7499999999999998,0.0,71.94399999999999,1.63,1.63,1066.02344,225.192,2.36,2183.0,122.968,0.0,3695.0,-32.7526,4.3e-05
Fe2V0.95W0.05Al,Fe2.000,V1.000,W0.048Al0.952,668.3622,0.4299999999999997,0.0,0.0,156.8584614,61.0,0.0,0.0,16.45936,6.0,0.288,4.0,1.646,6.0,3.0,0.0,14.0,17.0,6.0,0.0,1.0,22.0,6.0,1.61,51.0,5.048,7.0,4.76,0.7499999999999998,0.0,71.94399999999999,1.63,1.63,1066.02344,225.192,2.36,2183.0,122.968,0.0,3695.0,-22.2997,3.85e-05
Fe2V0.95W0.05Al,Fe2.000,V1.000,W0.048Al0.952,817.9044,0.4299999999999997,0.0,0.0,156.8584614,61.0,0.0,0.0,16.45936,6.0,0.288,4.0,1.646,6.0,3.0,0.0,14.0,17.0,6.0,0.0,1.0,22.0,6.0,1.61,51.0,5.048,7.0,4.76,0.7499999999999998,0.0,71.94399999999999,1.63,1.63,1066.02344,225.192,2.36,2183.0,122.968,0.0,3695.0,-18.1185,3.47e-05
Fe2V0.9W0.1Al,Fe2.000,V1.000,W0.091Al0.909,15.2594,0.4299999999999997,0.0,0.0,156.8584614,61.0,0.0,0.0,16.44087,6.0,0.546,4.0,1.6782500000000002,6.0,3.0,0.0,14.0,17.0,6.0,0.0,1.0,22.0,6.0,1.61,51.0,5.091,7.0,4.545,0.7499999999999998,0.0,70.998,1.63,1.63,1184.76923,225.364,2.36,2183.0,124.731,0.0,3695.0,-10.1045,4.94e-05
Fe2V0.9W0.1Al,Fe2.000,V1.000,W0.091Al0.909,88.5046,0.4299999999999997,0.0,0.0,156.8584614,61.0,0.0,0.0,16.44087,6.0,0.546,4.0,1.6782500000000002,6.0,3.0,0.0,14.0,17.0,6.0,0.0,1.0,22.0,6.0,1.61,51.0,5.091,7.0,4.545,0.7499999999999998,0.0,70.998,1.63,1.63,1184.76923,225.364,2.36,2183.0,124.731,0.0,3695.0,-83.9721,5.38e-05
Fe2V0.9W0.1Al,Fe2.000,V1.000,W0.091Al0.909,195.3204,0.4299999999999997,0.0,0.0,156.8584614,61.0,0.0,0.0,16.44087,6.0,0.546,4.0,1.6782500000000002,6.0,3.0,0.0,14.0,17.0,6.0,0.0,1.0,22.0,6.0,1.61,51.0,5.091,7.0,4.545,0.7499999999999998,0.0,70.998,1.63,1.63,1184.76923,225.364,2.36,2183.0,124.731,0.0,3695.0,-135.5401,7.5e-05
Fe2V0.9W0.1Al,Fe2.000,V1.000,W0.091Al0.909,268.5656,0.4299999999999997,0.0,0.0,156.8584614,61.0,0.0,0.0,16.44087,6.0,0.546,4.0,1.6782500000000002,6.0,3.0,0.0,14.0,17.0,6.0,0.0,1.0,22.0,6.0,1.61,51.0,5.091,7.0,4.545,0.7499999999999998,0.0,70.998,1.63,1.63,1184.76923,225.364,2.36,2183.0,124.731,0.0,3695.0,-158.5366,8.48e-05
Fe2V0.9W0.1Al,Fe2.000,V1.000,W0.091Al0.909,410.9868,0.4299999999999997,0.0,0.0,156.8584614,61.0,0.0,0.0,16.44087,6.0,0.546,4.0,1.6782500000000002,6.0,3.0,0.0,14.0,17.0,6.0,0.0,1.0,22.0,6.0,1.61,51.0,5.091,7.0,4.545,0.7499999999999998,0.0,70.998,1.63,1.63,1184.76923,225.364,2.36,2183.0,124.731,0.0,3695.0,-118.8153,8.67e-05
Fe2V0.9W0.1Al,Fe2.000,V1.000,W0.091Al0.909,523.9064,0.4299999999999997,0.0,0.0,156.8584614,61.0,0.0,0.0,16.44087,6.0,0.546,4.0,1.6782500000000002,6.0,3.0,0.0,14.0,17.0,6.0,0.0,1.0,22.0,6.0,1.61,51.0,5.091,7.0,4.545,0.7499999999999998,0.0,70.998,1.63,1.63,1184.76923,225.364,2.36,2183.0,124.731,0.0,3695.0,-77.7003,7.91e-05
Fe2V0.9W0.1Al,Fe2.000,V1.000,W0.091Al0.909,662.2584,0.4299999999999997,0.0,0.0,156.8584614,61.0,0.0,0.0,16.44087,6.0,0.546,4.0,1.6782500000000002,6.0,3.0,0.0,14.0,17.0,6.0,0.0,1.0,22.0,6.0,1.61,51.0,5.091,7.0,4.545,0.7499999999999998,0.0,70.998,1.63,1.63,1184.76923,225.364,2.36,2183.0,124.731,0.0,3695.0,-46.3415,6.86e-05
Fe2V0.9W0.1Al,Fe2.000,V1.000,W0.091Al0.909,762.9705,0.4299999999999997,0.0,0.0,156.8584614,61.0,0.0,0.0,16.44087,6.0,0.546,4.0,1.6782500000000002,6.0,3.0,0.0,14.0,17.0,6.0,0.0,1.0,22.0,6.0,1.61,51.0,5.091,7.0,4.545,0.7499999999999998,0.0,70.998,1.63,1.63,1184.76923,225.364,2.36,2183.0,124.731,0.0,3695.0,-31.0105,6.37e-05
Fe2V0.9W0.1Al,Fe2.000,V1.000,W0.091Al0.909,814.8525,0.4299999999999997,0.0,0.0,156.8584614,61.0,0.0,0.0,16.44087,6.0,0.546,4.0,1.6782500000000002,6.0,3.0,0.0,14.0,17.0,6.0,0.0,1.0,22.0,6.0,1.61,51.0,5.091,7.0,4.545,0.7499999999999998,0.0,70.998,1.63,1.63,1184.76923,225.364,2.36,2183.0,124.731,0.0,3695.0,-29.6167,6.18e-05
Fe2VAl,Fe2.000,V1.000,Al1.000,7.3949,0.0,0.0,0.0,0.0,0.0,0.0,0.0,16.48,0.0,0.0,0.0,1.61,0.0,0.0,0.0,0.0,0.0,5.0,0.0,0.0,0.0,13.0,1.61,73.0,5.0,0.0,5.0,0.0,0.0,73.0,1.63,1.63,933.47,225.0,1.61,2183.0,121.0,0.0,933.47,2.9356,0.000291
Fe2VAl,Fe2.000,V1.000,Al1.000,58.1922,0.0,0.0,0.0,0.0,0.0,0.0,0.0,16.48,0.0,0.0,0.0,1.61,0.0,0.0,0.0,0.0,0.0,5.0,0.0,0.0,0.0,13.0,1.61,73.0,5.0,0.0,5.0,0.0,0.0,73.0,1.63,1.63,933.47,225.0,1.61,2183.0,121.0,0.0,933.47,13.4884,0.000253
Fe2VAl,Fe2.000,V1.000,Al1.000,142.0574,0.0,0.0,0.0,0.0,0.0,0.0,0.0,16.48,0.0,0.0,0.0,1.61,0.0,0.0,0.0,0.0,0.0,5.0,0.0,0.0,0.0,13.0,1.61,73.0,5.0,0.0,5.0,0.0,0.0,73.0,1.63,1.63,933.47,225.0,1.61,2183.0,121.0,0.0,933.47,23.6392,0.000224
Fe2VAl,Fe2.000,V1.000,Al1.000,212.2031,0.0,0.0,0.0,0.0,0.0,0.0,0.0,16.48,0.0,0.0,0.0,1.61,0.0,0.0,0.0,0.0,0.0,5.0,0.0,0.0,0.0,13.0,1.61,73.0,5.0,0.0,5.0,0.0,0.0,73.0,1.63,1.63,933.47,225.0,1.61,2183.0,121.0,0.0,933.47,32.512,0.000187
Fe2VAl,Fe2.000,V1.000,Al1.000,287.0255,0.0,0.0,0.0,0.0,0.0,0.0,0.0,16.48,0.0,0.0,0.0,1.61,0.0,0.0,0.0,0.0,0.0,5.0,0.0,0.0,0.0,13.0,1.61,73.0,5.0,0.0,5.0,0.0,0.0,73.0,1.63,1.63,933.47,225.0,1.61,2183.0,121.0,0.0,933.47,41.8937,0.000149
Fe1.98V1.02Al,Fe2.000,V1.000,Al1.000,43.0638,0.0,0.0,0.0,0.0,0.0,0.0,0.0,16.48,0.0,0.0,0.0,1.61,0.0,0.0,0.0,0.0,0.0,5.0,0.0,0.0,0.0,13.0,1.61,73.0,5.0,0.0,5.0,0.0,0.0,73.0,1.63,1.63,933.47,225.0,1.61,2183.0,121.0,0.0,933.47,-20.0117,0.000311
Fe1.98V1.02Al,Fe2.000,V1.000,Al1.000,78.7118,0.0,0.0,0.0,0.0,0.0,0.0,0.0,16.48,0.0,0.0,0.0,1.61,0.0,0.0,0.0,0.0,0.0,5.0,0.0,0.0,0.0,13.0,1.61,73.0,5.0,0.0,5.0,0.0,0.0,73.0,1.63,1.63,933.47,225.0,1.61,2183.0,121.0,0.0,933.47,-38.4981,0.000305
Fe1.98V1.02Al,Fe2.000,V1.000,Al1.000,120.0083,0.0,0.0,0.0,0.0,0.0,0.0,0.0,16.48,0.0,0.0,0.0,1.61,0.0,0.0,0.0,0.0,0.0,5.0,0.0,0.0,0.0,13.0,1.61,73.0,5.0,0.0,5.0,0.0,0.0,73.0,1.63,1.63,933.47,225.0,1.61,2183.0,121.0,0.0,933.47,-64.1556,0.00029
Fe1.98V1.02Al,Fe2.000,V1.000,Al1.000,157.8584,0.0,0.0,0.0,0.0,0.0,0.0,0.0,16.48,0.0,0.0,0.0,1.61,0.0,0.0,0.0,0.0,0.0,5.0,0.0,0.0,0.0,13.0,1.61,73.0,5.0,0.0,5.0,0.0,0.0,73.0,1.63,1.63,933.47,225.0,1.61,2183.0,121.0,0.0,933.47,-86.601,0.000274
Fe1.98V1.02Al,Fe2.000,V1.000,Al1.000,185.069,0.0,0.0,0.0,0.0,0.0,0.0,0.0,16.48,0.0,0.0,0.0,1.61,0.0,0.0,0.0,0.0,0.0,5.0,0.0,0.0,0.0,13.0,1.61,73.0,5.0,0.0,5.0,0.0,0.0,73.0,1.63,1.63,933.47,225.0,1.61,2183.0,121.0,0.0,933.47,-101.8895,0.000262
Fe1.98V1.02Al,Fe2.000,V1.000,Al1.000,217.5501,0.0,0.0,0.0,0.0,0.0,0.0,0.0,16.48,0.0,0.0,0.0,1.61,0.0,0.0,0.0,0.0,0.0,5.0,0.0,0.0,0.0,13.0,1.61,73.0,5.0,0.0,5.0,0.0,0.0,73.0,1.63,1.63,933.47,225.0,1.61,2183.0,121.0,0.0,933.47,-110.2238,0.000247
Fe1.98V1.02Al,Fe2.000,V1.000,Al1.000,242.8136,0.0,0.0,0.0,0.0,0.0,0.0,0.0,16.48,0.0,0.0,0.0,1.61,0.0,0.0,0.0,0.0,0.0,5.0,0.0,0.0,0.0,13.0,1.61,73.0,5.0,0.0,5.0,0.0,0.0,73.0,1.63,1.63,933.47,225.0,1.61,2183.0,121.0,0.0,933.47,-109.4087,0.000237
Fe1.98V1.02Al,Fe2.000,V1.000,Al1.000,275.5313,0.0,0.0,0.0,0.0,0.0,0.0,0.0,16.48,0.0,0.0,0.0,1.61,0.0,0.0,0.0,0.0,0.0,5.0,0.0,0.0,0.0,13.0,1.61,73.0,5.0,0.0,5.0,0.0,0.0,73.0,1.63,1.63,933.47,225.0,1.61,2183.0,121.0,0.0,933.47,-101.6333,0.000226
Fe1.98V1.02Al,Fe2.000,V1.000,Al1.000,298.2576,0.0,0.0,0.0,0.0,0.0,0.0,0.0,16.48,0.0,0.0,0.0,1.61,0.0,0.0,0.0,0.0,0.0,5.0,0.0,0.0,0.0,13.0,1.61,73.0,5.0,0.0,5.0,0.0,0.0,73.0,1.63,1.63,933.47,225.0,1.61,2183.0,121.0,0.0,933.47,-91.9035,0.000221
Fe1.95V1.05Al,Fe2.000,V1.000,Al1.000,5.8735,0.0,0.0,0.0,0.0,0.0,0.0,0.0,16.48,0.0,0.0,0.0,1.61,0.0,0.0,0.0,0.0,0.0,5.0,0.0,0.0,0.0,13.0,1.61,73.0,5.0,0.0,5.0,0.0,0.0,73.0,1.63,1.63,933.47,225.0,1.61,2183.0,121.0,0.0,933.47,-5.2471,0.000458
Fe1.95V1.05Al,Fe2.000,V1.000,Al1.000,36.8807,0.0,0.0,0.0,0.0,0.0,0.0,0.0,16.48,0.0,0.0,0.0,1.61,0.0,0.0,0.0,0.0,0.0,5.0,0.0,0.0,0.0,13.0,1.61,73.0,5.0,0.0,5.0,0.0,0.0,73.0,1.63,1.63,933.47,225.0,1.61,2183.0,121.0,0.0,933.47,-31.9251,0.000416
Fe1.95V1.05Al,Fe2.000,V1.000,Al1.000,87.2698,0.0,0.0,0.0,0.0,0.0,0.0,0.0,16.48,0.0,0.0,0.0,1.61,0.0,0.0,0.0,0.0,0.0,5.0,0.0,0.0,0.0,13.0,1.61,73.0,5.0,0.0,5.0,0.0,0.0,73.0,1.63,1.63,933.47,225.0,1.61,2183.0,121.0,0.0,933.47,-67.4701,0.000376
Fe1.95V1.05Al,Fe2.000,V1.000,Al1.000,131.3923,0.0,0.0,0.0,0.0,0.0,0.0,0.0,16.48,0.0,0.0,0.0,1.61,0.0,0.0,0.0,0.0,0.0,5.0,0.0,0.0,0.0,13.0,1.61,73.0,5.0,0.0,5.0,0.0,0.0,73.0,1.63,1.63,933.47,225.0,1.61,2183.0,121.0,0.0,933.47,-97.0849,0.000352
Fe1.95V1.05Al,Fe2.000,V1.000,Al1.000,183.3052,0.0,0.0,0.0,0.0,0.0,0.0,0.0,16.48,0.0,0.0,0.0,1.61,0.0,0.0,0.0,0.0,0.0,5.0,0.0,0.0,0.0,13.0,1.61,73.0,5.0,0.0,5.0,0.0,0.0,73.0,1.63,1.63,933.47,225.0,1.61,2183.0,121.0,0.0,933.47,-124.9428,0.000316
Fe1.95V1.05Al,Fe2.000,V1.000,Al1.000,226.398,0.0,0.0,0.0,0.0,0.0,0.0,0.0,16.48,0.0,0.0,0.0,1.61,0.0,0.0,0.0,0.0,0.0,5.0,0.0,0.0,0.0,13.0,1.61,73.0,5.0,0.0,5.0,0.0,0.0,73.0,1.63,1.63,933.47,225.0,1.61,2183.0,121.0,0.0,933.47,-134.4862,0.000279
Fe1.95V1.05Al,Fe2.000,V1.000,Al1.000,263.506,0.0,0.0,0.0,0.0,0.0,0.0,0.0,16.48,0.0,0.0,0.0,1.61,0.0,0.0,0.0,0.0,0.0,5.0,0.0,0.0,0.0,13.0,1.61,73.0,5.0,0.0,5.0,0.0,0.0,73.0,1.63,1.63,933.47,225.0,1.61,2183.0,121.0,0.0,933.47,-131.655,0.000248
Fe1.95V1.05Al,Fe2.000,V1.000,Al1.000,287.182,0.0,0.0,0.0,0.0,0.0,0.0,0.0,16.48,0.0,0.0,0.0,1.61,0.0,0.0,0.0,0.0,0.0,5.0,0.0,0.0,0.0,13.0,1.61,73.0,5.0,0.0,5.0,0.0,0.0,73.0,1.63,1.63,933.47,225.0,1.61,2183.0,121.0,0.0,933.47,-124.8965,0.00023
Fe1.89V1.11Al,Fe2.000,V1.000,Al1.000,44.3,0.0,0.0,0.0,0.0,0.0,0.0,0.0,16.48,0.0,0.0,0.0,1.61,0.0,0.0,0.0,0.0,0.0,5.0,0.0,0.0,0.0,13.0,1.61,73.0,5.0,0.0,5.0,0.0,0.0,73.0,1.63,1.63,933.47,225.0,1.61,2183.0,121.0,0.0,933.47,-17.5299,0.00081
Fe1.89V1.11Al,Fe2.000,V1.000,Al1.000,76.8228,0.0,0.0,0.0,0.0,0.0,0.0,0.0,16.48,0.0,0.0,0.0,1.61,0.0,0.0,0.0,0.0,0.0,5.0,0.0,0.0,0.0,13.0,1.61,73.0,5.0,0.0,5.0,0.0,0.0,73.0,1.63,1.63,933.47,225.0,1.61,2183.0,121.0,0.0,933.47,-34.786,0.000695
Fe1.89V1.11Al,Fe2.000,V1.000,Al1.000,138.6899,0.0,0.0,0.0,0.0,0.0,0.0,0.0,16.48,0.0,0.0,0.0,1.61,0.0,0.0,0.0,0.0,0.0,5.0,0.0,0.0,0.0,13.0,1.61,73.0,5.0,0.0,5.0,0.0,0.0,73.0,1.63,1.63,933.47,225.0,1.61,2183.0,121.0,0.0,933.47,-56.6677,0.0005
Fe1.89V1.11Al,Fe2.000,V1.000,Al1.000,194.3298,0.0,0.0,0.0,0.0,0.0,0.0,0.0,16.48,0.0,0.0,0.0,1.61,0.0,0.0,0.0,0.0,0.0,5.0,0.0,0.0,0.0,13.0,1.61,73.0,5.0,0.0,5.0,0.0,0.0,73.0,1.63,1.63,933.47,225.0,1.61,2183.0,121.0,0.0,933.47,-81.0455,0.000381
Fe1.89V1.11Al,Fe2.000,V1.000,Al1.000,249.311,0.0,0.0,0.0,0.0,0.0,0.0,0.0,16.48,0.0,0.0,0.0,1.61,0.0,0.0,0.0,0.0,0.0,5.0,0.0,0.0,0.0,13.0,1.61,73.0,5.0,0.0,5.0,0.0,0.0,73.0,1.63,1.63,933.47,225.0,1.61,2183.0,121.0,0.0,933.47,-97.9901,0.000295
Fe1.89V1.11Al,Fe2.000,V1.000,Al1.000,276.474,0.0,0.0,0.0,0.0,0.0,0.0,0.0,16.48,0.0,0.0,0.0,1.61,0.0,0.0,0.0,0.0,0.0,5.0,0.0,0.0,0.0,13.0,1.61,73.0,5.0,0.0,5.0,0.0,0.0,73.0,1.63,1.63,933.47,225.0,1.61,2183.0,121.0,0.0,933.47,-103.1176,0.000259
Fe1.89V1.11Al,Fe2.000,V1.000,Al1.000,298.0083,0.0,0.0,0.0,0.0,0.0,0.0,0.0,16.48,0.0,0.0,0.0,1.61,0.0,0.0,0.0,0.0,0.0,5.0,0.0,0.0,0.0,13.0,1.61,73.0,5.0,0.0,5.0,0.0,0.0,73.0,1.63,1.63,933.47,225.0,1.61,2183.0,121.0,0.0,933.47,-105.2871,0.00023
Fe2VGa,Fe2.000,V1.000,Ga1.000,8.267,0.0,0.0,0.0,0.0,0.0,0.0,0.0,18.8575,0.0,0.0,0.0,1.81,0.0,0.0,0.0,0.0,0.0,5.0,0.0,0.0,0.0,13.0,1.81,74.0,5.0,0.0,5.0,0.0,0.0,74.0,1.63,1.63,302.91,64.0,1.81,2183.0,122.0,0.0,302.91,6.7407,2.79e-05
Fe2VGa,Fe2.000,V1.000,Ga1.000,37.9886,0.0,0.0,0.0,0.0,0.0,0.0,0.0,18.8575,0.0,0.0,0.0,1.81,0.0,0.0,0.0,0.0,0.0,5.0,0.0,0.0,0.0,13.0,1.81,74.0,5.0,0.0,5.0,0.0,0.0,74.0,1.63,1.63,302.91,64.0,1.81,2183.0,122.0,0.0,302.91,20.3268,2.91e-05
Fe2VGa,Fe2.000,V1.000,Ga1.000,87.1072,0.0,0.0,0.0,0.0,0.0,0.0,0.0,18.8575,0.0,0.0,0.0,1.81,0.0,0.0,0.0,0.0,0.0,5.0,0.0,0.0,0.0,13.0,1.81,74.0,5.0,0.0,5.0,0.0,0.0,74.0,1.63,1.63,302.91,64.0,1.81,2183.0,122.0,0.0,302.91,30.0035,2.92e-05
Fe2VGa,Fe2.000,V1.000,Ga1.000,133.002,0.0,0.0,0.0,0.0,0.0,0.0,0.0,18.8575,0.0,0.0,0.0,1.81,0.0,0.0,0.0,0.0,0.0,5.0,0.0,0.0,0.0,13.0,1.81,74.0,5.0,0.0,5.0,0.0,0.0,74.0,1.63,1.63,302.91,64.0,1.81,2183.0,122.0,0.0,302.91,34.5771,2.85e-05
Fe2VGa,Fe2.000,V1.000,Ga1.000,200.8404,0.0,0.0,0.0,0.0,0.0,0.0,0.0,18.8575,0.0,0.0,0.0,1.81,0.0,0.0,0.0,0.0,0.0,5.0,0.0,0.0,0.0,13.0,1.81,74.0,5.0,0.0,5.0,0.0,0.0,74.0,1.63,1.63,302.91,64.0,1.81,2183.0,122.0,0.0,302.91,35.0989,2.77e-05
Fe2VGa,Fe2.000,V1.000,Ga1.000,253.0635,0.0,0.0,0.0,0.0,0.0,0.0,0.0,18.8575,0.0,0.0,0.0,1.81,0.0,0.0,0.0,0.0,0.0,5.0,0.0,0.0,0.0,13.0,1.81,74.0,5.0,0.0,5.0,0.0,0.0,74.0,1.63,1.63,302.91,64.0,1.81,2183.0,122.0,0.0,302.91,34.29,2.73e-05
Fe2VGa,Fe2.000,V1.000,Ga1.000,287.451,0.0,0.0,0.0,0.0,0.0,0.0,0.0,18.8575,0.0,0.0,0.0,1.81,0.0,0.0,0.0,0.0,0.0,5.0,0.0,0.0,0.0,13.0,1.81,74.0,5.0,0.0,5.0,0.0,0.0,74.0,1.63,1.63,302.91,64.0,1.81,2183.0,122.0,0.0,302.91,33.3131,2.71e-05
Fe1.98V1.02Ga,Fe2.000,V1.000,Ga1.000,9.1723,0.0,0.0,0.0,0.0,0.0,0.0,0.0,18.8575,0.0,0.0,0.0,1.81,0.0,0.0,0.0,0.0,0.0,5.0,0.0,0.0,0.0,13.0,1.81,74.0,5.0,0.0,5.0,0.0,0.0,74.0,1.63,1.63,302.91,64.0,1.81,2183.0,122.0,0.0,302.91,0.1859,3.34e-05
Fe1.98V1.02Ga,Fe2.000,V1.000,Ga1.000,46.4004,0.0,0.0,0.0,0.0,0.0,0.0,0.0,18.8575,0.0,0.0,0.0,1.81,0.0,0.0,0.0,0.0,0.0,5.0,0.0,0.0,0.0,13.0,1.81,74.0,5.0,0.0,5.0,0.0,0.0,74.0,1.63,1.63,302.91,64.0,1.81,2183.0,122.0,0.0,302.91,-4.1383,3.26e-05
Fe1.98V1.02Ga,Fe2.000,V1.000,Ga1.000,88.41,0.0,0.0,0.0,0.0,0.0,0.0,0.0,18.8575,0.0,0.0,0.0,1.81,0.0,0.0,0.0,0.0,0.0,5.0,0.0,0.0,0.0,13.0,1.81,74.0,5.0,0.0,5.0,0.0,0.0,74.0,1.63,1.63,302.91,64.0,1.81,2183.0,122.0,0.0,302.91,-7.8737,3.21e-05
Fe1.98V1.02Ga,Fe2.000,V1.000,Ga1.000,136.2046,0.0,0.0,0.0,0.0,0.0,0.0,0.0,18.8575,0.0,0.0,0.0,1.81,0.0,0.0,0.0,0.0,0.0,5.0,0.0,0.0,0.0,13.0,1.81,74.0,5.0,0.0,5.0,0.0,0.0,74.0,1.63,1.63,302.91,64.0,1.81,2183.0,122.0,0.0,302.91,-4.7546,3.17e-05
Fe1.98V1.02Ga,Fe2.000,V1.000,Ga1.000,188.1861,0.0,0.0,0.0,0.0,0.0,0.0,0.0,18.8575,0.0,0.0,0.0,1.81,0.0,0.0,0.0,0.0,0.0,5.0,0.0,0.0,0.0,13.0,1.81,74.0,5.0,0.0,5.0,0.0,0.0,74.0,1.63,1.63,302.91,64.0,1.81,2183.0,122.0,0.0,302.91,4.4887,3.09e-05
Fe1.98V1.02Ga,Fe2.000,V1.000,Ga1.000,245.2765,0.0,0.0,0.0,0.0,0.0,0.0,0.0,18.8575,0.0,0.0,0.0,1.81,0.0,0.0,0.0,0.0,0.0,5.0,0.0,0.0,0.0,13.0,1.81,74.0,5.0,0.0,5.0,0.0,0.0,74.0,1.63,1.63,302.91,64.0,1.81,2183.0,122.0,0.0,302.91,15.4865,2.95e-05
Fe1.98V1.02Ga,Fe2.000,V1.000,Ga1.000,300.0997,0.0,0.0,0.0,0.0,0.0,0.0,0.0,18.8575,0.0,0.0,0.0,1.81,0.0,0.0,0.0,0.0,0.0,5.0,0.0,0.0,0.0,13.0,1.81,74.0,5.0,0.0,5.0,0.0,0.0,74.0,1.63,1.63,302.91,64.0,1.81,2183.0,122.0,0.0,302.91,21.5282,2.9e-05
Fe1.95V1.05Ga,Fe2.000,V1.000,Ga1.000,8.493,0.0,0.0,0.0,0.0,0.0,0.0,0.0,18.8575,0.0,0.0,0.0,1.81,0.0,0.0,0.0,0.0,0.0,5.0,0.0,0.0,0.0,13.0,1.81,74.0,5.0,0.0,5.0,0.0,0.0,74.0,1.63,1.63,302.91,64.0,1.81,2183.0,122.0,0.0,302.91,-5.3511,4.06e-05
Fe1.95V1.05Ga,Fe2.000,V1.000,Ga1.000,25.5971,0.0,0.0,0.0,0.0,0.0,0.0,0.0,18.8575,0.0,0.0,0.0,1.81,0.0,0.0,0.0,0.0,0.0,5.0,0.0,0.0,0.0,13.0,1.81,74.0,5.0,0.0,5.0,0.0,0.0,74.0,1.63,1.63,302.91,64.0,1.81,2183.0,122.0,0.0,302.91,-17.5675,4.05e-05
Fe1.95V1.05Ga,Fe2.000,V1.000,Ga1.000,58.8532,0.0,0.0,0.0,0.0,0.0,0.0,0.0,18.8575,0.0,0.0,0.0,1.81,0.0,0.0,0.0,0.0,0.0,5.0,0.0,0.0,0.0,13.0,1.81,74.0,5.0,0.0,5.0,0.0,0.0,74.0,1.63,1.63,302.91,64.0,1.81,2183.0,122.0,0.0,302.91,-41.5644,3.95e-05
Fe1.95V1.05Ga,Fe2.000,V1.000,Ga1.000,95.6581,0.0,0.0,0.0,0.0,0.0,0.0,0.0,18.8575,0.0,0.0,0.0,1.81,0.0,0.0,0.0,0.0,0.0,5.0,0.0,0.0,0.0,13.0,1.81,74.0,5.0,0.0,5.0,0.0,0.0,74.0,1.63,1.63,302.91,64.0,1.81,2183.0,122.0,0.0,302.91,-59.5837,3.78e-05
Fe1.95V1.05Ga,Fe2.000,V1.000,Ga1.000,126.4945,0.0,0.0,0.0,0.0,0.0,0.0,0.0,18.8575,0.0,0.0,0.0,1.81,0.0,0.0,0.0,0.0,0.0,5.0,0.0,0.0,0.0,13.0,1.81,74.0,5.0,0.0,5.0,0.0,0.0,74.0,1.63,1.63,302.91,64.0,1.81,2183.0,122.0,0.0,302.91,-66.8296,3.62e-05
Fe1.95V1.05Ga,Fe2.000,V1.000,Ga1.000,160.8852,0.0,0.0,0.0,0.0,0.0,0.0,0.0,18.8575,0.0,0.0,0.0,1.81,0.0,0.0,0.0,0.0,0.0,5.0,0.0,0.0,0.0,13.0,1.81,74.0,5.0,0.0,5.0,0.0,0.0,74.0,1.63,1.63,302.91,64.0,1.81,2183.0,122.0,0.0,302.91,-67.3694,3.47e-05
Fe1.95V1.05Ga,Fe2.000,V1.000,Ga1.000,217.332,0.0,0.0,0.0,0.0,0.0,0.0,0.0,18.8575,0.0,0.0,0.0,1.81,0.0,0.0,0.0,0.0,0.0,5.0,0.0,0.0,0.0,13.0,1.81,74.0,5.0,0.0,5.0,0.0,0.0,74.0,1.63,1.63,302.91,64.0,1.81,2183.0,122.0,0.0,302.91,-57.2465,3.27e-05
Fe1.95V1.05Ga,Fe2.000,V1.000,Ga1.000,287.8652,0.0,0.0,0.0,0.0,0.0,0.0,0.0,18.8575,0.0,0.0,0.0,1.81,0.0,0.0,0.0,0.0,0.0,5.0,0.0,0.0,0.0,13.0,1.81,74.0,5.0,0.0,5.0,0.0,0.0,74.0,1.63,1.63,302.91,64.0,1.81,2183.0,122.0,0.0,302.91,-37.4906,3.02e-05
Fe1.89V1.11Ga,Fe2.000,V1.000,Ga1.000,8.1979,0.0,0.0,0.0,0.0,0.0,0.0,0.0,18.8575,0.0,0.0,0.0,1.81,0.0,0.0,0.0,0.0,0.0,5.0,0.0,0.0,0.0,13.0,1.81,74.0,5.0,0.0,5.0,0.0,0.0,74.0,1.63,1.63,302.91,64.0,1.81,2183.0,122.0,0.0,302.91,-2.292,6.39e-05
Fe1.89V1.11Ga,Fe2.000,V1.000,Ga1.000,54.9435,0.0,0.0,0.0,0.0,0.0,0.0,0.0,18.8575,0.0,0.0,0.0,1.81,0.0,0.0,0.0,0.0,0.0,5.0,0.0,0.0,0.0,13.0,1.81,74.0,5.0,0.0,5.0,0.0,0.0,74.0,1.63,1.63,302.91,64.0,1.81,2183.0,122.0,0.0,302.91,-11.412,6.49e-05
Fe1.89V1.11Ga,Fe2.000,V1.000,Ga1.000,108.6844,0.0,0.0,0.0,0.0,0.0,0.0,0.0,18.8575,0.0,0.0,0.0,1.81,0.0,0.0,0.0,0.0,0.0,5.0,0.0,0.0,0.0,13.0,1.81,74.0,5.0,0.0,5.0,0.0,0.0,74.0,1.63,1.63,302.91,64.0,1.81,2183.0,122.0,0.0,302.91,-21.9801,6.19e-05
Fe1.89V1.11Ga,Fe2.000,V1.000,Ga1.000,164.6602,0.0,0.0,0.0,0.0,0.0,0.0,0.0,18.8575,0.0,0.0,0.0,1.81,0.0,0.0,0.0,0.0,0.0,5.0,0.0,0.0,0.0,13.0,1.81,74.0,5.0,0.0,5.0,0.0,0.0,74.0,1.63,1.63,302.91,64.0,1.81,2183.0,122.0,0.0,302.91,-31.8169,5.74e-05
Fe1.89V1.11Ga,Fe2.000,V1.000,Ga1.000,207.9393,0.0,0.0,0.0,0.0,0.0,0.0,0.0,18.8575,0.0,0.0,0.0,1.81,0.0,0.0,0.0,0.0,0.0,5.0,0.0,0.0,0.0,13.0,1.81,74.0,5.0,0.0,5.0,0.0,0.0,74.0,1.63,1.63,302.91,64.0,1.81,2183.0,122.0,0.0,302.91,-36.1335,5.33e-05
Fe1.89V1.11Ga,Fe2.000,V1.000,Ga1.000,255.3853,0.0,0.0,0.0,0.0,0.0,0.0,0.0,18.8575,0.0,0.0,0.0,1.81,0.0,0.0,0.0,0.0,0.0,5.0,0.0,0.0,0.0,13.0,1.81,74.0,5.0,0.0,5.0,0.0,0.0,74.0,1.63,1.63,302.91,64.0,1.81,2183.0,122.0,0.0,302.91,-36.9484,4.89e-05
Fe1.89V1.11Ga,Fe2.000,V1.000,Ga1.000,298.7134,0.0,0.0,0.0,0.0,0.0,0.0,0.0,18.8575,0.0,0.0,0.0,1.81,0.0,0.0,0.0,0.0,0.0,5.0,0.0,0.0,0.0,13.0,1.81,74.0,5.0,0.0,5.0,0.0,0.0,74.0,1.63,1.63,302.91,64.0,1.81,2183.0,122.0,0.0,302.91,-34.8547,4.59e-05
TiMnSi2,Si2.000,Ti1.000,Mn1.000,387.8561,0.0,0.0,0.0,0.0,0.0,0.0,0.0,10.4875862069,5.0,5.0,0.0,1.55,0.0,0.0,2.25333333333e-05,0.0,0.0,5.0,2.25333333333e-05,0.0,0.0,7.0,1.55,52.0,5.0,0.0,0.0,0.0,0.0,52.0,1.54,1.54,1519.0,217.0,1.55,1941.0,139.0,0.0,1519.0,12.6368,0.000223
TiMnSi2,Si2.000,Ti1.000,Mn1.000,582.6676,0.0,0.0,0.0,0.0,0.0,0.0,0.0,10.4875862069,5.0,5.0,0.0,1.55,0.0,0.0,2.25333333333e-05,0.0,0.0,5.0,2.25333333333e-05,0.0,0.0,7.0,1.55,52.0,5.0,0.0,0.0,0.0,0.0,52.0,1.54,1.54,1519.0,217.0,1.55,1941.0,139.0,0.0,1519.0,16.9605,0.000177
TiMnSi2,Si2.000,Ti1.000,Mn1.000,777.5123,0.0,0.0,0.0,0.0,0.0,0.0,0.0,10.4875862069,5.0,5.0,0.0,1.55,0.0,0.0,2.25333333333e-05,0.0,0.0,5.0,2.25333333333e-05,0.0,0.0,7.0,1.55,52.0,5.0,0.0,0.0,0.0,0.0,52.0,1.54,1.54,1519.0,217.0,1.55,1941.0,139.0,0.0,1519.0,20.4565,0.000112
TiMnSi2,Si2.000,Ti1.000,Mn1.000,888.1569,0.0,0.0,0.0,0.0,0.0,0.0,0.0,10.4875862069,5.0,5.0,0.0,1.55,0.0,0.0,2.25333333333e-05,0.0,0.0,5.0,2.25333333333e-05,0.0,0.0,7.0,1.55,52.0,5.0,0.0,0.0,0.0,0.0,52.0,1.54,1.54,1519.0,217.0,1.55,1941.0,139.0,0.0,1519.0,22.6396,0.000134
TiMnSi2,Si2.000,Ti1.000,Mn1.000,989.2148,0.0,0.0,0.0,0.0,0.0,0.0,0.0,10.4875862069,5.0,5.0,0.0,1.55,0.0,0.0,2.25333333333e-05,0.0,0.0,5.0,2.25333333333e-05,0.0,0.0,7.0,1.55,52.0,5.0,0.0,0.0,0.0,0.0,52.0,1.54,1.54,1519.0,217.0,1.55,1941.0,139.0,0.0,1519.0,23.772,0.000225
TiMnSi2,Si2.000,Ti1.000,Mn1.000,1181.7,0.0,0.0,0.0,0.0,0.0,0.0,0.0,10.4875862069,5.0,5.0,0.0,1.55,0.0,0.0,2.25333333333e-05,0.0,0.0,5.0,2.25333333333e-05,0.0,0.0,7.0,1.55,52.0,5.0,0.0,0.0,0.0,0.0,52.0,1.54,1.54,1519.0,217.0,1.55,1941.0,139.0,0.0,1519.0,27.134,0.000677
Fe2VAl,Fe2.000,V1.000,Al1.000,10.3321,0.0,0.0,0.0,0.0,0.0,0.0,0.0,16.48,0.0,0.0,0.0,1.61,0.0,0.0,0.0,0.0,0.0,5.0,0.0,0.0,0.0,13.0,1.61,73.0,5.0,0.0,5.0,0.0,0.0,73.0,1.63,1.63,933.47,225.0,1.61,2183.0,121.0,0.0,933.47,2.8546,2.88e-05
Fe2VAl,Fe2.000,V1.000,Al1.000,86.5314,0.0,0.0,0.0,0.0,0.0,0.0,0.0,16.48,0.0,0.0,0.0,1.61,0.0,0.0,0.0,0.0,0.0,5.0,0.0,0.0,0.0,13.0,1.61,73.0,5.0,0.0,5.0,0.0,0.0,73.0,1.63,1.63,933.47,225.0,1.61,2183.0,121.0,0.0,933.47,16.4112,2.49e-05
Fe2VAl,Fe2.000,V1.000,Al1.000,151.107,0.0,0.0,0.0,0.0,0.0,0.0,0.0,16.48,0.0,0.0,0.0,1.61,0.0,0.0,0.0,0.0,0.0,5.0,0.0,0.0,0.0,13.0,1.61,73.0,5.0,0.0,5.0,0.0,0.0,73.0,1.63,1.63,933.47,225.0,1.61,2183.0,121.0,0.0,933.47,23.7799,2.17e-05
Fe2VAl,Fe2.000,V1.000,Al1.000,223.4317,0.0,0.0,0.0,0.0,0.0,0.0,0.0,16.48,0.0,0.0,0.0,1.61,0.0,0.0,0.0,0.0,0.0,5.0,0.0,0.0,0.0,13.0,1.61,73.0,5.0,0.0,5.0,0.0,0.0,73.0,1.63,1.63,933.47,225.0,1.61,2183.0,121.0,0.0,933.47,33.2226,1.81e-05
Fe2VAl,Fe2.000,V1.000,Al1.000,287.3616,0.0,0.0,0.0,0.0,0.0,0.0,0.0,16.48,0.0,0.0,0.0,1.61,0.0,0.0,0.0,0.0,0.0,5.0,0.0,0.0,0.0,13.0,1.61,73.0,5.0,0.0,5.0,0.0,0.0,73.0,1.63,1.63,933.47,225.0,1.61,2183.0,121.0,0.0,933.47,40.5895,1.45e-05
Fe1.98V1.02Al,Fe2.000,V1.000,Al1.000,7.1976,0.0,0.0,0.0,0.0,0.0,0.0,0.0,16.48,0.0,0.0,0.0,1.61,0.0,0.0,0.0,0.0,0.0,5.0,0.0,0.0,0.0,13.0,1.61,73.0,5.0,0.0,5.0,0.0,0.0,73.0,1.63,1.63,933.47,225.0,1.61,2183.0,121.0,0.0,933.47,-2.8571,3.09e-05
Fe1.98V1.02Al,Fe2.000,V1.000,Al1.000,57.0842,0.0,0.0,0.0,0.0,0.0,0.0,0.0,16.48,0.0,0.0,0.0,1.61,0.0,0.0,0.0,0.0,0.0,5.0,0.0,0.0,0.0,13.0,1.61,73.0,5.0,0.0,5.0,0.0,0.0,73.0,1.63,1.63,933.47,225.0,1.61,2183.0,121.0,0.0,933.47,-27.3466,3.05e-05
Fe1.98V1.02Al,Fe2.000,V1.000,Al1.000,114.5167,0.0,0.0,0.0,0.0,0.0,0.0,0.0,16.48,0.0,0.0,0.0,1.61,0.0,0.0,0.0,0.0,0.0,5.0,0.0,0.0,0.0,13.0,1.61,73.0,5.0,0.0,5.0,0.0,0.0,73.0,1.63,1.63,933.47,225.0,1.61,2183.0,121.0,0.0,933.47,-59.804,2.92e-05
Fe1.98V1.02Al,Fe2.000,V1.000,Al1.000,163.1457,0.0,0.0,0.0,0.0,0.0,0.0,0.0,16.48,0.0,0.0,0.0,1.61,0.0,0.0,0.0,0.0,0.0,5.0,0.0,0.0,0.0,13.0,1.61,73.0,5.0,0.0,5.0,0.0,0.0,73.0,1.63,1.63,933.47,225.0,1.61,2183.0,121.0,0.0,933.47,-90.9555,2.74e-05
Fe1.98V1.02Al,Fe2.000,V1.000,Al1.000,210.9362,0.0,0.0,0.0,0.0,0.0,0.0,0.0,16.48,0.0,0.0,0.0,1.61,0.0,0.0,0.0,0.0,0.0,5.0,0.0,0.0,0.0,13.0,1.61,73.0,5.0,0.0,5.0,0.0,0.0,73.0,1.63,1.63,933.47,225.0,1.61,2183.0,121.0,0.0,933.47,-109.4587,2.51e-05
Fe1.98V1.02Al,Fe2.000,V1.000,Al1.000,246.9887,0.0,0.0,0.0,0.0,0.0,0.0,0.0,16.48,0.0,0.0,0.0,1.61,0.0,0.0,0.0,0.0,0.0,5.0,0.0,0.0,0.0,13.0,1.61,73.0,5.0,0.0,5.0,0.0,0.0,73.0,1.63,1.63,933.47,225.0,1.61,2183.0,121.0,0.0,933.47,-110.0189,2.36e-05
Fe1.98V1.02Al,Fe2.000,V1.000,Al1.000,298.9714,0.0,0.0,0.0,0.0,0.0,0.0,0.0,16.48,0.0,0.0,0.0,1.61,0.0,0.0,0.0,0.0,0.0,5.0,0.0,0.0,0.0,13.0,1.61,73.0,5.0,0.0,5.0,0.0,0.0,73.0,1.63,1.63,933.47,225.0,1.61,2183.0,121.0,0.0,933.47,-91.8891,2.18e-05
Fe1.95V1.05Al,Fe2.000,V1.000,Al1.000,7.3988,0.0,0.0,0.0,0.0,0.0,0.0,0.0,16.48,0.0,0.0,0.0,1.61,0.0,0.0,0.0,0.0,0.0,5.0,0.0,0.0,0.0,13.0,1.61,73.0,5.0,0.0,5.0,0.0,0.0,73.0,1.63,1.63,933.47,225.0,1.61,2183.0,121.0,0.0,933.47,-5.6379,4.61e-05
Fe1.95V1.05Al,Fe2.000,V1.000,Al1.000,58.0079,0.0,0.0,0.0,0.0,0.0,0.0,0.0,16.48,0.0,0.0,0.0,1.61,0.0,0.0,0.0,0.0,0.0,5.0,0.0,0.0,0.0,13.0,1.61,73.0,5.0,0.0,5.0,0.0,0.0,73.0,1.63,1.63,933.47,225.0,1.61,2183.0,121.0,0.0,933.47,-47.5761,4.04e-05
Fe1.95V1.05Al,Fe2.000,V1.000,Al1.000,107.1847,0.0,0.0,0.0,0.0,0.0,0.0,0.0,16.48,0.0,0.0,0.0,1.61,0.0,0.0,0.0,0.0,0.0,5.0,0.0,0.0,0.0,13.0,1.61,73.0,5.0,0.0,5.0,0.0,0.0,73.0,1.63,1.63,933.47,225.0,1.61,2183.0,121.0,0.0,933.47,-81.1769,3.67e-05
Fe1.95V1.05Al,Fe2.000,V1.000,Al1.000,161.6134,0.0,0.0,0.0,0.0,0.0,0.0,0.0,16.48,0.0,0.0,0.0,1.61,0.0,0.0,0.0,0.0,0.0,5.0,0.0,0.0,0.0,13.0,1.61,73.0,5.0,0.0,5.0,0.0,0.0,73.0,1.63,1.63,933.47,225.0,1.61,2183.0,121.0,0.0,933.47,-115.5208,3.37e-05
Fe1.95V1.05Al,Fe2.000,V1.000,Al1.000,203.6285,0.0,0.0,0.0,0.0,0.0,0.0,0.0,16.48,0.0,0.0,0.0,1.61,0.0,0.0,0.0,0.0,0.0,5.0,0.0,0.0,0.0,13.0,1.61,73.0,5.0,0.0,5.0,0.0,0.0,73.0,1.63,1.63,933.47,225.0,1.61,2183.0,121.0,0.0,933.47,-132.0806,3.03e-05
Fe1.95V1.05Al,Fe2.000,V1.000,Al1.000,244.2112,0.0,0.0,0.0,0.0,0.0,0.0,0.0,16.48,0.0,0.0,0.0,1.61,0.0,0.0,0.0,0.0,0.0,5.0,0.0,0.0,0.0,13.0,1.61,73.0,5.0,0.0,5.0,0.0,0.0,73.0,1.63,1.63,933.47,225.0,1.61,2183.0,121.0,0.0,933.47,-134.6157,2.68e-05
Fe1.95V1.05Al,Fe2.000,V1.000,Al1.000,288.6136,0.0,0.0,0.0,0.0,0.0,0.0,0.0,16.48,0.0,0.0,0.0,1.61,0.0,0.0,0.0,0.0,0.0,5.0,0.0,0.0,0.0,13.0,1.61,73.0,5.0,0.0,5.0,0.0,0.0,73.0,1.63,1.63,933.47,225.0,1.61,2183.0,121.0,0.0,933.47,-125.3859,2.32e-05
Fe1.89V1.11Al,Fe2.000,V1.000,Al1.000,8.6359,0.0,0.0,0.0,0.0,0.0,0.0,0.0,16.48,0.0,0.0,0.0,1.61,0.0,0.0,0.0,0.0,0.0,5.0,0.0,0.0,0.0,13.0,1.61,73.0,5.0,0.0,5.0,0.0,0.0,73.0,1.63,1.63,933.47,225.0,1.61,2183.0,121.0,0.0,933.47,0.5685,0.000115
Fe1.89V1.11Al,Fe2.000,V1.000,Al1.000,63.2604,0.0,0.0,0.0,0.0,0.0,0.0,0.0,16.48,0.0,0.0,0.0,1.61,0.0,0.0,0.0,0.0,0.0,5.0,0.0,0.0,0.0,13.0,1.61,73.0,5.0,0.0,5.0,0.0,0.0,73.0,1.63,1.63,933.47,225.0,1.61,2183.0,121.0,0.0,933.47,-27.5025,7.5e-05
Fe1.89V1.11Al,Fe2.000,V1.000,Al1.000,120.9196,0.0,0.0,0.0,0.0,0.0,0.0,0.0,16.48,0.0,0.0,0.0,1.61,0.0,0.0,0.0,0.0,0.0,5.0,0.0,0.0,0.0,13.0,1.61,73.0,5.0,0.0,5.0,0.0,0.0,73.0,1.63,1.63,933.47,225.0,1.61,2183.0,121.0,0.0,933.47,-49.0233,5.66e-05
Fe1.89V1.11Al,Fe2.000,V1.000,Al1.000,170.3418,0.0,0.0,0.0,0.0,0.0,0.0,0.0,16.48,0.0,0.0,0.0,1.61,0.0,0.0,0.0,0.0,0.0,5.0,0.0,0.0,0.0,13.0,1.61,73.0,5.0,0.0,5.0,0.0,0.0,73.0,1.63,1.63,933.47,225.0,1.61,2183.0,121.0,0.0,933.47,-69.8796,4.46e-05
Fe1.89V1.11Al,Fe2.000,V1.000,Al1.000,233.6369,0.0,0.0,0.0,0.0,0.0,0.0,0.0,16.48,0.0,0.0,0.0,1.61,0.0,0.0,0.0,0.0,0.0,5.0,0.0,0.0,0.0,13.0,1.61,73.0,5.0,0.0,5.0,0.0,0.0,73.0,1.63,1.63,933.47,225.0,1.61,2183.0,121.0,0.0,933.47,-95.171,3.22e-05
Fe1.89V1.11Al,Fe2.000,V1.000,Al1.000,299.0996,0.0,0.0,0.0,0.0,0.0,0.0,0.0,16.48,0.0,0.0,0.0,1.61,0.0,0.0,0.0,0.0,0.0,5.0,0.0,0.0,0.0,13.0,1.61,73.0,5.0,0.0,5.0,0.0,0.0,73.0,1.63,1.63,933.47,225.0,1.61,2183.0,121.0,0.0,933.47,-105.3076,2.32e-05
Fe2VGa,Fe2.000,V1.000,Ga1.000,9.6398,0.0,0.0,0.0,0.0,0.0,0.0,0.0,18.8575,0.0,0.0,0.0,1.81,0.0,0.0,0.0,0.0,0.0,5.0,0.0,0.0,0.0,13.0,1.81,74.0,5.0,0.0,5.0,0.0,0.0,74.0,1.63,1.63,302.91,64.0,1.81,2183.0,122.0,0.0,302.91,6.8686,2.78e-06
Fe2VGa,Fe2.000,V1.000,Ga1.000,50.4237,0.0,0.0,0.0,0.0,0.0,0.0,0.0,18.8575,0.0,0.0,0.0,1.81,0.0,0.0,0.0,0.0,0.0,5.0,0.0,0.0,0.0,13.0,1.81,74.0,5.0,0.0,5.0,0.0,0.0,74.0,1.63,1.63,302.91,64.0,1.81,2183.0,122.0,0.0,302.91,22.1935,2.96e-06
Fe2VGa,Fe2.000,V1.000,Ga1.000,107.5212,0.0,0.0,0.0,0.0,0.0,0.0,0.0,18.8575,0.0,0.0,0.0,1.81,0.0,0.0,0.0,0.0,0.0,5.0,0.0,0.0,0.0,13.0,1.81,74.0,5.0,0.0,5.0,0.0,0.0,74.0,1.63,1.63,302.91,64.0,1.81,2183.0,122.0,0.0,302.91,32.0995,2.91e-06
Fe2VGa,Fe2.000,V1.000,Ga1.000,171.2924,0.0,0.0,0.0,0.0,0.0,0.0,0.0,18.8575,0.0,0.0,0.0,1.81,0.0,0.0,0.0,0.0,0.0,5.0,0.0,0.0,0.0,13.0,1.81,74.0,5.0,0.0,5.0,0.0,0.0,74.0,1.63,1.63,302.91,64.0,1.81,2183.0,122.0,0.0,302.91,34.8788,2.87e-06
Fe2VGa,Fe2.000,V1.000,Ga1.000,240.2542,0.0,0.0,0.0,0.0,0.0,0.0,0.0,18.8575,0.0,0.0,0.0,1.81,0.0,0.0,0.0,0.0,0.0,5.0,0.0,0.0,0.0,13.0,1.81,74.0,5.0,0.0,5.0,0.0,0.0,74.0,1.63,1.63,302.91,64.0,1.81,2183.0,122.0,0.0,302.91,33.587,2.79e-06
Fe2VGa,Fe2.000,V1.000,Ga1.000,287.7119,0.0,0.0,0.0,0.0,0.0,0.0,0.0,18.8575,0.0,0.0,0.0,1.81,0.0,0.0,0.0,0.0,0.0,5.0,0.0,0.0,0.0,13.0,1.81,74.0,5.0,0.0,5.0,0.0,0.0,74.0,1.63,1.63,302.91,64.0,1.81,2183.0,122.0,0.0,302.91,32.614,2.77e-06
Fe1.98V1.02Ga,Fe2.000,V1.000,Ga1.000,10.3814,0.0,0.0,0.0,0.0,0.0,0.0,0.0,18.8575,0.0,0.0,0.0,1.81,0.0,0.0,0.0,0.0,0.0,5.0,0.0,0.0,0.0,13.0,1.81,74.0,5.0,0.0,5.0,0.0,0.0,74.0,1.63,1.63,302.91,64.0,1.81,2183.0,122.0,0.0,302.91,-0.2638,3.39e-06
Fe1.98V1.02Ga,Fe2.000,V1.000,Ga1.000,92.6907,0.0,0.0,0.0,0.0,0.0,0.0,0.0,18.8575,0.0,0.0,0.0,1.81,0.0,0.0,0.0,0.0,0.0,5.0,0.0,0.0,0.0,13.0,1.81,74.0,5.0,0.0,5.0,0.0,0.0,74.0,1.63,1.63,302.91,64.0,1.81,2183.0,122.0,0.0,302.91,-7.9964,3.26e-06
Fe1.98V1.02Ga,Fe2.000,V1.000,Ga1.000,146.822,0.0,0.0,0.0,0.0,0.0,0.0,0.0,18.8575,0.0,0.0,0.0,1.81,0.0,0.0,0.0,0.0,0.0,5.0,0.0,0.0,0.0,13.0,1.81,74.0,5.0,0.0,5.0,0.0,0.0,74.0,1.63,1.63,302.91,64.0,1.81,2183.0,122.0,0.0,302.91,-3.5281,3.22e-06
Fe1.98V1.02Ga,Fe2.000,V1.000,Ga1.000,215.0424,0.0,0.0,0.0,0.0,0.0,0.0,0.0,18.8575,0.0,0.0,0.0,1.81,0.0,0.0,0.0,0.0,0.0,5.0,0.0,0.0,0.0,13.0,1.81,74.0,5.0,0.0,5.0,0.0,0.0,74.0,1.63,1.63,302.91,64.0,1.81,2183.0,122.0,0.0,302.91,9.4457,3.09e-06
Fe1.98V1.02Ga,Fe2.000,V1.000,Ga1.000,262.5,0.0,0.0,0.0,0.0,0.0,0.0,0.0,18.8575,0.0,0.0,0.0,1.81,0.0,0.0,0.0,0.0,0.0,5.0,0.0,0.0,0.0,13.0,1.81,74.0,5.0,0.0,5.0,0.0,0.0,74.0,1.63,1.63,302.91,64.0,1.81,2183.0,122.0,0.0,302.91,17.6439,2.98e-06
Fe1.98V1.02Ga,Fe2.000,V1.000,Ga1.000,299.5763,0.0,0.0,0.0,0.0,0.0,0.0,0.0,18.8575,0.0,0.0,0.0,1.81,0.0,0.0,0.0,0.0,0.0,5.0,0.0,0.0,0.0,13.0,1.81,74.0,5.0,0.0,5.0,0.0,0.0,74.0,1.63,1.63,302.91,64.0,1.81,2183.0,122.0,0.0,302.91,20.3973,2.96e-06
Fe1.95V1.05Ga,Fe2.000,V1.000,Ga1.000,10.3814,0.0,0.0,0.0,0.0,0.0,0.0,0.0,18.8575,0.0,0.0,0.0,1.81,0.0,0.0,0.0,0.0,0.0,5.0,0.0,0.0,0.0,13.0,1.81,74.0,5.0,0.0,5.0,0.0,0.0,74.0,1.63,1.63,302.91,64.0,1.81,2183.0,122.0,0.0,302.91,-5.0193,4.1e-06
Fe1.95V1.05Ga,Fe2.000,V1.000,Ga1.000,45.2331,0.0,0.0,0.0,0.0,0.0,0.0,0.0,18.8575,0.0,0.0,0.0,1.81,0.0,0.0,0.0,0.0,0.0,5.0,0.0,0.0,0.0,13.0,1.81,74.0,5.0,0.0,5.0,0.0,0.0,74.0,1.63,1.63,302.91,64.0,1.81,2183.0,122.0,0.0,302.91,-30.461,4.06e-06
Fe1.95V1.05Ga,Fe2.000,V1.000,Ga1.000,77.1186,0.0,0.0,0.0,0.0,0.0,0.0,0.0,18.8575,0.0,0.0,0.0,1.81,0.0,0.0,0.0,0.0,0.0,5.0,0.0,0.0,0.0,13.0,1.81,74.0,5.0,0.0,5.0,0.0,0.0,74.0,1.63,1.63,302.91,64.0,1.81,2183.0,122.0,0.0,302.91,-51.8295,3.95e-06
Fe1.95V1.05Ga,Fe2.000,V1.000,Ga1.000,117.161,0.0,0.0,0.0,0.0,0.0,0.0,0.0,18.8575,0.0,0.0,0.0,1.81,0.0,0.0,0.0,0.0,0.0,5.0,0.0,0.0,0.0,13.0,1.81,74.0,5.0,0.0,5.0,0.0,0.0,74.0,1.63,1.63,302.91,64.0,1.81,2183.0,122.0,0.0,302.91,-65.7173,3.71e-06
Fe1.95V1.05Ga,Fe2.000,V1.000,Ga1.000,146.822,0.0,0.0,0.0,0.0,0.0,0.0,0.0,18.8575,0.0,0.0,0.0,1.81,0.0,0.0,0.0,0.0,0.0,5.0,0.0,0.0,0.0,13.0,1.81,74.0,5.0,0.0,5.0,0.0,0.0,74.0,1.63,1.63,302.91,64.0,1.81,2183.0,122.0,0.0,302.91,-68.4059,3.6e-06
Fe1.95V1.05Ga,Fe2.000,V1.000,Ga1.000,181.6737,0.0,0.0,0.0,0.0,0.0,0.0,0.0,18.8575,0.0,0.0,0.0,1.81,0.0,0.0,0.0,0.0,0.0,5.0,0.0,0.0,0.0,13.0,1.81,74.0,5.0,0.0,5.0,0.0,0.0,74.0,1.63,1.63,302.91,64.0,1.81,2183.0,122.0,0.0,302.91,-64.9753,3.48e-06
Fe1.95V1.05Ga,Fe2.000,V1.000,Ga1.000,236.5466,0.0,0.0,0.0,0.0,0.0,0.0,0.0,18.8575,0.0,0.0,0.0,1.81,0.0,0.0,0.0,0.0,0.0,5.0,0.0,0.0,0.0,13.0,1.81,74.0,5.0,0.0,5.0,0.0,0.0,74.0,1.63,1.63,302.91,64.0,1.81,2183.0,122.0,0.0,302.91,-53.3731,3.29e-06
Fe1.95V1.05Ga,Fe2.000,V1.000,Ga1.000,290.678,0.0,0.0,0.0,0.0,0.0,0.0,0.0,18.8575,0.0,0.0,0.0,1.81,0.0,0.0,0.0,0.0,0.0,5.0,0.0,0.0,0.0,13.0,1.81,74.0,5.0,0.0,5.0,0.0,0.0,74.0,1.63,1.63,302.91,64.0,1.81,2183.0,122.0,0.0,302.91,-37.6956,3.09e-06
Fe1.89V1.11Ga,Fe2.000,V1.000,Ga1.000,10.3814,0.0,0.0,0.0,0.0,0.0,0.0,0.0,18.8575,0.0,0.0,0.0,1.81,0.0,0.0,0.0,0.0,0.0,5.0,0.0,0.0,0.0,13.0,1.81,74.0,5.0,0.0,5.0,0.0,0.0,74.0,1.63,1.63,302.91,64.0,1.81,2183.0,122.0,0.0,302.91,-2.6415,6.43e-06
Fe1.89V1.11Ga,Fe2.000,V1.000,Ga1.000,71.928,0.0,0.0,0.0,0.0,0.0,0.0,0.0,18.8575,0.0,0.0,0.0,1.81,0.0,0.0,0.0,0.0,0.0,5.0,0.0,0.0,0.0,13.0,1.81,74.0,5.0,0.0,5.0,0.0,0.0,74.0,1.63,1.63,302.91,64.0,1.81,2183.0,122.0,0.0,302.91,-14.4704,6.5e-06
Fe1.89V1.11Ga,Fe2.000,V1.000,Ga1.000,137.1822,0.0,0.0,0.0,0.0,0.0,0.0,0.0,18.8575,0.0,0.0,0.0,1.81,0.0,0.0,0.0,0.0,0.0,5.0,0.0,0.0,0.0,13.0,1.81,74.0,5.0,0.0,5.0,0.0,0.0,74.0,1.63,1.63,302.91,64.0,1.81,2183.0,122.0,0.0,302.91,-26.6353,6.07e-06
Fe1.89V1.11Ga,Fe2.000,V1.000,Ga1.000,201.6949,0.0,0.0,0.0,0.0,0.0,0.0,0.0,18.8575,0.0,0.0,0.0,1.81,0.0,0.0,0.0,0.0,0.0,5.0,0.0,0.0,0.0,13.0,1.81,74.0,5.0,0.0,5.0,0.0,0.0,74.0,1.63,1.63,302.91,64.0,1.81,2183.0,122.0,0.0,302.91,-36.4233,5.49e-06
Fe1.89V1.11Ga,Fe2.000,V1.000,Ga1.000,255.8263,0.0,0.0,0.0,0.0,0.0,0.0,0.0,18.8575,0.0,0.0,0.0,1.81,0.0,0.0,0.0,0.0,0.0,5.0,0.0,0.0,0.0,13.0,1.81,74.0,5.0,0.0,5.0,0.0,0.0,74.0,1.63,1.63,302.91,64.0,1.81,2183.0,122.0,0.0,302.91,-37.3897,5.02e-06
Fe1.89V1.11Ga,Fe2.000,V1.000,Ga1.000,298.8347,0.0,0.0,0.0,0.0,0.0,0.0,0.0,18.8575,0.0,0.0,0.0,1.81,0.0,0.0,0.0,0.0,0.0,5.0,0.0,0.0,0.0,13.0,1.81,74.0,5.0,0.0,5.0,0.0,0.0,74.0,1.63,1.63,302.91,64.0,1.81,2183.0,122.0,0.0,302.91,-35.6496,4.69e-06
Fe2VAl,Fe2.000,V1.000,Al1.000,10.2911,0.0,0.0,0.0,0.0,0.0,0.0,0.0,16.48,0.0,0.0,0.0,1.61,0.0,0.0,0.0,0.0,0.0,5.0,0.0,0.0,0.0,13.0,1.61,73.0,5.0,0.0,5.0,0.0,0.0,73.0,1.63,1.63,933.47,225.0,1.61,2183.0,121.0,0.0,933.47,-9.6889,9.92e-05
Fe2VAl,Fe2.000,V1.000,Al1.000,41.1578,0.0,0.0,0.0,0.0,0.0,0.0,0.0,16.48,0.0,0.0,0.0,1.61,0.0,0.0,0.0,0.0,0.0,5.0,0.0,0.0,0.0,13.0,1.61,73.0,5.0,0.0,5.0,0.0,0.0,73.0,1.63,1.63,933.47,225.0,1.61,2183.0,121.0,0.0,933.47,-35.924,0.00012
Fe2VAl,Fe2.000,V1.000,Al1.000,78.0144,0.0,0.0,0.0,0.0,0.0,0.0,0.0,16.48,0.0,0.0,0.0,1.61,0.0,0.0,0.0,0.0,0.0,5.0,0.0,0.0,0.0,13.0,1.61,73.0,5.0,0.0,5.0,0.0,0.0,73.0,1.63,1.63,933.47,225.0,1.61,2183.0,121.0,0.0,933.47,-62.0126,0.000128
Fe2VAl,Fe2.000,V1.000,Al1.000,121.7083,0.0,0.0,0.0,0.0,0.0,0.0,0.0,16.48,0.0,0.0,0.0,1.61,0.0,0.0,0.0,0.0,0.0,5.0,0.0,0.0,0.0,13.0,1.61,73.0,5.0,0.0,5.0,0.0,0.0,73.0,1.63,1.63,933.47,225.0,1.61,2183.0,121.0,0.0,933.47,-84.3125,0.000113
Fe2VAl,Fe2.000,V1.000,Al1.000,165.9641,0.0,0.0,0.0,0.0,0.0,0.0,0.0,16.48,0.0,0.0,0.0,1.61,0.0,0.0,0.0,0.0,0.0,5.0,0.0,0.0,0.0,13.0,1.61,73.0,5.0,0.0,5.0,0.0,0.0,73.0,1.63,1.63,933.47,225.0,1.61,2183.0,121.0,0.0,933.47,-102.8356,0.000104
Fe2VAl,Fe2.000,V1.000,Al1.000,216.7683,0.0,0.0,0.0,0.0,0.0,0.0,0.0,16.48,0.0,0.0,0.0,1.61,0.0,0.0,0.0,0.0,0.0,5.0,0.0,0.0,0.0,13.0,1.61,73.0,5.0,0.0,5.0,0.0,0.0,73.0,1.63,1.63,933.47,225.0,1.61,2183.0,121.0,0.0,933.47,-115.9524,9.54e-05
Fe2VAl,Fe2.000,V1.000,Al1.000,262.9888,0.0,0.0,0.0,0.0,0.0,0.0,0.0,16.48,0.0,0.0,0.0,1.61,0.0,0.0,0.0,0.0,0.0,5.0,0.0,0.0,0.0,13.0,1.61,73.0,5.0,0.0,5.0,0.0,0.0,73.0,1.63,1.63,933.47,225.0,1.61,2183.0,121.0,0.0,933.47,-120.4481,8.55e-05
Fe2VAl,Fe2.000,V1.000,Al1.000,316.6076,0.0,0.0,0.0,0.0,0.0,0.0,0.0,16.48,0.0,0.0,0.0,1.61,0.0,0.0,0.0,0.0,0.0,5.0,0.0,0.0,0.0,13.0,1.61,73.0,5.0,0.0,5.0,0.0,0.0,73.0,1.63,1.63,933.47,225.0,1.61,2183.0,121.0,0.0,933.47,-116.9737,7.49e-05
Fe2VAl,Fe2.000,V1.000,Al1.000,348.2581,0.0,0.0,0.0,0.0,0.0,0.0,0.0,16.48,0.0,0.0,0.0,1.61,0.0,0.0,0.0,0.0,0.0,5.0,0.0,0.0,0.0,13.0,1.61,73.0,5.0,0.0,5.0,0.0,0.0,73.0,1.63,1.63,933.47,225.0,1.61,2183.0,121.0,0.0,933.47,-111.6538,7.11e-05
Fe2.05VAl0.95,Fe2.000,V1.000,Al1.000,9.9963,0.0,0.0,0.0,0.0,0.0,0.0,0.0,16.48,0.0,0.0,0.0,1.61,0.0,0.0,0.0,0.0,0.0,5.0,0.0,0.0,0.0,13.0,1.61,73.0,5.0,0.0,5.0,0.0,0.0,73.0,1.63,1.63,933.47,225.0,1.61,2183.0,121.0,0.0,933.47,-5.5093,6.15e-05
Fe2.05VAl0.95,Fe2.000,V1.000,Al1.000,69.9444,0.0,0.0,0.0,0.0,0.0,0.0,0.0,16.48,0.0,0.0,0.0,1.61,0.0,0.0,0.0,0.0,0.0,5.0,0.0,0.0,0.0,13.0,1.61,73.0,5.0,0.0,5.0,0.0,0.0,73.0,1.63,1.63,933.47,225.0,1.61,2183.0,121.0,0.0,933.47,-25.6204,6.99e-05
Fe2.05VAl0.95,Fe2.000,V1.000,Al1.000,118.7727,0.0,0.0,0.0,0.0,0.0,0.0,0.0,16.48,0.0,0.0,0.0,1.61,0.0,0.0,0.0,0.0,0.0,5.0,0.0,0.0,0.0,13.0,1.61,73.0,5.0,0.0,5.0,0.0,0.0,73.0,1.63,1.63,933.47,225.0,1.61,2183.0,121.0,0.0,933.47,-47.9104,8.54e-05
Fe2.05VAl0.95,Fe2.000,V1.000,Al1.000,165.3047,0.0,0.0,0.0,0.0,0.0,0.0,0.0,16.48,0.0,0.0,0.0,1.61,0.0,0.0,0.0,0.0,0.0,5.0,0.0,0.0,0.0,13.0,1.61,73.0,5.0,0.0,5.0,0.0,0.0,73.0,1.63,1.63,933.47,225.0,1.61,2183.0,121.0,0.0,933.47,-63.8671,8.81e-05
Fe2.05VAl0.95,Fe2.000,V1.000,Al1.000,218.9619,0.0,0.0,0.0,0.0,0.0,0.0,0.0,16.48,0.0,0.0,0.0,1.61,0.0,0.0,0.0,0.0,0.0,5.0,0.0,0.0,0.0,13.0,1.61,73.0,5.0,0.0,5.0,0.0,0.0,73.0,1.63,1.63,933.47,225.0,1.61,2183.0,121.0,0.0,933.47,-77.2481,8.1e-05
Fe2.05VAl0.95,Fe2.000,V1.000,Al1.000,286.0144,0.0,0.0,0.0,0.0,0.0,0.0,0.0,16.48,0.0,0.0,0.0,1.61,0.0,0.0,0.0,0.0,0.0,5.0,0.0,0.0,0.0,13.0,1.61,73.0,5.0,0.0,5.0,0.0,0.0,73.0,1.63,1.63,933.47,225.0,1.61,2183.0,121.0,0.0,933.47,-85.6141,7.39e-05
Fe2.05VAl0.95,Fe2.000,V1.000,Al1.000,313.1108,0.0,0.0,0.0,0.0,0.0,0.0,0.0,16.48,0.0,0.0,0.0,1.61,0.0,0.0,0.0,0.0,0.0,5.0,0.0,0.0,0.0,13.0,1.61,73.0,5.0,0.0,5.0,0.0,0.0,73.0,1.63,1.63,933.47,225.0,1.61,2183.0,121.0,0.0,933.47,-84.618,7.1e-05
Fe2.05VAl0.95,Fe2.000,V1.000,Al1.000,347.622,0.0,0.0,0.0,0.0,0.0,0.0,0.0,16.48,0.0,0.0,0.0,1.61,0.0,0.0,0.0,0.0,0.0,5.0,0.0,0.0,0.0,13.0,1.61,73.0,5.0,0.0,5.0,0.0,0.0,73.0,1.63,1.63,933.47,225.0,1.61,2183.0,121.0,0.0,933.47,-82.9334,6.66e-05
Fe2.03VAl0.97,Fe2.000,V1.000,Al1.000,10.2846,0.0,0.0,0.0,0.0,0.0,0.0,0.0,16.48,0.0,0.0,0.0,1.61,0.0,0.0,0.0,0.0,0.0,5.0,0.0,0.0,0.0,13.0,1.61,73.0,5.0,0.0,5.0,0.0,0.0,73.0,1.63,1.63,933.47,225.0,1.61,2183.0,121.0,0.0,933.47,-6.8572,8.32e-05
Fe2.03VAl0.97,Fe2.000,V1.000,Al1.000,47.136,0.0,0.0,0.0,0.0,0.0,0.0,0.0,16.48,0.0,0.0,0.0,1.61,0.0,0.0,0.0,0.0,0.0,5.0,0.0,0.0,0.0,13.0,1.61,73.0,5.0,0.0,5.0,0.0,0.0,73.0,1.63,1.63,933.47,225.0,1.61,2183.0,121.0,0.0,933.47,-30.6535,0.000103
Fe2.03VAl0.97,Fe2.000,V1.000,Al1.000,79.7019,0.0,0.0,0.0,0.0,0.0,0.0,0.0,16.48,0.0,0.0,0.0,1.61,0.0,0.0,0.0,0.0,0.0,5.0,0.0,0.0,0.0,13.0,1.61,73.0,5.0,0.0,5.0,0.0,0.0,73.0,1.63,1.63,933.47,225.0,1.61,2183.0,121.0,0.0,933.47,-51.4916,0.000124
Fe2.03VAl0.97,Fe2.000,V1.000,Al1.000,122.248,0.0,0.0,0.0,0.0,0.0,0.0,0.0,16.48,0.0,0.0,0.0,1.61,0.0,0.0,0.0,0.0,0.0,5.0,0.0,0.0,0.0,13.0,1.61,73.0,5.0,0.0,5.0,0.0,0.0,73.0,1.63,1.63,933.47,225.0,1.61,2183.0,121.0,0.0,933.47,-70.8271,0.000116
Fe2.03VAl0.97,Fe2.000,V1.000,Al1.000,173.9175,0.0,0.0,0.0,0.0,0.0,0.0,0.0,16.48,0.0,0.0,0.0,1.61,0.0,0.0,0.0,0.0,0.0,5.0,0.0,0.0,0.0,13.0,1.61,73.0,5.0,0.0,5.0,0.0,0.0,73.0,1.63,1.63,933.47,225.0,1.61,2183.0,121.0,0.0,933.47,-88.1224,9.9e-05
Fe2.03VAl0.97,Fe2.000,V1.000,Al1.000,227.856,0.0,0.0,0.0,0.0,0.0,0.0,0.0,16.48,0.0,0.0,0.0,1.61,0.0,0.0,0.0,0.0,0.0,5.0,0.0,0.0,0.0,13.0,1.61,73.0,5.0,0.0,5.0,0.0,0.0,73.0,1.63,1.63,933.47,225.0,1.61,2183.0,121.0,0.0,933.47,-99.7499,9.16e-05
Fe2.03VAl0.97,Fe2.000,V1.000,Al1.000,268.9408,0.0,0.0,0.0,0.0,0.0,0.0,0.0,16.48,0.0,0.0,0.0,1.61,0.0,0.0,0.0,0.0,0.0,5.0,0.0,0.0,0.0,13.0,1.61,73.0,5.0,0.0,5.0,0.0,0.0,73.0,1.63,1.63,933.47,225.0,1.61,2183.0,121.0,0.0,933.47,-103.716,8.41e-05
Fe2.03VAl0.97,Fe2.000,V1.000,Al1.000,318.2834,0.0,0.0,0.0,0.0,0.0,0.0,0.0,16.48,0.0,0.0,0.0,1.61,0.0,0.0,0.0,0.0,0.0,5.0,0.0,0.0,0.0,13.0,1.61,73.0,5.0,0.0,5.0,0.0,0.0,73.0,1.63,1.63,933.47,225.0,1.61,2183.0,121.0,0.0,933.47,-101.3286,7.5e-05
Fe2.03VAl0.97,Fe2.000,V1.000,Al1.000,344.2323,0.0,0.0,0.0,0.0,0.0,0.0,0.0,16.48,0.0,0.0,0.0,1.61,0.0,0.0,0.0,0.0,0.0,5.0,0.0,0.0,0.0,13.0,1.61,73.0,5.0,0.0,5.0,0.0,0.0,73.0,1.63,1.63,933.47,225.0,1.61,2183.0,121.0,0.0,933.47,-97.503,7.17e-05
Fe2.10VAl0.90,Fe2.000,V1.000,Al1.000,11.9822,0.0,0.0,0.0,0.0,0.0,0.0,0.0,16.48,0.0,0.0,0.0,1.61,0.0,0.0,0.0,0.0,0.0,5.0,0.0,0.0,0.0,13.0,1.61,73.0,5.0,0.0,5.0,0.0,0.0,73.0,1.63,1.63,933.47,225.0,1.61,2183.0,121.0,0.0,933.47,-0.786,4.29e-05
Fe2.10VAl0.90,Fe2.000,V1.000,Al1.000,51.3608,0.0,0.0,0.0,0.0,0.0,0.0,0.0,16.48,0.0,0.0,0.0,1.61,0.0,0.0,0.0,0.0,0.0,5.0,0.0,0.0,0.0,13.0,1.61,73.0,5.0,0.0,5.0,0.0,0.0,73.0,1.63,1.63,933.47,225.0,1.61,2183.0,121.0,0.0,933.47,-7.0478,4.31e-05
Fe2.10VAl0.90,Fe2.000,V1.000,Al1.000,110.1421,0.0,0.0,0.0,0.0,0.0,0.0,0.0,16.48,0.0,0.0,0.0,1.61,0.0,0.0,0.0,0.0,0.0,5.0,0.0,0.0,0.0,13.0,1.61,73.0,5.0,0.0,5.0,0.0,0.0,73.0,1.63,1.63,933.47,225.0,1.61,2183.0,121.0,0.0,933.47,-15.8342,4.69e-05
Fe2.10VAl0.90,Fe2.000,V1.000,Al1.000,173.7809,0.0,0.0,0.0,0.0,0.0,0.0,0.0,16.48,0.0,0.0,0.0,1.61,0.0,0.0,0.0,0.0,0.0,5.0,0.0,0.0,0.0,13.0,1.61,73.0,5.0,0.0,5.0,0.0,0.0,73.0,1.63,1.63,933.47,225.0,1.61,2183.0,121.0,0.0,933.47,-28.2521,5.27e-05
Fe2.10VAl0.90,Fe2.000,V1.000,Al1.000,219.7343,0.0,0.0,0.0,0.0,0.0,0.0,0.0,16.48,0.0,0.0,0.0,1.61,0.0,0.0,0.0,0.0,0.0,5.0,0.0,0.0,0.0,13.0,1.61,73.0,5.0,0.0,5.0,0.0,0.0,73.0,1.63,1.63,933.47,225.0,1.61,2183.0,121.0,0.0,933.47,-40.704,5.6e-05
Fe2.10VAl0.90,Fe2.000,V1.000,Al1.000,270.528,0.0,0.0,0.0,0.0,0.0,0.0,0.0,16.48,0.0,0.0,0.0,1.61,0.0,0.0,0.0,0.0,0.0,5.0,0.0,0.0,0.0,13.0,1.61,73.0,5.0,0.0,5.0,0.0,0.0,73.0,1.63,1.63,933.47,225.0,1.61,2183.0,121.0,0.0,933.47,-49.2362,5.75e-05
Fe2.10VAl0.90,Fe2.000,V1.000,Al1.000,319.0293,0.0,0.0,0.0,0.0,0.0,0.0,0.0,16.48,0.0,0.0,0.0,1.61,0.0,0.0,0.0,0.0,0.0,5.0,0.0,0.0,0.0,13.0,1.61,73.0,5.0,0.0,5.0,0.0,0.0,73.0,1.63,1.63,933.47,225.0,1.61,2183.0,121.0,0.0,933.47,-53.188,5.62e-05
Fe2.10VAl0.90,Fe2.000,V1.000,Al1.000,349.2673,0.0,0.0,0.0,0.0,0.0,0.0,0.0,16.48,0.0,0.0,0.0,1.61,0.0,0.0,0.0,0.0,0.0,5.0,0.0,0.0,0.0,13.0,1.61,73.0,5.0,0.0,5.0,0.0,0.0,73.0,1.63,1.63,933.47,225.0,1.61,2183.0,121.0,0.0,933.47,-53.9388,5.37e-05
Fe2VAl0.97Ce0.03,Fe2.000,V1.000,Al0.970Ce0.030,12.1938,20.76,0.0,0.0,113.13446140000002,45.0,0.0,0.0,17.1028,9.0,0.27,31.0,1.5953000000000002,9.0,3.0,0.0,1.0,1.0,22.0,0.0,17.0,58.0,3.0,1.12,15.0,5.51,10.0,4.85,0.49,0.0,71.26,1.63,1.63,937.5959,224.07,1.61,2183.0,123.49,0.0,1071.0,-17.3815,0.000128
Fe2VAl0.97Ce0.03,Fe2.000,V1.000,Al0.970Ce0.030,49.1011,20.76,0.0,0.0,113.13446140000002,45.0,0.0,0.0,17.1028,9.0,0.27,31.0,1.5953000000000002,9.0,3.0,0.0,1.0,1.0,22.0,0.0,17.0,58.0,3.0,1.12,15.0,5.51,10.0,4.85,0.49,0.0,71.26,1.63,1.63,937.5959,224.07,1.61,2183.0,123.49,0.0,1071.0,-59.9109,0.000129
Fe2VAl0.97Ce0.03,Fe2.000,V1.000,Al0.970Ce0.030,97.5302,20.76,0.0,0.0,113.13446140000002,45.0,0.0,0.0,17.1028,9.0,0.27,31.0,1.5953000000000002,9.0,3.0,0.0,1.0,1.0,22.0,0.0,17.0,58.0,3.0,1.12,15.0,5.51,10.0,4.85,0.49,0.0,71.26,1.63,1.63,937.5959,224.07,1.61,2183.0,123.49,0.0,1071.0,-93.4199,0.000133
Fe2VAl0.97Ce0.03,Fe2.000,V1.000,Al0.970Ce0.030,165.3701,20.76,0.0,0.0,113.13446140000002,45.0,0.0,0.0,17.1028,9.0,0.27,31.0,1.5953000000000002,9.0,3.0,0.0,1.0,1.0,22.0,0.0,17.0,58.0,3.0,1.12,15.0,5.51,10.0,4.85,0.49,0.0,71.26,1.63,1.63,937.5959,224.07,1.61,2183.0,123.49,0.0,1071.0,-131.4613,0.000142
Fe2VAl0.97Ce0.03,Fe2.000,V1.000,Al0.970Ce0.030,220.0473,20.76,0.0,0.0,113.13446140000002,45.0,0.0,0.0,17.1028,9.0,0.27,31.0,1.5953000000000002,9.0,3.0,0.0,1.0,1.0,22.0,0.0,17.0,58.0,3.0,1.12,15.0,5.51,10.0,4.85,0.49,0.0,71.26,1.63,1.63,937.5959,224.07,1.61,2183.0,123.49,0.0,1071.0,-150.102,0.000149
Fe2VAl0.97Ce0.03,Fe2.000,V1.000,Al0.970Ce0.030,258.5804,20.76,0.0,0.0,113.13446140000002,45.0,0.0,0.0,17.1028,9.0,0.27,31.0,1.5953000000000002,9.0,3.0,0.0,1.0,1.0,22.0,0.0,17.0,58.0,3.0,1.12,15.0,5.51,10.0,4.85,0.49,0.0,71.26,1.63,1.63,937.5959,224.07,1.61,2183.0,123.49,0.0,1071.0,-157.8387,0.000154
Fe2VAl0.97Ce0.03,Fe2.000,V1.000,Al0.970Ce0.030,298.338,20.76,0.0,0.0,113.13446140000002,45.0,0.0,0.0,17.1028,9.0,0.27,31.0,1.5953000000000002,9.0,3.0,0.0,1.0,1.0,22.0,0.0,17.0,58.0,3.0,1.12,15.0,5.51,10.0,4.85,0.49,0.0,71.26,1.63,1.63,937.5959,224.07,1.61,2183.0,123.49,0.0,1071.0,-154.9522,0.000156
Fe2VAl0.97Dy0.03,Fe2.000,V1.000,Al0.970Dy0.030,11.9439,14.759999999999998,0.0,0.0,135.5184614,53.0,0.0,0.0,16.9228,0.0,0.0,31.0,1.5983,0.0,3.0,0.0,10.0,9.0,5.0,0.0,1.0,42.0,3.0,1.22,31.0,4.97,10.0,4.85,0.3900000000000001,0.0,71.74000000000001,1.63,1.63,956.0159,224.07,1.61,2183.0,123.13,0.0,1685.0,-7.2883,4.64e-05
Fe2VAl0.97Dy0.03,Fe2.000,V1.000,Al0.970Dy0.030,58.0224,14.759999999999998,0.0,0.0,135.5184614,53.0,0.0,0.0,16.9228,0.0,0.0,31.0,1.5983,0.0,3.0,0.0,10.0,9.0,5.0,0.0,1.0,42.0,3.0,1.22,31.0,4.97,10.0,4.85,0.3900000000000001,0.0,71.74000000000001,1.63,1.63,956.0159,224.07,1.61,2183.0,123.13,0.0,1685.0,-39.7328,5.02e-05
Fe2VAl0.97Dy0.03,Fe2.000,V1.000,Al0.970Dy0.030,131.1956,14.759999999999998,0.0,0.0,135.5184614,53.0,0.0,0.0,16.9228,0.0,0.0,31.0,1.5983,0.0,3.0,0.0,10.0,9.0,5.0,0.0,1.0,42.0,3.0,1.22,31.0,4.97,10.0,4.85,0.3900000000000001,0.0,71.74000000000001,1.63,1.63,956.0159,224.07,1.61,2183.0,123.13,0.0,1685.0,-70.0765,6.24e-05
Fe2VAl0.97Dy0.03,Fe2.000,V1.000,Al0.970Dy0.030,207.6307,14.759999999999998,0.0,0.0,135.5184614,53.0,0.0,0.0,16.9228,0.0,0.0,31.0,1.5983,0.0,3.0,0.0,10.0,9.0,5.0,0.0,1.0,42.0,3.0,1.22,31.0,4.97,10.0,4.85,0.3900000000000001,0.0,71.74000000000001,1.63,1.63,956.0159,224.07,1.61,2183.0,123.13,0.0,1685.0,-95.111,8.27e-05
Fe2VAl0.97Dy0.03,Fe2.000,V1.000,Al0.970Dy0.030,299.6892,14.759999999999998,0.0,0.0,135.5184614,53.0,0.0,0.0,16.9228,0.0,0.0,31.0,1.5983,0.0,3.0,0.0,10.0,9.0,5.0,0.0,1.0,42.0,3.0,1.22,31.0,4.97,10.0,4.85,0.3900000000000001,0.0,71.74000000000001,1.63,1.63,956.0159,224.07,1.61,2183.0,123.13,0.0,1685.0,-115.644,0.000109
Fe2VAl0.97Sm0.03,Fe2.000,V1.000,Al0.970Sm0.030,10.1611,16.749999999999996,0.0,0.0,123.37846140000002,49.0,0.0,0.0,16.982499999999998,0.0,0.0,59.0,1.5968,0.0,3.0,0.0,6.0,5.0,8.0,0.0,3.0,50.0,3.0,1.17,23.0,5.09,10.0,4.85,0.4400000000000001,0.0,71.5,1.63,1.63,945.8159,223.23,1.61,2183.0,123.31,0.0,1345.0,-11.0052,0.000109
Fe2VAl0.97Sm0.03,Fe2.000,V1.000,Al0.970Sm0.030,63.8355,16.749999999999996,0.0,0.0,123.37846140000002,49.0,0.0,0.0,16.982499999999998,0.0,0.0,59.0,1.5968,0.0,3.0,0.0,6.0,5.0,8.0,0.0,3.0,50.0,3.0,1.17,23.0,5.09,10.0,4.85,0.4400000000000001,0.0,71.5,1.63,1.63,945.8159,223.23,1.61,2183.0,123.31,0.0,1345.0,-56.7367,0.00011
Fe2VAl0.97Sm0.03,Fe2.000,V1.000,Al0.970Sm0.030,117.565,16.749999999999996,0.0,0.0,123.37846140000002,49.0,0.0,0.0,16.982499999999998,0.0,0.0,59.0,1.5968,0.0,3.0,0.0,6.0,5.0,8.0,0.0,3.0,50.0,3.0,1.17,23.0,5.09,10.0,4.85,0.4400000000000001,0.0,71.5,1.63,1.63,945.8159,223.23,1.61,2183.0,123.31,0.0,1345.0,-89.9848,0.000105
Fe2VAl0.97Sm0.03,Fe2.000,V1.000,Al0.970Sm0.030,190.1552,16.749999999999996,0.0,0.0,123.37846140000002,49.0,0.0,0.0,16.982499999999998,0.0,0.0,59.0,1.5968,0.0,3.0,0.0,6.0,5.0,8.0,0.0,3.0,50.0,3.0,1.17,23.0,5.09,10.0,4.85,0.4400000000000001,0.0,71.5,1.63,1.63,945.8159,223.23,1.61,2183.0,123.31,0.0,1345.0,-118.9999,9.66e-05
Fe2VAl0.97Sm0.03,Fe2.000,V1.000,Al0.970Sm0.030,235.7528,16.749999999999996,0.0,0.0,123.37846140000002,49.0,0.0,0.0,16.982499999999998,0.0,0.0,59.0,1.5968,0.0,3.0,0.0,6.0,5.0,8.0,0.0,3.0,50.0,3.0,1.17,23.0,5.09,10.0,4.85,0.4400000000000001,0.0,71.5,1.63,1.63,945.8159,223.23,1.61,2183.0,123.31,0.0,1345.0,-127.0084,9.32e-05
Fe2VAl0.97Sm0.03,Fe2.000,V1.000,Al0.970Sm0.030,299.6774,16.749999999999996,0.0,0.0,123.37846140000002,49.0,0.0,0.0,16.982499999999998,0.0,0.0,59.0,1.5968,0.0,3.0,0.0,6.0,5.0,8.0,0.0,3.0,50.0,3.0,1.17,23.0,5.09,10.0,4.85,0.4400000000000001,0.0,71.5,1.63,1.63,945.8159,223.23,1.61,2183.0,123.31,0.0,1345.0,-118.3,8.76e-05
Fe1.94Re0.06V0.94Ti0.14Al0.92,Fe2.000,V1.000,Re0.054Ti0.125Al0.821,312.6661,2.035000000000002,0.0,0.0,159.2254614,62.0,0.0,2.25333333333e-05,16.4077,8.0,1.27,31.0,1.6169099999999998,8.0,3.0,0.0,14.0,18.0,8.0,0.0,3.0,30.0,4.0,1.54,43.0,5.375,9.0,4.1049999999999995,0.3599999999999999,0.0,68.224,1.63,1.63,1195.78987,219.451,1.9,2183.0,127.495,0.0,3459.0,101.6803,0.000127
Fe1.94Re0.06V0.94Ti0.14Al0.92,Fe2.000,V1.000,Re0.054Ti0.125Al0.821,374.4698,2.035000000000002,0.0,0.0,159.2254614,62.0,0.0,2.25333333333e-05,16.4077,8.0,1.27,31.0,1.6169099999999998,8.0,3.0,0.0,14.0,18.0,8.0,0.0,3.0,30.0,4.0,1.54,43.0,5.375,9.0,4.1049999999999995,0.3599999999999999,0.0,68.224,1.63,1.63,1195.78987,219.451,1.9,2183.0,127.495,0.0,3459.0,90.3505,0.000106
Fe1.94Re0.06V0.94Ti0.14Al0.92,Fe2.000,V1.000,Re0.054Ti0.125Al0.821,472.5734,2.035000000000002,0.0,0.0,159.2254614,62.0,0.0,2.25333333333e-05,16.4077,8.0,1.27,31.0,1.6169099999999998,8.0,3.0,0.0,14.0,18.0,8.0,0.0,3.0,30.0,4.0,1.54,43.0,5.375,9.0,4.1049999999999995,0.3599999999999999,0.0,68.224,1.63,1.63,1195.78987,219.451,1.9,2183.0,127.495,0.0,3459.0,59.7517,7.77e-05
Fe1.94Re0.06V0.94Ti0.14Al0.92,Fe2.000,V1.000,Re0.054Ti0.125Al0.821,575.8926,2.035000000000002,0.0,0.0,159.2254614,62.0,0.0,2.25333333333e-05,16.4077,8.0,1.27,31.0,1.6169099999999998,8.0,3.0,0.0,14.0,18.0,8.0,0.0,3.0,30.0,4.0,1.54,43.0,5.375,9.0,4.1049999999999995,0.3599999999999999,0.0,68.224,1.63,1.63,1195.78987,219.451,1.9,2183.0,127.495,0.0,3459.0,32.2491,5.78e-05
Fe1.94Re0.06V0.94Ti0.14Al0.92,Fe2.000,V1.000,Re0.054Ti0.125Al0.821,677.7889,2.035000000000002,0.0,0.0,159.2254614,62.0,0.0,2.25333333333e-05,16.4077,8.0,1.27,31.0,1.6169099999999998,8.0,3.0,0.0,14.0,18.0,8.0,0.0,3.0,30.0,4.0,1.54,43.0,5.375,9.0,4.1049999999999995,0.3599999999999999,0.0,68.224,1.63,1.63,1195.78987,219.451,1.9,2183.0,127.495,0.0,3459.0,14.8479,4.69e-05
Fe1.94Re0.06V0.94Ti0.14Al0.92,Fe2.000,V1.000,Re0.054Ti0.125Al0.821,797.9961,2.035000000000002,0.0,0.0,159.2254614,62.0,0.0,2.25333333333e-05,16.4077,8.0,1.27,31.0,1.6169099999999998,8.0,3.0,0.0,14.0,18.0,8.0,0.0,3.0,30.0,4.0,1.54,43.0,5.375,9.0,4.1049999999999995,0.3599999999999999,0.0,68.224,1.63,1.63,1195.78987,219.451,1.9,2183.0,127.495,0.0,3459.0,3.0984,3.9e-05
Fe1.94Re0.06V0.90Ti0.18Al0.92,Fe2.000,Re0.062V0.938,Ti0.164Al0.836,313.2957,0.2100000000000008,0.0,0.0,20.885461399999997,9.0,35.0,2.25333333333e-05,16.51444,8.0,1.312,31.0,1.5985200000000002,8.0,1.0,0.0,0.0,1.0,8.0,0.0,3.0,30.0,4.0,1.54,43.0,5.492,9.0,4.18,0.07,0.27,68.08,1.6467399999999996,1.63,1098.70492,219.916,1.61,2262.1119999999996,127.396,0.0,1941.0,104.1043,4.83e-05
Fe1.94Re0.06V0.90Ti0.18Al0.92,Fe2.000,Re0.062V0.938,Ti0.164Al0.836,359.8573,0.2100000000000008,0.0,0.0,20.885461399999997,9.0,35.0,2.25333333333e-05,16.51444,8.0,1.312,31.0,1.5985200000000002,8.0,1.0,0.0,0.0,1.0,8.0,0.0,3.0,30.0,4.0,1.54,43.0,5.492,9.0,4.18,0.07,0.27,68.08,1.6467399999999996,1.63,1098.70492,219.916,1.61,2262.1119999999996,127.396,0.0,1941.0,106.516,5.09e-05
Fe1.94Re0.06V0.90Ti0.18Al0.92,Fe2.000,Re0.062V0.938,Ti0.164Al0.836,447.2457,0.2100000000000008,0.0,0.0,20.885461399999997,9.0,35.0,2.25333333333e-05,16.51444,8.0,1.312,31.0,1.5985200000000002,8.0,1.0,0.0,0.0,1.0,8.0,0.0,3.0,30.0,4.0,1.54,43.0,5.492,9.0,4.18,0.07,0.27,68.08,1.6467399999999996,1.63,1098.70492,219.916,1.61,2262.1119999999996,127.396,0.0,1941.0,95.7181,5.22e-05
Fe1.94Re0.06V0.90Ti0.18Al0.92,Fe2.000,Re0.062V0.938,Ti0.164Al0.836,543.3396,0.2100000000000008,0.0,0.0,20.885461399999997,9.0,35.0,2.25333333333e-05,16.51444,8.0,1.312,31.0,1.5985200000000002,8.0,1.0,0.0,0.0,1.0,8.0,0.0,3.0,30.0,4.0,1.54,43.0,5.492,9.0,4.18,0.07,0.27,68.08,1.6467399999999996,1.63,1098.70492,219.916,1.61,2262.1119999999996,127.396,0.0,1941.0,68.8909,4.9e-05
Fe1.94Re0.06V0.90Ti0.18Al0.92,Fe2.000,Re0.062V0.938,Ti0.164Al0.836,626.2895,0.2100000000000008,0.0,0.0,20.885461399999997,9.0,35.0,2.25333333333e-05,16.51444,8.0,1.312,31.0,1.5985200000000002,8.0,1.0,0.0,0.0,1.0,8.0,0.0,3.0,30.0,4.0,1.54,43.0,5.492,9.0,4.18,0.07,0.27,68.08,1.6467399999999996,1.63,1098.70492,219.916,1.61,2262.1119999999996,127.396,0.0,1941.0,43.9527,4.38e-05
Fe1.94Re0.06V0.90Ti0.18Al0.92,Fe2.000,Re0.062V0.938,Ti0.164Al0.836,709.1569,0.2100000000000008,0.0,0.0,20.885461399999997,9.0,35.0,2.25333333333e-05,16.51444,8.0,1.312,31.0,1.5985200000000002,8.0,1.0,0.0,0.0,1.0,8.0,0.0,3.0,30.0,4.0,1.54,43.0,5.492,9.0,4.18,0.07,0.27,68.08,1.6467399999999996,1.63,1098.70492,219.916,1.61,2262.1119999999996,127.396,0.0,1941.0,26.5566,3.88e-05
Fe1.94Re0.06V0.90Ti0.18Al0.92,Fe2.000,Re0.062V0.938,Ti0.164Al0.836,778.1741,0.2100000000000008,0.0,0.0,20.885461399999997,9.0,35.0,2.25333333333e-05,16.51444,8.0,1.312,31.0,1.5985200000000002,8.0,1.0,0.0,0.0,1.0,8.0,0.0,3.0,30.0,4.0,1.54,43.0,5.492,9.0,4.18,0.07,0.27,68.08,1.6467399999999996,1.63,1098.70492,219.916,1.61,2262.1119999999996,127.396,0.0,1941.0,15.629,3.64e-05
Fe1.94Re0.06V0.82Ti0.26Al0.92,Fe2.000,V0.759Ti0.241,Re0.061Al0.939,309.5708,1.825000000000001,0.0,2.25333333333e-05,159.2254614,62.0,35.0,0.0,16.368675,5.0,0.305,31.0,1.62769,5.0,3.0,5.4305333333253e-06,14.0,18.0,5.0,2.25333333333e-05,0.0,19.0,7.0,1.61,54.0,4.999999999999999,6.0,4.694999999999999,0.2899999999999998,0.0899999999999998,71.841,1.60831,1.54,1087.52733,223.109,1.9,2124.678,122.83,0.0,3459.0,84.7114,2.36e-05
Fe1.94Re0.06V0.82Ti0.26Al0.92,Fe2.000,V0.759Ti0.241,Re0.061Al0.939,423.6118,1.825000000000001,0.0,2.25333333333e-05,159.2254614,62.0,35.0,0.0,16.368675,5.0,0.305,31.0,1.62769,5.0,3.0,5.4305333333253e-06,14.0,18.0,5.0,2.25333333333e-05,0.0,19.0,7.0,1.61,54.0,4.999999999999999,6.0,4.694999999999999,0.2899999999999998,0.0899999999999998,71.841,1.60831,1.54,1087.52733,223.109,1.9,2124.678,122.83,0.0,3459.0,96.8019,2.96e-05
Fe1.94Re0.06V0.82Ti0.26Al0.92,Fe2.000,V0.759Ti0.241,Re0.061Al0.939,476.7704,1.825000000000001,0.0,2.25333333333e-05,159.2254614,62.0,35.0,0.0,16.368675,5.0,0.305,31.0,1.62769,5.0,3.0,5.4305333333253e-06,14.0,18.0,5.0,2.25333333333e-05,0.0,19.0,7.0,1.61,54.0,4.999999999999999,6.0,4.694999999999999,0.2899999999999998,0.0899999999999998,71.841,1.60831,1.54,1087.52733,223.109,1.9,2124.678,122.83,0.0,3459.0,95.9795,3.14e-05
Fe1.94Re0.06V0.82Ti0.26Al0.92,Fe2.000,V0.759Ti0.241,Re0.061Al0.939,571.4165,1.825000000000001,0.0,2.25333333333e-05,159.2254614,62.0,35.0,0.0,16.368675,5.0,0.305,31.0,1.62769,5.0,3.0,5.4305333333253e-06,14.0,18.0,5.0,2.25333333333e-05,0.0,19.0,7.0,1.61,54.0,4.999999999999999,6.0,4.694999999999999,0.2899999999999998,0.0899999999999998,71.841,1.60831,1.54,1087.52733,223.109,1.9,2124.678,122.83,0.0,3459.0,81.5432,3.3e-05
Fe1.94Re0.06V0.82Ti0.26Al0.92,Fe2.000,V0.759Ti0.241,Re0.061Al0.939,647.731,1.825000000000001,0.0,2.25333333333e-05,159.2254614,62.0,35.0,0.0,16.368675,5.0,0.305,31.0,1.62769,5.0,3.0,5.4305333333253e-06,14.0,18.0,5.0,2.25333333333e-05,0.0,19.0,7.0,1.61,54.0,4.999999999999999,6.0,4.694999999999999,0.2899999999999998,0.0899999999999998,71.841,1.60831,1.54,1087.52733,223.109,1.9,2124.678,122.83,0.0,3459.0,63.3409,3.3e-05
Fe1.94Re0.06V0.82Ti0.26Al0.92,Fe2.000,V0.759Ti0.241,Re0.061Al0.939,725.3594,1.825000000000001,0.0,2.25333333333e-05,159.2254614,62.0,35.0,0.0,16.368675,5.0,0.305,31.0,1.62769,5.0,3.0,5.4305333333253e-06,14.0,18.0,5.0,2.25333333333e-05,0.0,19.0,7.0,1.61,54.0,4.999999999999999,6.0,4.694999999999999,0.2899999999999998,0.0899999999999998,71.841,1.60831,1.54,1087.52733,223.109,1.9,2124.678,122.83,0.0,3459.0,45.0034,3.19e-05
Fe1.94Re0.06V0.82Ti0.26Al0.92,Fe2.000,V0.759Ti0.241,Re0.061Al0.939,774.6914,1.825000000000001,0.0,2.25333333333e-05,159.2254614,62.0,35.0,0.0,16.368675,5.0,0.305,31.0,1.62769,5.0,3.0,5.4305333333253e-06,14.0,18.0,5.0,2.25333333333e-05,0.0,19.0,7.0,1.61,54.0,4.999999999999999,6.0,4.694999999999999,0.2899999999999998,0.0899999999999998,71.841,1.60831,1.54,1087.52733,223.109,1.9,2124.678,122.83,0.0,3459.0,34.0811,3.07e-05
Fe1.94Re0.06V0.78Ti0.30Al0.92,Fe2.000,V0.722Ti0.278,Re0.061Al0.939,309.0369,1.825000000000001,0.0,2.25333333333e-05,159.2254614,62.0,35.0,0.0,16.368675,5.0,0.305,31.0,1.62769,5.0,3.0,6.264266666657401e-06,14.0,18.0,5.0,2.25333333333e-05,0.0,19.0,7.0,1.61,54.0,4.999999999999999,6.0,4.694999999999999,0.2899999999999998,0.0899999999999998,71.841,1.60498,1.54,1087.52733,223.109,1.9,2115.724,122.83,0.0,3459.0,73.5331,1.86e-05
Fe1.94Re0.06V0.78Ti0.30Al0.92,Fe2.000,V0.722Ti0.278,Re0.061Al0.939,385.6865,1.825000000000001,0.0,2.25333333333e-05,159.2254614,62.0,35.0,0.0,16.368675,5.0,0.305,31.0,1.62769,5.0,3.0,6.264266666657401e-06,14.0,18.0,5.0,2.25333333333e-05,0.0,19.0,7.0,1.61,54.0,4.999999999999999,6.0,4.694999999999999,0.2899999999999998,0.0899999999999998,71.841,1.60498,1.54,1087.52733,223.109,1.9,2115.724,122.83,0.0,3459.0,84.6909,2.09e-05
Fe1.94Re0.06V0.78Ti0.30Al0.92,Fe2.000,V0.722Ti0.278,Re0.061Al0.939,465.0286,1.825000000000001,0.0,2.25333333333e-05,159.2254614,62.0,35.0,0.0,16.368675,5.0,0.305,31.0,1.62769,5.0,3.0,6.264266666657401e-06,14.0,18.0,5.0,2.25333333333e-05,0.0,19.0,7.0,1.61,54.0,4.999999999999999,6.0,4.694999999999999,0.2899999999999998,0.0899999999999998,71.841,1.60498,1.54,1087.52733,223.109,1.9,2115.724,122.83,0.0,3459.0,89.6527,2.51e-05
Fe1.94Re0.06V0.78Ti0.30Al0.92,Fe2.000,V0.722Ti0.278,Re0.061Al0.939,551.0487,1.825000000000001,0.0,2.25333333333e-05,159.2254614,62.0,35.0,0.0,16.368675,5.0,0.305,31.0,1.62769,5.0,3.0,6.264266666657401e-06,14.0,18.0,5.0,2.25333333333e-05,0.0,19.0,7.0,1.61,54.0,4.999999999999999,6.0,4.694999999999999,0.2899999999999998,0.0899999999999998,71.841,1.60498,1.54,1087.52733,223.109,1.9,2115.724,122.83,0.0,3459.0,83.973,2.91e-05
Fe1.94Re0.06V0.78Ti0.30Al0.92,Fe2.000,V0.722Ti0.278,Re0.061Al0.939,657.5574,1.825000000000001,0.0,2.25333333333e-05,159.2254614,62.0,35.0,0.0,16.368675,5.0,0.305,31.0,1.62769,5.0,3.0,6.264266666657401e-06,14.0,18.0,5.0,2.25333333333e-05,0.0,19.0,7.0,1.61,54.0,4.999999999999999,6.0,4.694999999999999,0.2899999999999998,0.0899999999999998,71.841,1.60498,1.54,1087.52733,223.109,1.9,2115.724,122.83,0.0,3459.0,64.8197,3.03e-05
Fe1.94Re0.06V0.78Ti0.30Al0.92,Fe2.000,V0.722Ti0.278,Re0.061Al0.939,725.2975,1.825000000000001,0.0,2.25333333333e-05,159.2254614,62.0,35.0,0.0,16.368675,5.0,0.305,31.0,1.62769,5.0,3.0,6.264266666657401e-06,14.0,18.0,5.0,2.25333333333e-05,0.0,19.0,7.0,1.61,54.0,4.999999999999999,6.0,4.694999999999999,0.2899999999999998,0.0899999999999998,71.841,1.60498,1.54,1087.52733,223.109,1.9,2115.724,122.83,0.0,3459.0,50.66,3.03e-05
Fe1.94Re0.06V0.78Ti0.30Al0.92,Fe2.000,V0.722Ti0.278,Re0.061Al0.939,772.664,1.825000000000001,0.0,2.25333333333e-05,159.2254614,62.0,35.0,0.0,16.368675,5.0,0.305,31.0,1.62769,5.0,3.0,6.264266666657401e-06,14.0,18.0,5.0,2.25333333333e-05,0.0,19.0,7.0,1.61,54.0,4.999999999999999,6.0,4.694999999999999,0.2899999999999998,0.0899999999999998,71.841,1.60498,1.54,1087.52733,223.109,1.9,2115.724,122.83,0.0,3459.0,39.4688,3.1e-05
Fe1.94Re0.06V0.74Ti0.34Al0.92,Fe2.000,V0.685Ti0.315,Re0.061Al0.939,311.7116,1.825000000000001,0.0,2.25333333333e-05,159.2254614,62.0,35.0,0.0,16.368675,5.0,0.305,31.0,1.62769,5.0,3.0,7.097999999989501e-06,14.0,18.0,5.0,2.25333333333e-05,0.0,19.0,7.0,1.61,54.0,4.999999999999999,6.0,4.694999999999999,0.2899999999999998,0.0899999999999998,71.841,1.60165,1.54,1087.52733,223.109,1.9,2106.77,122.83,0.0,3459.0,68.9533,2.67e-05
Fe1.94Re0.06V0.74Ti0.34Al0.92,Fe2.000,V0.685Ti0.315,Re0.061Al0.939,417.2224,1.825000000000001,0.0,2.25333333333e-05,159.2254614,62.0,35.0,0.0,16.368675,5.0,0.305,31.0,1.62769,5.0,3.0,7.097999999989501e-06,14.0,18.0,5.0,2.25333333333e-05,0.0,19.0,7.0,1.61,54.0,4.999999999999999,6.0,4.694999999999999,0.2899999999999998,0.0899999999999998,71.841,1.60165,1.54,1087.52733,223.109,1.9,2106.77,122.83,0.0,3459.0,81.046,3.14e-05
Fe1.94Re0.06V0.74Ti0.34Al0.92,Fe2.000,V0.685Ti0.315,Re0.061Al0.939,466.3866,1.825000000000001,0.0,2.25333333333e-05,159.2254614,62.0,35.0,0.0,16.368675,5.0,0.305,31.0,1.62769,5.0,3.0,7.097999999989501e-06,14.0,18.0,5.0,2.25333333333e-05,0.0,19.0,7.0,1.61,54.0,4.999999999999999,6.0,4.694999999999999,0.2899999999999998,0.0899999999999998,71.841,1.60165,1.54,1087.52733,223.109,1.9,2106.77,122.83,0.0,3459.0,85.4772,3.36e-05
Fe1.94Re0.06V0.74Ti0.34Al0.92,Fe2.000,V0.685Ti0.315,Re0.061Al0.939,545.1432,1.825000000000001,0.0,2.25333333333e-05,159.2254614,62.0,35.0,0.0,16.368675,5.0,0.305,31.0,1.62769,5.0,3.0,7.097999999989501e-06,14.0,18.0,5.0,2.25333333333e-05,0.0,19.0,7.0,1.61,54.0,4.999999999999999,6.0,4.694999999999999,0.2899999999999998,0.0899999999999998,71.841,1.60165,1.54,1087.52733,223.109,1.9,2106.77,122.83,0.0,3459.0,83.9745,3.67e-05
Fe1.94Re0.06V0.74Ti0.34Al0.92,Fe2.000,V0.685Ti0.315,Re0.061Al0.939,641.7371,1.825000000000001,0.0,2.25333333333e-05,159.2254614,62.0,35.0,0.0,16.368675,5.0,0.305,31.0,1.62769,5.0,3.0,7.097999999989501e-06,14.0,18.0,5.0,2.25333333333e-05,0.0,19.0,7.0,1.61,54.0,4.999999999999999,6.0,4.694999999999999,0.2899999999999998,0.0899999999999998,71.841,1.60165,1.54,1087.52733,223.109,1.9,2106.77,122.83,0.0,3459.0,71.4233,3.92e-05
Fe1.94Re0.06V0.74Ti0.34Al0.92,Fe2.000,V0.685Ti0.315,Re0.061Al0.939,719.3331,1.825000000000001,0.0,2.25333333333e-05,159.2254614,62.0,35.0,0.0,16.368675,5.0,0.305,31.0,1.62769,5.0,3.0,7.097999999989501e-06,14.0,18.0,5.0,2.25333333333e-05,0.0,19.0,7.0,1.61,54.0,4.999999999999999,6.0,4.694999999999999,0.2899999999999998,0.0899999999999998,71.841,1.60165,1.54,1087.52733,223.109,1.9,2106.77,122.83,0.0,3459.0,56.0488,3.95e-05
Fe1.94Re0.06V0.74Ti0.34Al0.92,Fe2.000,V0.685Ti0.315,Re0.061Al0.939,768.6533,1.825000000000001,0.0,2.25333333333e-05,159.2254614,62.0,35.0,0.0,16.368675,5.0,0.305,31.0,1.62769,5.0,3.0,7.097999999989501e-06,14.0,18.0,5.0,2.25333333333e-05,0.0,19.0,7.0,1.61,54.0,4.999999999999999,6.0,4.694999999999999,0.2899999999999998,0.0899999999999998,71.841,1.60165,1.54,1087.52733,223.109,1.9,2106.77,122.83,0.0,3459.0,46.2039,3.87e-05
Fe1.99Ti0.66Cr0.45Al0.90,Fe2.000,Ti0.595Cr0.405,Al1.000,20.657,0.0,0.0,2.25333333333e-05,0.0,0.0,35.0,0.0,16.48,0.0,0.0,0.0,1.61,0.0,0.0,1.34073333333135e-05,0.0,0.0,5.0,2.25333333333e-05,0.0,0.0,13.0,1.61,73.0,5.0,0.0,5.0,0.0,0.1199999999999998,73.0,1.5886,1.54,933.47,225.0,1.61,2037.795,121.0,0.0,933.47,0.7502,2.49e-05
Fe1.99Ti0.66Cr0.45Al0.90,Fe2.000,Ti0.595Cr0.405,Al1.000,80.1187,0.0,0.0,2.25333333333e-05,0.0,0.0,35.0,0.0,16.48,0.0,0.0,0.0,1.61,0.0,0.0,1.34073333333135e-05,0.0,0.0,5.0,2.25333333333e-05,0.0,0.0,13.0,1.61,73.0,5.0,0.0,5.0,0.0,0.1199999999999998,73.0,1.5886,1.54,933.47,225.0,1.61,2037.795,121.0,0.0,933.47,3.4611,2.68e-05
Fe1.99Ti0.66Cr0.45Al0.90,Fe2.000,Ti0.595Cr0.405,Al1.000,167.6238,0.0,0.0,2.25333333333e-05,0.0,0.0,35.0,0.0,16.48,0.0,0.0,0.0,1.61,0.0,0.0,1.34073333333135e-05,0.0,0.0,5.0,2.25333333333e-05,0.0,0.0,13.0,1.61,73.0,5.0,0.0,5.0,0.0,0.1199999999999998,73.0,1.5886,1.54,933.47,225.0,1.61,2037.795,121.0,0.0,933.47,21.3862,2.84e-05
Fe1.99Ti0.66Cr0.45Al0.90,Fe2.000,Ti0.595Cr0.405,Al1.000,244.1612,0.0,0.0,2.25333333333e-05,0.0,0.0,35.0,0.0,16.48,0.0,0.0,0.0,1.61,0.0,0.0,1.34073333333135e-05,0.0,0.0,5.0,2.25333333333e-05,0.0,0.0,13.0,1.61,73.0,5.0,0.0,5.0,0.0,0.1199999999999998,73.0,1.5886,1.54,933.47,225.0,1.61,2037.795,121.0,0.0,933.47,29.4184,2.95e-05
Fe1.99Ti0.66Cr0.45Al0.90,Fe2.000,Ti0.595Cr0.405,Al1.000,324.1897,0.0,0.0,2.25333333333e-05,0.0,0.0,35.0,0.0,16.48,0.0,0.0,0.0,1.61,0.0,0.0,1.34073333333135e-05,0.0,0.0,5.0,2.25333333333e-05,0.0,0.0,13.0,1.61,73.0,5.0,0.0,5.0,0.0,0.1199999999999998,73.0,1.5886,1.54,933.47,225.0,1.61,2037.795,121.0,0.0,933.47,40.4946,3.11e-05
Fe1.99Ti0.66Cr0.45Al0.90,Fe2.000,Ti0.595Cr0.405,Al1.000,422.9447,0.0,0.0,2.25333333333e-05,0.0,0.0,35.0,0.0,16.48,0.0,0.0,0.0,1.61,0.0,0.0,1.34073333333135e-05,0.0,0.0,5.0,2.25333333333e-05,0.0,0.0,13.0,1.61,73.0,5.0,0.0,5.0,0.0,0.1199999999999998,73.0,1.5886,1.54,933.47,225.0,1.61,2037.795,121.0,0.0,933.47,45.9267,3.32e-05
Fe1.99Ti0.66Cr0.45Al0.90,Fe2.000,Ti0.595Cr0.405,Al1.000,513.2608,0.0,0.0,2.25333333333e-05,0.0,0.0,35.0,0.0,16.48,0.0,0.0,0.0,1.61,0.0,0.0,1.34073333333135e-05,0.0,0.0,5.0,2.25333333333e-05,0.0,0.0,13.0,1.61,73.0,5.0,0.0,5.0,0.0,0.1199999999999998,73.0,1.5886,1.54,933.47,225.0,1.61,2037.795,121.0,0.0,933.47,40.8554,3.36e-05
Fe1.99Ti0.66Cr0.45Al0.90,Fe2.000,Ti0.595Cr0.405,Al1.000,569.2736,0.0,0.0,2.25333333333e-05,0.0,0.0,35.0,0.0,16.48,0.0,0.0,0.0,1.61,0.0,0.0,1.34073333333135e-05,0.0,0.0,5.0,2.25333333333e-05,0.0,0.0,13.0,1.61,73.0,5.0,0.0,5.0,0.0,0.1199999999999998,73.0,1.5886,1.54,933.47,225.0,1.61,2037.795,121.0,0.0,933.47,37.1722,3.28e-05
Fe2VGa,Fe2.000,V1.000,Ga1.000,294.3998,0.0,0.0,0.0,0.0,0.0,0.0,0.0,18.8575,0.0,0.0,0.0,1.81,0.0,0.0,0.0,0.0,0.0,5.0,0.0,0.0,0.0,13.0,1.81,74.0,5.0,0.0,5.0,0.0,0.0,74.0,1.63,1.63,302.91,64.0,1.81,2183.0,122.0,0.0,302.91,22.4907,1.42e-05
Fe2VGa,Fe2.000,V1.000,Ga1.000,376.9595,0.0,0.0,0.0,0.0,0.0,0.0,0.0,18.8575,0.0,0.0,0.0,1.81,0.0,0.0,0.0,0.0,0.0,5.0,0.0,0.0,0.0,13.0,1.81,74.0,5.0,0.0,5.0,0.0,0.0,74.0,1.63,1.63,302.91,64.0,1.81,2183.0,122.0,0.0,302.91,23.9726,1.45e-05
Fe2VGa,Fe2.000,V1.000,Ga1.000,458.8626,0.0,0.0,0.0,0.0,0.0,0.0,0.0,18.8575,0.0,0.0,0.0,1.81,0.0,0.0,0.0,0.0,0.0,5.0,0.0,0.0,0.0,13.0,1.81,74.0,5.0,0.0,5.0,0.0,0.0,74.0,1.63,1.63,302.91,64.0,1.81,2183.0,122.0,0.0,302.91,16.127,1.61e-05
Fe2VGa,Fe2.000,V1.000,Ga1.000,540.743,0.0,0.0,0.0,0.0,0.0,0.0,0.0,18.8575,0.0,0.0,0.0,1.81,0.0,0.0,0.0,0.0,0.0,5.0,0.0,0.0,0.0,13.0,1.81,74.0,5.0,0.0,5.0,0.0,0.0,74.0,1.63,1.63,302.91,64.0,1.81,2183.0,122.0,0.0,302.91,10.3736,1.83e-05
Fe2VGa,Fe2.000,V1.000,Ga1.000,622.6254,0.0,0.0,0.0,0.0,0.0,0.0,0.0,18.8575,0.0,0.0,0.0,1.81,0.0,0.0,0.0,0.0,0.0,5.0,0.0,0.0,0.0,13.0,1.81,74.0,5.0,0.0,5.0,0.0,0.0,74.0,1.63,1.63,302.91,64.0,1.81,2183.0,122.0,0.0,302.91,4.4458,2.06e-05
Fe2VGa,Fe2.000,V1.000,Ga1.000,699.9415,0.0,0.0,0.0,0.0,0.0,0.0,0.0,18.8575,0.0,0.0,0.0,1.81,0.0,0.0,0.0,0.0,0.0,5.0,0.0,0.0,0.0,13.0,1.81,74.0,5.0,0.0,5.0,0.0,0.0,74.0,1.63,1.63,302.91,64.0,1.81,2183.0,122.0,0.0,302.91,0.4359,2.23e-05
Fe2V0.95Ti0.05Ga,Fe2.000,V1.000,Ti0.048Ga0.952,294.7809,2.1675000000000004,0.0,0.0,21.856,9.0,0.0,2.25333333333e-05,18.75346,8.0,0.384,130.0,1.79704,8.0,0.0,0.0,0.0,9.0,8.0,0.0,3.0,31.0,4.0,1.54,43.0,5.144,9.0,4.76,0.27,0.0,72.512,1.63,1.63,381.53832,70.24,1.81,2183.0,123.82399999999998,0.0,1941.0,57.2727,1.29e-05
Fe2V0.95Ti0.05Ga,Fe2.000,V1.000,Ti0.048Ga0.952,382.7654,2.1675000000000004,0.0,0.0,21.856,9.0,0.0,2.25333333333e-05,18.75346,8.0,0.384,130.0,1.79704,8.0,0.0,0.0,0.0,9.0,8.0,0.0,3.0,31.0,4.0,1.54,43.0,5.144,9.0,4.76,0.27,0.0,72.512,1.63,1.63,381.53832,70.24,1.81,2183.0,123.82399999999998,0.0,1941.0,47.5093,1.36e-05
Fe2V0.95Ti0.05Ga,Fe2.000,V1.000,Ti0.048Ga0.952,458.673,2.1675000000000004,0.0,0.0,21.856,9.0,0.0,2.25333333333e-05,18.75346,8.0,0.384,130.0,1.79704,8.0,0.0,0.0,0.0,9.0,8.0,0.0,3.0,31.0,4.0,1.54,43.0,5.144,9.0,4.76,0.27,0.0,72.512,1.63,1.63,381.53832,70.24,1.81,2183.0,123.82399999999998,0.0,1941.0,33.6488,1.51e-05
Fe2V0.95Ti0.05Ga,Fe2.000,V1.000,Ti0.048Ga0.952,540.6129,2.1675000000000004,0.0,0.0,21.856,9.0,0.0,2.25333333333e-05,18.75346,8.0,0.384,130.0,1.79704,8.0,0.0,0.0,0.0,9.0,8.0,0.0,3.0,31.0,4.0,1.54,43.0,5.144,9.0,4.76,0.27,0.0,72.512,1.63,1.63,381.53832,70.24,1.81,2183.0,123.82399999999998,0.0,1941.0,22.4035,1.73e-05
Fe2V0.95Ti0.05Ga,Fe2.000,V1.000,Ti0.048Ga0.952,622.5188,2.1675000000000004,0.0,0.0,21.856,9.0,0.0,2.25333333333e-05,18.75346,8.0,0.384,130.0,1.79704,8.0,0.0,0.0,0.0,9.0,8.0,0.0,3.0,31.0,4.0,1.54,43.0,5.144,9.0,4.76,0.27,0.0,72.512,1.63,1.63,381.53832,70.24,1.81,2183.0,123.82399999999998,0.0,1941.0,14.2964,1.95e-05
Fe2V0.95Ti0.05Ga,Fe2.000,V1.000,Ti0.048Ga0.952,701.3793,2.1675000000000004,0.0,0.0,21.856,9.0,0.0,2.25333333333e-05,18.75346,8.0,0.384,130.0,1.79704,8.0,0.0,0.0,0.0,9.0,8.0,0.0,3.0,31.0,4.0,1.54,43.0,5.144,9.0,4.76,0.27,0.0,72.512,1.63,1.63,381.53832,70.24,1.81,2183.0,123.82399999999998,0.0,1941.0,7.5841,2.12e-05
Fe2V0.90Ti0.10Ga,Fe2.000,V1.000,Ti0.091Ga0.909,294.0347,2.1675000000000004,0.0,0.0,21.856,9.0,0.0,2.25333333333e-05,18.6602575,8.0,0.728,130.0,1.78543,8.0,0.0,0.0,0.0,9.0,8.0,0.0,3.0,31.0,4.0,1.54,43.0,5.273,9.0,4.545,0.27,0.0,71.179,1.63,1.63,451.9761900000001,75.83,1.81,2183.0,125.458,0.0,1941.0,56.2267,7.82e-06
Fe2V0.90Ti0.10Ga,Fe2.000,V1.000,Ti0.091Ga0.909,374.3613,2.1675000000000004,0.0,0.0,21.856,9.0,0.0,2.25333333333e-05,18.6602575,8.0,0.728,130.0,1.78543,8.0,0.0,0.0,0.0,9.0,8.0,0.0,3.0,31.0,4.0,1.54,43.0,5.273,9.0,4.545,0.27,0.0,71.179,1.63,1.63,451.9761900000001,75.83,1.81,2183.0,125.458,0.0,1941.0,54.0473,1.01e-05
Fe2V0.90Ti0.10Ga,Fe2.000,V1.000,Ti0.091Ga0.909,457.8069,2.1675000000000004,0.0,0.0,21.856,9.0,0.0,2.25333333333e-05,18.6602575,8.0,0.728,130.0,1.78543,8.0,0.0,0.0,0.0,9.0,8.0,0.0,3.0,31.0,4.0,1.54,43.0,5.273,9.0,4.545,0.27,0.0,71.179,1.63,1.63,451.9761900000001,75.83,1.81,2183.0,125.458,0.0,1941.0,43.6737,1.29e-05
Fe2V0.90Ti0.10Ga,Fe2.000,V1.000,Ti0.091Ga0.909,548.8349,2.1675000000000004,0.0,0.0,21.856,9.0,0.0,2.25333333333e-05,18.6602575,8.0,0.728,130.0,1.78543,8.0,0.0,0.0,0.0,9.0,8.0,0.0,3.0,31.0,4.0,1.54,43.0,5.273,9.0,4.545,0.27,0.0,71.179,1.63,1.63,451.9761900000001,75.83,1.81,2183.0,125.458,0.0,1941.0,32.6899,1.65e-05
Fe2V0.90Ti0.10Ga,Fe2.000,V1.000,Ti0.091Ga0.909,617.8535,2.1675000000000004,0.0,0.0,21.856,9.0,0.0,2.25333333333e-05,18.6602575,8.0,0.728,130.0,1.78543,8.0,0.0,0.0,0.0,9.0,8.0,0.0,3.0,31.0,4.0,1.54,43.0,5.273,9.0,4.545,0.27,0.0,71.179,1.63,1.63,451.9761900000001,75.83,1.81,2183.0,125.458,0.0,1941.0,25.3674,1.88e-05
Fe2V0.90Ti0.10Ga,Fe2.000,V1.000,Ti0.091Ga0.909,699.766,2.1675000000000004,0.0,0.0,21.856,9.0,0.0,2.25333333333e-05,18.6602575,8.0,0.728,130.0,1.78543,8.0,0.0,0.0,0.0,9.0,8.0,0.0,3.0,31.0,4.0,1.54,43.0,5.273,9.0,4.545,0.27,0.0,71.179,1.63,1.63,451.9761900000001,75.83,1.81,2183.0,125.458,0.0,1941.0,16.6501,2.1e-05
Fe2V0.85Ti0.15Ga,Fe2.000,V1.000,Ti0.130Ga0.870,297.2159,2.1675000000000004,0.0,0.0,21.856,9.0,0.0,2.25333333333e-05,18.575725,8.0,1.04,130.0,1.7749,8.0,0.0,0.0,0.0,9.0,8.0,0.0,3.0,31.0,4.0,1.54,43.0,5.39,9.0,4.35,0.27,0.0,69.97,1.63,1.63,515.8617,80.9,1.81,2183.0,126.94,0.0,1941.0,42.279,8.42e-06
Fe2V0.85Ti0.15Ga,Fe2.000,V1.000,Ti0.130Ga0.870,356.2748,2.1675000000000004,0.0,0.0,21.856,9.0,0.0,2.25333333333e-05,18.575725,8.0,1.04,130.0,1.7749,8.0,0.0,0.0,0.0,9.0,8.0,0.0,3.0,31.0,4.0,1.54,43.0,5.39,9.0,4.35,0.27,0.0,69.97,1.63,1.63,515.8617,80.9,1.81,2183.0,126.94,0.0,1941.0,45.2428,9.92e-06
Fe2V0.85Ti0.15Ga,Fe2.000,V1.000,Ti0.130Ga0.870,440.3883,2.1675000000000004,0.0,0.0,21.856,9.0,0.0,2.25333333333e-05,18.575725,8.0,1.04,130.0,1.7749,8.0,0.0,0.0,0.0,9.0,8.0,0.0,3.0,31.0,4.0,1.54,43.0,5.39,9.0,4.35,0.27,0.0,69.97,1.63,1.63,515.8617,80.9,1.81,2183.0,126.94,0.0,1941.0,43.1507,1.27e-05
Fe2V0.85Ti0.15Ga,Fe2.000,V1.000,Ti0.130Ga0.870,547.2999,2.1675000000000004,0.0,0.0,21.856,9.0,0.0,2.25333333333e-05,18.575725,8.0,1.04,130.0,1.7749,8.0,0.0,0.0,0.0,9.0,8.0,0.0,3.0,31.0,4.0,1.54,43.0,5.39,9.0,4.35,0.27,0.0,69.97,1.63,1.63,515.8617,80.9,1.81,2183.0,126.94,0.0,1941.0,34.5205,1.66e-05
Fe2V0.85Ti0.15Ga,Fe2.000,V1.000,Ti0.130Ga0.870,630.7351,2.1675000000000004,0.0,0.0,21.856,9.0,0.0,2.25333333333e-05,18.575725,8.0,1.04,130.0,1.7749,8.0,0.0,0.0,0.0,9.0,8.0,0.0,3.0,31.0,4.0,1.54,43.0,5.39,9.0,4.35,0.27,0.0,69.97,1.63,1.63,515.8617,80.9,1.81,2183.0,126.94,0.0,1941.0,25.1059,1.95e-05
Fe2V0.85Ti0.15Ga,Fe2.000,V1.000,Ti0.130Ga0.870,699.7604,2.1675000000000004,0.0,0.0,21.856,9.0,0.0,2.25333333333e-05,18.575725,8.0,1.04,130.0,1.7749,8.0,0.0,0.0,0.0,9.0,8.0,0.0,3.0,31.0,4.0,1.54,43.0,5.39,9.0,4.35,0.27,0.0,69.97,1.63,1.63,515.8617,80.9,1.81,2183.0,126.94,0.0,1941.0,17.1731,2.11e-05
Fe2V0.80Ti0.20Ga,Fe2.000,V0.800Ti0.200,Ga1.000,297.181,0.0,0.0,2.25333333333e-05,0.0,0.0,35.0,0.0,18.8575,0.0,0.0,0.0,1.81,0.0,0.0,4.50666666666e-06,0.0,0.0,5.0,2.25333333333e-05,0.0,0.0,13.0,1.81,74.0,5.0,0.0,5.0,0.0,0.0899999999999998,74.0,1.612,1.54,302.91,64.0,1.81,2134.6000000000004,122.0,0.0,302.91,45.5044,7.95e-06
Fe2V0.80Ti0.20Ga,Fe2.000,V0.800Ti0.200,Ga1.000,366.8016,0.0,0.0,2.25333333333e-05,0.0,0.0,35.0,0.0,18.8575,0.0,0.0,0.0,1.81,0.0,0.0,4.50666666666e-06,0.0,0.0,5.0,2.25333333333e-05,0.0,0.0,13.0,1.81,74.0,5.0,0.0,5.0,0.0,0.0899999999999998,74.0,1.612,1.54,302.91,64.0,1.81,2134.6000000000004,122.0,0.0,302.91,52.5654,9.94e-06
Fe2V0.80Ti0.20Ga,Fe2.000,V0.800Ti0.200,Ga1.000,428.9068,0.0,0.0,2.25333333333e-05,0.0,0.0,35.0,0.0,18.8575,0.0,0.0,0.0,1.81,0.0,0.0,4.50666666666e-06,0.0,0.0,5.0,2.25333333333e-05,0.0,0.0,13.0,1.81,74.0,5.0,0.0,5.0,0.0,0.0899999999999998,74.0,1.612,1.54,302.91,64.0,1.81,2134.6000000000004,122.0,0.0,302.91,54.0473,1.2e-05
Fe2V0.80Ti0.20Ga,Fe2.000,V0.800Ti0.200,Ga1.000,503.1935,0.0,0.0,2.25333333333e-05,0.0,0.0,35.0,0.0,18.8575,0.0,0.0,0.0,1.81,0.0,0.0,4.50666666666e-06,0.0,0.0,5.0,2.25333333333e-05,0.0,0.0,13.0,1.81,74.0,5.0,0.0,5.0,0.0,0.0899999999999998,74.0,1.612,1.54,302.91,64.0,1.81,2134.6000000000004,122.0,0.0,302.91,49.9502,1.46e-05
Fe2V0.80Ti0.20Ga,Fe2.000,V0.800Ti0.200,Ga1.000,606.3342,0.0,0.0,2.25333333333e-05,0.0,0.0,35.0,0.0,18.8575,0.0,0.0,0.0,1.81,0.0,0.0,4.50666666666e-06,0.0,0.0,5.0,2.25333333333e-05,0.0,0.0,13.0,1.81,74.0,5.0,0.0,5.0,0.0,0.0899999999999998,74.0,1.612,1.54,302.91,64.0,1.81,2134.6000000000004,122.0,0.0,302.91,39.7509,1.81e-05
Fe2V0.80Ti0.20Ga,Fe2.000,V0.800Ti0.200,Ga1.000,701.1566,0.0,0.0,2.25333333333e-05,0.0,0.0,35.0,0.0,18.8575,0.0,0.0,0.0,1.81,0.0,0.0,4.50666666666e-06,0.0,0.0,5.0,2.25333333333e-05,0.0,0.0,13.0,1.81,74.0,5.0,0.0,5.0,0.0,0.0899999999999998,74.0,1.612,1.54,302.91,64.0,1.81,2134.6000000000004,122.0,0.0,302.91,28.1569,2.02e-05
Fe2V0.75Ti0.25Ga,Fe2.000,V0.750Ti0.250,Ga1.000,295.0328,0.0,0.0,2.25333333333e-05,0.0,0.0,35.0,0.0,18.8575,0.0,0.0,0.0,1.81,0.0,0.0,5.633333333325e-06,0.0,0.0,5.0,2.25333333333e-05,0.0,0.0,13.0,1.81,74.0,5.0,0.0,5.0,0.0,0.0899999999999998,74.0,1.6075,1.54,302.91,64.0,1.81,2122.5,122.0,0.0,302.91,33.9975,8.38e-06
Fe2V0.75Ti0.25Ga,Fe2.000,V0.750Ti0.250,Ga1.000,380.5342,0.0,0.0,2.25333333333e-05,0.0,0.0,35.0,0.0,18.8575,0.0,0.0,0.0,1.81,0.0,0.0,5.633333333325e-06,0.0,0.0,5.0,2.25333333333e-05,0.0,0.0,13.0,1.81,74.0,5.0,0.0,5.0,0.0,0.0899999999999998,74.0,1.6075,1.54,302.91,64.0,1.81,2122.5,122.0,0.0,302.91,43.6737,1.06e-05
Fe2V0.75Ti0.25Ga,Fe2.000,V0.750Ti0.250,Ga1.000,465.3459,0.0,0.0,2.25333333333e-05,0.0,0.0,35.0,0.0,18.8575,0.0,0.0,0.0,1.81,0.0,0.0,5.633333333325e-06,0.0,0.0,5.0,2.25333333333e-05,0.0,0.0,13.0,1.81,74.0,5.0,0.0,5.0,0.0,0.0899999999999998,74.0,1.6075,1.54,302.91,64.0,1.81,2122.5,122.0,0.0,302.91,47.0735,1.37e-05
Fe2V0.75Ti0.25Ga,Fe2.000,V0.750Ti0.250,Ga1.000,550.9859,0.0,0.0,2.25333333333e-05,0.0,0.0,35.0,0.0,18.8575,0.0,0.0,0.0,1.81,0.0,0.0,5.633333333325e-06,0.0,0.0,5.0,2.25333333333e-05,0.0,0.0,13.0,1.81,74.0,5.0,0.0,5.0,0.0,0.0899999999999998,74.0,1.6075,1.54,302.91,64.0,1.81,2122.5,122.0,0.0,302.91,43.9352,1.69e-05
Fe2V0.75Ti0.25Ga,Fe2.000,V0.750Ti0.250,Ga1.000,622.2697,0.0,0.0,2.25333333333e-05,0.0,0.0,35.0,0.0,18.8575,0.0,0.0,0.0,1.81,0.0,0.0,5.633333333325e-06,0.0,0.0,5.0,2.25333333333e-05,0.0,0.0,13.0,1.81,74.0,5.0,0.0,5.0,0.0,0.0899999999999998,74.0,1.6075,1.54,302.91,64.0,1.81,2122.5,122.0,0.0,302.91,37.3101,1.93e-05
Fe2V0.75Ti0.25Ga,Fe2.000,V0.750Ti0.250,Ga1.000,701.1651,0.0,0.0,2.25333333333e-05,0.0,0.0,35.0,0.0,18.8575,0.0,0.0,0.0,1.81,0.0,0.0,5.633333333325e-06,0.0,0.0,5.0,2.25333333333e-05,0.0,0.0,13.0,1.81,74.0,5.0,0.0,5.0,0.0,0.0899999999999998,74.0,1.6075,1.54,302.91,64.0,1.81,2122.5,122.0,0.0,302.91,27.3724,2.12e-05
Fe2TiSn,Fe2.000,Ti1.000,Sn1.000,301.2263,0.0,0.0,0.0,0.0,0.0,0.0,0.0,33.285,0.0,0.0,0.0,1.96,0.0,0.0,2.25333333333e-05,0.0,0.0,4.0,2.25333333333e-05,0.0,0.0,14.0,1.96,80.0,4.0,0.0,4.0,0.0,0.0,80.0,1.54,1.54,505.08,141.0,1.96,1941.0,139.0,0.0,505.08,34.3551,4.86e-06
Fe2TiSn,Fe2.000,Ti1.000,Sn1.000,373.9721,0.0,0.0,0.0,0.0,0.0,0.0,0.0,33.285,0.0,0.0,0.0,1.96,0.0,0.0,2.25333333333e-05,0.0,0.0,4.0,2.25333333333e-05,0.0,0.0,14.0,1.96,80.0,4.0,0.0,4.0,0.0,0.0,80.0,1.54,1.54,505.08,141.0,1.96,1941.0,139.0,0.0,505.08,20.4876,4.8e-06
Fe2TiSn,Fe2.000,Ti1.000,Sn1.000,498.3221,0.0,0.0,0.0,0.0,0.0,0.0,0.0,33.285,0.0,0.0,0.0,1.96,0.0,0.0,2.25333333333e-05,0.0,0.0,4.0,2.25333333333e-05,0.0,0.0,14.0,1.96,80.0,4.0,0.0,4.0,0.0,0.0,80.0,1.54,1.54,505.08,141.0,1.96,1941.0,139.0,0.0,505.08,9.2073,4.47e-06
Fe2TiSn,Fe2.000,Ti1.000,Sn1.000,649.9582,0.0,0.0,0.0,0.0,0.0,0.0,0.0,33.285,0.0,0.0,0.0,1.96,0.0,0.0,2.25333333333e-05,0.0,0.0,4.0,2.25333333333e-05,0.0,0.0,14.0,1.96,80.0,4.0,0.0,4.0,0.0,0.0,80.0,1.54,1.54,505.08,141.0,1.96,1941.0,139.0,0.0,505.08,2.3589,4.05e-06
Fe2TiSn,Fe2.000,Ti1.000,Sn1.000,826.118,0.0,0.0,0.0,0.0,0.0,0.0,0.0,33.285,0.0,0.0,0.0,1.96,0.0,0.0,2.25333333333e-05,0.0,0.0,4.0,2.25333333333e-05,0.0,0.0,14.0,1.96,80.0,4.0,0.0,4.0,0.0,0.0,80.0,1.54,1.54,505.08,141.0,1.96,1941.0,139.0,0.0,505.08,1.8962,3.73e-06
Fe2TiSn,Fe2.000,Ti1.000,Sn1.000,977.9958,0.0,0.0,0.0,0.0,0.0,0.0,0.0,33.285,0.0,0.0,0.0,1.96,0.0,0.0,2.25333333333e-05,0.0,0.0,4.0,2.25333333333e-05,0.0,0.0,14.0,1.96,80.0,4.0,0.0,4.0,0.0,0.0,80.0,1.54,1.54,505.08,141.0,1.96,1941.0,139.0,0.0,505.08,4.7187,3.58e-06
Fe2Ti0.94V0.06Sn,Fe2.000,Ti1.000,V0.057Sn0.943,297.816,20.275,0.0,0.0,67.76849999999999,27.0,0.0,0.0,32.129324999999994,7.0,0.399,88.0,1.94119,7.0,1.0,2.25333333333e-05,0.0,9.0,7.0,2.25333333333e-05,3.0,34.0,5.0,1.63,46.0,4.170999999999999,9.0,3.772,0.33,0.0,78.062,1.54,1.54,600.7214399999999,146.016,1.96,1941.0,139.798,0.0,2183.0,10.3829,4.67e-06
Fe2Ti0.94V0.06Sn,Fe2.000,Ti1.000,V0.057Sn0.943,475.778,20.275,0.0,0.0,67.76849999999999,27.0,0.0,0.0,32.129324999999994,7.0,0.399,88.0,1.94119,7.0,1.0,2.25333333333e-05,0.0,9.0,7.0,2.25333333333e-05,3.0,34.0,5.0,1.63,46.0,4.170999999999999,9.0,3.772,0.33,0.0,78.062,1.54,1.54,600.7214399999999,146.016,1.96,1941.0,139.798,0.0,2183.0,7.0402,3.91e-06
Fe2Ti0.94V0.06Sn,Fe2.000,Ti1.000,V0.057Sn0.943,626.6493,20.275,0.0,0.0,67.76849999999999,27.0,0.0,0.0,32.129324999999994,7.0,0.399,88.0,1.94119,7.0,1.0,2.25333333333e-05,0.0,9.0,7.0,2.25333333333e-05,3.0,34.0,5.0,1.63,46.0,4.170999999999999,9.0,3.772,0.33,0.0,78.062,1.54,1.54,600.7214399999999,146.016,1.96,1941.0,139.798,0.0,2183.0,7.0845,3.36e-06
Fe2Ti0.94V0.06Sn,Fe2.000,Ti1.000,V0.057Sn0.943,773.7233,20.275,0.0,0.0,67.76849999999999,27.0,0.0,0.0,32.129324999999994,7.0,0.399,88.0,1.94119,7.0,1.0,2.25333333333e-05,0.0,9.0,7.0,2.25333333333e-05,3.0,34.0,5.0,1.63,46.0,4.170999999999999,9.0,3.772,0.33,0.0,78.062,1.54,1.54,600.7214399999999,146.016,1.96,1941.0,139.798,0.0,2183.0,5.173,3.02e-06
Fe2Ti0.94V0.06Sn,Fe2.000,Ti1.000,V0.057Sn0.943,928.3301,20.275,0.0,0.0,67.76849999999999,27.0,0.0,0.0,32.129324999999994,7.0,0.399,88.0,1.94119,7.0,1.0,2.25333333333e-05,0.0,9.0,7.0,2.25333333333e-05,3.0,34.0,5.0,1.63,46.0,4.170999999999999,9.0,3.772,0.33,0.0,78.062,1.54,1.54,600.7214399999999,146.016,1.96,1941.0,139.798,0.0,2183.0,4.7041,2.81e-06
Fe2Ti0.94V0.06Sn,Fe2.000,Ti1.000,V0.057Sn0.943,974.8335,20.275,0.0,0.0,67.76849999999999,27.0,0.0,0.0,32.129324999999994,7.0,0.399,88.0,1.94119,7.0,1.0,2.25333333333e-05,0.0,9.0,7.0,2.25333333333e-05,3.0,34.0,5.0,1.63,46.0,4.170999999999999,9.0,3.772,0.33,0.0,78.062,1.54,1.54,600.7214399999999,146.016,1.96,1941.0,139.798,0.0,2183.0,4.9418,2.77e-06
Fe2Ti0.85V0.15Sn,Fe2.000,Ti1.000,V0.130Sn0.870,298.5346,20.275,0.0,0.0,67.76849999999999,27.0,0.0,0.0,30.649249999999995,7.0,0.91,88.0,1.9171,7.0,1.0,2.25333333333e-05,0.0,9.0,7.0,2.25333333333e-05,3.0,34.0,5.0,1.63,46.0,4.39,9.0,3.48,0.33,0.0,75.58,1.54,1.54,723.2096,152.44,1.96,1941.0,140.82,0.0,2183.0,1.6383,5.9e-06
Fe2Ti0.85V0.15Sn,Fe2.000,Ti1.000,V0.130Sn0.870,427.7088,20.275,0.0,0.0,67.76849999999999,27.0,0.0,0.0,30.649249999999995,7.0,0.91,88.0,1.9171,7.0,1.0,2.25333333333e-05,0.0,9.0,7.0,2.25333333333e-05,3.0,34.0,5.0,1.63,46.0,4.39,9.0,3.48,0.33,0.0,75.58,1.54,1.54,723.2096,152.44,1.96,1941.0,140.82,0.0,2183.0,-4.0851,5.35e-06
Fe2Ti0.85V0.15Sn,Fe2.000,Ti1.000,V0.130Sn0.870,572.9858,20.275,0.0,0.0,67.76849999999999,27.0,0.0,0.0,30.649249999999995,7.0,0.91,88.0,1.9171,7.0,1.0,2.25333333333e-05,0.0,9.0,7.0,2.25333333333e-05,3.0,34.0,5.0,1.63,46.0,4.39,9.0,3.48,0.33,0.0,75.58,1.54,1.54,723.2096,152.44,1.96,1941.0,140.82,0.0,2183.0,-2.9107,4.76e-06
Fe2Ti0.85V0.15Sn,Fe2.000,Ti1.000,V0.130Sn0.870,775.4844,20.275,0.0,0.0,67.76849999999999,27.0,0.0,0.0,30.649249999999995,7.0,0.91,88.0,1.9171,7.0,1.0,2.25333333333e-05,0.0,9.0,7.0,2.25333333333e-05,3.0,34.0,5.0,1.63,46.0,4.39,9.0,3.48,0.33,0.0,75.58,1.54,1.54,723.2096,152.44,1.96,1941.0,140.82,0.0,2183.0,0.6468,4.18e-06
Fe2Ti0.85V0.15Sn,Fe2.000,Ti1.000,V0.130Sn0.870,873.8928,20.275,0.0,0.0,67.76849999999999,27.0,0.0,0.0,30.649249999999995,7.0,0.91,88.0,1.9171,7.0,1.0,2.25333333333e-05,0.0,9.0,7.0,2.25333333333e-05,3.0,34.0,5.0,1.63,46.0,4.39,9.0,3.48,0.33,0.0,75.58,1.54,1.54,723.2096,152.44,1.96,1941.0,140.82,0.0,2183.0,4.0194,3.99e-06
Fe2Ti0.85V0.15Sn,Fe2.000,Ti1.000,V0.130Sn0.870,976.0328,20.275,0.0,0.0,67.76849999999999,27.0,0.0,0.0,30.649249999999995,7.0,0.91,88.0,1.9171,7.0,1.0,2.25333333333e-05,0.0,9.0,7.0,2.25333333333e-05,3.0,34.0,5.0,1.63,46.0,4.39,9.0,3.48,0.33,0.0,75.58,1.54,1.54,723.2096,152.44,1.96,1941.0,140.82,0.0,2183.0,5.0887,3.82e-06
Fe2Ti0.80V0.20Sn,Fe2.000,Ti0.800V0.200,Sn1.000,294.488,0.0,0.0,2.25333333333e-05,0.0,0.0,35.0,0.0,33.285,0.0,0.0,0.0,1.96,0.0,0.0,1.802666666664e-05,0.0,0.0,4.0,2.25333333333e-05,0.0,0.0,14.0,1.96,80.0,4.0,0.0,4.0,0.0,0.0899999999999998,80.0,1.5580000000000005,1.54,505.08,141.0,1.96,1989.4,139.0,0.0,505.08,-10.2971,5.5e-06
Fe2Ti0.80V0.20Sn,Fe2.000,Ti0.800V0.200,Sn1.000,423.8731,0.0,0.0,2.25333333333e-05,0.0,0.0,35.0,0.0,33.285,0.0,0.0,0.0,1.96,0.0,0.0,1.802666666664e-05,0.0,0.0,4.0,2.25333333333e-05,0.0,0.0,14.0,1.96,80.0,4.0,0.0,4.0,0.0,0.0899999999999998,80.0,1.5580000000000005,1.54,505.08,141.0,1.96,1989.4,139.0,0.0,505.08,-7.5841,4.89e-06
Fe2Ti0.80V0.20Sn,Fe2.000,Ti0.800V0.200,Sn1.000,581.4531,0.0,0.0,2.25333333333e-05,0.0,0.0,35.0,0.0,33.285,0.0,0.0,0.0,1.96,0.0,0.0,1.802666666664e-05,0.0,0.0,4.0,2.25333333333e-05,0.0,0.0,14.0,1.96,80.0,4.0,0.0,4.0,0.0,0.0899999999999998,80.0,1.5580000000000005,1.54,505.08,141.0,1.96,1989.4,139.0,0.0,505.08,-1.5707,4.1e-06
Fe2Ti0.80V0.20Sn,Fe2.000,Ti0.800V0.200,Sn1.000,723.0614,0.0,0.0,2.25333333333e-05,0.0,0.0,35.0,0.0,33.285,0.0,0.0,0.0,1.96,0.0,0.0,1.802666666664e-05,0.0,0.0,4.0,2.25333333333e-05,0.0,0.0,14.0,1.96,80.0,4.0,0.0,4.0,0.0,0.0899999999999998,80.0,1.5580000000000005,1.54,505.08,141.0,1.96,1989.4,139.0,0.0,505.08,2.7919,3.62e-06
Fe2Ti0.80V0.20Sn,Fe2.000,Ti0.800V0.200,Sn1.000,872.1022,0.0,0.0,2.25333333333e-05,0.0,0.0,35.0,0.0,33.285,0.0,0.0,0.0,1.96,0.0,0.0,1.802666666664e-05,0.0,0.0,4.0,2.25333333333e-05,0.0,0.0,14.0,1.96,80.0,4.0,0.0,4.0,0.0,0.0899999999999998,80.0,1.5580000000000005,1.54,505.08,141.0,1.96,1989.4,139.0,0.0,505.08,4.5846,3.33e-06
Fe2Ti0.80V0.20Sn,Fe2.000,Ti0.800V0.200,Sn1.000,978.0472,0.0,0.0,2.25333333333e-05,0.0,0.0,35.0,0.0,33.285,0.0,0.0,0.0,1.96,0.0,0.0,1.802666666664e-05,0.0,0.0,4.0,2.25333333333e-05,0.0,0.0,14.0,1.96,80.0,4.0,0.0,4.0,0.0,0.0899999999999998,80.0,1.5580000000000005,1.54,505.08,141.0,1.96,1989.4,139.0,0.0,505.08,6.7763,3.19e-06
Fe2VAl,Fe2.000,V1.000,Al1.000,324.1993,0.0,0.0,0.0,0.0,0.0,0.0,0.0,16.48,0.0,0.0,0.0,1.61,0.0,0.0,0.0,0.0,0.0,5.0,0.0,0.0,0.0,13.0,1.61,73.0,5.0,0.0,5.0,0.0,0.0,73.0,1.63,1.63,933.47,225.0,1.61,2183.0,121.0,0.0,933.47,-126.1005,5.77e-06
Fe2VAl,Fe2.000,V1.000,Al1.000,435.2313,0.0,0.0,0.0,0.0,0.0,0.0,0.0,16.48,0.0,0.0,0.0,1.61,0.0,0.0,0.0,0.0,0.0,5.0,0.0,0.0,0.0,13.0,1.61,73.0,5.0,0.0,5.0,0.0,0.0,73.0,1.63,1.63,933.47,225.0,1.61,2183.0,121.0,0.0,933.47,-80.7177,4.82e-06
Fe2VAl,Fe2.000,V1.000,Al1.000,576.1566,0.0,0.0,0.0,0.0,0.0,0.0,0.0,16.48,0.0,0.0,0.0,1.61,0.0,0.0,0.0,0.0,0.0,5.0,0.0,0.0,0.0,13.0,1.61,73.0,5.0,0.0,5.0,0.0,0.0,73.0,1.63,1.63,933.47,225.0,1.61,2183.0,121.0,0.0,933.47,-42.0335,3.89e-06
Fe2VAl,Fe2.000,V1.000,Al1.000,659.4306,0.0,0.0,0.0,0.0,0.0,0.0,0.0,16.48,0.0,0.0,0.0,1.61,0.0,0.0,0.0,0.0,0.0,5.0,0.0,0.0,0.0,13.0,1.61,73.0,5.0,0.0,5.0,0.0,0.0,73.0,1.63,1.63,933.47,225.0,1.61,2183.0,121.0,0.0,933.47,-27.4641,3.51e-06
Fe2VAl,Fe2.000,V1.000,Al1.000,851.6014,0.0,0.0,0.0,0.0,0.0,0.0,0.0,16.48,0.0,0.0,0.0,1.61,0.0,0.0,0.0,0.0,0.0,5.0,0.0,0.0,0.0,13.0,1.61,73.0,5.0,0.0,5.0,0.0,0.0,73.0,1.63,1.63,933.47,225.0,1.61,2183.0,121.0,0.0,933.47,-17.0813,3.02e-06
Fe1.95VW0.05Al,Fe2.000,V1.000,W0.048Al0.952,317.0819,0.4299999999999997,0.0,0.0,156.8584614,61.0,0.0,0.0,16.45936,6.0,0.288,4.0,1.646,6.0,3.0,0.0,14.0,17.0,6.0,0.0,1.0,22.0,6.0,1.61,51.0,5.048,7.0,4.76,0.7499999999999998,0.0,71.94399999999999,1.63,1.63,1066.02344,225.192,2.36,2183.0,122.968,0.0,3695.0,-93.7799,1.9e-06
Fe1.95VW0.05Al,Fe2.000,V1.000,W0.048Al0.952,417.4377,0.4299999999999997,0.0,0.0,156.8584614,61.0,0.0,0.0,16.45936,6.0,0.288,4.0,1.646,6.0,3.0,0.0,14.0,17.0,6.0,0.0,1.0,22.0,6.0,1.61,51.0,5.048,7.0,4.76,0.7499999999999998,0.0,71.94399999999999,1.63,1.63,1066.02344,225.192,2.36,2183.0,122.968,0.0,3695.0,-108.0144,2.41e-06
Fe1.95VW0.05Al,Fe2.000,V1.000,W0.048Al0.952,517.7936,0.4299999999999997,0.0,0.0,156.8584614,61.0,0.0,0.0,16.45936,6.0,0.288,4.0,1.646,6.0,3.0,0.0,14.0,17.0,6.0,0.0,1.0,22.0,6.0,1.61,51.0,5.048,7.0,4.76,0.7499999999999998,0.0,71.94399999999999,1.63,1.63,1066.02344,225.192,2.36,2183.0,122.968,0.0,3695.0,-105.0,2.84e-06
Fe1.95VW0.05Al,Fe2.000,V1.000,W0.048Al0.952,662.9893,0.4299999999999997,0.0,0.0,156.8584614,61.0,0.0,0.0,16.45936,6.0,0.288,4.0,1.646,6.0,3.0,0.0,14.0,17.0,6.0,0.0,1.0,22.0,6.0,1.61,51.0,5.048,7.0,4.76,0.7499999999999998,0.0,71.94399999999999,1.63,1.63,1066.02344,225.192,2.36,2183.0,122.968,0.0,3695.0,-75.8612,3.08e-06
Fe1.95VW0.05Al,Fe2.000,V1.000,W0.048Al0.952,810.3203,0.4299999999999997,0.0,0.0,156.8584614,61.0,0.0,0.0,16.45936,6.0,0.288,4.0,1.646,6.0,3.0,0.0,14.0,17.0,6.0,0.0,1.0,22.0,6.0,1.61,51.0,5.048,7.0,4.76,0.7499999999999998,0.0,71.94399999999999,1.63,1.63,1066.02344,225.192,2.36,2183.0,122.968,0.0,3695.0,-50.2392,2.91e-06
Fe1.95VW0.05Al,Fe2.000,V1.000,W0.048Al0.952,858.0071,0.4299999999999997,0.0,0.0,156.8584614,61.0,0.0,0.0,16.45936,6.0,0.288,4.0,1.646,6.0,3.0,0.0,14.0,17.0,6.0,0.0,1.0,22.0,6.0,1.61,51.0,5.048,7.0,4.76,0.7499999999999998,0.0,71.94399999999999,1.63,1.63,1066.02344,225.192,2.36,2183.0,122.968,0.0,3695.0,-43.2057,2.82e-06
Fe1.90VW0.10Al,Fe2.000,V1.000,W0.091Al0.909,324.1993,0.4299999999999997,0.0,0.0,156.8584614,61.0,0.0,0.0,16.44087,6.0,0.546,4.0,1.6782500000000002,6.0,3.0,0.0,14.0,17.0,6.0,0.0,1.0,22.0,6.0,1.61,51.0,5.091,7.0,4.545,0.7499999999999998,0.0,70.998,1.63,1.63,1184.76923,225.364,2.36,2183.0,124.731,0.0,3695.0,-126.1005,3.76e-06
Fe1.90VW0.10Al,Fe2.000,V1.000,W0.091Al0.909,423.8434,0.4299999999999997,0.0,0.0,156.8584614,61.0,0.0,0.0,16.44087,6.0,0.546,4.0,1.6782500000000002,6.0,3.0,0.0,14.0,17.0,6.0,0.0,1.0,22.0,6.0,1.61,51.0,5.091,7.0,4.545,0.7499999999999998,0.0,70.998,1.63,1.63,1184.76923,225.364,2.36,2183.0,124.731,0.0,3695.0,-124.4258,4.09e-06
Fe1.90VW0.10Al,Fe2.000,V1.000,W0.091Al0.909,565.4804,0.4299999999999997,0.0,0.0,156.8584614,61.0,0.0,0.0,16.44087,6.0,0.546,4.0,1.6782500000000002,6.0,3.0,0.0,14.0,17.0,6.0,0.0,1.0,22.0,6.0,1.61,51.0,5.091,7.0,4.545,0.7499999999999998,0.0,70.998,1.63,1.63,1184.76923,225.364,2.36,2183.0,124.731,0.0,3695.0,-89.9282,4.23e-06
Fe1.90VW0.10Al,Fe2.000,V1.000,W0.091Al0.909,660.8541,0.4299999999999997,0.0,0.0,156.8584614,61.0,0.0,0.0,16.44087,6.0,0.546,4.0,1.6782500000000002,6.0,3.0,0.0,14.0,17.0,6.0,0.0,1.0,22.0,6.0,1.61,51.0,5.091,7.0,4.545,0.7499999999999998,0.0,70.998,1.63,1.63,1184.76923,225.364,2.36,2183.0,124.731,0.0,3695.0,-66.3158,3.98e-06
Fe1.90VW0.10Al,Fe2.000,V1.000,W0.091Al0.909,853.7367,0.4299999999999997,0.0,0.0,156.8584614,61.0,0.0,0.0,16.44087,6.0,0.546,4.0,1.6782500000000002,6.0,3.0,0.0,14.0,17.0,6.0,0.0,1.0,22.0,6.0,1.61,51.0,5.091,7.0,4.545,0.7499999999999998,0.0,70.998,1.63,1.63,1184.76923,225.364,2.36,2183.0,124.731,0.0,3695.0,-36.1722,3.38e-06
Fe1.85VW0.15Al,Fe2.000,V1.000,W0.130Al0.870,323.4875,0.4299999999999997,0.0,0.0,156.8584614,61.0,0.0,0.0,16.4241,6.0,0.78,4.0,1.7075,6.0,3.0,0.0,14.0,17.0,6.0,0.0,1.0,22.0,6.0,1.61,51.0,5.13,7.0,4.35,0.7499999999999998,0.0,70.14,1.63,1.63,1292.4689,225.52,2.36,2183.0,126.33,0.0,3695.0,-129.9522,4.75e-06
Fe1.85VW0.15Al,Fe2.000,V1.000,W0.130Al0.870,420.2847,0.4299999999999997,0.0,0.0,156.8584614,61.0,0.0,0.0,16.4241,6.0,0.78,4.0,1.7075,6.0,3.0,0.0,14.0,17.0,6.0,0.0,1.0,22.0,6.0,1.61,51.0,5.13,7.0,4.35,0.7499999999999998,0.0,70.14,1.63,1.63,1292.4689,225.52,2.36,2183.0,126.33,0.0,3695.0,-121.5789,4.43e-06
Fe1.85VW0.15Al,Fe2.000,V1.000,W0.130Al0.870,514.2349,0.4299999999999997,0.0,0.0,156.8584614,61.0,0.0,0.0,16.4241,6.0,0.78,4.0,1.7075,6.0,3.0,0.0,14.0,17.0,6.0,0.0,1.0,22.0,6.0,1.61,51.0,5.13,7.0,4.35,0.7499999999999998,0.0,70.14,1.63,1.63,1292.4689,225.52,2.36,2183.0,126.33,0.0,3695.0,-89.7608,4.04e-06
Fe1.85VW0.15Al,Fe2.000,V1.000,W0.130Al0.870,609.6085,0.4299999999999997,0.0,0.0,156.8584614,61.0,0.0,0.0,16.4241,6.0,0.78,4.0,1.7075,6.0,3.0,0.0,14.0,17.0,6.0,0.0,1.0,22.0,6.0,1.61,51.0,5.13,7.0,4.35,0.7499999999999998,0.0,70.14,1.63,1.63,1292.4689,225.52,2.36,2183.0,126.33,0.0,3695.0,-70.3349,3.64e-06
Fe1.85VW0.15Al,Fe2.000,V1.000,W0.130Al0.870,707.8292,0.4299999999999997,0.0,0.0,156.8584614,61.0,0.0,0.0,16.4241,6.0,0.78,4.0,1.7075,6.0,3.0,0.0,14.0,17.0,6.0,0.0,1.0,22.0,6.0,1.61,51.0,5.13,7.0,4.35,0.7499999999999998,0.0,70.14,1.63,1.63,1292.4689,225.52,2.36,2183.0,126.33,0.0,3695.0,-45.5502,3.26e-06
Fe1.85VW0.15Al,Fe2.000,V1.000,W0.130Al0.870,855.8719,0.4299999999999997,0.0,0.0,156.8584614,61.0,0.0,0.0,16.4241,6.0,0.78,4.0,1.7075,6.0,3.0,0.0,14.0,17.0,6.0,0.0,1.0,22.0,6.0,1.61,51.0,5.13,7.0,4.35,0.7499999999999998,0.0,70.14,1.63,1.63,1292.4689,225.52,2.36,2183.0,126.33,0.0,3695.0,-26.6268,2.81e-06
Fe2VAl,Fe2.000,V1.000,Al1.000,83.3879,0.0,0.0,0.0,0.0,0.0,0.0,0.0,16.48,0.0,0.0,0.0,1.61,0.0,0.0,0.0,0.0,0.0,5.0,0.0,0.0,0.0,13.0,1.61,73.0,5.0,0.0,5.0,0.0,0.0,73.0,1.63,1.63,933.47,225.0,1.61,2183.0,121.0,0.0,933.47,53.2973,5.24e-05
Fe2VAl,Fe2.000,V1.000,Al1.000,154.1442,0.0,0.0,0.0,0.0,0.0,0.0,0.0,16.48,0.0,0.0,0.0,1.61,0.0,0.0,0.0,0.0,0.0,5.0,0.0,0.0,0.0,13.0,1.61,73.0,5.0,0.0,5.0,0.0,0.0,73.0,1.63,1.63,933.47,225.0,1.61,2183.0,121.0,0.0,933.47,73.2089,5.1e-05
Fe2VAl,Fe2.000,V1.000,Al1.000,222.7167,0.0,0.0,0.0,0.0,0.0,0.0,0.0,16.48,0.0,0.0,0.0,1.61,0.0,0.0,0.0,0.0,0.0,5.0,0.0,0.0,0.0,13.0,1.61,73.0,5.0,0.0,5.0,0.0,0.0,73.0,1.63,1.63,933.47,225.0,1.61,2183.0,121.0,0.0,933.47,82.6097,4.98e-05
Fe2VAl,Fe2.000,V1.000,Al1.000,303.4724,0.0,0.0,0.0,0.0,0.0,0.0,0.0,16.48,0.0,0.0,0.0,1.61,0.0,0.0,0.0,0.0,0.0,5.0,0.0,0.0,0.0,13.0,1.61,73.0,5.0,0.0,5.0,0.0,0.0,73.0,1.63,1.63,933.47,225.0,1.61,2183.0,121.0,0.0,933.47,87.492,4.91e-05
Fe2V0.94Si0.06Al,Fe2.000,V1.000,Si0.057Al0.943,86.0061,3.960000000000001,0.773,0.0,1.103961399999999,1.0,0.0,0.0,16.70572,0.0,0.0,2.0,1.62653,0.0,0.0,0.0,0.0,1.0,5.0,0.0,1.0,5.0,13.0,1.61,73.0,4.943,1.0,4.943,0.2899999999999998,0.0,73.285,1.63,1.63,976.42121,225.114,1.9,2183.0,120.43,0.044061,1687.0,-93.2678,7.44e-05
Fe2V0.94Si0.06Al,Fe2.000,V1.000,Si0.057Al0.943,142.9032,3.960000000000001,0.773,0.0,1.103961399999999,1.0,0.0,0.0,16.70572,0.0,0.0,2.0,1.62653,0.0,0.0,0.0,0.0,1.0,5.0,0.0,1.0,5.0,13.0,1.61,73.0,4.943,1.0,4.943,0.2899999999999998,0.0,73.285,1.63,1.63,976.42121,225.114,1.9,2183.0,120.43,0.044061,1687.0,-129.5748,7.23e-05
Fe2V0.94Si0.06Al,Fe2.000,V1.000,Si0.057Al0.943,183.8898,3.960000000000001,0.773,0.0,1.103961399999999,1.0,0.0,0.0,16.70572,0.0,0.0,2.0,1.62653,0.0,0.0,0.0,0.0,1.0,5.0,0.0,1.0,5.0,13.0,1.61,73.0,4.943,1.0,4.943,0.2899999999999998,0.0,73.285,1.63,1.63,976.42121,225.114,1.9,2183.0,120.43,0.044061,1687.0,-147.2226,7.48e-05
Fe2V0.94Si0.06Al,Fe2.000,V1.000,Si0.057Al0.943,223.7372,3.960000000000001,0.773,0.0,1.103961399999999,1.0,0.0,0.0,16.70572,0.0,0.0,2.0,1.62653,0.0,0.0,0.0,0.0,1.0,5.0,0.0,1.0,5.0,13.0,1.61,73.0,4.943,1.0,4.943,0.2899999999999998,0.0,73.285,1.63,1.63,976.42121,225.114,1.9,2183.0,120.43,0.044061,1687.0,-153.0027,7.81e-05
Fe2V0.94Si0.06Al,Fe2.000,V1.000,Si0.057Al0.943,272.0242,3.960000000000001,0.773,0.0,1.103961399999999,1.0,0.0,0.0,16.70572,0.0,0.0,2.0,1.62653,0.0,0.0,0.0,0.0,1.0,5.0,0.0,1.0,5.0,13.0,1.61,73.0,4.943,1.0,4.943,0.2899999999999998,0.0,73.285,1.63,1.63,976.42121,225.114,1.9,2183.0,120.43,0.044061,1687.0,-143.2247,7.63e-05
Fe2V0.94Si0.06Al,Fe2.000,V1.000,Si0.057Al0.943,295.2274,3.960000000000001,0.773,0.0,1.103961399999999,1.0,0.0,0.0,16.70572,0.0,0.0,2.0,1.62653,0.0,0.0,0.0,0.0,1.0,5.0,0.0,1.0,5.0,13.0,1.61,73.0,4.943,1.0,4.943,0.2899999999999998,0.0,73.285,1.63,1.63,976.42121,225.114,1.9,2183.0,120.43,0.044061,1687.0,-131.7183,7.02e-05
Fe2V0.90Si0.10Al,Fe2.000,V1.000,Si0.091Al0.909,80.3781,3.960000000000001,0.773,0.0,1.103961399999999,1.0,0.0,0.0,16.84036,0.0,0.0,2.0,1.6363900000000002,0.0,0.0,0.0,0.0,1.0,5.0,0.0,1.0,5.0,13.0,1.61,73.0,4.909,1.0,4.909,0.2899999999999998,0.0,73.455,1.63,1.63,1002.04123,225.182,1.9,2183.0,120.09,0.070343,1687.0,-58.5866,1.48e-05
Fe2V0.90Si0.10Al,Fe2.000,V1.000,Si0.091Al0.909,134.6543,3.960000000000001,0.773,0.0,1.103961399999999,1.0,0.0,0.0,16.84036,0.0,0.0,2.0,1.6363900000000002,0.0,0.0,0.0,0.0,1.0,5.0,0.0,1.0,5.0,13.0,1.61,73.0,4.909,1.0,4.909,0.2899999999999998,0.0,73.455,1.63,1.63,1002.04123,225.182,1.9,2183.0,120.09,0.070343,1687.0,-80.7486,1.65e-05
Fe2V0.90Si0.10Al,Fe2.000,V1.000,Si0.091Al0.909,195.5603,3.960000000000001,0.773,0.0,1.103961399999999,1.0,0.0,0.0,16.84036,0.0,0.0,2.0,1.6363900000000002,0.0,0.0,0.0,0.0,1.0,5.0,0.0,1.0,5.0,13.0,1.61,73.0,4.909,1.0,4.909,0.2899999999999998,0.0,73.455,1.63,1.63,1002.04123,225.182,1.9,2183.0,120.09,0.070343,1687.0,-99.6883,2.13e-05
Fe2V0.90Si0.10Al,Fe2.000,V1.000,Si0.091Al0.909,254.2445,3.960000000000001,0.773,0.0,1.103961399999999,1.0,0.0,0.0,16.84036,0.0,0.0,2.0,1.6363900000000002,0.0,0.0,0.0,0.0,1.0,5.0,0.0,1.0,5.0,13.0,1.61,73.0,4.909,1.0,4.909,0.2899999999999998,0.0,73.455,1.63,1.63,1002.04123,225.182,1.9,2183.0,120.09,0.070343,1687.0,-115.4404,2.83e-05
Fe2V0.90Si0.10Al,Fe2.000,V1.000,Si0.091Al0.909,305.1636,3.960000000000001,0.773,0.0,1.103961399999999,1.0,0.0,0.0,16.84036,0.0,0.0,2.0,1.6363900000000002,0.0,0.0,0.0,0.0,1.0,5.0,0.0,1.0,5.0,13.0,1.61,73.0,4.909,1.0,4.909,0.2899999999999998,0.0,73.455,1.63,1.63,1002.04123,225.182,1.9,2183.0,120.09,0.070343,1687.0,-123.9169,3.65e-05
Fe2V0.80Si0.20Al,Fe2.000,V0.800Si0.200,Al1.000,78.1198,0.0,0.0,0.0,0.0,0.0,2.0,0.0,16.48,0.0,0.0,0.0,1.61,0.0,0.0,0.0,0.0,0.0,5.0,0.0,0.0,0.0,13.0,1.61,73.0,5.0,0.0,5.0,0.0,0.27,73.0,1.6840000000000002,1.63,933.47,225.0,1.61,2083.8,121.0,0.0,933.47,-42.1571,1.65e-05
Fe2V0.80Si0.20Al,Fe2.000,V0.800Si0.200,Al1.000,142.3462,0.0,0.0,0.0,0.0,0.0,2.0,0.0,16.48,0.0,0.0,0.0,1.61,0.0,0.0,0.0,0.0,0.0,5.0,0.0,0.0,0.0,13.0,1.61,73.0,5.0,0.0,5.0,0.0,0.27,73.0,1.6840000000000002,1.63,933.47,225.0,1.61,2083.8,121.0,0.0,933.47,-61.5404,2.13e-05
Fe2V0.80Si0.20Al,Fe2.000,V0.800Si0.200,Al1.000,216.908,0.0,0.0,0.0,0.0,0.0,2.0,0.0,16.48,0.0,0.0,0.0,1.61,0.0,0.0,0.0,0.0,0.0,5.0,0.0,0.0,0.0,13.0,1.61,73.0,5.0,0.0,5.0,0.0,0.27,73.0,1.6840000000000002,1.63,933.47,225.0,1.61,2083.8,121.0,0.0,933.47,-84.0797,3.25e-05
Fe2V0.80Si0.20Al,Fe2.000,V0.800Si0.200,Al1.000,305.1068,0.0,0.0,0.0,0.0,0.0,2.0,0.0,16.48,0.0,0.0,0.0,1.61,0.0,0.0,0.0,0.0,0.0,5.0,0.0,0.0,0.0,13.0,1.61,73.0,5.0,0.0,5.0,0.0,0.27,73.0,1.6840000000000002,1.63,933.47,225.0,1.61,2083.8,121.0,0.0,933.47,-103.3692,4.72e-05
Fe2VAl,Fe2.000,V1.000,Al1.000,88.0457,0.0,0.0,0.0,0.0,0.0,0.0,0.0,16.48,0.0,0.0,0.0,1.61,0.0,0.0,0.0,0.0,0.0,5.0,0.0,0.0,0.0,13.0,1.61,73.0,5.0,0.0,5.0,0.0,0.0,73.0,1.63,1.63,933.47,225.0,1.61,2183.0,121.0,0.0,933.47,28.2392,5.27e-05
Fe2VAl,Fe2.000,V1.000,Al1.000,131.6919,0.0,0.0,0.0,0.0,0.0,0.0,0.0,16.48,0.0,0.0,0.0,1.61,0.0,0.0,0.0,0.0,0.0,5.0,0.0,0.0,0.0,13.0,1.61,73.0,5.0,0.0,5.0,0.0,0.0,73.0,1.63,1.63,933.47,225.0,1.61,2183.0,121.0,0.0,933.47,43.5216,5.18e-05
Fe2VAl,Fe2.000,V1.000,Al1.000,197.7712,0.0,0.0,0.0,0.0,0.0,0.0,0.0,16.48,0.0,0.0,0.0,1.61,0.0,0.0,0.0,0.0,0.0,5.0,0.0,0.0,0.0,13.0,1.61,73.0,5.0,0.0,5.0,0.0,0.0,73.0,1.63,1.63,933.47,225.0,1.61,2183.0,121.0,0.0,933.47,53.1561,5.06e-05
Fe2VAl,Fe2.000,V1.000,Al1.000,245.5648,0.0,0.0,0.0,0.0,0.0,0.0,0.0,16.48,0.0,0.0,0.0,1.61,0.0,0.0,0.0,0.0,0.0,5.0,0.0,0.0,0.0,13.0,1.61,73.0,5.0,0.0,5.0,0.0,0.0,73.0,1.63,1.63,933.47,225.0,1.61,2183.0,121.0,0.0,933.47,58.1395,4.97e-05
Fe2VAl,Fe2.000,V1.000,Al1.000,301.5934,0.0,0.0,0.0,0.0,0.0,0.0,0.0,16.48,0.0,0.0,0.0,1.61,0.0,0.0,0.0,0.0,0.0,5.0,0.0,0.0,0.0,13.0,1.61,73.0,5.0,0.0,5.0,0.0,0.0,73.0,1.63,1.63,933.47,225.0,1.61,2183.0,121.0,0.0,933.47,58.4718,4.86e-05
Fe2V0.95Sn0.05Al,Fe2.000,V1.000,Sn0.048Al0.952,80.2474,16.804999999999996,0.0,0.0,91.7284614,37.0,0.0,0.0,17.28664,0.0,0.0,84.0,1.6268,0.0,2.0,0.0,0.0,11.0,5.0,0.0,1.0,7.0,13.0,1.61,73.0,4.952,1.0,4.952,0.3499999999999998,0.0,73.336,1.63,1.63,912.90728,220.968,1.96,2183.0,121.864,0.0,933.47,-84.0532,8.47e-05
Fe2V0.95Sn0.05Al,Fe2.000,V1.000,Sn0.048Al0.952,127.4366,16.804999999999996,0.0,0.0,91.7284614,37.0,0.0,0.0,17.28664,0.0,0.0,84.0,1.6268,0.0,2.0,0.0,0.0,11.0,5.0,0.0,1.0,7.0,13.0,1.61,73.0,4.952,1.0,4.952,0.3499999999999998,0.0,73.336,1.63,1.63,912.90728,220.968,1.96,2183.0,121.864,0.0,933.47,-117.2757,8.96e-05
Fe2V0.95Sn0.05Al,Fe2.000,V1.000,Sn0.048Al0.952,170.4587,16.804999999999996,0.0,0.0,91.7284614,37.0,0.0,0.0,17.28664,0.0,0.0,84.0,1.6268,0.0,2.0,0.0,0.0,11.0,5.0,0.0,1.0,7.0,13.0,1.61,73.0,4.952,1.0,4.952,0.3499999999999998,0.0,73.336,1.63,1.63,912.90728,220.968,1.96,2183.0,121.864,0.0,933.47,-134.8837,9.35e-05
Fe2V0.95Sn0.05Al,Fe2.000,V1.000,Sn0.048Al0.952,203.7266,16.804999999999996,0.0,0.0,91.7284614,37.0,0.0,0.0,17.28664,0.0,0.0,84.0,1.6268,0.0,2.0,0.0,0.0,11.0,5.0,0.0,1.0,7.0,13.0,1.61,73.0,4.952,1.0,4.952,0.3499999999999998,0.0,73.336,1.63,1.63,912.90728,220.968,1.96,2183.0,121.864,0.0,933.47,-141.196,9.49e-05
Fe2V0.95Sn0.05Al,Fe2.000,V1.000,Sn0.048Al0.952,257.493,16.804999999999996,0.0,0.0,91.7284614,37.0,0.0,0.0,17.28664,0.0,0.0,84.0,1.6268,0.0,2.0,0.0,0.0,11.0,5.0,0.0,1.0,7.0,13.0,1.61,73.0,4.952,1.0,4.952,0.3499999999999998,0.0,73.336,1.63,1.63,912.90728,220.968,1.96,2183.0,121.864,0.0,933.47,-135.2159,9.13e-05
Fe2V0.95Sn0.05Al,Fe2.000,V1.000,Sn0.048Al0.952,301.1367,16.804999999999996,0.0,0.0,91.7284614,37.0,0.0,0.0,17.28664,0.0,0.0,84.0,1.6268,0.0,2.0,0.0,0.0,11.0,5.0,0.0,1.0,7.0,13.0,1.61,73.0,4.952,1.0,4.952,0.3499999999999998,0.0,73.336,1.63,1.63,912.90728,220.968,1.96,2183.0,121.864,0.0,933.47,-119.2691,8.59e-05
Fe2V0.90Sn0.10Al,Fe2.000,V1.000,Sn0.091Al0.909,88.011,16.804999999999996,0.0,0.0,91.7284614,37.0,0.0,0.0,18.009255,0.0,0.0,84.0,1.6418500000000005,0.0,2.0,0.0,0.0,11.0,5.0,0.0,1.0,7.0,13.0,1.61,73.0,4.909,1.0,4.909,0.3499999999999998,0.0,73.637,1.63,1.63,894.4865100000001,217.356,1.96,2183.0,122.638,0.0,933.47,-62.4585,3.74e-05
Fe2V0.90Sn0.10Al,Fe2.000,V1.000,Sn0.091Al0.909,141.1556,16.804999999999996,0.0,0.0,91.7284614,37.0,0.0,0.0,18.009255,0.0,0.0,84.0,1.6418500000000005,0.0,2.0,0.0,0.0,11.0,5.0,0.0,1.0,7.0,13.0,1.61,73.0,4.909,1.0,4.909,0.3499999999999998,0.0,73.637,1.63,1.63,894.4865100000001,217.356,1.96,2183.0,122.638,0.0,933.47,-90.0332,4.15e-05
Fe2V0.90Sn0.10Al,Fe2.000,V1.000,Sn0.091Al0.909,209.2577,16.804999999999996,0.0,0.0,91.7284614,37.0,0.0,0.0,18.009255,0.0,0.0,84.0,1.6418500000000005,0.0,2.0,0.0,0.0,11.0,5.0,0.0,1.0,7.0,13.0,1.61,73.0,4.909,1.0,4.909,0.3499999999999998,0.0,73.637,1.63,1.63,894.4865100000001,217.356,1.96,2183.0,122.638,0.0,933.47,-121.9269,4.64e-05
Fe2V0.90Sn0.10Al,Fe2.000,V1.000,Sn0.091Al0.909,254.5271,16.804999999999996,0.0,0.0,91.7284614,37.0,0.0,0.0,18.009255,0.0,0.0,84.0,1.6418500000000005,0.0,2.0,0.0,0.0,11.0,5.0,0.0,1.0,7.0,13.0,1.61,73.0,4.909,1.0,4.909,0.3499999999999998,0.0,73.637,1.63,1.63,894.4865100000001,217.356,1.96,2183.0,122.638,0.0,933.47,-141.196,4.94e-05
Fe2V0.90Sn0.10Al,Fe2.000,V1.000,Sn0.091Al0.909,300.1241,16.804999999999996,0.0,0.0,91.7284614,37.0,0.0,0.0,18.009255,0.0,0.0,84.0,1.6418500000000005,0.0,2.0,0.0,0.0,11.0,5.0,0.0,1.0,7.0,13.0,1.61,73.0,4.909,1.0,4.909,0.3499999999999998,0.0,73.637,1.63,1.63,894.4865100000001,217.356,1.96,2183.0,122.638,0.0,933.47,-148.1728,5.22e-05
Fe2V0.80Sn0.20Al,Fe2.000,V0.800Sn0.200,Al1.000,80.41,0.0,0.0,0.0,0.0,0.0,88.0,0.0,16.48,0.0,0.0,0.0,1.61,0.0,0.0,0.0,0.0,0.0,5.0,0.0,0.0,0.0,13.0,1.61,73.0,5.0,0.0,5.0,0.0,0.33,73.0,1.6960000000000002,1.63,933.47,225.0,1.61,1847.416,121.0,0.0,933.47,-27.5748,1.62e-05
Fe2V0.80Sn0.20Al,Fe2.000,V0.800Sn0.200,Al1.000,143.2379,0.0,0.0,0.0,0.0,0.0,88.0,0.0,16.48,0.0,0.0,0.0,1.61,0.0,0.0,0.0,0.0,0.0,5.0,0.0,0.0,0.0,13.0,1.61,73.0,5.0,0.0,5.0,0.0,0.33,73.0,1.6960000000000002,1.63,933.47,225.0,1.61,1847.416,121.0,0.0,933.47,-47.5083,2.04e-05
Fe2V0.80Sn0.20Al,Fe2.000,V0.800Sn0.200,Al1.000,204.5531,0.0,0.0,0.0,0.0,0.0,88.0,0.0,16.48,0.0,0.0,0.0,1.61,0.0,0.0,0.0,0.0,0.0,5.0,0.0,0.0,0.0,13.0,1.61,73.0,5.0,0.0,5.0,0.0,0.33,73.0,1.6960000000000002,1.63,933.47,225.0,1.61,1847.416,121.0,0.0,933.47,-62.4585,2.38e-05
Fe2V0.80Sn0.20Al,Fe2.000,V0.800Sn0.200,Al1.000,299.8771,0.0,0.0,0.0,0.0,0.0,88.0,0.0,16.48,0.0,0.0,0.0,1.61,0.0,0.0,0.0,0.0,0.0,5.0,0.0,0.0,0.0,13.0,1.61,73.0,5.0,0.0,5.0,0.0,0.33,73.0,1.6960000000000002,1.63,933.47,225.0,1.61,1847.416,121.0,0.0,933.47,-82.0598,2.74e-05
Fe2VAl,Fe2.000,V1.000,Al1.000,141.3428,0.0,0.0,0.0,0.0,0.0,0.0,0.0,16.48,0.0,0.0,0.0,1.61,0.0,0.0,0.0,0.0,0.0,5.0,0.0,0.0,0.0,13.0,1.61,73.0,5.0,0.0,5.0,0.0,0.0,73.0,1.63,1.63,933.47,225.0,1.61,2183.0,121.0,0.0,933.47,13.4213,0.00017
Fe2VAl,Fe2.000,V1.000,Al1.000,287.3969,0.0,0.0,0.0,0.0,0.0,0.0,0.0,16.48,0.0,0.0,0.0,1.61,0.0,0.0,0.0,0.0,0.0,5.0,0.0,0.0,0.0,13.0,1.61,73.0,5.0,0.0,5.0,0.0,0.0,73.0,1.63,1.63,933.47,225.0,1.61,2183.0,121.0,0.0,933.47,30.72,8.08e-05
Fe2VAl,Fe2.000,V1.000,Al1.000,358.0683,0.0,0.0,0.0,0.0,0.0,0.0,0.0,16.48,0.0,0.0,0.0,1.61,0.0,0.0,0.0,0.0,0.0,5.0,0.0,0.0,0.0,13.0,1.61,73.0,5.0,0.0,5.0,0.0,0.0,73.0,1.63,1.63,933.47,225.0,1.61,2183.0,121.0,0.0,933.47,35.4277,5.81e-05
Fe2VAl,Fe2.000,V1.000,Al1.000,401.4134,0.0,0.0,0.0,0.0,0.0,0.0,0.0,16.48,0.0,0.0,0.0,1.61,0.0,0.0,0.0,0.0,0.0,5.0,0.0,0.0,0.0,13.0,1.61,73.0,5.0,0.0,5.0,0.0,0.0,73.0,1.63,1.63,933.47,225.0,1.61,2183.0,121.0,0.0,933.47,36.4648,4.89e-05
Fe2VAl,Fe2.000,V1.000,Al1.000,507.8916,0.0,0.0,0.0,0.0,0.0,0.0,0.0,16.48,0.0,0.0,0.0,1.61,0.0,0.0,0.0,0.0,0.0,5.0,0.0,0.0,0.0,13.0,1.61,73.0,5.0,0.0,5.0,0.0,0.0,73.0,1.63,1.63,933.47,225.0,1.61,2183.0,121.0,0.0,933.47,16.7177,3.68e-05
Fe2VAl,Fe2.000,V1.000,Al1.000,601.1779,0.0,0.0,0.0,0.0,0.0,0.0,0.0,16.48,0.0,0.0,0.0,1.61,0.0,0.0,0.0,0.0,0.0,5.0,0.0,0.0,0.0,13.0,1.61,73.0,5.0,0.0,5.0,0.0,0.0,73.0,1.63,1.63,933.47,225.0,1.61,2183.0,121.0,0.0,933.47,2.2315,3.28e-05
Fe2VTa0.03Al0.97,Fe2.000,V1.000,Ta0.030Al0.970,100.8245,1.6400000000000006,0.0,0.0,153.9663414,60.0,0.0,0.0,16.5292,7.0,0.21,4.0,1.6067,7.0,3.0,0.0,14.0,16.0,7.0,0.0,2.0,25.0,5.0,1.5,48.0,5.06,8.0,4.85,0.1100000000000001,0.0,72.25,1.63,1.63,1004.1659,225.12,1.61,2183.0,122.46999999999998,0.0,3290.0,-88.0172,2.88e-05
Fe2VTa0.03Al0.97,Fe2.000,V1.000,Ta0.030Al0.970,192.2261,1.6400000000000006,0.0,0.0,153.9663414,60.0,0.0,0.0,16.5292,7.0,0.21,4.0,1.6067,7.0,3.0,0.0,14.0,16.0,7.0,0.0,2.0,25.0,5.0,1.5,48.0,5.06,8.0,4.85,0.1100000000000001,0.0,72.25,1.63,1.63,1004.1659,225.12,1.61,2183.0,122.46999999999998,0.0,3290.0,-130.6254,3.72e-05
Fe2VTa0.03Al0.97,Fe2.000,V1.000,Ta0.030Al0.970,262.8975,1.6400000000000006,0.0,0.0,153.9663414,60.0,0.0,0.0,16.5292,7.0,0.21,4.0,1.6067,7.0,3.0,0.0,14.0,16.0,7.0,0.0,2.0,25.0,5.0,1.5,48.0,5.06,8.0,4.85,0.1100000000000001,0.0,72.25,1.63,1.63,1004.1659,225.12,1.61,2183.0,122.46999999999998,0.0,3290.0,-155.3545,4.36e-05
Fe2VTa0.03Al0.97,Fe2.000,V1.000,Ta0.030Al0.970,336.3958,1.6400000000000006,0.0,0.0,153.9663414,60.0,0.0,0.0,16.5292,7.0,0.21,4.0,1.6067,7.0,3.0,0.0,14.0,16.0,7.0,0.0,2.0,25.0,5.0,1.5,48.0,5.06,8.0,4.85,0.1100000000000001,0.0,72.25,1.63,1.63,1004.1659,225.12,1.61,2183.0,122.46999999999998,0.0,3290.0,-164.5777,4.78e-05
Fe2VTa0.03Al0.97,Fe2.000,V1.000,Ta0.030Al0.970,418.3746,1.6400000000000006,0.0,0.0,153.9663414,60.0,0.0,0.0,16.5292,7.0,0.21,4.0,1.6067,7.0,3.0,0.0,14.0,16.0,7.0,0.0,2.0,25.0,5.0,1.5,48.0,5.06,8.0,4.85,0.1100000000000001,0.0,72.25,1.63,1.63,1004.1659,225.12,1.61,2183.0,122.46999999999998,0.0,3290.0,-147.2579,4.75e-05
Fe2VTa0.03Al0.97,Fe2.000,V1.000,Ta0.030Al0.970,513.5453,1.6400000000000006,0.0,0.0,153.9663414,60.0,0.0,0.0,16.5292,7.0,0.21,4.0,1.6067,7.0,3.0,0.0,14.0,16.0,7.0,0.0,2.0,25.0,5.0,1.5,48.0,5.06,8.0,4.85,0.1100000000000001,0.0,72.25,1.63,1.63,1004.1659,225.12,1.61,2183.0,122.46999999999998,0.0,3290.0,-97.8774,4.2e-05
Fe2VTa0.03Al0.97,Fe2.000,V1.000,Ta0.030Al0.970,584.2167,1.6400000000000006,0.0,0.0,153.9663414,60.0,0.0,0.0,16.5292,7.0,0.21,4.0,1.6067,7.0,3.0,0.0,14.0,16.0,7.0,0.0,2.0,25.0,5.0,1.5,48.0,5.06,8.0,4.85,0.1100000000000001,0.0,72.25,1.63,1.63,1004.1659,225.12,1.61,2183.0,122.46999999999998,0.0,3290.0,-76.3487,3.83e-05
Fe2VTa0.03Al0.97,Fe2.000,V1.000,Ta0.030Al0.970,701.0601,1.6400000000000006,0.0,0.0,153.9663414,60.0,0.0,0.0,16.5292,7.0,0.21,4.0,1.6067,7.0,3.0,0.0,14.0,16.0,7.0,0.0,2.0,25.0,5.0,1.5,48.0,5.06,8.0,4.85,0.1100000000000001,0.0,72.25,1.63,1.63,1004.1659,225.12,1.61,2183.0,122.46999999999998,0.0,3290.0,-52.2069,3.45e-05
Fe2VTa0.05Al0.95,Fe2.000,V1.000,Ta0.050Al0.950,96.1131,1.6400000000000006,0.0,0.0,153.9663414,60.0,0.0,0.0,16.561999999999998,7.0,0.35,4.0,1.6045,7.0,3.0,0.0,14.0,16.0,7.0,0.0,2.0,25.0,5.0,1.5,48.0,5.1,8.0,4.75,0.1100000000000001,0.0,71.75,1.63,1.63,1051.2965,225.2,1.61,2183.0,123.45,0.0,3290.0,-63.5726,1.67e-05
Fe2VTa0.05Al0.95,Fe2.000,V1.000,Ta0.050Al0.950,230.8598,1.6400000000000006,0.0,0.0,153.9663414,60.0,0.0,0.0,16.561999999999998,7.0,0.35,4.0,1.6045,7.0,3.0,0.0,14.0,16.0,7.0,0.0,2.0,25.0,5.0,1.5,48.0,5.1,8.0,4.75,0.1100000000000001,0.0,71.75,1.63,1.63,1051.2965,225.2,1.61,2183.0,123.45,0.0,3290.0,-114.3428,2.56e-05
Fe2VTa0.05Al0.95,Fe2.000,V1.000,Ta0.050Al0.950,307.1849,1.6400000000000006,0.0,0.0,153.9663414,60.0,0.0,0.0,16.561999999999998,7.0,0.35,4.0,1.6045,7.0,3.0,0.0,14.0,16.0,7.0,0.0,2.0,25.0,5.0,1.5,48.0,5.1,8.0,4.75,0.1100000000000001,0.0,71.75,1.63,1.63,1051.2965,225.2,1.61,2183.0,123.45,0.0,3290.0,-140.9135,3.15e-05
Fe2VTa0.05Al0.95,Fe2.000,V1.000,Ta0.050Al0.950,353.3569,1.6400000000000006,0.0,0.0,153.9663414,60.0,0.0,0.0,16.561999999999998,7.0,0.35,4.0,1.6045,7.0,3.0,0.0,14.0,16.0,7.0,0.0,2.0,25.0,5.0,1.5,48.0,5.1,8.0,4.75,0.1100000000000001,0.0,71.75,1.63,1.63,1051.2965,225.2,1.61,2183.0,123.45,0.0,3290.0,-148.2879,3.5e-05
Fe2VTa0.05Al0.95,Fe2.000,V1.000,Ta0.050Al0.950,425.9128,1.6400000000000006,0.0,0.0,153.9663414,60.0,0.0,0.0,16.561999999999998,7.0,0.35,4.0,1.6045,7.0,3.0,0.0,14.0,16.0,7.0,0.0,2.0,25.0,5.0,1.5,48.0,5.1,8.0,4.75,0.1100000000000001,0.0,71.75,1.63,1.63,1051.2965,225.2,1.61,2183.0,123.45,0.0,3290.0,-153.5683,3.94e-05
Fe2VTa0.05Al0.95,Fe2.000,V1.000,Ta0.050Al0.950,468.3157,1.6400000000000006,0.0,0.0,153.9663414,60.0,0.0,0.0,16.561999999999998,7.0,0.35,4.0,1.6045,7.0,3.0,0.0,14.0,16.0,7.0,0.0,2.0,25.0,5.0,1.5,48.0,5.1,8.0,4.75,0.1100000000000001,0.0,71.75,1.63,1.63,1051.2965,225.2,1.61,2183.0,123.45,0.0,3290.0,-150.6911,4.06e-05
Fe2VTa0.05Al0.95,Fe2.000,V1.000,Ta0.050Al0.950,587.9859,1.6400000000000006,0.0,0.0,153.9663414,60.0,0.0,0.0,16.561999999999998,7.0,0.35,4.0,1.6045,7.0,3.0,0.0,14.0,16.0,7.0,0.0,2.0,25.0,5.0,1.5,48.0,5.1,8.0,4.75,0.1100000000000001,0.0,71.75,1.63,1.63,1051.2965,225.2,1.61,2183.0,123.45,0.0,3290.0,-122.3449,3.94e-05
Fe2VTa0.05Al0.95,Fe2.000,V1.000,Ta0.050Al0.950,702.9446,1.6400000000000006,0.0,0.0,153.9663414,60.0,0.0,0.0,16.561999999999998,7.0,0.35,4.0,1.6045,7.0,3.0,0.0,14.0,16.0,7.0,0.0,2.0,25.0,5.0,1.5,48.0,5.1,8.0,4.75,0.1100000000000001,0.0,71.75,1.63,1.63,1051.2965,225.2,1.61,2183.0,123.45,0.0,3290.0,-83.7469,3.64e-05
Fe2VTa0.08Al0.92,Fe2.000,V1.000,Ta0.080Al0.920,98.9399,1.6400000000000006,0.0,0.0,153.9663414,60.0,0.0,0.0,16.6112,7.0,0.56,4.0,1.6012,7.0,3.0,0.0,14.0,16.0,7.0,0.0,2.0,25.0,5.0,1.5,48.0,5.16,8.0,4.6000000000000005,0.1100000000000001,0.0,71.0,1.63,1.63,1121.9924,225.32,1.61,2183.0,124.92,0.0,3290.0,-45.4383,1.45e-05
Fe2VTa0.08Al0.92,Fe2.000,V1.000,Ta0.080Al0.920,259.1284,1.6400000000000006,0.0,0.0,153.9663414,60.0,0.0,0.0,16.6112,7.0,0.56,4.0,1.6012,7.0,3.0,0.0,14.0,16.0,7.0,0.0,2.0,25.0,5.0,1.5,48.0,5.16,8.0,4.6000000000000005,0.1100000000000001,0.0,71.0,1.63,1.63,1121.9924,225.32,1.61,2183.0,124.92,0.0,3290.0,-96.2169,2.38e-05
Fe2VTa0.08Al0.92,Fe2.000,V1.000,Ta0.080Al0.920,387.2792,1.6400000000000006,0.0,0.0,153.9663414,60.0,0.0,0.0,16.6112,7.0,0.56,4.0,1.6012,7.0,3.0,0.0,14.0,16.0,7.0,0.0,2.0,25.0,5.0,1.5,48.0,5.16,8.0,4.6000000000000005,0.1100000000000001,0.0,71.0,1.63,1.63,1121.9924,225.32,1.61,2183.0,124.92,0.0,3290.0,-128.3241,3.24e-05
Fe2VTa0.08Al0.92,Fe2.000,V1.000,Ta0.080Al0.920,476.7962,1.6400000000000006,0.0,0.0,153.9663414,60.0,0.0,0.0,16.6112,7.0,0.56,4.0,1.6012,7.0,3.0,0.0,14.0,16.0,7.0,0.0,2.0,25.0,5.0,1.5,48.0,5.16,8.0,4.6000000000000005,0.1100000000000001,0.0,71.0,1.63,1.63,1121.9924,225.32,1.61,2183.0,124.92,0.0,3290.0,-137.0268,3.72e-05
Fe2VTa0.08Al0.92,Fe2.000,V1.000,Ta0.080Al0.920,519.1991,1.6400000000000006,0.0,0.0,153.9663414,60.0,0.0,0.0,16.6112,7.0,0.56,4.0,1.6012,7.0,3.0,0.0,14.0,16.0,7.0,0.0,2.0,25.0,5.0,1.5,48.0,5.16,8.0,4.6000000000000005,0.1100000000000001,0.0,71.0,1.63,1.63,1121.9924,225.32,1.61,2183.0,124.92,0.0,3290.0,-137.0407,3.85e-05
Fe2VTa0.08Al0.92,Fe2.000,V1.000,Ta0.080Al0.920,616.2544,1.6400000000000006,0.0,0.0,153.9663414,60.0,0.0,0.0,16.6112,7.0,0.56,4.0,1.6012,7.0,3.0,0.0,14.0,16.0,7.0,0.0,2.0,25.0,5.0,1.5,48.0,5.16,8.0,4.6000000000000005,0.1100000000000001,0.0,71.0,1.63,1.63,1121.9924,225.32,1.61,2183.0,124.92,0.0,3290.0,-115.7835,3.85e-05
Fe2VTa0.08Al0.92,Fe2.000,V1.000,Ta0.080Al0.920,703.8869,1.6400000000000006,0.0,0.0,153.9663414,60.0,0.0,0.0,16.6112,7.0,0.56,4.0,1.6012,7.0,3.0,0.0,14.0,16.0,7.0,0.0,2.0,25.0,5.0,1.5,48.0,5.16,8.0,4.6000000000000005,0.1100000000000001,0.0,71.0,1.63,1.63,1121.9924,225.32,1.61,2183.0,124.92,0.0,3290.0,-91.6321,3.68e-05
Fe2VTa0.12Al0.88,Fe2.000,V1.000,Ta0.120Al0.880,103.6514,1.6400000000000006,0.0,0.0,153.9663414,60.0,0.0,0.0,16.6768,7.0,0.84,4.0,1.5968,7.0,3.0,0.0,14.0,16.0,7.0,0.0,2.0,25.0,5.0,1.5,48.0,5.24,8.0,4.4,0.1100000000000001,0.0,70.0,1.63,1.63,1216.2536,225.48,1.61,2183.0,126.88,0.0,3290.0,-28.356,1.43e-05
Fe2VTa0.12Al0.88,Fe2.000,V1.000,Ta0.120Al0.880,265.7244,1.6400000000000006,0.0,0.0,153.9663414,60.0,0.0,0.0,16.6768,7.0,0.84,4.0,1.5968,7.0,3.0,0.0,14.0,16.0,7.0,0.0,2.0,25.0,5.0,1.5,48.0,5.24,8.0,4.4,0.1100000000000001,0.0,70.0,1.63,1.63,1216.2536,225.48,1.61,2183.0,126.88,0.0,3290.0,-65.9938,2.18e-05
Fe2VTa0.12Al0.88,Fe2.000,V1.000,Ta0.120Al0.880,381.6254,1.6400000000000006,0.0,0.0,153.9663414,60.0,0.0,0.0,16.6768,7.0,0.84,4.0,1.5968,7.0,3.0,0.0,14.0,16.0,7.0,0.0,2.0,25.0,5.0,1.5,48.0,5.24,8.0,4.4,0.1100000000000001,0.0,70.0,1.63,1.63,1216.2536,225.48,1.61,2183.0,126.88,0.0,3290.0,-89.9492,2.84e-05
Fe2VTa0.12Al0.88,Fe2.000,V1.000,Ta0.120Al0.880,493.7574,1.6400000000000006,0.0,0.0,153.9663414,60.0,0.0,0.0,16.6768,7.0,0.84,4.0,1.5968,7.0,3.0,0.0,14.0,16.0,7.0,0.0,2.0,25.0,5.0,1.5,48.0,5.24,8.0,4.4,0.1100000000000001,0.0,70.0,1.63,1.63,1216.2536,225.48,1.61,2183.0,126.88,0.0,3290.0,-101.0249,3.43e-05
Fe2VTa0.12Al0.88,Fe2.000,V1.000,Ta0.120Al0.880,572.9093,1.6400000000000006,0.0,0.0,153.9663414,60.0,0.0,0.0,16.6768,7.0,0.84,4.0,1.5968,7.0,3.0,0.0,14.0,16.0,7.0,0.0,2.0,25.0,5.0,1.5,48.0,5.24,8.0,4.4,0.1100000000000001,0.0,70.0,1.63,1.63,1216.2536,225.48,1.61,2183.0,126.88,0.0,3290.0,-101.5765,3.68e-05
Fe2VTa0.12Al0.88,Fe2.000,V1.000,Ta0.120Al0.880,702.9446,1.6400000000000006,0.0,0.0,153.9663414,60.0,0.0,0.0,16.6768,7.0,0.84,4.0,1.5968,7.0,3.0,0.0,14.0,16.0,7.0,0.0,2.0,25.0,5.0,1.5,48.0,5.24,8.0,4.4,0.1100000000000001,0.0,70.0,1.63,1.63,1216.2536,225.48,1.61,2183.0,126.88,0.0,3290.0,-89.792,3.64e-05
(Fe0.66V0.34)75Al25,Fe2.000,V1.000,Al1.000,90.0344,0.0,0.0,0.0,0.0,0.0,0.0,0.0,16.48,0.0,0.0,0.0,1.61,0.0,0.0,0.0,0.0,0.0,5.0,0.0,0.0,0.0,13.0,1.61,73.0,5.0,0.0,5.0,0.0,0.0,73.0,1.63,1.63,933.47,225.0,1.61,2183.0,121.0,0.0,933.47,16.6099,0.00019
(Fe0.66V0.34)75Al25,Fe2.000,V1.000,Al1.000,176.6323,0.0,0.0,0.0,0.0,0.0,0.0,0.0,16.48,0.0,0.0,0.0,1.61,0.0,0.0,0.0,0.0,0.0,5.0,0.0,0.0,0.0,13.0,1.61,73.0,5.0,0.0,5.0,0.0,0.0,73.0,1.63,1.63,933.47,225.0,1.61,2183.0,121.0,0.0,933.47,24.0058,0.000143
(Fe0.66V0.34)75Al25,Fe2.000,V1.000,Al1.000,288.6598,0.0,0.0,0.0,0.0,0.0,0.0,0.0,16.48,0.0,0.0,0.0,1.61,0.0,0.0,0.0,0.0,0.0,5.0,0.0,0.0,0.0,13.0,1.61,73.0,5.0,0.0,5.0,0.0,0.0,73.0,1.63,1.63,933.47,225.0,1.61,2183.0,121.0,0.0,933.47,27.5051,7.59e-05
(Fe0.66V0.34)75Al25,Fe2.000,V1.000,Al1.000,356.0137,0.0,0.0,0.0,0.0,0.0,0.0,0.0,16.48,0.0,0.0,0.0,1.61,0.0,0.0,0.0,0.0,0.0,5.0,0.0,0.0,0.0,13.0,1.61,73.0,5.0,0.0,5.0,0.0,0.0,73.0,1.63,1.63,933.47,225.0,1.61,2183.0,121.0,0.0,933.47,27.9097,5.37e-05
(Fe0.66V0.34)75Al25,Fe2.000,V1.000,Al1.000,399.3127,0.0,0.0,0.0,0.0,0.0,0.0,0.0,16.48,0.0,0.0,0.0,1.61,0.0,0.0,0.0,0.0,0.0,5.0,0.0,0.0,0.0,13.0,1.61,73.0,5.0,0.0,5.0,0.0,0.0,73.0,1.63,1.63,933.47,225.0,1.61,2183.0,121.0,0.0,933.47,26.7644,4.57e-05
(Fe0.66V0.34)74.7Al25.3,Fe2.000,V1.000,Al1.000,87.9725,0.0,0.0,0.0,0.0,0.0,0.0,0.0,16.48,0.0,0.0,0.0,1.61,0.0,0.0,0.0,0.0,0.0,5.0,0.0,0.0,0.0,13.0,1.61,73.0,5.0,0.0,5.0,0.0,0.0,73.0,1.63,1.63,933.47,225.0,1.61,2183.0,121.0,0.0,933.47,28.4121,5.22e-05
(Fe0.66V0.34)74.7Al25.3,Fe2.000,V1.000,Al1.000,174.5704,0.0,0.0,0.0,0.0,0.0,0.0,0.0,16.48,0.0,0.0,0.0,1.61,0.0,0.0,0.0,0.0,0.0,5.0,0.0,0.0,0.0,13.0,1.61,73.0,5.0,0.0,5.0,0.0,0.0,73.0,1.63,1.63,933.47,225.0,1.61,2183.0,121.0,0.0,933.47,50.9432,4.87e-05
(Fe0.66V0.34)74.7Al25.3,Fe2.000,V1.000,Al1.000,253.6082,0.0,0.0,0.0,0.0,0.0,0.0,0.0,16.48,0.0,0.0,0.0,1.61,0.0,0.0,0.0,0.0,0.0,5.0,0.0,0.0,0.0,13.0,1.61,73.0,5.0,0.0,5.0,0.0,0.0,73.0,1.63,1.63,933.47,225.0,1.61,2183.0,121.0,0.0,933.47,70.1331,4.45e-05
(Fe0.66V0.34)74.7Al25.3,Fe2.000,V1.000,Al1.000,306.5292,0.0,0.0,0.0,0.0,0.0,0.0,0.0,16.48,0.0,0.0,0.0,1.61,0.0,0.0,0.0,0.0,0.0,5.0,0.0,0.0,0.0,13.0,1.61,73.0,5.0,0.0,5.0,0.0,0.0,73.0,1.63,1.63,933.47,225.0,1.61,2183.0,121.0,0.0,933.47,75.6619,4.13e-05
(Fe0.66V0.34)74.7Al25.3,Fe2.000,V1.000,Al1.000,344.3299,0.0,0.0,0.0,0.0,0.0,0.0,0.0,16.48,0.0,0.0,0.0,1.61,0.0,0.0,0.0,0.0,0.0,5.0,0.0,0.0,0.0,13.0,1.61,73.0,5.0,0.0,5.0,0.0,0.0,73.0,1.63,1.63,933.47,225.0,1.61,2183.0,121.0,0.0,933.47,76.0218,3.87e-05
(Fe0.66V0.34)74.7Al25.3,Fe2.000,V1.000,Al1.000,401.3746,0.0,0.0,0.0,0.0,0.0,0.0,0.0,16.48,0.0,0.0,0.0,1.61,0.0,0.0,0.0,0.0,0.0,5.0,0.0,0.0,0.0,13.0,1.61,73.0,5.0,0.0,5.0,0.0,0.0,73.0,1.63,1.63,933.47,225.0,1.61,2183.0,121.0,0.0,933.47,70.6595,3.42e-05
(Fe0.66V0.34)74.5Al25.5,Fe2.000,V1.000,Al1.000,88.6598,0.0,0.0,0.0,0.0,0.0,0.0,0.0,16.48,0.0,0.0,0.0,1.61,0.0,0.0,0.0,0.0,0.0,5.0,0.0,0.0,0.0,13.0,1.61,73.0,5.0,0.0,5.0,0.0,0.0,73.0,1.63,1.63,933.47,225.0,1.61,2183.0,121.0,0.0,933.47,19.0294,2.43e-05
(Fe0.66V0.34)74.5Al25.5,Fe2.000,V1.000,Al1.000,162.8866,0.0,0.0,0.0,0.0,0.0,0.0,0.0,16.48,0.0,0.0,0.0,1.61,0.0,0.0,0.0,0.0,0.0,5.0,0.0,0.0,0.0,13.0,1.61,73.0,5.0,0.0,5.0,0.0,0.0,73.0,1.63,1.63,933.47,225.0,1.61,2183.0,121.0,0.0,933.47,31.2499,2.56e-05
(Fe0.66V0.34)74.5Al25.5,Fe2.000,V1.000,Al1.000,257.732,0.0,0.0,0.0,0.0,0.0,0.0,0.0,16.48,0.0,0.0,0.0,1.61,0.0,0.0,0.0,0.0,0.0,5.0,0.0,0.0,0.0,13.0,1.61,73.0,5.0,0.0,5.0,0.0,0.0,73.0,1.63,1.63,933.47,225.0,1.61,2183.0,121.0,0.0,933.47,56.5177,3.01e-05
(Fe0.66V0.34)74.5Al25.5,Fe2.000,V1.000,Al1.000,314.7766,0.0,0.0,0.0,0.0,0.0,0.0,0.0,16.48,0.0,0.0,0.0,1.61,0.0,0.0,0.0,0.0,0.0,5.0,0.0,0.0,0.0,13.0,1.61,73.0,5.0,0.0,5.0,0.0,0.0,73.0,1.63,1.63,933.47,225.0,1.61,2183.0,121.0,0.0,933.47,69.3176,3.24e-05
(Fe0.66V0.34)74.5Al25.5,Fe2.000,V1.000,Al1.000,360.1375,0.0,0.0,0.0,0.0,0.0,0.0,0.0,16.48,0.0,0.0,0.0,1.61,0.0,0.0,0.0,0.0,0.0,5.0,0.0,0.0,0.0,13.0,1.61,73.0,5.0,0.0,5.0,0.0,0.0,73.0,1.63,1.63,933.47,225.0,1.61,2183.0,121.0,0.0,933.47,72.1106,3.34e-05
(Fe0.66V0.34)74.5Al25.5,Fe2.000,V1.000,Al1.000,397.9381,0.0,0.0,0.0,0.0,0.0,0.0,0.0,16.48,0.0,0.0,0.0,1.61,0.0,0.0,0.0,0.0,0.0,5.0,0.0,0.0,0.0,13.0,1.61,73.0,5.0,0.0,5.0,0.0,0.0,73.0,1.63,1.63,933.47,225.0,1.61,2183.0,121.0,0.0,933.47,73.0759,3.37e-05
(Fe0.66V0.34)76.4Al24.6,Fe2.000,V1.000,Al1.000,87.9725,0.0,0.0,0.0,0.0,0.0,0.0,0.0,16.48,0.0,0.0,0.0,1.61,0.0,0.0,0.0,0.0,0.0,5.0,0.0,0.0,0.0,13.0,1.61,73.0,5.0,0.0,5.0,0.0,0.0,73.0,1.63,1.63,933.47,225.0,1.61,2183.0,121.0,0.0,933.47,-49.0797,0.000173
(Fe0.66V0.34)76.4Al24.6,Fe2.000,V1.000,Al1.000,140.2062,0.0,0.0,0.0,0.0,0.0,0.0,0.0,16.48,0.0,0.0,0.0,1.61,0.0,0.0,0.0,0.0,0.0,5.0,0.0,0.0,0.0,13.0,1.61,73.0,5.0,0.0,5.0,0.0,0.0,73.0,1.63,1.63,933.47,225.0,1.61,2183.0,121.0,0.0,933.47,-69.5845,0.000152
(Fe0.66V0.34)76.4Al24.6,Fe2.000,V1.000,Al1.000,204.1237,0.0,0.0,0.0,0.0,0.0,0.0,0.0,16.48,0.0,0.0,0.0,1.61,0.0,0.0,0.0,0.0,0.0,5.0,0.0,0.0,0.0,13.0,1.61,73.0,5.0,0.0,5.0,0.0,0.0,73.0,1.63,1.63,933.47,225.0,1.61,2183.0,121.0,0.0,933.47,-87.9526,0.000126
(Fe0.66V0.34)76.4Al24.6,Fe2.000,V1.000,Al1.000,243.299,0.0,0.0,0.0,0.0,0.0,0.0,0.0,16.48,0.0,0.0,0.0,1.61,0.0,0.0,0.0,0.0,0.0,5.0,0.0,0.0,0.0,13.0,1.61,73.0,5.0,0.0,5.0,0.0,0.0,73.0,1.63,1.63,933.47,225.0,1.61,2183.0,121.0,0.0,933.47,-91.223,0.00011
(Fe0.66V0.34)76.4Al24.6,Fe2.000,V1.000,Al1.000,285.9107,0.0,0.0,0.0,0.0,0.0,0.0,0.0,16.48,0.0,0.0,0.0,1.61,0.0,0.0,0.0,0.0,0.0,5.0,0.0,0.0,0.0,13.0,1.61,73.0,5.0,0.0,5.0,0.0,0.0,73.0,1.63,1.63,933.47,225.0,1.61,2183.0,121.0,0.0,933.47,-85.7099,9.39e-05
(Fe0.66V0.34)76.4Al24.6,Fe2.000,V1.000,Al1.000,399.3127,0.0,0.0,0.0,0.0,0.0,0.0,0.0,16.48,0.0,0.0,0.0,1.61,0.0,0.0,0.0,0.0,0.0,5.0,0.0,0.0,0.0,13.0,1.61,73.0,5.0,0.0,5.0,0.0,0.0,73.0,1.63,1.63,933.47,225.0,1.61,2183.0,121.0,0.0,933.47,-58.295,5.65e-05
(Fe0.66V0.34)76.7Al24.3,Fe2.000,V1.000,Al1.000,87.9725,0.0,0.0,0.0,0.0,0.0,0.0,0.0,16.48,0.0,0.0,0.0,1.61,0.0,0.0,0.0,0.0,0.0,5.0,0.0,0.0,0.0,13.0,1.61,73.0,5.0,0.0,5.0,0.0,0.0,73.0,1.63,1.63,933.47,225.0,1.61,2183.0,121.0,0.0,933.47,-75.4149,7.39e-05
(Fe0.66V0.34)76.7Al24.3,Fe2.000,V1.000,Al1.000,164.9485,0.0,0.0,0.0,0.0,0.0,0.0,0.0,16.48,0.0,0.0,0.0,1.61,0.0,0.0,0.0,0.0,0.0,5.0,0.0,0.0,0.0,13.0,1.61,73.0,5.0,0.0,5.0,0.0,0.0,73.0,1.63,1.63,933.47,225.0,1.61,2183.0,121.0,0.0,933.47,-115.8605,7.22e-05
(Fe0.66V0.34)76.7Al24.3,Fe2.000,V1.000,Al1.000,195.8763,0.0,0.0,0.0,0.0,0.0,0.0,0.0,16.48,0.0,0.0,0.0,1.61,0.0,0.0,0.0,0.0,0.0,5.0,0.0,0.0,0.0,13.0,1.61,73.0,5.0,0.0,5.0,0.0,0.0,73.0,1.63,1.63,933.47,225.0,1.61,2183.0,121.0,0.0,933.47,-127.0137,6.96e-05
(Fe0.66V0.34)76.7Al24.3,Fe2.000,V1.000,Al1.000,242.6117,0.0,0.0,0.0,0.0,0.0,0.0,0.0,16.48,0.0,0.0,0.0,1.61,0.0,0.0,0.0,0.0,0.0,5.0,0.0,0.0,0.0,13.0,1.61,73.0,5.0,0.0,5.0,0.0,0.0,73.0,1.63,1.63,933.47,225.0,1.61,2183.0,121.0,0.0,933.47,-136.6295,6.65e-05
(Fe0.66V0.34)76.7Al24.3,Fe2.000,V1.000,Al1.000,305.1546,0.0,0.0,0.0,0.0,0.0,0.0,0.0,16.48,0.0,0.0,0.0,1.61,0.0,0.0,0.0,0.0,0.0,5.0,0.0,0.0,0.0,13.0,1.61,73.0,5.0,0.0,5.0,0.0,0.0,73.0,1.63,1.63,933.47,225.0,1.61,2183.0,121.0,0.0,933.47,-126.8483,6.4e-05
(Fe0.66V0.34)76.7Al24.3,Fe2.000,V1.000,Al1.000,400.0,0.0,0.0,0.0,0.0,0.0,0.0,0.0,16.48,0.0,0.0,0.0,1.61,0.0,0.0,0.0,0.0,0.0,5.0,0.0,0.0,0.0,13.0,1.61,73.0,5.0,0.0,5.0,0.0,0.0,73.0,1.63,1.63,933.47,225.0,1.61,2183.0,121.0,0.0,933.47,-99.4615,5.85e-05
Fe2V0.9Cr0.1Al0.9Si0.1,Fe2.000,V1.000,Cr0.091Al0.818Si0.091,13.638,9.250000000000002,0.773,0.0,25.0145614,11.0,0.0,0.0,16.358970000000003,5.0,0.455,4.0,1.6409400000000005,5.0,1.0,0.0,0.0,3.0,6.0,0.0,2.0,29.0,6.0,1.61,49.0,5.000000000000001,8.0,4.454000000000001,0.2899999999999998,0.0,71.27100000000002,1.63,1.63,1115.47546,225.546,1.9,2183.0,121.728,0.070343,2180.0,-2.3222,6.16e-05
Fe2V0.9Cr0.1Al0.9Si0.1,Fe2.000,V1.000,Cr0.091Al0.818Si0.091,52.7398,9.250000000000002,0.773,0.0,25.0145614,11.0,0.0,0.0,16.358970000000003,5.0,0.455,4.0,1.6409400000000005,5.0,1.0,0.0,0.0,3.0,6.0,0.0,2.0,29.0,6.0,1.61,49.0,5.000000000000001,8.0,4.454000000000001,0.2899999999999998,0.0,71.27100000000002,1.63,1.63,1115.47546,225.546,1.9,2183.0,121.728,0.070343,2180.0,-8.6575,6.1e-05
Fe2V0.9Cr0.1Al0.9Si0.1,Fe2.000,V1.000,Cr0.091Al0.818Si0.091,98.9616,9.250000000000002,0.773,0.0,25.0145614,11.0,0.0,0.0,16.358970000000003,5.0,0.455,4.0,1.6409400000000005,5.0,1.0,0.0,0.0,3.0,6.0,0.0,2.0,29.0,6.0,1.61,49.0,5.000000000000001,8.0,4.454000000000001,0.2899999999999998,0.0,71.27100000000002,1.63,1.63,1115.47546,225.546,1.9,2183.0,121.728,0.070343,2180.0,-17.1937,6.2e-05
Fe2V0.9Cr0.1Al0.9Si0.1,Fe2.000,V1.000,Cr0.091Al0.818Si0.091,135.3691,9.250000000000002,0.773,0.0,25.0145614,11.0,0.0,0.0,16.358970000000003,5.0,0.455,4.0,1.6409400000000005,5.0,1.0,0.0,0.0,3.0,6.0,0.0,2.0,29.0,6.0,1.61,49.0,5.000000000000001,8.0,4.454000000000001,0.2899999999999998,0.0,71.27100000000002,1.63,1.63,1115.47546,225.546,1.9,2183.0,121.728,0.070343,2180.0,-25.8642,6.3e-05
Fe2V0.9Cr0.1Al0.9Si0.1,Fe2.000,V1.000,Cr0.091Al0.818Si0.091,163.1271,9.250000000000002,0.773,0.0,25.0145614,11.0,0.0,0.0,16.358970000000003,5.0,0.455,4.0,1.6409400000000005,5.0,1.0,0.0,0.0,3.0,6.0,0.0,2.0,29.0,6.0,1.61,49.0,5.000000000000001,8.0,4.454000000000001,0.2899999999999998,0.0,71.27100000000002,1.63,1.63,1115.47546,225.546,1.9,2183.0,121.728,0.070343,2180.0,-33.2179,6.35e-05
Fe2V0.9Cr0.1Al0.9Si0.1,Fe2.000,V1.000,Cr0.091Al0.818Si0.091,198.0894,9.250000000000002,0.773,0.0,25.0145614,11.0,0.0,0.0,16.358970000000003,5.0,0.455,4.0,1.6409400000000005,5.0,1.0,0.0,0.0,3.0,6.0,0.0,2.0,29.0,6.0,1.61,49.0,5.000000000000001,8.0,4.454000000000001,0.2899999999999998,0.0,71.27100000000002,1.63,1.63,1115.47546,225.546,1.9,2183.0,121.728,0.070343,2180.0,-39.0524,6.24e-05
Fe2V0.9Cr0.1Al0.9Si0.1,Fe2.000,V1.000,Cr0.091Al0.818Si0.091,239.0738,9.250000000000002,0.773,0.0,25.0145614,11.0,0.0,0.0,16.358970000000003,5.0,0.455,4.0,1.6409400000000005,5.0,1.0,0.0,0.0,3.0,6.0,0.0,2.0,29.0,6.0,1.61,49.0,5.000000000000001,8.0,4.454000000000001,0.2899999999999998,0.0,71.27100000000002,1.63,1.63,1115.47546,225.546,1.9,2183.0,121.728,0.070343,2180.0,-45.5753,6.03e-05
Fe2V0.9Cr0.1Al0.9Si0.1,Fe2.000,V1.000,Cr0.091Al0.818Si0.091,270.3166,9.250000000000002,0.773,0.0,25.0145614,11.0,0.0,0.0,16.358970000000003,5.0,0.455,4.0,1.6409400000000005,5.0,1.0,0.0,0.0,3.0,6.0,0.0,2.0,29.0,6.0,1.61,49.0,5.000000000000001,8.0,4.454000000000001,0.2899999999999998,0.0,71.27100000000002,1.63,1.63,1115.47546,225.546,1.9,2183.0,121.728,0.070343,2180.0,-49.0169,5.83e-05
Fe2V0.9Cr0.1Al0.9Si0.1,Fe2.000,V1.000,Cr0.091Al0.818Si0.091,307.5959,9.250000000000002,0.773,0.0,25.0145614,11.0,0.0,0.0,16.358970000000003,5.0,0.455,4.0,1.6409400000000005,5.0,1.0,0.0,0.0,3.0,6.0,0.0,2.0,29.0,6.0,1.61,49.0,5.000000000000001,8.0,4.454000000000001,0.2899999999999998,0.0,71.27100000000002,1.63,1.63,1115.47546,225.546,1.9,2183.0,121.728,0.070343,2180.0,-52.5164,5.66e-05
Fe1.95V1.05Al,Fe2.000,V1.000,Al1.000,100.0,0.0,0.0,0.0,0.0,0.0,0.0,0.0,16.48,0.0,0.0,0.0,1.61,0.0,0.0,0.0,0.0,0.0,5.0,0.0,0.0,0.0,13.0,1.61,73.0,5.0,0.0,5.0,0.0,0.0,73.0,1.63,1.63,933.47,225.0,1.61,2183.0,121.0,0.0,933.47,-77.2674,1.47e-05
Fe1.95V1.05Al,Fe2.000,V1.000,Al1.000,118.8,0.0,0.0,0.0,0.0,0.0,0.0,0.0,16.48,0.0,0.0,0.0,1.61,0.0,0.0,0.0,0.0,0.0,5.0,0.0,0.0,0.0,13.0,1.61,73.0,5.0,0.0,5.0,0.0,0.0,73.0,1.63,1.63,933.47,225.0,1.61,2183.0,121.0,0.0,933.47,-89.2815,1.46e-05
Fe1.95V1.05Al,Fe2.000,V1.000,Al1.000,139.2,0.0,0.0,0.0,0.0,0.0,0.0,0.0,16.48,0.0,0.0,0.0,1.61,0.0,0.0,0.0,0.0,0.0,5.0,0.0,0.0,0.0,13.0,1.61,73.0,5.0,0.0,5.0,0.0,0.0,73.0,1.63,1.63,933.47,225.0,1.61,2183.0,121.0,0.0,933.47,-101.296,1.45e-05
Fe1.95V1.05Al,Fe2.000,V1.000,Al1.000,160.1,0.0,0.0,0.0,0.0,0.0,0.0,0.0,16.48,0.0,0.0,0.0,1.61,0.0,0.0,0.0,0.0,0.0,5.0,0.0,0.0,0.0,13.0,1.61,73.0,5.0,0.0,5.0,0.0,0.0,73.0,1.63,1.63,933.47,225.0,1.61,2183.0,121.0,0.0,933.47,-111.19,1.42e-05
Fe1.95V1.05Al,Fe2.000,V1.000,Al1.000,177.8,0.0,0.0,0.0,0.0,0.0,0.0,0.0,16.48,0.0,0.0,0.0,1.61,0.0,0.0,0.0,0.0,0.0,5.0,0.0,0.0,0.0,13.0,1.61,73.0,5.0,0.0,5.0,0.0,0.0,73.0,1.63,1.63,933.47,225.0,1.61,2183.0,121.0,0.0,933.47,-120.848,1.38e-05
Fe1.95V1.05Al,Fe2.000,V1.000,Al1.000,200.9,0.0,0.0,0.0,0.0,0.0,0.0,0.0,16.48,0.0,0.0,0.0,1.61,0.0,0.0,0.0,0.0,0.0,5.0,0.0,0.0,0.0,13.0,1.61,73.0,5.0,0.0,5.0,0.0,0.0,73.0,1.63,1.63,933.47,225.0,1.61,2183.0,121.0,0.0,933.47,-129.093,1.32e-05
Fe1.95V1.05Al,Fe2.000,V1.000,Al1.000,219.7,0.0,0.0,0.0,0.0,0.0,0.0,0.0,16.48,0.0,0.0,0.0,1.61,0.0,0.0,0.0,0.0,0.0,5.0,0.0,0.0,0.0,13.0,1.61,73.0,5.0,0.0,5.0,0.0,0.0,73.0,1.63,1.63,933.47,225.0,1.61,2183.0,121.0,0.0,933.47,-134.747,1.26e-05
Fe1.95V1.05Al,Fe2.000,V1.000,Al1.000,239.0,0.0,0.0,0.0,0.0,0.0,0.0,0.0,16.48,0.0,0.0,0.0,1.61,0.0,0.0,0.0,0.0,0.0,5.0,0.0,0.0,0.0,13.0,1.61,73.0,5.0,0.0,5.0,0.0,0.0,73.0,1.63,1.63,933.47,225.0,1.61,2183.0,121.0,0.0,933.47,-136.631,1.21e-05
Fe1.95V1.05Al,Fe2.000,V1.000,Al1.000,258.8,0.0,0.0,0.0,0.0,0.0,0.0,0.0,16.48,0.0,0.0,0.0,1.61,0.0,0.0,0.0,0.0,0.0,5.0,0.0,0.0,0.0,13.0,1.61,73.0,5.0,0.0,5.0,0.0,0.0,73.0,1.63,1.63,933.47,225.0,1.61,2183.0,121.0,0.0,933.47,-136.867,1.16e-05
Fe1.95V1.05Al,Fe2.000,V1.000,Al1.000,279.8,0.0,0.0,0.0,0.0,0.0,0.0,0.0,16.48,0.0,0.0,0.0,1.61,0.0,0.0,0.0,0.0,0.0,5.0,0.0,0.0,0.0,13.0,1.61,73.0,5.0,0.0,5.0,0.0,0.0,73.0,1.63,1.63,933.47,225.0,1.61,2183.0,121.0,0.0,933.47,-134.511,1.1e-05
Fe1.95V1.05Al,Fe2.000,V1.000,Al1.000,301.8,0.0,0.0,0.0,0.0,0.0,0.0,0.0,16.48,0.0,0.0,0.0,1.61,0.0,0.0,0.0,0.0,0.0,5.0,0.0,0.0,0.0,13.0,1.61,73.0,5.0,0.0,5.0,0.0,0.0,73.0,1.63,1.63,933.47,225.0,1.61,2183.0,121.0,0.0,933.47,-130.742,1.04e-05
Fe1.95V1.05Al,Fe2.000,V1.000,Al1.000,321.1,0.0,0.0,0.0,0.0,0.0,0.0,0.0,16.48,0.0,0.0,0.0,1.61,0.0,0.0,0.0,0.0,0.0,5.0,0.0,0.0,0.0,13.0,1.61,73.0,5.0,0.0,5.0,0.0,0.0,73.0,1.63,1.63,933.47,225.0,1.61,2183.0,121.0,0.0,933.47,-125.324,9.87e-06
Fe1.95V1.05Al,Fe2.000,V1.000,Al1.000,341.5,0.0,0.0,0.0,0.0,0.0,0.0,0.0,16.48,0.0,0.0,0.0,1.61,0.0,0.0,0.0,0.0,0.0,5.0,0.0,0.0,0.0,13.0,1.61,73.0,5.0,0.0,5.0,0.0,0.0,73.0,1.63,1.63,933.47,225.0,1.61,2183.0,121.0,0.0,933.47,-120.141,9.34e-06
Fe1.95V1.05Al,Fe2.000,V1.000,Al1.000,360.3,0.0,0.0,0.0,0.0,0.0,0.0,0.0,16.48,0.0,0.0,0.0,1.61,0.0,0.0,0.0,0.0,0.0,5.0,0.0,0.0,0.0,13.0,1.61,73.0,5.0,0.0,5.0,0.0,0.0,73.0,1.63,1.63,933.47,225.0,1.61,2183.0,121.0,0.0,933.47,-113.781,8.82e-06
Fe1.95V1.05Al,Fe2.000,V1.000,Al1.000,381.3,0.0,0.0,0.0,0.0,0.0,0.0,0.0,16.48,0.0,0.0,0.0,1.61,0.0,0.0,0.0,0.0,0.0,5.0,0.0,0.0,0.0,13.0,1.61,73.0,5.0,0.0,5.0,0.0,0.0,73.0,1.63,1.63,933.47,225.0,1.61,2183.0,121.0,0.0,933.47,-106.949,8.22e-06
Fe1.95V1.05Al,Fe2.000,V1.000,Al1.000,398.9,0.0,0.0,0.0,0.0,0.0,0.0,0.0,16.48,0.0,0.0,0.0,1.61,0.0,0.0,0.0,0.0,0.0,5.0,0.0,0.0,0.0,13.0,1.61,73.0,5.0,0.0,5.0,0.0,0.0,73.0,1.63,1.63,933.47,225.0,1.61,2183.0,121.0,0.0,933.47,-103.651,7.75e-06
Fe1.95V1.05Al0.97Si0.03,Fe2.000,V1.000,Al0.970Si0.030,98.9,3.960000000000001,0.773,0.0,1.103961399999999,1.0,0.0,0.0,16.5988,0.0,0.0,2.0,1.6187,0.0,0.0,0.0,0.0,1.0,5.0,0.0,1.0,5.0,13.0,1.61,73.0,4.97,1.0,4.97,0.2899999999999998,0.0,73.15,1.63,1.63,956.0759,225.06,1.9,2183.0,120.7,0.02319,1687.0,-81.5077,9.33e-06
Fe1.95V1.05Al0.97Si0.03,Fe2.000,V1.000,Al0.970Si0.030,119.9,3.960000000000001,0.773,0.0,1.103961399999999,1.0,0.0,0.0,16.5988,0.0,0.0,2.0,1.6187,0.0,0.0,0.0,0.0,1.0,5.0,0.0,1.0,5.0,13.0,1.61,73.0,4.97,1.0,4.97,0.2899999999999998,0.0,73.15,1.63,1.63,956.0759,225.06,1.9,2183.0,120.7,0.02319,1687.0,-97.7621,9.46e-06
Fe1.95V1.05Al0.97Si0.03,Fe2.000,V1.000,Al0.970Si0.030,140.3,3.960000000000001,0.773,0.0,1.103961399999999,1.0,0.0,0.0,16.5988,0.0,0.0,2.0,1.6187,0.0,0.0,0.0,0.0,1.0,5.0,0.0,1.0,5.0,13.0,1.61,73.0,4.97,1.0,4.97,0.2899999999999998,0.0,73.15,1.63,1.63,956.0759,225.06,1.9,2183.0,120.7,0.02319,1687.0,-114.016,9.61e-06
Fe1.95V1.05Al0.97Si0.03,Fe2.000,V1.000,Al0.970Si0.030,159.0,3.960000000000001,0.773,0.0,1.103961399999999,1.0,0.0,0.0,16.5988,0.0,0.0,2.0,1.6187,0.0,0.0,0.0,0.0,1.0,5.0,0.0,1.0,5.0,13.0,1.61,73.0,4.97,1.0,4.97,0.2899999999999998,0.0,73.15,1.63,1.63,956.0759,225.06,1.9,2183.0,120.7,0.02319,1687.0,-130.035,9.64e-06
Fe1.95V1.05Al0.97Si0.03,Fe2.000,V1.000,Al0.970Si0.030,181.1,3.960000000000001,0.773,0.0,1.103961399999999,1.0,0.0,0.0,16.5988,0.0,0.0,2.0,1.6187,0.0,0.0,0.0,0.0,1.0,5.0,0.0,1.0,5.0,13.0,1.61,73.0,4.97,1.0,4.97,0.2899999999999998,0.0,73.15,1.63,1.63,956.0759,225.06,1.9,2183.0,120.7,0.02319,1687.0,-145.347,9.52e-06
Fe1.95V1.05Al0.97Si0.03,Fe2.000,V1.000,Al0.970Si0.030,200.4,3.960000000000001,0.773,0.0,1.103961399999999,1.0,0.0,0.0,16.5988,0.0,0.0,2.0,1.6187,0.0,0.0,0.0,0.0,1.0,5.0,0.0,1.0,5.0,13.0,1.61,73.0,4.97,1.0,4.97,0.2899999999999998,0.0,73.15,1.63,1.63,956.0759,225.06,1.9,2183.0,120.7,0.02319,1687.0,-157.833,9.35e-06
Fe1.95V1.05Al0.97Si0.03,Fe2.000,V1.000,Al0.970Si0.030,219.1,3.960000000000001,0.773,0.0,1.103961399999999,1.0,0.0,0.0,16.5988,0.0,0.0,2.0,1.6187,0.0,0.0,0.0,0.0,1.0,5.0,0.0,1.0,5.0,13.0,1.61,73.0,4.97,1.0,4.97,0.2899999999999998,0.0,73.15,1.63,1.63,956.0759,225.06,1.9,2183.0,120.7,0.02319,1687.0,-167.962,9.15e-06
Fe1.95V1.05Al0.97Si0.03,Fe2.000,V1.000,Al0.970Si0.030,239.5,3.960000000000001,0.773,0.0,1.103961399999999,1.0,0.0,0.0,16.5988,0.0,0.0,2.0,1.6187,0.0,0.0,0.0,0.0,1.0,5.0,0.0,1.0,5.0,13.0,1.61,73.0,4.97,1.0,4.97,0.2899999999999998,0.0,73.15,1.63,1.63,956.0759,225.06,1.9,2183.0,120.7,0.02319,1687.0,-175.265,8.93e-06
Fe1.95V1.05Al0.97Si0.03,Fe2.000,V1.000,Al0.970Si0.030,259.4,3.960000000000001,0.773,0.0,1.103961399999999,1.0,0.0,0.0,16.5988,0.0,0.0,2.0,1.6187,0.0,0.0,0.0,0.0,1.0,5.0,0.0,1.0,5.0,13.0,1.61,73.0,4.97,1.0,4.97,0.2899999999999998,0.0,73.15,1.63,1.63,956.0759,225.06,1.9,2183.0,120.7,0.02319,1687.0,-180.919,8.71e-06
Fe1.95V1.05Al0.97Si0.03,Fe2.000,V1.000,Al0.970Si0.030,279.8,3.960000000000001,0.773,0.0,1.103961399999999,1.0,0.0,0.0,16.5988,0.0,0.0,2.0,1.6187,0.0,0.0,0.0,0.0,1.0,5.0,0.0,1.0,5.0,13.0,1.61,73.0,4.97,1.0,4.97,0.2899999999999998,0.0,73.15,1.63,1.63,956.0759,225.06,1.9,2183.0,120.7,0.02319,1687.0,-182.568,8.48e-06
Fe1.95V1.05Al0.97Si0.03,Fe2.000,V1.000,Al0.970Si0.030,299.1,3.960000000000001,0.773,0.0,1.103961399999999,1.0,0.0,0.0,16.5988,0.0,0.0,2.0,1.6187,0.0,0.0,0.0,0.0,1.0,5.0,0.0,1.0,5.0,13.0,1.61,73.0,4.97,1.0,4.97,0.2899999999999998,0.0,73.15,1.63,1.63,956.0759,225.06,1.9,2183.0,120.7,0.02319,1687.0,-181.39,8.26e-06
Fe1.95V1.05Al0.97Si0.03,Fe2.000,V1.000,Al0.970Si0.030,319.5,3.960000000000001,0.773,0.0,1.103961399999999,1.0,0.0,0.0,16.5988,0.0,0.0,2.0,1.6187,0.0,0.0,0.0,0.0,1.0,5.0,0.0,1.0,5.0,13.0,1.61,73.0,4.97,1.0,4.97,0.2899999999999998,0.0,73.15,1.63,1.63,956.0759,225.06,1.9,2183.0,120.7,0.02319,1687.0,-179.505,8.01e-06
Fe1.95V1.05Al0.97Si0.03,Fe2.000,V1.000,Al0.970Si0.030,340.4,3.960000000000001,0.773,0.0,1.103961399999999,1.0,0.0,0.0,16.5988,0.0,0.0,2.0,1.6187,0.0,0.0,0.0,0.0,1.0,5.0,0.0,1.0,5.0,13.0,1.61,73.0,4.97,1.0,4.97,0.2899999999999998,0.0,73.15,1.63,1.63,956.0759,225.06,1.9,2183.0,120.7,0.02319,1687.0,-175.972,7.74e-06
Fe1.95V1.05Al0.97Si0.03,Fe2.000,V1.000,Al0.970Si0.030,359.2,3.960000000000001,0.773,0.0,1.103961399999999,1.0,0.0,0.0,16.5988,0.0,0.0,2.0,1.6187,0.0,0.0,0.0,0.0,1.0,5.0,0.0,1.0,5.0,13.0,1.61,73.0,4.97,1.0,4.97,0.2899999999999998,0.0,73.15,1.63,1.63,956.0759,225.06,1.9,2183.0,120.7,0.02319,1687.0,-171.26,7.5e-06
Fe1.95V1.05Al0.97Si0.03,Fe2.000,V1.000,Al0.970Si0.030,380.1,3.960000000000001,0.773,0.0,1.103961399999999,1.0,0.0,0.0,16.5988,0.0,0.0,2.0,1.6187,0.0,0.0,0.0,0.0,1.0,5.0,0.0,1.0,5.0,13.0,1.61,73.0,4.97,1.0,4.97,0.2899999999999998,0.0,73.15,1.63,1.63,956.0759,225.06,1.9,2183.0,120.7,0.02319,1687.0,-164.429,7.23e-06
Fe1.95V1.05Al0.97Si0.03,Fe2.000,V1.000,Al0.970Si0.030,400.0,3.960000000000001,0.773,0.0,1.103961399999999,1.0,0.0,0.0,16.5988,0.0,0.0,2.0,1.6187,0.0,0.0,0.0,0.0,1.0,5.0,0.0,1.0,5.0,13.0,1.61,73.0,4.97,1.0,4.97,0.2899999999999998,0.0,73.15,1.63,1.63,956.0759,225.06,1.9,2183.0,120.7,0.02319,1687.0,-160.895,6.95e-06
Fe1.95V1.05Al0.95Si0.05,Fe2.000,V1.000,Al0.950Si0.050,102.2,3.960000000000001,0.773,0.0,1.103961399999999,1.0,0.0,0.0,16.677999999999997,0.0,0.0,2.0,1.6245,0.0,0.0,0.0,0.0,1.0,5.0,0.0,1.0,5.0,13.0,1.61,73.0,4.95,1.0,4.95,0.2899999999999998,0.0,73.25,1.63,1.63,971.1465,225.1,1.9,2183.0,120.5,0.03865,1687.0,-74.4405,7.04e-06
Fe1.95V1.05Al0.95Si0.05,Fe2.000,V1.000,Al0.950Si0.050,119.9,3.960000000000001,0.773,0.0,1.103961399999999,1.0,0.0,0.0,16.677999999999997,0.0,0.0,2.0,1.6245,0.0,0.0,0.0,0.0,1.0,5.0,0.0,1.0,5.0,13.0,1.61,73.0,4.95,1.0,4.95,0.2899999999999998,0.0,73.25,1.63,1.63,971.1465,225.1,1.9,2183.0,120.5,0.03865,1687.0,-90.9305,7.12e-06
Fe1.95V1.05Al0.95Si0.05,Fe2.000,V1.000,Al0.950Si0.050,140.3,3.960000000000001,0.773,0.0,1.103961399999999,1.0,0.0,0.0,16.677999999999997,0.0,0.0,2.0,1.6245,0.0,0.0,0.0,0.0,1.0,5.0,0.0,1.0,5.0,13.0,1.61,73.0,4.95,1.0,4.95,0.2899999999999998,0.0,73.25,1.63,1.63,971.1465,225.1,1.9,2183.0,120.5,0.03865,1687.0,-107.42,7.21e-06
Fe1.95V1.05Al0.95Si0.05,Fe2.000,V1.000,Al0.950Si0.050,160.1,3.960000000000001,0.773,0.0,1.103961399999999,1.0,0.0,0.0,16.677999999999997,0.0,0.0,2.0,1.6245,0.0,0.0,0.0,0.0,1.0,5.0,0.0,1.0,5.0,13.0,1.61,73.0,4.95,1.0,4.95,0.2899999999999998,0.0,73.25,1.63,1.63,971.1465,225.1,1.9,2183.0,120.5,0.03865,1687.0,-123.439,7.26e-06
Fe1.95V1.05Al0.95Si0.05,Fe2.000,V1.000,Al0.950Si0.050,180.5,3.960000000000001,0.773,0.0,1.103961399999999,1.0,0.0,0.0,16.677999999999997,0.0,0.0,2.0,1.6245,0.0,0.0,0.0,0.0,1.0,5.0,0.0,1.0,5.0,13.0,1.61,73.0,4.95,1.0,4.95,0.2899999999999998,0.0,73.25,1.63,1.63,971.1465,225.1,1.9,2183.0,120.5,0.03865,1687.0,-137.809,7.24e-06
Fe1.95V1.05Al0.95Si0.05,Fe2.000,V1.000,Al0.950Si0.050,199.8,3.960000000000001,0.773,0.0,1.103961399999999,1.0,0.0,0.0,16.677999999999997,0.0,0.0,2.0,1.6245,0.0,0.0,0.0,0.0,1.0,5.0,0.0,1.0,5.0,13.0,1.61,73.0,4.95,1.0,4.95,0.2899999999999998,0.0,73.25,1.63,1.63,971.1465,225.1,1.9,2183.0,120.5,0.03865,1687.0,-149.352,7.17e-06
Fe1.95V1.05Al0.95Si0.05,Fe2.000,V1.000,Al0.950Si0.050,220.2,3.960000000000001,0.773,0.0,1.103961399999999,1.0,0.0,0.0,16.677999999999997,0.0,0.0,2.0,1.6245,0.0,0.0,0.0,0.0,1.0,5.0,0.0,1.0,5.0,13.0,1.61,73.0,4.95,1.0,4.95,0.2899999999999998,0.0,73.25,1.63,1.63,971.1465,225.1,1.9,2183.0,120.5,0.03865,1687.0,-157.833,7.08e-06
Fe1.95V1.05Al0.95Si0.05,Fe2.000,V1.000,Al0.950Si0.050,239.5,3.960000000000001,0.773,0.0,1.103961399999999,1.0,0.0,0.0,16.677999999999997,0.0,0.0,2.0,1.6245,0.0,0.0,0.0,0.0,1.0,5.0,0.0,1.0,5.0,13.0,1.61,73.0,4.95,1.0,4.95,0.2899999999999998,0.0,73.25,1.63,1.63,971.1465,225.1,1.9,2183.0,120.5,0.03865,1687.0,-164.429,6.98e-06
Fe1.95V1.05Al0.95Si0.05,Fe2.000,V1.000,Al0.950Si0.050,261.0,3.960000000000001,0.773,0.0,1.103961399999999,1.0,0.0,0.0,16.677999999999997,0.0,0.0,2.0,1.6245,0.0,0.0,0.0,0.0,1.0,5.0,0.0,1.0,5.0,13.0,1.61,73.0,4.95,1.0,4.95,0.2899999999999998,0.0,73.25,1.63,1.63,971.1465,225.1,1.9,2183.0,120.5,0.03865,1687.0,-168.905,6.87e-06
Fe1.95V1.05Al0.95Si0.05,Fe2.000,V1.000,Al0.950Si0.050,280.3,3.960000000000001,0.773,0.0,1.103961399999999,1.0,0.0,0.0,16.677999999999997,0.0,0.0,2.0,1.6245,0.0,0.0,0.0,0.0,1.0,5.0,0.0,1.0,5.0,13.0,1.61,73.0,4.95,1.0,4.95,0.2899999999999998,0.0,73.25,1.63,1.63,971.1465,225.1,1.9,2183.0,120.5,0.03865,1687.0,-171.26,6.78e-06
Fe1.95V1.05Al0.95Si0.05,Fe2.000,V1.000,Al0.950Si0.050,300.2,3.960000000000001,0.773,0.0,1.103961399999999,1.0,0.0,0.0,16.677999999999997,0.0,0.0,2.0,1.6245,0.0,0.0,0.0,0.0,1.0,5.0,0.0,1.0,5.0,13.0,1.61,73.0,4.95,1.0,4.95,0.2899999999999998,0.0,73.25,1.63,1.63,971.1465,225.1,1.9,2183.0,120.5,0.03865,1687.0,-171.26,6.7e-06
Fe1.95V1.05Al0.95Si0.05,Fe2.000,V1.000,Al0.950Si0.050,321.1,3.960000000000001,0.773,0.0,1.103961399999999,1.0,0.0,0.0,16.677999999999997,0.0,0.0,2.0,1.6245,0.0,0.0,0.0,0.0,1.0,5.0,0.0,1.0,5.0,13.0,1.61,73.0,4.95,1.0,4.95,0.2899999999999998,0.0,73.25,1.63,1.63,971.1465,225.1,1.9,2183.0,120.5,0.03865,1687.0,-170.789,6.63e-06
Fe1.95V1.05Al0.95Si0.05,Fe2.000,V1.000,Al0.950Si0.050,339.9,3.960000000000001,0.773,0.0,1.103961399999999,1.0,0.0,0.0,16.677999999999997,0.0,0.0,2.0,1.6245,0.0,0.0,0.0,0.0,1.0,5.0,0.0,1.0,5.0,13.0,1.61,73.0,4.95,1.0,4.95,0.2899999999999998,0.0,73.25,1.63,1.63,971.1465,225.1,1.9,2183.0,120.5,0.03865,1687.0,-167.256,6.57e-06
Fe1.95V1.05Al0.95Si0.05,Fe2.000,V1.000,Al0.950Si0.050,360.3,3.960000000000001,0.773,0.0,1.103961399999999,1.0,0.0,0.0,16.677999999999997,0.0,0.0,2.0,1.6245,0.0,0.0,0.0,0.0,1.0,5.0,0.0,1.0,5.0,13.0,1.61,73.0,4.95,1.0,4.95,0.2899999999999998,0.0,73.25,1.63,1.63,971.1465,225.1,1.9,2183.0,120.5,0.03865,1687.0,-163.251,6.46e-06
Fe1.95V1.05Al0.95Si0.05,Fe2.000,V1.000,Al0.950Si0.050,379.0,3.960000000000001,0.773,0.0,1.103961399999999,1.0,0.0,0.0,16.677999999999997,0.0,0.0,2.0,1.6245,0.0,0.0,0.0,0.0,1.0,5.0,0.0,1.0,5.0,13.0,1.61,73.0,4.95,1.0,4.95,0.2899999999999998,0.0,73.25,1.63,1.63,971.1465,225.1,1.9,2183.0,120.5,0.03865,1687.0,-156.655,6.3e-06
Fe1.95V1.05Al0.95Si0.05,Fe2.000,V1.000,Al0.950Si0.050,400.6,3.960000000000001,0.773,0.0,1.103961399999999,1.0,0.0,0.0,16.677999999999997,0.0,0.0,2.0,1.6245,0.0,0.0,0.0,0.0,1.0,5.0,0.0,1.0,5.0,13.0,1.61,73.0,4.95,1.0,4.95,0.2899999999999998,0.0,73.25,1.63,1.63,971.1465,225.1,1.9,2183.0,120.5,0.03865,1687.0,-154.064,6.1e-06
Fe1.95V1.05Al0.90Si0.10,Fe2.000,V1.000,Al0.900Si0.100,99.45,3.960000000000001,0.773,0.0,1.103961399999999,1.0,0.0,0.0,16.876,0.0,0.0,2.0,1.639,0.0,0.0,0.0,0.0,1.0,5.0,0.0,1.0,5.0,13.0,1.61,73.0,4.9,1.0,4.9,0.2899999999999998,0.0,73.5,1.63,1.63,1008.823,225.2,1.9,2183.0,120.0,0.0773,1687.0,-75.8539,3.32e-06
Fe1.95V1.05Al0.90Si0.10,Fe2.000,V1.000,Al0.900Si0.100,118.2,3.960000000000001,0.773,0.0,1.103961399999999,1.0,0.0,0.0,16.876,0.0,0.0,2.0,1.639,0.0,0.0,0.0,0.0,1.0,5.0,0.0,1.0,5.0,13.0,1.61,73.0,4.9,1.0,4.9,0.2899999999999998,0.0,73.5,1.63,1.63,1008.823,225.2,1.9,2183.0,120.0,0.0773,1687.0,-86.4547,3.43e-06
Fe1.95V1.05Al0.90Si0.10,Fe2.000,V1.000,Al0.900Si0.100,139.7,3.960000000000001,0.773,0.0,1.103961399999999,1.0,0.0,0.0,16.876,0.0,0.0,2.0,1.639,0.0,0.0,0.0,0.0,1.0,5.0,0.0,1.0,5.0,13.0,1.61,73.0,4.9,1.0,4.9,0.2899999999999998,0.0,73.5,1.63,1.63,1008.823,225.2,1.9,2183.0,120.0,0.0773,1687.0,-97.2909,3.56e-06
Fe1.95V1.05Al0.90Si0.10,Fe2.000,V1.000,Al0.900Si0.100,159.0,3.960000000000001,0.773,0.0,1.103961399999999,1.0,0.0,0.0,16.876,0.0,0.0,2.0,1.639,0.0,0.0,0.0,0.0,1.0,5.0,0.0,1.0,5.0,13.0,1.61,73.0,4.9,1.0,4.9,0.2899999999999998,0.0,73.5,1.63,1.63,1008.823,225.2,1.9,2183.0,120.0,0.0773,1687.0,-107.656,3.68e-06
Fe1.95V1.05Al0.90Si0.10,Fe2.000,V1.000,Al0.900Si0.100,179.4,3.960000000000001,0.773,0.0,1.103961399999999,1.0,0.0,0.0,16.876,0.0,0.0,2.0,1.639,0.0,0.0,0.0,0.0,1.0,5.0,0.0,1.0,5.0,13.0,1.61,73.0,4.9,1.0,4.9,0.2899999999999998,0.0,73.5,1.63,1.63,1008.823,225.2,1.9,2183.0,120.0,0.0773,1687.0,-117.079,3.8e-06
Fe1.95V1.05Al0.90Si0.10,Fe2.000,V1.000,Al0.900Si0.100,197.6,3.960000000000001,0.773,0.0,1.103961399999999,1.0,0.0,0.0,16.876,0.0,0.0,2.0,1.639,0.0,0.0,0.0,0.0,1.0,5.0,0.0,1.0,5.0,13.0,1.61,73.0,4.9,1.0,4.9,0.2899999999999998,0.0,73.5,1.63,1.63,1008.823,225.2,1.9,2183.0,120.0,0.0773,1687.0,-124.382,3.91e-06
Fe1.95V1.05Al0.90Si0.10,Fe2.000,V1.000,Al0.900Si0.100,219.7,3.960000000000001,0.773,0.0,1.103961399999999,1.0,0.0,0.0,16.876,0.0,0.0,2.0,1.639,0.0,0.0,0.0,0.0,1.0,5.0,0.0,1.0,5.0,13.0,1.61,73.0,4.9,1.0,4.9,0.2899999999999998,0.0,73.5,1.63,1.63,1008.823,225.2,1.9,2183.0,120.0,0.0773,1687.0,-132.155,4.03e-06
Fe1.95V1.05Al0.90Si0.10,Fe2.000,V1.000,Al0.900Si0.100,239.0,3.960000000000001,0.773,0.0,1.103961399999999,1.0,0.0,0.0,16.876,0.0,0.0,2.0,1.639,0.0,0.0,0.0,0.0,1.0,5.0,0.0,1.0,5.0,13.0,1.61,73.0,4.9,1.0,4.9,0.2899999999999998,0.0,73.5,1.63,1.63,1008.823,225.2,1.9,2183.0,120.0,0.0773,1687.0,-138.751,4.13e-06
Fe1.95V1.05Al0.90Si0.10,Fe2.000,V1.000,Al0.900Si0.100,258.3,3.960000000000001,0.773,0.0,1.103961399999999,1.0,0.0,0.0,16.876,0.0,0.0,2.0,1.639,0.0,0.0,0.0,0.0,1.0,5.0,0.0,1.0,5.0,13.0,1.61,73.0,4.9,1.0,4.9,0.2899999999999998,0.0,73.5,1.63,1.63,1008.823,225.2,1.9,2183.0,120.0,0.0773,1687.0,-145.819,4.23e-06
Fe1.95V1.05Al0.90Si0.10,Fe2.000,V1.000,Al0.900Si0.100,279.8,3.960000000000001,0.773,0.0,1.103961399999999,1.0,0.0,0.0,16.876,0.0,0.0,2.0,1.639,0.0,0.0,0.0,0.0,1.0,5.0,0.0,1.0,5.0,13.0,1.61,73.0,4.9,1.0,4.9,0.2899999999999998,0.0,73.5,1.63,1.63,1008.823,225.2,1.9,2183.0,120.0,0.0773,1687.0,-149.352,4.34e-06
Fe1.95V1.05Al0.90Si0.10,Fe2.000,V1.000,Al0.900Si0.100,300.7,3.960000000000001,0.773,0.0,1.103961399999999,1.0,0.0,0.0,16.876,0.0,0.0,2.0,1.639,0.0,0.0,0.0,0.0,1.0,5.0,0.0,1.0,5.0,13.0,1.61,73.0,4.9,1.0,4.9,0.2899999999999998,0.0,73.5,1.63,1.63,1008.823,225.2,1.9,2183.0,120.0,0.0773,1687.0,-154.535,4.45e-06
Fe1.95V1.05Al0.90Si0.10,Fe2.000,V1.000,Al0.900Si0.100,318.9,3.960000000000001,0.773,0.0,1.103961399999999,1.0,0.0,0.0,16.876,0.0,0.0,2.0,1.639,0.0,0.0,0.0,0.0,1.0,5.0,0.0,1.0,5.0,13.0,1.61,73.0,4.9,1.0,4.9,0.2899999999999998,0.0,73.5,1.63,1.63,1008.823,225.2,1.9,2183.0,120.0,0.0773,1687.0,-156.89,4.53e-06
Fe1.95V1.05Al0.90Si0.10,Fe2.000,V1.000,Al0.900Si0.100,339.3,3.960000000000001,0.773,0.0,1.103961399999999,1.0,0.0,0.0,16.876,0.0,0.0,2.0,1.639,0.0,0.0,0.0,0.0,1.0,5.0,0.0,1.0,5.0,13.0,1.61,73.0,4.9,1.0,4.9,0.2899999999999998,0.0,73.5,1.63,1.63,1008.823,225.2,1.9,2183.0,120.0,0.0773,1687.0,-157.126,4.62e-06
Fe1.95V1.05Al0.90Si0.10,Fe2.000,V1.000,Al0.900Si0.100,359.7,3.960000000000001,0.773,0.0,1.103961399999999,1.0,0.0,0.0,16.876,0.0,0.0,2.0,1.639,0.0,0.0,0.0,0.0,1.0,5.0,0.0,1.0,5.0,13.0,1.61,73.0,4.9,1.0,4.9,0.2899999999999998,0.0,73.5,1.63,1.63,1008.823,225.2,1.9,2183.0,120.0,0.0773,1687.0,-156.419,4.69e-06
Fe1.95V1.05Al0.90Si0.10,Fe2.000,V1.000,Al0.900Si0.100,380.1,3.960000000000001,0.773,0.0,1.103961399999999,1.0,0.0,0.0,16.876,0.0,0.0,2.0,1.639,0.0,0.0,0.0,0.0,1.0,5.0,0.0,1.0,5.0,13.0,1.61,73.0,4.9,1.0,4.9,0.2899999999999998,0.0,73.5,1.63,1.63,1008.823,225.2,1.9,2183.0,120.0,0.0773,1687.0,-155.948,4.73e-06
Fe1.95V1.05Al0.90Si0.10,Fe2.000,V1.000,Al0.900Si0.100,401.1,3.960000000000001,0.773,0.0,1.103961399999999,1.0,0.0,0.0,16.876,0.0,0.0,2.0,1.639,0.0,0.0,0.0,0.0,1.0,5.0,0.0,1.0,5.0,13.0,1.61,73.0,4.9,1.0,4.9,0.2899999999999998,0.0,73.5,1.63,1.63,1008.823,225.2,1.9,2183.0,120.0,0.0773,1687.0,-155.241,4.75e-06
Fe2.07V0.93Al,Fe2.000,V1.000,Al1.000,100.6,0.0,0.0,0.0,0.0,0.0,0.0,0.0,16.48,0.0,0.0,0.0,1.61,0.0,0.0,0.0,0.0,0.0,5.0,0.0,0.0,0.0,13.0,1.61,73.0,5.0,0.0,5.0,0.0,0.0,73.0,1.63,1.63,933.47,225.0,1.61,2183.0,121.0,0.0,933.47,50.26,1.24e-05
Fe2.07V0.93Al,Fe2.000,V1.000,Al1.000,120.5,0.0,0.0,0.0,0.0,0.0,0.0,0.0,16.48,0.0,0.0,0.0,1.61,0.0,0.0,0.0,0.0,0.0,5.0,0.0,0.0,0.0,13.0,1.61,73.0,5.0,0.0,5.0,0.0,0.0,73.0,1.63,1.63,933.47,225.0,1.61,2183.0,121.0,0.0,933.47,57.38,1.15e-05
Fe2.07V0.93Al,Fe2.000,V1.000,Al1.000,139.8,0.0,0.0,0.0,0.0,0.0,0.0,0.0,16.48,0.0,0.0,0.0,1.61,0.0,0.0,0.0,0.0,0.0,5.0,0.0,0.0,0.0,13.0,1.61,73.0,5.0,0.0,5.0,0.0,0.0,73.0,1.63,1.63,933.47,225.0,1.61,2183.0,121.0,0.0,933.47,62.95,1.07e-05
Fe2.07V0.93Al,Fe2.000,V1.000,Al1.000,160.8,0.0,0.0,0.0,0.0,0.0,0.0,0.0,16.48,0.0,0.0,0.0,1.61,0.0,0.0,0.0,0.0,0.0,5.0,0.0,0.0,0.0,13.0,1.61,73.0,5.0,0.0,5.0,0.0,0.0,73.0,1.63,1.63,933.47,225.0,1.61,2183.0,121.0,0.0,933.47,67.62,1.01e-05
Fe2.07V0.93Al,Fe2.000,V1.000,Al1.000,180.7,0.0,0.0,0.0,0.0,0.0,0.0,0.0,16.48,0.0,0.0,0.0,1.61,0.0,0.0,0.0,0.0,0.0,5.0,0.0,0.0,0.0,13.0,1.61,73.0,5.0,0.0,5.0,0.0,0.0,73.0,1.63,1.63,933.47,225.0,1.61,2183.0,121.0,0.0,933.47,72.28,9.55e-06
Fe2.07V0.93Al,Fe2.000,V1.000,Al1.000,201.2,0.0,0.0,0.0,0.0,0.0,0.0,0.0,16.48,0.0,0.0,0.0,1.61,0.0,0.0,0.0,0.0,0.0,5.0,0.0,0.0,0.0,13.0,1.61,73.0,5.0,0.0,5.0,0.0,0.0,73.0,1.63,1.63,933.47,225.0,1.61,2183.0,121.0,0.0,933.47,76.3,9.05e-06
Fe2.07V0.93Al,Fe2.000,V1.000,Al1.000,221.7,0.0,0.0,0.0,0.0,0.0,0.0,0.0,16.48,0.0,0.0,0.0,1.61,0.0,0.0,0.0,0.0,0.0,5.0,0.0,0.0,0.0,13.0,1.61,73.0,5.0,0.0,5.0,0.0,0.0,73.0,1.63,1.63,933.47,225.0,1.61,2183.0,121.0,0.0,933.47,78.37,8.59e-06
Fe2.07V0.93Al,Fe2.000,V1.000,Al1.000,242.8,0.0,0.0,0.0,0.0,0.0,0.0,0.0,16.48,0.0,0.0,0.0,1.61,0.0,0.0,0.0,0.0,0.0,5.0,0.0,0.0,0.0,13.0,1.61,73.0,5.0,0.0,5.0,0.0,0.0,73.0,1.63,1.63,933.47,225.0,1.61,2183.0,121.0,0.0,933.47,80.18,8.13e-06
Fe2.07V0.93Al,Fe2.000,V1.000,Al1.000,262.7,0.0,0.0,0.0,0.0,0.0,0.0,0.0,16.48,0.0,0.0,0.0,1.61,0.0,0.0,0.0,0.0,0.0,5.0,0.0,0.0,0.0,13.0,1.61,73.0,5.0,0.0,5.0,0.0,0.0,73.0,1.63,1.63,933.47,225.0,1.61,2183.0,121.0,0.0,933.47,82.25,7.71e-06
Fe2.07V0.93Al,Fe2.000,V1.000,Al1.000,278.9,0.0,0.0,0.0,0.0,0.0,0.0,0.0,16.48,0.0,0.0,0.0,1.61,0.0,0.0,0.0,0.0,0.0,5.0,0.0,0.0,0.0,13.0,1.61,73.0,5.0,0.0,5.0,0.0,0.0,73.0,1.63,1.63,933.47,225.0,1.61,2183.0,121.0,0.0,933.47,81.35,7.38e-06
Fe2.07V0.93Al,Fe2.000,V1.000,Al1.000,301.2,0.0,0.0,0.0,0.0,0.0,0.0,0.0,16.48,0.0,0.0,0.0,1.61,0.0,0.0,0.0,0.0,0.0,5.0,0.0,0.0,0.0,13.0,1.61,73.0,5.0,0.0,5.0,0.0,0.0,73.0,1.63,1.63,933.47,225.0,1.61,2183.0,121.0,0.0,933.47,79.4,6.93e-06
Fe2.07V0.93Al,Fe2.000,V1.000,Al1.000,319.3,0.0,0.0,0.0,0.0,0.0,0.0,0.0,16.48,0.0,0.0,0.0,1.61,0.0,0.0,0.0,0.0,0.0,5.0,0.0,0.0,0.0,13.0,1.61,73.0,5.0,0.0,5.0,0.0,0.0,73.0,1.63,1.63,933.47,225.0,1.61,2183.0,121.0,0.0,933.47,76.3,6.59e-06
Fe2.07V0.93Al,Fe2.000,V1.000,Al1.000,341.6,0.0,0.0,0.0,0.0,0.0,0.0,0.0,16.48,0.0,0.0,0.0,1.61,0.0,0.0,0.0,0.0,0.0,5.0,0.0,0.0,0.0,13.0,1.61,73.0,5.0,0.0,5.0,0.0,0.0,73.0,1.63,1.63,933.47,225.0,1.61,2183.0,121.0,0.0,933.47,73.96,6.24e-06
Fe2.07V0.93Al,Fe2.000,V1.000,Al1.000,357.8,0.0,0.0,0.0,0.0,0.0,0.0,0.0,16.48,0.0,0.0,0.0,1.61,0.0,0.0,0.0,0.0,0.0,5.0,0.0,0.0,0.0,13.0,1.61,73.0,5.0,0.0,5.0,0.0,0.0,73.0,1.63,1.63,933.47,225.0,1.61,2183.0,121.0,0.0,933.47,70.47,6e-06
Fe2.07V0.93Al,Fe2.000,V1.000,Al1.000,380.1,0.0,0.0,0.0,0.0,0.0,0.0,0.0,16.48,0.0,0.0,0.0,1.61,0.0,0.0,0.0,0.0,0.0,5.0,0.0,0.0,0.0,13.0,1.61,73.0,5.0,0.0,5.0,0.0,0.0,73.0,1.63,1.63,933.47,225.0,1.61,2183.0,121.0,0.0,933.47,66.45,5.69e-06
Fe2.07V0.9Ti0.03Al,Fe2.000,V1.000,Ti0.029Al0.971,100.6,0.2100000000000008,0.0,0.0,20.885461399999997,9.0,0.0,2.25333333333e-05,16.48609,8.0,0.232,31.0,1.60797,8.0,1.0,0.0,0.0,1.0,8.0,0.0,3.0,30.0,4.0,1.54,43.0,5.087,9.0,4.8549999999999995,0.07,0.0,72.13,1.63,1.63,962.68837,224.101,1.61,2183.0,122.131,0.0,1941.0,54.79,5.93e-06
Fe2.07V0.9Ti0.03Al,Fe2.000,V1.000,Ti0.029Al0.971,119.9,0.2100000000000008,0.0,0.0,20.885461399999997,9.0,0.0,2.25333333333e-05,16.48609,8.0,0.232,31.0,1.60797,8.0,1.0,0.0,0.0,1.0,8.0,0.0,3.0,30.0,4.0,1.54,43.0,5.087,9.0,4.8549999999999995,0.07,0.0,72.13,1.63,1.63,962.68837,224.101,1.61,2183.0,122.131,0.0,1941.0,61.66,5.75e-06
Fe2.07V0.9Ti0.03Al,Fe2.000,V1.000,Ti0.029Al0.971,139.8,0.2100000000000008,0.0,0.0,20.885461399999997,9.0,0.0,2.25333333333e-05,16.48609,8.0,0.232,31.0,1.60797,8.0,1.0,0.0,0.0,1.0,8.0,0.0,3.0,30.0,4.0,1.54,43.0,5.087,9.0,4.8549999999999995,0.07,0.0,72.13,1.63,1.63,962.68837,224.101,1.61,2183.0,122.131,0.0,1941.0,67.62,5.57e-06
Fe2.07V0.9Ti0.03Al,Fe2.000,V1.000,Ti0.029Al0.971,160.8,0.2100000000000008,0.0,0.0,20.885461399999997,9.0,0.0,2.25333333333e-05,16.48609,8.0,0.232,31.0,1.60797,8.0,1.0,0.0,0.0,1.0,8.0,0.0,3.0,30.0,4.0,1.54,43.0,5.087,9.0,4.8549999999999995,0.07,0.0,72.13,1.63,1.63,962.68837,224.101,1.61,2183.0,122.131,0.0,1941.0,73.32,5.4e-06
Fe2.07V0.9Ti0.03Al,Fe2.000,V1.000,Ti0.029Al0.971,180.7,0.2100000000000008,0.0,0.0,20.885461399999997,9.0,0.0,2.25333333333e-05,16.48609,8.0,0.232,31.0,1.60797,8.0,1.0,0.0,0.0,1.0,8.0,0.0,3.0,30.0,4.0,1.54,43.0,5.087,9.0,4.8549999999999995,0.07,0.0,72.13,1.63,1.63,962.68837,224.101,1.61,2183.0,122.131,0.0,1941.0,78.5,5.25e-06
Fe2.07V0.9Ti0.03Al,Fe2.000,V1.000,Ti0.029Al0.971,199.4,0.2100000000000008,0.0,0.0,20.885461399999997,9.0,0.0,2.25333333333e-05,16.48609,8.0,0.232,31.0,1.60797,8.0,1.0,0.0,0.0,1.0,8.0,0.0,3.0,30.0,4.0,1.54,43.0,5.087,9.0,4.8549999999999995,0.07,0.0,72.13,1.63,1.63,962.68837,224.101,1.61,2183.0,122.131,0.0,1941.0,83.16,5.12e-06
Fe2.07V0.9Ti0.03Al,Fe2.000,V1.000,Ti0.029Al0.971,221.1,0.2100000000000008,0.0,0.0,20.885461399999997,9.0,0.0,2.25333333333e-05,16.48609,8.0,0.232,31.0,1.60797,8.0,1.0,0.0,0.0,1.0,8.0,0.0,3.0,30.0,4.0,1.54,43.0,5.087,9.0,4.8549999999999995,0.07,0.0,72.13,1.63,1.63,962.68837,224.101,1.61,2183.0,122.131,0.0,1941.0,87.18,4.99e-06
Fe2.07V0.9Ti0.03Al,Fe2.000,V1.000,Ti0.029Al0.971,239.8,0.2100000000000008,0.0,0.0,20.885461399999997,9.0,0.0,2.25333333333e-05,16.48609,8.0,0.232,31.0,1.60797,8.0,1.0,0.0,0.0,1.0,8.0,0.0,3.0,30.0,4.0,1.54,43.0,5.087,9.0,4.8549999999999995,0.07,0.0,72.13,1.63,1.63,962.68837,224.101,1.61,2183.0,122.131,0.0,1941.0,90.8,4.88e-06
Fe2.07V0.9Ti0.03Al,Fe2.000,V1.000,Ti0.029Al0.971,261.4,0.2100000000000008,0.0,0.0,20.885461399999997,9.0,0.0,2.25333333333e-05,16.48609,8.0,0.232,31.0,1.60797,8.0,1.0,0.0,0.0,1.0,8.0,0.0,3.0,30.0,4.0,1.54,43.0,5.087,9.0,4.8549999999999995,0.07,0.0,72.13,1.63,1.63,962.68837,224.101,1.61,2183.0,122.131,0.0,1941.0,94.04,4.77e-06
Fe2.07V0.9Ti0.03Al,Fe2.000,V1.000,Ti0.029Al0.971,279.5,0.2100000000000008,0.0,0.0,20.885461399999997,9.0,0.0,2.25333333333e-05,16.48609,8.0,0.232,31.0,1.60797,8.0,1.0,0.0,0.0,1.0,8.0,0.0,3.0,30.0,4.0,1.54,43.0,5.087,9.0,4.8549999999999995,0.07,0.0,72.13,1.63,1.63,962.68837,224.101,1.61,2183.0,122.131,0.0,1941.0,95.98,4.67e-06
Fe2.07V0.9Ti0.03Al,Fe2.000,V1.000,Ti0.029Al0.971,300.6,0.2100000000000008,0.0,0.0,20.885461399999997,9.0,0.0,2.25333333333e-05,16.48609,8.0,0.232,31.0,1.60797,8.0,1.0,0.0,0.0,1.0,8.0,0.0,3.0,30.0,4.0,1.54,43.0,5.087,9.0,4.8549999999999995,0.07,0.0,72.13,1.63,1.63,962.68837,224.101,1.61,2183.0,122.131,0.0,1941.0,97.02,4.56e-06
Fe2.07V0.9Ti0.03Al,Fe2.000,V1.000,Ti0.029Al0.971,319.9,0.2100000000000008,0.0,0.0,20.885461399999997,9.0,0.0,2.25333333333e-05,16.48609,8.0,0.232,31.0,1.60797,8.0,1.0,0.0,0.0,1.0,8.0,0.0,3.0,30.0,4.0,1.54,43.0,5.087,9.0,4.8549999999999995,0.07,0.0,72.13,1.63,1.63,962.68837,224.101,1.61,2183.0,122.131,0.0,1941.0,96.63,4.47e-06
Fe2.07V0.9Ti0.03Al,Fe2.000,V1.000,Ti0.029Al0.971,339.2,0.2100000000000008,0.0,0.0,20.885461399999997,9.0,0.0,2.25333333333e-05,16.48609,8.0,0.232,31.0,1.60797,8.0,1.0,0.0,0.0,1.0,8.0,0.0,3.0,30.0,4.0,1.54,43.0,5.087,9.0,4.8549999999999995,0.07,0.0,72.13,1.63,1.63,962.68837,224.101,1.61,2183.0,122.131,0.0,1941.0,95.73,4.38e-06
Fe2.07V0.9Ti0.03Al,Fe2.000,V1.000,Ti0.029Al0.971,359.6,0.2100000000000008,0.0,0.0,20.885461399999997,9.0,0.0,2.25333333333e-05,16.48609,8.0,0.232,31.0,1.60797,8.0,1.0,0.0,0.0,1.0,8.0,0.0,3.0,30.0,4.0,1.54,43.0,5.087,9.0,4.8549999999999995,0.07,0.0,72.13,1.63,1.63,962.68837,224.101,1.61,2183.0,122.131,0.0,1941.0,94.17,4.29e-06
Fe2.07V0.9Ti0.03Al,Fe2.000,V1.000,Ti0.029Al0.971,380.1,0.2100000000000008,0.0,0.0,20.885461399999997,9.0,0.0,2.25333333333e-05,16.48609,8.0,0.232,31.0,1.60797,8.0,1.0,0.0,0.0,1.0,8.0,0.0,3.0,30.0,4.0,1.54,43.0,5.087,9.0,4.8549999999999995,0.07,0.0,72.13,1.63,1.63,962.68837,224.101,1.61,2183.0,122.131,0.0,1941.0,92.23,4.21e-06
Fe2.07V0.9Ti0.03Al,Fe2.000,V1.000,Ti0.029Al0.971,399.4,0.2100000000000008,0.0,0.0,20.885461399999997,9.0,0.0,2.25333333333e-05,16.48609,8.0,0.232,31.0,1.60797,8.0,1.0,0.0,0.0,1.0,8.0,0.0,3.0,30.0,4.0,1.54,43.0,5.087,9.0,4.8549999999999995,0.07,0.0,72.13,1.63,1.63,962.68837,224.101,1.61,2183.0,122.131,0.0,1941.0,90.8,4.15e-06
Fe2.07V0.88Ti0.05Al,Fe2.000,V1.000,Ti0.048Al0.952,100.6,0.2100000000000008,0.0,0.0,20.885461399999997,9.0,0.0,2.25333333333e-05,16.49008,8.0,0.384,31.0,1.60664,8.0,1.0,0.0,0.0,1.0,8.0,0.0,3.0,30.0,4.0,1.54,43.0,5.144,9.0,4.76,0.07,0.0,71.56,1.63,1.63,981.83144,223.512,1.61,2183.0,122.872,0.0,1941.0,27.2,3.23e-06
Fe2.07V0.88Ti0.05Al,Fe2.000,V1.000,Ti0.048Al0.952,121.1,0.2100000000000008,0.0,0.0,20.885461399999997,9.0,0.0,2.25333333333e-05,16.49008,8.0,0.384,31.0,1.60664,8.0,1.0,0.0,0.0,1.0,8.0,0.0,3.0,30.0,4.0,1.54,43.0,5.144,9.0,4.76,0.07,0.0,71.56,1.63,1.63,981.83144,223.512,1.61,2183.0,122.872,0.0,1941.0,32.38,3.27e-06
Fe2.07V0.88Ti0.05Al,Fe2.000,V1.000,Ti0.048Al0.952,140.4,0.2100000000000008,0.0,0.0,20.885461399999997,9.0,0.0,2.25333333333e-05,16.49008,8.0,0.384,31.0,1.60664,8.0,1.0,0.0,0.0,1.0,8.0,0.0,3.0,30.0,4.0,1.54,43.0,5.144,9.0,4.76,0.07,0.0,71.56,1.63,1.63,981.83144,223.512,1.61,2183.0,122.872,0.0,1941.0,37.44,3.31e-06
Fe2.07V0.88Ti0.05Al,Fe2.000,V1.000,Ti0.048Al0.952,161.4,0.2100000000000008,0.0,0.0,20.885461399999997,9.0,0.0,2.25333333333e-05,16.49008,8.0,0.384,31.0,1.60664,8.0,1.0,0.0,0.0,1.0,8.0,0.0,3.0,30.0,4.0,1.54,43.0,5.144,9.0,4.76,0.07,0.0,71.56,1.63,1.63,981.83144,223.512,1.61,2183.0,122.872,0.0,1941.0,43.13,3.35e-06
Fe2.07V0.88Ti0.05Al,Fe2.000,V1.000,Ti0.048Al0.952,180.7,0.2100000000000008,0.0,0.0,20.885461399999997,9.0,0.0,2.25333333333e-05,16.49008,8.0,0.384,31.0,1.60664,8.0,1.0,0.0,0.0,1.0,8.0,0.0,3.0,30.0,4.0,1.54,43.0,5.144,9.0,4.76,0.07,0.0,71.56,1.63,1.63,981.83144,223.512,1.61,2183.0,122.872,0.0,1941.0,48.45,3.39e-06
Fe2.07V0.88Ti0.05Al,Fe2.000,V1.000,Ti0.048Al0.952,201.2,0.2100000000000008,0.0,0.0,20.885461399999997,9.0,0.0,2.25333333333e-05,16.49008,8.0,0.384,31.0,1.60664,8.0,1.0,0.0,0.0,1.0,8.0,0.0,3.0,30.0,4.0,1.54,43.0,5.144,9.0,4.76,0.07,0.0,71.56,1.63,1.63,981.83144,223.512,1.61,2183.0,122.872,0.0,1941.0,54.15,3.44e-06
Fe2.07V0.88Ti0.05Al,Fe2.000,V1.000,Ti0.048Al0.952,221.1,0.2100000000000008,0.0,0.0,20.885461399999997,9.0,0.0,2.25333333333e-05,16.49008,8.0,0.384,31.0,1.60664,8.0,1.0,0.0,0.0,1.0,8.0,0.0,3.0,30.0,4.0,1.54,43.0,5.144,9.0,4.76,0.07,0.0,71.56,1.63,1.63,981.83144,223.512,1.61,2183.0,122.872,0.0,1941.0,59.07,3.5e-06
Fe2.07V0.88Ti0.05Al,Fe2.000,V1.000,Ti0.048Al0.952,240.4,0.2100000000000008,0.0,0.0,20.885461399999997,9.0,0.0,2.25333333333e-05,16.49008,8.0,0.384,31.0,1.60664,8.0,1.0,0.0,0.0,1.0,8.0,0.0,3.0,30.0,4.0,1.54,43.0,5.144,9.0,4.76,0.07,0.0,71.56,1.63,1.63,981.83144,223.512,1.61,2183.0,122.872,0.0,1941.0,64.51,3.56e-06
Fe2.07V0.88Ti0.05Al,Fe2.000,V1.000,Ti0.048Al0.952,259.0,0.2100000000000008,0.0,0.0,20.885461399999997,9.0,0.0,2.25333333333e-05,16.49008,8.0,0.384,31.0,1.60664,8.0,1.0,0.0,0.0,1.0,8.0,0.0,3.0,30.0,4.0,1.54,43.0,5.144,9.0,4.76,0.07,0.0,71.56,1.63,1.63,981.83144,223.512,1.61,2183.0,122.872,0.0,1941.0,69.04,3.62e-06
Fe2.07V0.88Ti0.05Al,Fe2.000,V1.000,Ti0.048Al0.952,280.1,0.2100000000000008,0.0,0.0,20.885461399999997,9.0,0.0,2.25333333333e-05,16.49008,8.0,0.384,31.0,1.60664,8.0,1.0,0.0,0.0,1.0,8.0,0.0,3.0,30.0,4.0,1.54,43.0,5.144,9.0,4.76,0.07,0.0,71.56,1.63,1.63,981.83144,223.512,1.61,2183.0,122.872,0.0,1941.0,72.28,3.69e-06
Fe2.07V0.88Ti0.05Al,Fe2.000,V1.000,Ti0.048Al0.952,300.0,0.2100000000000008,0.0,0.0,20.885461399999997,9.0,0.0,2.25333333333e-05,16.49008,8.0,0.384,31.0,1.60664,8.0,1.0,0.0,0.0,1.0,8.0,0.0,3.0,30.0,4.0,1.54,43.0,5.144,9.0,4.76,0.07,0.0,71.56,1.63,1.63,981.83144,223.512,1.61,2183.0,122.872,0.0,1941.0,75.13,3.75e-06
Fe2.07V0.88Ti0.05Al,Fe2.000,V1.000,Ti0.048Al0.952,319.9,0.2100000000000008,0.0,0.0,20.885461399999997,9.0,0.0,2.25333333333e-05,16.49008,8.0,0.384,31.0,1.60664,8.0,1.0,0.0,0.0,1.0,8.0,0.0,3.0,30.0,4.0,1.54,43.0,5.144,9.0,4.76,0.07,0.0,71.56,1.63,1.63,981.83144,223.512,1.61,2183.0,122.872,0.0,1941.0,76.42,3.8e-06
Fe2.07V0.88Ti0.05Al,Fe2.000,V1.000,Ti0.048Al0.952,340.4,0.2100000000000008,0.0,0.0,20.885461399999997,9.0,0.0,2.25333333333e-05,16.49008,8.0,0.384,31.0,1.60664,8.0,1.0,0.0,0.0,1.0,8.0,0.0,3.0,30.0,4.0,1.54,43.0,5.144,9.0,4.76,0.07,0.0,71.56,1.63,1.63,981.83144,223.512,1.61,2183.0,122.872,0.0,1941.0,76.68,3.84e-06
Fe2.07V0.88Ti0.05Al,Fe2.000,V1.000,Ti0.048Al0.952,360.2,0.2100000000000008,0.0,0.0,20.885461399999997,9.0,0.0,2.25333333333e-05,16.49008,8.0,0.384,31.0,1.60664,8.0,1.0,0.0,0.0,1.0,8.0,0.0,3.0,30.0,4.0,1.54,43.0,5.144,9.0,4.76,0.07,0.0,71.56,1.63,1.63,981.83144,223.512,1.61,2183.0,122.872,0.0,1941.0,75.26,3.85e-06
Fe2.07V0.88Ti0.05Al,Fe2.000,V1.000,Ti0.048Al0.952,380.1,0.2100000000000008,0.0,0.0,20.885461399999997,9.0,0.0,2.25333333333e-05,16.49008,8.0,0.384,31.0,1.60664,8.0,1.0,0.0,0.0,1.0,8.0,0.0,3.0,30.0,4.0,1.54,43.0,5.144,9.0,4.76,0.07,0.0,71.56,1.63,1.63,981.83144,223.512,1.61,2183.0,122.872,0.0,1941.0,72.54,3.82e-06
Fe2.07V0.88Ti0.05Al,Fe2.000,V1.000,Ti0.048Al0.952,400.6,0.2100000000000008,0.0,0.0,20.885461399999997,9.0,0.0,2.25333333333e-05,16.49008,8.0,0.384,31.0,1.60664,8.0,1.0,0.0,0.0,1.0,8.0,0.0,3.0,30.0,4.0,1.54,43.0,5.144,9.0,4.76,0.07,0.0,71.56,1.63,1.63,981.83144,223.512,1.61,2183.0,122.872,0.0,1941.0,71.5,3.77e-06
Fe2.07V0.83Ti0.1Al,Fe2.000,V0.892Ti0.108,Al1.000,100.0,0.0,0.0,2.25333333333e-05,0.0,0.0,35.0,0.0,16.48,0.0,0.0,0.0,1.61,0.0,0.0,2.4335999999964e-06,0.0,0.0,5.0,2.25333333333e-05,0.0,0.0,13.0,1.61,73.0,5.0,0.0,5.0,0.0,0.0899999999999998,73.0,1.62028,1.54,933.47,225.0,1.61,2156.864,121.0,0.0,933.47,38.86,1.94e-06
Fe2.07V0.83Ti0.1Al,Fe2.000,V0.892Ti0.108,Al1.000,119.9,0.0,0.0,2.25333333333e-05,0.0,0.0,35.0,0.0,16.48,0.0,0.0,0.0,1.61,0.0,0.0,2.4335999999964e-06,0.0,0.0,5.0,2.25333333333e-05,0.0,0.0,13.0,1.61,73.0,5.0,0.0,5.0,0.0,0.0899999999999998,73.0,1.62028,1.54,933.47,225.0,1.61,2156.864,121.0,0.0,933.47,43.78,1.95e-06
Fe2.07V0.83Ti0.1Al,Fe2.000,V0.892Ti0.108,Al1.000,141.6,0.0,0.0,2.25333333333e-05,0.0,0.0,35.0,0.0,16.48,0.0,0.0,0.0,1.61,0.0,0.0,2.4335999999964e-06,0.0,0.0,5.0,2.25333333333e-05,0.0,0.0,13.0,1.61,73.0,5.0,0.0,5.0,0.0,0.0899999999999998,73.0,1.62028,1.54,933.47,225.0,1.61,2156.864,121.0,0.0,933.47,50.13,2.01e-06
Fe2.07V0.83Ti0.1Al,Fe2.000,V0.892Ti0.108,Al1.000,160.2,0.0,0.0,2.25333333333e-05,0.0,0.0,35.0,0.0,16.48,0.0,0.0,0.0,1.61,0.0,0.0,2.4335999999964e-06,0.0,0.0,5.0,2.25333333333e-05,0.0,0.0,13.0,1.61,73.0,5.0,0.0,5.0,0.0,0.0899999999999998,73.0,1.62028,1.54,933.47,225.0,1.61,2156.864,121.0,0.0,933.47,53.5,2.08e-06
Fe2.07V0.83Ti0.1Al,Fe2.000,V0.892Ti0.108,Al1.000,180.1,0.0,0.0,2.25333333333e-05,0.0,0.0,35.0,0.0,16.48,0.0,0.0,0.0,1.61,0.0,0.0,2.4335999999964e-06,0.0,0.0,5.0,2.25333333333e-05,0.0,0.0,13.0,1.61,73.0,5.0,0.0,5.0,0.0,0.0899999999999998,73.0,1.62028,1.54,933.47,225.0,1.61,2156.864,121.0,0.0,933.47,57.9,2.15e-06
Fe2.07V0.83Ti0.1Al,Fe2.000,V0.892Ti0.108,Al1.000,200.6,0.0,0.0,2.25333333333e-05,0.0,0.0,35.0,0.0,16.48,0.0,0.0,0.0,1.61,0.0,0.0,2.4335999999964e-06,0.0,0.0,5.0,2.25333333333e-05,0.0,0.0,13.0,1.61,73.0,5.0,0.0,5.0,0.0,0.0899999999999998,73.0,1.62028,1.54,933.47,225.0,1.61,2156.864,121.0,0.0,933.47,62.18,2.2e-06
Fe2.07V0.83Ti0.1Al,Fe2.000,V0.892Ti0.108,Al1.000,220.5,0.0,0.0,2.25333333333e-05,0.0,0.0,35.0,0.0,16.48,0.0,0.0,0.0,1.61,0.0,0.0,2.4335999999964e-06,0.0,0.0,5.0,2.25333333333e-05,0.0,0.0,13.0,1.61,73.0,5.0,0.0,5.0,0.0,0.0899999999999998,73.0,1.62028,1.54,933.47,225.0,1.61,2156.864,121.0,0.0,933.47,67.23,2.26e-06
Fe2.07V0.83Ti0.1Al,Fe2.000,V0.892Ti0.108,Al1.000,239.8,0.0,0.0,2.25333333333e-05,0.0,0.0,35.0,0.0,16.48,0.0,0.0,0.0,1.61,0.0,0.0,2.4335999999964e-06,0.0,0.0,5.0,2.25333333333e-05,0.0,0.0,13.0,1.61,73.0,5.0,0.0,5.0,0.0,0.0899999999999998,73.0,1.62028,1.54,933.47,225.0,1.61,2156.864,121.0,0.0,933.47,71.37,2.33e-06
Fe2.07V0.83Ti0.1Al,Fe2.000,V0.892Ti0.108,Al1.000,260.2,0.0,0.0,2.25333333333e-05,0.0,0.0,35.0,0.0,16.48,0.0,0.0,0.0,1.61,0.0,0.0,2.4335999999964e-06,0.0,0.0,5.0,2.25333333333e-05,0.0,0.0,13.0,1.61,73.0,5.0,0.0,5.0,0.0,0.0899999999999998,73.0,1.62028,1.54,933.47,225.0,1.61,2156.864,121.0,0.0,933.47,75.78,2.39e-06
Fe2.07V0.83Ti0.1Al,Fe2.000,V0.892Ti0.108,Al1.000,279.5,0.0,0.0,2.25333333333e-05,0.0,0.0,35.0,0.0,16.48,0.0,0.0,0.0,1.61,0.0,0.0,2.4335999999964e-06,0.0,0.0,5.0,2.25333333333e-05,0.0,0.0,13.0,1.61,73.0,5.0,0.0,5.0,0.0,0.0899999999999998,73.0,1.62028,1.54,933.47,225.0,1.61,2156.864,121.0,0.0,933.47,79.27,2.45e-06
Fe2.07V0.83Ti0.1Al,Fe2.000,V0.892Ti0.108,Al1.000,300.0,0.0,0.0,2.25333333333e-05,0.0,0.0,35.0,0.0,16.48,0.0,0.0,0.0,1.61,0.0,0.0,2.4335999999964e-06,0.0,0.0,5.0,2.25333333333e-05,0.0,0.0,13.0,1.61,73.0,5.0,0.0,5.0,0.0,0.0899999999999998,73.0,1.62028,1.54,933.47,225.0,1.61,2156.864,121.0,0.0,933.47,83.16,2.54e-06
Fe2.07V0.83Ti0.1Al,Fe2.000,V0.892Ti0.108,Al1.000,319.3,0.0,0.0,2.25333333333e-05,0.0,0.0,35.0,0.0,16.48,0.0,0.0,0.0,1.61,0.0,0.0,2.4335999999964e-06,0.0,0.0,5.0,2.25333333333e-05,0.0,0.0,13.0,1.61,73.0,5.0,0.0,5.0,0.0,0.0899999999999998,73.0,1.62028,1.54,933.47,225.0,1.61,2156.864,121.0,0.0,933.47,85.62,2.61e-06
Fe2.07V0.83Ti0.1Al,Fe2.000,V0.892Ti0.108,Al1.000,340.4,0.0,0.0,2.25333333333e-05,0.0,0.0,35.0,0.0,16.48,0.0,0.0,0.0,1.61,0.0,0.0,2.4335999999964e-06,0.0,0.0,5.0,2.25333333333e-05,0.0,0.0,13.0,1.61,73.0,5.0,0.0,5.0,0.0,0.0899999999999998,73.0,1.62028,1.54,933.47,225.0,1.61,2156.864,121.0,0.0,933.47,87.82,2.61e-06
Fe2.07V0.83Ti0.1Al,Fe2.000,V0.892Ti0.108,Al1.000,359.6,0.0,0.0,2.25333333333e-05,0.0,0.0,35.0,0.0,16.48,0.0,0.0,0.0,1.61,0.0,0.0,2.4335999999964e-06,0.0,0.0,5.0,2.25333333333e-05,0.0,0.0,13.0,1.61,73.0,5.0,0.0,5.0,0.0,0.0899999999999998,73.0,1.62028,1.54,933.47,225.0,1.61,2156.864,121.0,0.0,933.47,89.25,2.74e-06
Fe2.07V0.83Ti0.1Al,Fe2.000,V0.892Ti0.108,Al1.000,379.5,0.0,0.0,2.25333333333e-05,0.0,0.0,35.0,0.0,16.48,0.0,0.0,0.0,1.61,0.0,0.0,2.4335999999964e-06,0.0,0.0,5.0,2.25333333333e-05,0.0,0.0,13.0,1.61,73.0,5.0,0.0,5.0,0.0,0.0899999999999998,73.0,1.62028,1.54,933.47,225.0,1.61,2156.864,121.0,0.0,933.47,90.8,3.1e-06
Fe2.07V0.83Ti0.1Al,Fe2.000,V0.892Ti0.108,Al1.000,399.4,0.0,0.0,2.25333333333e-05,0.0,0.0,35.0,0.0,16.48,0.0,0.0,0.0,1.61,0.0,0.0,2.4335999999964e-06,0.0,0.0,5.0,2.25333333333e-05,0.0,0.0,13.0,1.61,73.0,5.0,0.0,5.0,0.0,0.0899999999999998,73.0,1.62028,1.54,933.47,225.0,1.61,2156.864,121.0,0.0,933.47,91.97,3.02e-06
Fe2V0.84Ti0.16Al0.97Sb0.03,Fe2.000,V0.840Ti0.160,Al0.970Sb0.030,346.318,15.079999999999998,0.0,2.25333333333e-05,94.7784614,38.0,35.0,0.0,16.9324,0.0,0.0,59.0,1.6232,0.0,2.0,3.605333333328e-06,0.0,12.0,5.0,2.25333333333e-05,2.0,12.0,13.0,1.61,73.0,4.9399999999999995,2.0,4.9399999999999995,0.4399999999999997,0.0899999999999998,73.36,1.6155999999999997,1.54,932.5793,223.23,2.05,2144.28,121.54,0.0,933.47,89.3392,4.04e-06
Fe2V0.84Ti0.16Al0.97Sb0.03,Fe2.000,V0.840Ti0.160,Al0.970Sb0.030,395.012,15.079999999999998,0.0,2.25333333333e-05,94.7784614,38.0,35.0,0.0,16.9324,0.0,0.0,59.0,1.6232,0.0,2.0,3.605333333328e-06,0.0,12.0,5.0,2.25333333333e-05,2.0,12.0,13.0,1.61,73.0,4.9399999999999995,2.0,4.9399999999999995,0.4399999999999997,0.0899999999999998,73.36,1.6155999999999997,1.54,932.5793,223.23,2.05,2144.28,121.54,0.0,933.47,91.0794,4.08e-06
Fe2V0.84Ti0.16Al0.97Sb0.03,Fe2.000,V0.840Ti0.160,Al0.970Sb0.030,442.518,15.079999999999998,0.0,2.25333333333e-05,94.7784614,38.0,35.0,0.0,16.9324,0.0,0.0,59.0,1.6232,0.0,2.0,3.605333333328e-06,0.0,12.0,5.0,2.25333333333e-05,2.0,12.0,13.0,1.61,73.0,4.9399999999999995,2.0,4.9399999999999995,0.4399999999999997,0.0899999999999998,73.36,1.6155999999999997,1.54,932.5793,223.23,2.05,2144.28,121.54,0.0,933.47,84.1377,4.12e-06
Fe2V0.84Ti0.16Al0.97Sb0.03,Fe2.000,V0.840Ti0.160,Al0.970Sb0.030,491.211,15.079999999999998,0.0,2.25333333333e-05,94.7784614,38.0,35.0,0.0,16.9324,0.0,0.0,59.0,1.6232,0.0,2.0,3.605333333328e-06,0.0,12.0,5.0,2.25333333333e-05,2.0,12.0,13.0,1.61,73.0,4.9399999999999995,2.0,4.9399999999999995,0.4399999999999997,0.0899999999999998,73.36,1.6155999999999997,1.54,932.5793,223.23,2.05,2144.28,121.54,0.0,933.47,73.4709,4.1e-06
Fe2V0.84Ti0.16Al0.97Sb0.03,Fe2.000,V0.840Ti0.160,Al0.970Sb0.030,541.093,15.079999999999998,0.0,2.25333333333e-05,94.7784614,38.0,35.0,0.0,16.9324,0.0,0.0,59.0,1.6232,0.0,2.0,3.605333333328e-06,0.0,12.0,5.0,2.25333333333e-05,2.0,12.0,13.0,1.61,73.0,4.9399999999999995,2.0,4.9399999999999995,0.4399999999999997,0.0899999999999998,73.36,1.6155999999999997,1.54,932.5793,223.23,2.05,2144.28,121.54,0.0,933.47,63.4216,4.01e-06
Fe2V0.84Ti0.16Al0.97Sb0.03,Fe2.000,V0.840Ti0.160,Al0.970Sb0.030,594.537,15.079999999999998,0.0,2.25333333333e-05,94.7784614,38.0,35.0,0.0,16.9324,0.0,0.0,59.0,1.6232,0.0,2.0,3.605333333328e-06,0.0,12.0,5.0,2.25333333333e-05,2.0,12.0,13.0,1.61,73.0,4.9399999999999995,2.0,4.9399999999999995,0.4399999999999997,0.0899999999999998,73.36,1.6155999999999997,1.54,932.5793,223.23,2.05,2144.28,121.54,0.0,933.47,52.1227,3.89e-06
Fe2V0.84Ti0.16Al0.97Sb0.03,Fe2.000,V0.840Ti0.160,Al0.970Sb0.030,642.043,15.079999999999998,0.0,2.25333333333e-05,94.7784614,38.0,35.0,0.0,16.9324,0.0,0.0,59.0,1.6232,0.0,2.0,3.605333333328e-06,0.0,12.0,5.0,2.25333333333e-05,2.0,12.0,13.0,1.61,73.0,4.9399999999999995,2.0,4.9399999999999995,0.4399999999999997,0.0899999999999998,73.36,1.6155999999999997,1.54,932.5793,223.23,2.05,2144.28,121.54,0.0,933.47,38.3572,3.79e-06
Fe2V0.84Ti0.16Al0.97Sb0.03,Fe2.000,V0.840Ti0.160,Al0.970Sb0.030,694.299,15.079999999999998,0.0,2.25333333333e-05,94.7784614,38.0,35.0,0.0,16.9324,0.0,0.0,59.0,1.6232,0.0,2.0,3.605333333328e-06,0.0,12.0,5.0,2.25333333333e-05,2.0,12.0,13.0,1.61,73.0,4.9399999999999995,2.0,4.9399999999999995,0.4399999999999997,0.0899999999999998,73.36,1.6155999999999997,1.54,932.5793,223.23,2.05,2144.28,121.54,0.0,933.47,29.5427,3.63e-06
Fe2V0.84Ti0.16Al0.97Sb0.03,Fe2.000,V0.840Ti0.160,Al0.970Sb0.030,746.556,15.079999999999998,0.0,2.25333333333e-05,94.7784614,38.0,35.0,0.0,16.9324,0.0,0.0,59.0,1.6232,0.0,2.0,3.605333333328e-06,0.0,12.0,5.0,2.25333333333e-05,2.0,12.0,13.0,1.61,73.0,4.9399999999999995,2.0,4.9399999999999995,0.4399999999999997,0.0899999999999998,73.36,1.6155999999999997,1.54,932.5793,223.23,2.05,2144.28,121.54,0.0,933.47,19.4875,3.4e-06
Fe2V0.90Ti0.10Al,Fe2.000,V1.000,Ti0.091Al0.909,348.694,0.2100000000000008,0.0,0.0,20.885461399999997,9.0,0.0,2.25333333333e-05,16.49911,8.0,0.728,31.0,1.60363,8.0,1.0,0.0,0.0,1.0,8.0,0.0,3.0,30.0,4.0,1.54,43.0,5.273,9.0,4.545,0.07,0.0,70.27,1.63,1.63,1025.15523,222.179,1.61,2183.0,124.549,0.0,1941.0,84.9908,4.24e-06
Fe2V0.90Ti0.10Al,Fe2.000,V1.000,Ti0.091Al0.909,391.449,0.2100000000000008,0.0,0.0,20.885461399999997,9.0,0.0,2.25333333333e-05,16.49911,8.0,0.728,31.0,1.60363,8.0,1.0,0.0,0.0,1.0,8.0,0.0,3.0,30.0,4.0,1.54,43.0,5.273,9.0,4.545,0.07,0.0,70.27,1.63,1.63,1025.15523,222.179,1.61,2183.0,124.549,0.0,1941.0,87.9865,4.28e-06
Fe2V0.90Ti0.10Al,Fe2.000,V1.000,Ti0.091Al0.909,443.705,0.2100000000000008,0.0,0.0,20.885461399999997,9.0,0.0,2.25333333333e-05,16.49911,8.0,0.728,31.0,1.60363,8.0,1.0,0.0,0.0,1.0,8.0,0.0,3.0,30.0,4.0,1.54,43.0,5.273,9.0,4.545,0.07,0.0,70.27,1.63,1.63,1025.15523,222.179,1.61,2183.0,124.549,0.0,1941.0,79.7923,4.27e-06
Fe2V0.90Ti0.10Al,Fe2.000,V1.000,Ti0.091Al0.909,497.15,0.2100000000000008,0.0,0.0,20.885461399999997,9.0,0.0,2.25333333333e-05,16.49911,8.0,0.728,31.0,1.60363,8.0,1.0,0.0,0.0,1.0,8.0,0.0,3.0,30.0,4.0,1.54,43.0,5.273,9.0,4.545,0.07,0.0,70.27,1.63,1.63,1025.15523,222.179,1.61,2183.0,124.549,0.0,1941.0,69.7341,4.15e-06
Fe2V0.90Ti0.10Al,Fe2.000,V1.000,Ti0.091Al0.909,544.656,0.2100000000000008,0.0,0.0,20.885461399999997,9.0,0.0,2.25333333333e-05,16.49911,8.0,0.728,31.0,1.60363,8.0,1.0,0.0,0.0,1.0,8.0,0.0,3.0,30.0,4.0,1.54,43.0,5.273,9.0,4.545,0.07,0.0,70.27,1.63,1.63,1025.15523,222.179,1.61,2183.0,124.549,0.0,1941.0,56.5889,4.05e-06
Fe2V0.90Ti0.10Al,Fe2.000,V1.000,Ti0.091Al0.909,593.349,0.2100000000000008,0.0,0.0,20.885461399999997,9.0,0.0,2.25333333333e-05,16.49911,8.0,0.728,31.0,1.60363,8.0,1.0,0.0,0.0,1.0,8.0,0.0,3.0,30.0,4.0,1.54,43.0,5.273,9.0,4.545,0.07,0.0,70.27,1.63,1.63,1025.15523,222.179,1.61,2183.0,124.549,0.0,1941.0,44.0612,3.92e-06
Fe2V0.90Ti0.10Al,Fe2.000,V1.000,Ti0.091Al0.909,640.855,0.2100000000000008,0.0,0.0,20.885461399999997,9.0,0.0,2.25333333333e-05,16.49911,8.0,0.728,31.0,1.60363,8.0,1.0,0.0,0.0,1.0,8.0,0.0,3.0,30.0,4.0,1.54,43.0,5.273,9.0,4.545,0.07,0.0,70.27,1.63,1.63,1025.15523,222.179,1.61,2183.0,124.549,0.0,1941.0,34.0177,3.69e-06
Fe2V0.90Ti0.10Al,Fe2.000,V1.000,Ti0.091Al0.909,694.299,0.2100000000000008,0.0,0.0,20.885461399999997,9.0,0.0,2.25333333333e-05,16.49911,8.0,0.728,31.0,1.60363,8.0,1.0,0.0,0.0,1.0,8.0,0.0,3.0,30.0,4.0,1.54,43.0,5.273,9.0,4.545,0.07,0.0,70.27,1.63,1.63,1025.15523,222.179,1.61,2183.0,124.549,0.0,1941.0,22.0985,3.56e-06
Fe2V0.90Ti0.10Al,Fe2.000,V1.000,Ti0.091Al0.909,745.368,0.2100000000000008,0.0,0.0,20.885461399999997,9.0,0.0,2.25333333333e-05,16.49911,8.0,0.728,31.0,1.60363,8.0,1.0,0.0,0.0,1.0,8.0,0.0,3.0,30.0,4.0,1.54,43.0,5.273,9.0,4.545,0.07,0.0,70.27,1.63,1.63,1025.15523,222.179,1.61,2183.0,124.549,0.0,1941.0,14.5276,3.44e-06
Fe2VAl0.90Si0.07Sb0.03,Fe2.000,V1.000,Al0.900Si0.070Sb0.030,351.069,15.079999999999998,0.773,0.0,94.7784614,38.0,0.0,0.0,17.209600000000002,0.0,0.0,61.0,1.6435,0.0,2.0,0.0,0.0,12.0,5.0,0.0,2.0,12.0,13.0,1.61,73.0,4.87,2.0,4.87,0.4399999999999997,0.0,73.71,1.63,1.63,985.3264,223.37,2.05,2183.0,120.84,0.05411,1687.0,-113.526,4.08e-06
Fe2VAl0.90Si0.07Sb0.03,Fe2.000,V1.000,Al0.900Si0.070Sb0.030,390.261,15.079999999999998,0.773,0.0,94.7784614,38.0,0.0,0.0,17.209600000000002,0.0,0.0,61.0,1.6435,0.0,2.0,0.0,0.0,12.0,5.0,0.0,2.0,12.0,13.0,1.61,73.0,4.87,2.0,4.87,0.4399999999999997,0.0,73.71,1.63,1.63,985.3264,223.37,2.05,2183.0,120.84,0.05411,1687.0,-112.383,4.22e-06
Fe2VAl0.90Si0.07Sb0.03,Fe2.000,V1.000,Al0.900Si0.070Sb0.030,442.518,15.079999999999998,0.773,0.0,94.7784614,38.0,0.0,0.0,17.209600000000002,0.0,0.0,61.0,1.6435,0.0,2.0,0.0,0.0,12.0,5.0,0.0,2.0,12.0,13.0,1.61,73.0,4.87,2.0,4.87,0.4399999999999997,0.0,73.71,1.63,1.63,985.3264,223.37,2.05,2183.0,120.84,0.05411,1687.0,-105.689,4.3e-06
Fe2VAl0.90Si0.07Sb0.03,Fe2.000,V1.000,Al0.900Si0.070Sb0.030,492.399,15.079999999999998,0.773,0.0,94.7784614,38.0,0.0,0.0,17.209600000000002,0.0,0.0,61.0,1.6435,0.0,2.0,0.0,0.0,12.0,5.0,0.0,2.0,12.0,13.0,1.61,73.0,4.87,2.0,4.87,0.4399999999999997,0.0,73.71,1.63,1.63,985.3264,223.37,2.05,2183.0,120.84,0.05411,1687.0,-92.7851,4.34e-06
Fe2VAl0.90Si0.07Sb0.03,Fe2.000,V1.000,Al0.900Si0.070Sb0.030,544.656,15.079999999999998,0.773,0.0,94.7784614,38.0,0.0,0.0,17.209600000000002,0.0,0.0,61.0,1.6435,0.0,2.0,0.0,0.0,12.0,5.0,0.0,2.0,12.0,13.0,1.61,73.0,4.87,2.0,4.87,0.4399999999999997,0.0,73.71,1.63,1.63,985.3264,223.37,2.05,2183.0,120.84,0.05411,1687.0,-79.8875,4.31e-06
Fe2VAl0.90Si0.07Sb0.03,Fe2.000,V1.000,Al0.900Si0.070Sb0.030,594.537,15.079999999999998,0.773,0.0,94.7784614,38.0,0.0,0.0,17.209600000000002,0.0,0.0,61.0,1.6435,0.0,2.0,0.0,0.0,12.0,5.0,0.0,2.0,12.0,13.0,1.61,73.0,4.87,2.0,4.87,0.4399999999999997,0.0,73.71,1.63,1.63,985.3264,223.37,2.05,2183.0,120.84,0.05411,1687.0,-67.6043,4.22e-06
Fe2VAl0.90Si0.07Sb0.03,Fe2.000,V1.000,Al0.900Si0.070Sb0.030,644.418,15.079999999999998,0.773,0.0,94.7784614,38.0,0.0,0.0,17.209600000000002,0.0,0.0,61.0,1.6435,0.0,2.0,0.0,0.0,12.0,5.0,0.0,2.0,12.0,13.0,1.61,73.0,4.87,2.0,4.87,0.4399999999999997,0.0,73.71,1.63,1.63,985.3264,223.37,2.05,2183.0,120.84,0.05411,1687.0,-55.3211,4.09e-06
Fe2VAl0.90Si0.07Sb0.03,Fe2.000,V1.000,Al0.900Si0.070Sb0.030,695.487,15.079999999999998,0.773,0.0,94.7784614,38.0,0.0,0.0,17.209600000000002,0.0,0.0,61.0,1.6435,0.0,2.0,0.0,0.0,12.0,5.0,0.0,2.0,12.0,13.0,1.61,73.0,4.87,2.0,4.87,0.4399999999999997,0.0,73.71,1.63,1.63,985.3264,223.37,2.05,2183.0,120.84,0.05411,1687.0,-46.1426,3.91e-06
Fe2VAl0.90Si0.07Sb0.03,Fe2.000,V1.000,Al0.900Si0.070Sb0.030,744.181,15.079999999999998,0.773,0.0,94.7784614,38.0,0.0,0.0,17.209600000000002,0.0,0.0,61.0,1.6435,0.0,2.0,0.0,0.0,12.0,5.0,0.0,2.0,12.0,13.0,1.61,73.0,4.87,2.0,4.87,0.4399999999999997,0.0,73.71,1.63,1.63,985.3264,223.37,2.05,2183.0,120.84,0.05411,1687.0,-38.8193,3.81e-06
Fe2VAl0.90Si0.10,Fe2.000,V1.000,Al0.900Si0.100,349.881,3.960000000000001,0.773,0.0,1.103961399999999,1.0,0.0,0.0,16.876,0.0,0.0,2.0,1.639,0.0,0.0,0.0,0.0,1.0,5.0,0.0,1.0,5.0,13.0,1.61,73.0,4.9,1.0,4.9,0.2899999999999998,0.0,73.5,1.63,1.63,1008.823,225.2,1.9,2183.0,120.0,0.0773,1687.0,-122.208,4.11e-06
Fe2VAl0.90Si0.10,Fe2.000,V1.000,Al0.900Si0.100,390.261,3.960000000000001,0.773,0.0,1.103961399999999,1.0,0.0,0.0,16.876,0.0,0.0,2.0,1.639,0.0,0.0,0.0,0.0,1.0,5.0,0.0,1.0,5.0,13.0,1.61,73.0,4.9,1.0,4.9,0.2899999999999998,0.0,73.5,1.63,1.63,1008.823,225.2,1.9,2183.0,120.0,0.0773,1687.0,-113.623,4.23e-06
Fe2VAl0.90Si0.10,Fe2.000,V1.000,Al0.900Si0.100,442.518,3.960000000000001,0.773,0.0,1.103961399999999,1.0,0.0,0.0,16.876,0.0,0.0,2.0,1.639,0.0,0.0,0.0,0.0,1.0,5.0,0.0,1.0,5.0,13.0,1.61,73.0,4.9,1.0,4.9,0.2899999999999998,0.0,73.5,1.63,1.63,1008.823,225.2,1.9,2183.0,120.0,0.0773,1687.0,-109.411,4.32e-06
Fe2VAl0.90Si0.10,Fe2.000,V1.000,Al0.900Si0.100,491.211,3.960000000000001,0.773,0.0,1.103961399999999,1.0,0.0,0.0,16.876,0.0,0.0,2.0,1.639,0.0,0.0,0.0,0.0,1.0,5.0,0.0,1.0,5.0,13.0,1.61,73.0,4.9,1.0,4.9,0.2899999999999998,0.0,73.5,1.63,1.63,1008.823,225.2,1.9,2183.0,120.0,0.0773,1687.0,-97.1246,4.36e-06
Fe2VAl0.90Si0.10,Fe2.000,V1.000,Al0.900Si0.100,543.468,3.960000000000001,0.773,0.0,1.103961399999999,1.0,0.0,0.0,16.876,0.0,0.0,2.0,1.639,0.0,0.0,0.0,0.0,1.0,5.0,0.0,1.0,5.0,13.0,1.61,73.0,4.9,1.0,4.9,0.2899999999999998,0.0,73.5,1.63,1.63,1008.823,225.2,1.9,2183.0,120.0,0.0773,1687.0,-82.3659,4.29e-06
Fe2VAl0.90Si0.10,Fe2.000,V1.000,Al0.900Si0.100,593.349,3.960000000000001,0.773,0.0,1.103961399999999,1.0,0.0,0.0,16.876,0.0,0.0,2.0,1.639,0.0,0.0,0.0,0.0,1.0,5.0,0.0,1.0,5.0,13.0,1.61,73.0,4.9,1.0,4.9,0.2899999999999998,0.0,73.5,1.63,1.63,1008.823,225.2,1.9,2183.0,120.0,0.0773,1687.0,-69.4624,4.13e-06
Fe2VAl0.90Si0.10,Fe2.000,V1.000,Al0.900Si0.100,642.043,3.960000000000001,0.773,0.0,1.103961399999999,1.0,0.0,0.0,16.876,0.0,0.0,2.0,1.639,0.0,0.0,0.0,0.0,1.0,5.0,0.0,1.0,5.0,13.0,1.61,73.0,4.9,1.0,4.9,0.2899999999999998,0.0,73.5,1.63,1.63,1008.823,225.2,1.9,2183.0,120.0,0.0773,1687.0,-57.1763,3.88e-06
Fe2VAl0.90Si0.10,Fe2.000,V1.000,Al0.900Si0.100,696.675,3.960000000000001,0.773,0.0,1.103961399999999,1.0,0.0,0.0,16.876,0.0,0.0,2.0,1.639,0.0,0.0,0.0,0.0,1.0,5.0,0.0,1.0,5.0,13.0,1.61,73.0,4.9,1.0,4.9,0.2899999999999998,0.0,73.5,1.63,1.63,1008.823,225.2,1.9,2183.0,120.0,0.0773,1687.0,-46.7659,3.7e-06
Fe2VAl0.90Si0.10,Fe2.000,V1.000,Al0.900Si0.100,742.993,3.960000000000001,0.773,0.0,1.103961399999999,1.0,0.0,0.0,16.876,0.0,0.0,2.0,1.639,0.0,0.0,0.0,0.0,1.0,5.0,0.0,1.0,5.0,13.0,1.61,73.0,4.9,1.0,4.9,0.2899999999999998,0.0,73.5,1.63,1.63,1008.823,225.2,1.9,2183.0,120.0,0.0773,1687.0,-39.4367,3.6e-06
Fe2VAl0.97Sb0.03,Fe2.000,V1.000,Al0.970Sb0.030,348.694,15.079999999999998,0.0,0.0,94.7784614,38.0,0.0,0.0,16.9324,0.0,0.0,59.0,1.6232,0.0,2.0,0.0,0.0,12.0,5.0,0.0,2.0,12.0,13.0,1.61,73.0,4.9399999999999995,2.0,4.9399999999999995,0.4399999999999997,0.0,73.36,1.63,1.63,932.5793,223.23,2.05,2183.0,121.54,0.0,933.47,-111.039,6.99e-06
Fe2VAl0.97Sb0.03,Fe2.000,V1.000,Al0.970Sb0.030,393.824,15.079999999999998,0.0,0.0,94.7784614,38.0,0.0,0.0,16.9324,0.0,0.0,59.0,1.6232,0.0,2.0,0.0,0.0,12.0,5.0,0.0,2.0,12.0,13.0,1.61,73.0,4.9399999999999995,2.0,4.9399999999999995,0.4399999999999997,0.0,73.36,1.63,1.63,932.5793,223.23,2.05,2183.0,121.54,0.0,933.47,-96.2626,6.45e-06
Fe2VAl0.97Sb0.03,Fe2.000,V1.000,Al0.970Sb0.030,444.893,15.079999999999998,0.0,0.0,94.7784614,38.0,0.0,0.0,16.9324,0.0,0.0,59.0,1.6232,0.0,2.0,0.0,0.0,12.0,5.0,0.0,2.0,12.0,13.0,1.61,73.0,4.9399999999999995,2.0,4.9399999999999995,0.4399999999999997,0.0,73.36,1.63,1.63,932.5793,223.23,2.05,2183.0,121.54,0.0,933.47,-79.0196,5.91e-06
Fe2VAl0.97Sb0.03,Fe2.000,V1.000,Al0.970Sb0.030,492.399,15.079999999999998,0.0,0.0,94.7784614,38.0,0.0,0.0,16.9324,0.0,0.0,59.0,1.6232,0.0,2.0,0.0,0.0,12.0,5.0,0.0,2.0,12.0,13.0,1.61,73.0,4.9399999999999995,2.0,4.9399999999999995,0.4399999999999997,0.0,73.36,1.63,1.63,932.5793,223.23,2.05,2183.0,121.54,0.0,933.47,-60.527,5.41e-06
Fe2VAl0.97Sb0.03,Fe2.000,V1.000,Al0.970Sb0.030,543.468,15.079999999999998,0.0,0.0,94.7784614,38.0,0.0,0.0,16.9324,0.0,0.0,59.0,1.6232,0.0,2.0,0.0,0.0,12.0,5.0,0.0,2.0,12.0,13.0,1.61,73.0,4.9399999999999995,2.0,4.9399999999999995,0.4399999999999997,0.0,73.36,1.63,1.63,932.5793,223.23,2.05,2183.0,121.54,0.0,933.47,-47.0061,4.93e-06
Fe2VAl0.97Sb0.03,Fe2.000,V1.000,Al0.970Sb0.030,592.162,15.079999999999998,0.0,0.0,94.7784614,38.0,0.0,0.0,16.9324,0.0,0.0,59.0,1.6232,0.0,2.0,0.0,0.0,12.0,5.0,0.0,2.0,12.0,13.0,1.61,73.0,4.9399999999999995,2.0,4.9399999999999995,0.4399999999999997,0.0,73.36,1.63,1.63,932.5793,223.23,2.05,2183.0,121.54,0.0,933.47,-37.2014,4.61e-06
Fe2VAl0.97Sb0.03,Fe2.000,V1.000,Al0.970Sb0.030,643.23,15.079999999999998,0.0,0.0,94.7784614,38.0,0.0,0.0,16.9324,0.0,0.0,59.0,1.6232,0.0,2.0,0.0,0.0,12.0,5.0,0.0,2.0,12.0,13.0,1.61,73.0,4.9399999999999995,2.0,4.9399999999999995,0.4399999999999997,0.0,73.36,1.63,1.63,932.5793,223.23,2.05,2183.0,121.54,0.0,933.47,-29.8839,4.27e-06
Fe2VAl0.97Sb0.03,Fe2.000,V1.000,Al0.970Sb0.030,693.112,15.079999999999998,0.0,0.0,94.7784614,38.0,0.0,0.0,16.9324,0.0,0.0,59.0,1.6232,0.0,2.0,0.0,0.0,12.0,5.0,0.0,2.0,12.0,13.0,1.61,73.0,4.9399999999999995,2.0,4.9399999999999995,0.4399999999999997,0.0,73.36,1.63,1.63,932.5793,223.23,2.05,2183.0,121.54,0.0,933.47,-25.0449,3.95e-06
Fe2VAl0.97Sb0.03,Fe2.000,V1.000,Al0.970Sb0.030,742.993,15.079999999999998,0.0,0.0,94.7784614,38.0,0.0,0.0,16.9324,0.0,0.0,59.0,1.6232,0.0,2.0,0.0,0.0,12.0,5.0,0.0,2.0,12.0,13.0,1.61,73.0,4.9399999999999995,2.0,4.9399999999999995,0.4399999999999997,0.0,73.36,1.63,1.63,932.5793,223.23,2.05,2183.0,121.54,0.0,933.47,-22.6873,3.76e-06
Fe2VAl,Fe2.000,V1.000,Al1.000,5.6256,0.0,0.0,0.0,0.0,0.0,0.0,0.0,16.48,0.0,0.0,0.0,1.61,0.0,0.0,0.0,0.0,0.0,5.0,0.0,0.0,0.0,13.0,1.61,73.0,5.0,0.0,5.0,0.0,0.0,73.0,1.63,1.63,933.47,225.0,1.61,2183.0,121.0,0.0,933.47,2.3823,2.48e-05
Fe2VAl,Fe2.000,V1.000,Al1.000,65.4735,0.0,0.0,0.0,0.0,0.0,0.0,0.0,16.48,0.0,0.0,0.0,1.61,0.0,0.0,0.0,0.0,0.0,5.0,0.0,0.0,0.0,13.0,1.61,73.0,5.0,0.0,5.0,0.0,0.0,73.0,1.63,1.63,933.47,225.0,1.61,2183.0,121.0,0.0,933.47,12.8532,2.18e-05
Fe2VAl,Fe2.000,V1.000,Al1.000,144.6603,0.0,0.0,0.0,0.0,0.0,0.0,0.0,16.48,0.0,0.0,0.0,1.61,0.0,0.0,0.0,0.0,0.0,5.0,0.0,0.0,0.0,13.0,1.61,73.0,5.0,0.0,5.0,0.0,0.0,73.0,1.63,1.63,933.47,225.0,1.61,2183.0,121.0,0.0,933.47,22.1607,1.78e-05
Fe2VAl,Fe2.000,V1.000,Al1.000,237.0337,0.0,0.0,0.0,0.0,0.0,0.0,0.0,16.48,0.0,0.0,0.0,1.61,0.0,0.0,0.0,0.0,0.0,5.0,0.0,0.0,0.0,13.0,1.61,73.0,5.0,0.0,5.0,0.0,0.0,73.0,1.63,1.63,933.47,225.0,1.61,2183.0,121.0,0.0,933.47,33.795,1.32e-05
Fe2VAl,Fe2.000,V1.000,Al1.000,298.9661,0.0,0.0,0.0,0.0,0.0,0.0,0.0,16.48,0.0,0.0,0.0,1.61,0.0,0.0,0.0,0.0,0.0,5.0,0.0,0.0,0.0,13.0,1.61,73.0,5.0,0.0,5.0,0.0,0.0,73.0,1.63,1.63,933.47,225.0,1.61,2183.0,121.0,0.0,933.47,40.7756,1.04e-05
Fe2V0.97Nb0.03Al,Fe2.000,V1.000,Nb0.029Al0.971,7.8004,1.6999999999999993,0.0,0.0,65.92484139999999,28.0,0.0,0.0,16.5293,6.0,0.174,4.0,1.60971,6.0,2.0,0.0,0.0,2.0,7.0,0.0,2.0,26.0,5.0,1.6,47.0,5.058,8.0,4.8549999999999995,0.01,0.0,72.246,1.63,1.63,986.14937,225.116,1.61,2183.0,122.247,0.0,2750.0,-7.313,2.69e-05
Fe2V0.97Nb0.03Al,Fe2.000,V1.000,Nb0.029Al0.971,59.9915,1.6999999999999993,0.0,0.0,65.92484139999999,28.0,0.0,0.0,16.5293,6.0,0.174,4.0,1.60971,6.0,2.0,0.0,0.0,2.0,7.0,0.0,2.0,26.0,5.0,1.6,47.0,5.058,8.0,4.8549999999999995,0.01,0.0,72.246,1.63,1.63,986.14937,225.116,1.61,2183.0,122.247,0.0,2750.0,-29.8061,2.45e-05
Fe2V0.97Nb0.03Al,Fe2.000,V1.000,Nb0.029Al0.971,115.1772,1.6999999999999993,0.0,0.0,65.92484139999999,28.0,0.0,0.0,16.5293,6.0,0.174,4.0,1.60971,6.0,2.0,0.0,0.0,2.0,7.0,0.0,2.0,26.0,5.0,1.6,47.0,5.058,8.0,4.8549999999999995,0.01,0.0,72.246,1.63,1.63,986.14937,225.116,1.61,2183.0,122.247,0.0,2750.0,-48.4211,2.15e-05
Fe2V0.97Nb0.03Al,Fe2.000,V1.000,Nb0.029Al0.971,191.6851,1.6999999999999993,0.0,0.0,65.92484139999999,28.0,0.0,0.0,16.5293,6.0,0.174,4.0,1.60971,6.0,2.0,0.0,0.0,2.0,7.0,0.0,2.0,26.0,5.0,1.6,47.0,5.058,8.0,4.8549999999999995,0.01,0.0,72.246,1.63,1.63,986.14937,225.116,1.61,2183.0,122.247,0.0,2750.0,-64.7091,1.67e-05
Fe2V0.97Nb0.03Al,Fe2.000,V1.000,Nb0.029Al0.971,256.6459,1.6999999999999993,0.0,0.0,65.92484139999999,28.0,0.0,0.0,16.5293,6.0,0.174,4.0,1.60971,6.0,2.0,0.0,0.0,2.0,7.0,0.0,2.0,26.0,5.0,1.6,47.0,5.058,8.0,4.8549999999999995,0.01,0.0,72.246,1.63,1.63,986.14937,225.116,1.61,2183.0,122.247,0.0,2750.0,-56.1773,1.31e-05
Fe2V0.97Nb0.03Al,Fe2.000,V1.000,Nb0.029Al0.971,301.1832,1.6999999999999993,0.0,0.0,65.92484139999999,28.0,0.0,0.0,16.5293,6.0,0.174,4.0,1.60971,6.0,2.0,0.0,0.0,2.0,7.0,0.0,2.0,26.0,5.0,1.6,47.0,5.058,8.0,4.8549999999999995,0.01,0.0,72.246,1.63,1.63,986.14937,225.116,1.61,2183.0,122.247,0.0,2750.0,-41.8283,1.08e-05
Fe2V0.94Nb0.06Al,Fe2.000,V1.000,Nb0.057Al0.943,7.8623,1.6999999999999993,0.0,0.0,65.92484139999999,28.0,0.0,0.0,16.5769,6.0,0.342,4.0,1.60943,6.0,2.0,0.0,0.0,2.0,7.0,0.0,2.0,26.0,5.0,1.6,47.0,5.114,8.0,4.715,0.01,0.0,71.518,1.63,1.63,1037.01221,225.228,1.61,2183.0,123.451,0.0,2750.0,-11.5789,3.53e-05
Fe2V0.94Nb0.06Al,Fe2.000,V1.000,Nb0.057Al0.943,56.1717,1.6999999999999993,0.0,0.0,65.92484139999999,28.0,0.0,0.0,16.5769,6.0,0.342,4.0,1.60943,6.0,2.0,0.0,0.0,2.0,7.0,0.0,2.0,26.0,5.0,1.6,47.0,5.114,8.0,4.715,0.01,0.0,71.518,1.63,1.63,1037.01221,225.228,1.61,2183.0,123.451,0.0,2750.0,-46.8698,3.18e-05
Fe2V0.94Nb0.06Al,Fe2.000,V1.000,Nb0.057Al0.943,118.5943,1.6999999999999993,0.0,0.0,65.92484139999999,28.0,0.0,0.0,16.5769,6.0,0.342,4.0,1.60943,6.0,2.0,0.0,0.0,2.0,7.0,0.0,2.0,26.0,5.0,1.6,47.0,5.114,8.0,4.715,0.01,0.0,71.518,1.63,1.63,1037.01221,225.228,1.61,2183.0,123.451,0.0,2750.0,-73.6288,2.55e-05
Fe2V0.94Nb0.06Al,Fe2.000,V1.000,Nb0.057Al0.943,166.5318,1.6999999999999993,0.0,0.0,65.92484139999999,28.0,0.0,0.0,16.5769,6.0,0.342,4.0,1.60943,6.0,2.0,0.0,0.0,2.0,7.0,0.0,2.0,26.0,5.0,1.6,47.0,5.114,8.0,4.715,0.01,0.0,71.518,1.63,1.63,1037.01221,225.228,1.61,2183.0,123.451,0.0,2750.0,-83.3241,2.01e-05
Fe2V0.94Nb0.06Al,Fe2.000,V1.000,Nb0.057Al0.943,243.4931,1.6999999999999993,0.0,0.0,65.92484139999999,28.0,0.0,0.0,16.5769,6.0,0.342,4.0,1.60943,6.0,2.0,0.0,0.0,2.0,7.0,0.0,2.0,26.0,5.0,1.6,47.0,5.114,8.0,4.715,0.01,0.0,71.518,1.63,1.63,1037.01221,225.228,1.61,2183.0,123.451,0.0,2750.0,-60.831,1.3e-05
Fe2V0.94Nb0.06Al,Fe2.000,V1.000,Nb0.057Al0.943,299.0197,1.6999999999999993,0.0,0.0,65.92484139999999,28.0,0.0,0.0,16.5769,6.0,0.342,4.0,1.60943,6.0,2.0,0.0,0.0,2.0,7.0,0.0,2.0,26.0,5.0,1.6,47.0,5.114,8.0,4.715,0.01,0.0,71.518,1.63,1.63,1037.01221,225.228,1.61,2183.0,123.451,0.0,2750.0,-32.9086,1.01e-05
Fe2V0.9Nb0.1Al,Fe2.000,V1.000,Nb0.091Al0.909,6.7834,1.6999999999999993,0.0,0.0,65.92484139999999,28.0,0.0,0.0,16.634700000000002,6.0,0.546,4.0,1.60909,6.0,2.0,0.0,0.0,2.0,7.0,0.0,2.0,26.0,5.0,1.6,47.0,5.182,8.0,4.545,0.01,0.0,70.634,1.63,1.63,1098.77423,225.364,1.61,2183.0,124.913,0.0,2750.0,-7.313,4.57e-05
Fe2V0.9Nb0.1Al,Fe2.000,V1.000,Nb0.091Al0.909,87.714,1.6999999999999993,0.0,0.0,65.92484139999999,28.0,0.0,0.0,16.634700000000002,6.0,0.546,4.0,1.60909,6.0,2.0,0.0,0.0,2.0,7.0,0.0,2.0,26.0,5.0,1.6,47.0,5.182,8.0,4.545,0.01,0.0,70.634,1.63,1.63,1098.77423,225.364,1.61,2183.0,124.913,0.0,2750.0,-48.0332,3.44e-05
Fe2V0.9Nb0.1Al,Fe2.000,V1.000,Nb0.091Al0.909,162.1992,1.6999999999999993,0.0,0.0,65.92484139999999,28.0,0.0,0.0,16.634700000000002,6.0,0.546,4.0,1.60909,6.0,2.0,0.0,0.0,2.0,7.0,0.0,2.0,26.0,5.0,1.6,47.0,5.182,8.0,4.545,0.01,0.0,70.634,1.63,1.63,1098.77423,225.364,1.61,2183.0,124.913,0.0,2750.0,-65.097,2.37e-05
Fe2V0.9Nb0.1Al,Fe2.000,V1.000,Nb0.091Al0.909,229.1432,1.6999999999999993,0.0,0.0,65.92484139999999,28.0,0.0,0.0,16.634700000000002,6.0,0.546,4.0,1.60909,6.0,2.0,0.0,0.0,2.0,7.0,0.0,2.0,26.0,5.0,1.6,47.0,5.182,8.0,4.545,0.01,0.0,70.634,1.63,1.63,1098.77423,225.364,1.61,2183.0,124.913,0.0,2750.0,-53.0748,1.59e-05
Fe2V0.9Nb0.1Al,Fe2.000,V1.000,Nb0.091Al0.909,298.9577,1.6999999999999993,0.0,0.0,65.92484139999999,28.0,0.0,0.0,16.634700000000002,6.0,0.546,4.0,1.60909,6.0,2.0,0.0,0.0,2.0,7.0,0.0,2.0,26.0,5.0,1.6,47.0,5.182,8.0,4.545,0.01,0.0,70.634,1.63,1.63,1098.77423,225.364,1.61,2183.0,124.913,0.0,2750.0,-28.6427,1.13e-05
Fe2VAl0.95Si0.05,Fe2.000,V1.000,Al0.950Si0.050,199.0327,3.960000000000001,0.773,0.0,1.103961399999999,1.0,0.0,0.0,16.677999999999997,0.0,0.0,2.0,1.6245,0.0,0.0,0.0,0.0,1.0,5.0,0.0,1.0,5.0,13.0,1.61,73.0,4.95,1.0,4.95,0.2899999999999998,0.0,73.25,1.63,1.63,971.1465,225.1,1.9,2183.0,120.5,0.03865,1687.0,-102.7366,3.71e-06
Fe2VAl0.95Si0.05,Fe2.000,V1.000,Al0.950Si0.050,272.0595,3.960000000000001,0.773,0.0,1.103961399999999,1.0,0.0,0.0,16.677999999999997,0.0,0.0,2.0,1.6245,0.0,0.0,0.0,0.0,1.0,5.0,0.0,1.0,5.0,13.0,1.61,73.0,4.95,1.0,4.95,0.2899999999999998,0.0,73.25,1.63,1.63,971.1465,225.1,1.9,2183.0,120.5,0.03865,1687.0,-124.5743,4.96e-06
Fe2VAl0.95Si0.05,Fe2.000,V1.000,Al0.950Si0.050,342.0464,3.960000000000001,0.773,0.0,1.103961399999999,1.0,0.0,0.0,16.677999999999997,0.0,0.0,2.0,1.6245,0.0,0.0,0.0,0.0,1.0,5.0,0.0,1.0,5.0,13.0,1.61,73.0,4.95,1.0,4.95,0.2899999999999998,0.0,73.25,1.63,1.63,971.1465,225.1,1.9,2183.0,120.5,0.03865,1687.0,-121.2346,5.76e-06
Fe2VAl0.95Si0.05,Fe2.000,V1.000,Al0.950Si0.050,400.1884,3.960000000000001,0.773,0.0,1.103961399999999,1.0,0.0,0.0,16.677999999999997,0.0,0.0,2.0,1.6245,0.0,0.0,0.0,0.0,1.0,5.0,0.0,1.0,5.0,13.0,1.61,73.0,4.95,1.0,4.95,0.2899999999999998,0.0,73.25,1.63,1.63,971.1465,225.1,1.9,2183.0,120.5,0.03865,1687.0,-97.4564,6.01e-06
Fe2V0.975Ta0.025Al0.95Si0.05,Fe2.000,V1.000,Ta0.024Al0.927Si0.049,200.8479,3.960000000000001,0.773,0.0,153.9663414,60.0,0.0,0.0,16.7134,7.0,0.168,4.0,1.6215700000000002,7.0,3.0,0.0,14.0,16.0,7.0,0.0,3.0,30.0,5.0,1.5,48.0,4.999,9.0,4.8309999999999995,0.3999999999999999,0.0,72.64500000000001,1.63,1.63,1026.94969,225.194,1.9,2183.0,121.686,0.037877,3290.0,-115.6166,3.3e-06
Fe2V0.975Ta0.025Al0.95Si0.05,Fe2.000,V1.000,Ta0.024Al0.927Si0.049,274.4491,3.960000000000001,0.773,0.0,153.9663414,60.0,0.0,0.0,16.7134,7.0,0.168,4.0,1.6215700000000002,7.0,3.0,0.0,14.0,16.0,7.0,0.0,3.0,30.0,5.0,1.5,48.0,4.999,9.0,4.8309999999999995,0.3999999999999999,0.0,72.64500000000001,1.63,1.63,1026.94969,225.194,1.9,2183.0,121.686,0.037877,3290.0,-133.9353,3.97e-06
Fe2V0.975Ta0.025Al0.95Si0.05,Fe2.000,V1.000,Ta0.024Al0.927Si0.049,341.488,3.960000000000001,0.773,0.0,153.9663414,60.0,0.0,0.0,16.7134,7.0,0.168,4.0,1.6215700000000002,7.0,3.0,0.0,14.0,16.0,7.0,0.0,3.0,30.0,5.0,1.5,48.0,4.999,9.0,4.8309999999999995,0.3999999999999999,0.0,72.64500000000001,1.63,1.63,1026.94969,225.194,1.9,2183.0,121.686,0.037877,3290.0,-128.855,4.33e-06
Fe2V0.975Ta0.025Al0.95Si0.05,Fe2.000,V1.000,Ta0.024Al0.927Si0.049,400.8295,3.960000000000001,0.773,0.0,153.9663414,60.0,0.0,0.0,16.7134,7.0,0.168,4.0,1.6215700000000002,7.0,3.0,0.0,14.0,16.0,7.0,0.0,3.0,30.0,5.0,1.5,48.0,4.999,9.0,4.8309999999999995,0.3999999999999999,0.0,72.64500000000001,1.63,1.63,1026.94969,225.194,1.9,2183.0,121.686,0.037877,3290.0,-110.9292,4.45e-06
Fe2V0.95Ta0.05Al0.95Si0.05,Fe2.000,V1.000,Ta0.048Al0.905Si0.048,199.1797,3.960000000000001,0.773,0.0,153.9663414,60.0,0.0,0.0,16.748531468531468,7.0,0.3356643356643356,4.0,1.6186313686313687,7.0,3.0,0.0,14.0,16.0,7.0,0.0,3.0,30.0,5.0,1.5,48.0,5.047952047952048,9.0,4.712287712287712,0.3999999999999999,0.0,72.04095904095904,1.63,1.63,1082.603746253746,225.28771228771225,1.9,2183.0,122.87012987012989,0.037066933066933,3290.0,-140.2357,3.98e-06
Fe2V0.95Ta0.05Al0.95Si0.05,Fe2.000,V1.000,Ta0.048Al0.905Si0.048,268.6427,3.960000000000001,0.773,0.0,153.9663414,60.0,0.0,0.0,16.748531468531468,7.0,0.3356643356643356,4.0,1.6186313686313687,7.0,3.0,0.0,14.0,16.0,7.0,0.0,3.0,30.0,5.0,1.5,48.0,5.047952047952048,9.0,4.712287712287712,0.3999999999999999,0.0,72.04095904095904,1.63,1.63,1082.603746253746,225.28771228771225,1.9,2183.0,122.87012987012989,0.037066933066933,3290.0,-153.3053,4.76e-06
Fe2V0.95Ta0.05Al0.95Si0.05,Fe2.000,V1.000,Ta0.048Al0.905Si0.048,341.5271,3.960000000000001,0.773,0.0,153.9663414,60.0,0.0,0.0,16.748531468531468,7.0,0.3356643356643356,4.0,1.6186313686313687,7.0,3.0,0.0,14.0,16.0,7.0,0.0,3.0,30.0,5.0,1.5,48.0,5.047952047952048,9.0,4.712287712287712,0.3999999999999999,0.0,72.04095904095904,1.63,1.63,1082.603746253746,225.28771228771225,1.9,2183.0,122.87012987012989,0.037066933066933,3290.0,-138.8157,5.26e-06
Fe2V0.95Ta0.05Al0.95Si0.05,Fe2.000,V1.000,Ta0.048Al0.905Si0.048,400.8548,3.960000000000001,0.773,0.0,153.9663414,60.0,0.0,0.0,16.748531468531468,7.0,0.3356643356643356,4.0,1.6186313686313687,7.0,3.0,0.0,14.0,16.0,7.0,0.0,3.0,30.0,5.0,1.5,48.0,5.047952047952048,9.0,4.712287712287712,0.3999999999999999,0.0,72.04095904095904,1.63,1.63,1082.603746253746,225.28771228771225,1.9,2183.0,122.87012987012989,0.037066933066933,3290.0,-117.3744,5.27e-06
Fe2V0.9Ti0.1Al,Fe2.000,V1.000,Ti0.091Al0.909,200.0,0.2100000000000008,0.0,0.0,20.885461399999997,9.0,0.0,2.25333333333e-05,16.49911,8.0,0.728,31.0,1.60363,8.0,1.0,0.0,0.0,1.0,8.0,0.0,3.0,30.0,4.0,1.54,43.0,5.273,9.0,4.545,0.07,0.0,70.27,1.63,1.63,1025.15523,222.179,1.61,2183.0,124.549,0.0,1941.0,62.3605,2.28e-06
Fe2V0.9Ti0.1Al,Fe2.000,V1.000,Ti0.091Al0.909,253.3708,0.2100000000000008,0.0,0.0,20.885461399999997,9.0,0.0,2.25333333333e-05,16.49911,8.0,0.728,31.0,1.60363,8.0,1.0,0.0,0.0,1.0,8.0,0.0,3.0,30.0,4.0,1.54,43.0,5.273,9.0,4.545,0.07,0.0,70.27,1.63,1.63,1025.15523,222.179,1.61,2183.0,124.549,0.0,1941.0,77.619,2.56e-06
Fe2V0.9Ti0.1Al,Fe2.000,V1.000,Ti0.091Al0.909,313.4831,0.2100000000000008,0.0,0.0,20.885461399999997,9.0,0.0,2.25333333333e-05,16.49911,8.0,0.728,31.0,1.60363,8.0,1.0,0.0,0.0,1.0,8.0,0.0,3.0,30.0,4.0,1.54,43.0,5.273,9.0,4.545,0.07,0.0,70.27,1.63,1.63,1025.15523,222.179,1.61,2183.0,124.549,0.0,1941.0,83.4506,2.91e-06
Fe2V0.9Ti0.1Al,Fe2.000,V1.000,Ti0.091Al0.909,352.2472,0.2100000000000008,0.0,0.0,20.885461399999997,9.0,0.0,2.25333333333e-05,16.49911,8.0,0.728,31.0,1.60363,8.0,1.0,0.0,0.0,1.0,8.0,0.0,3.0,30.0,4.0,1.54,43.0,5.273,9.0,4.545,0.07,0.0,70.27,1.63,1.63,1025.15523,222.179,1.61,2183.0,124.549,0.0,1941.0,89.9205,3.14e-06
Fe2V0.9Ti0.1Al,Fe2.000,V1.000,Ti0.091Al0.909,398.8764,0.2100000000000008,0.0,0.0,20.885461399999997,9.0,0.0,2.25333333333e-05,16.49911,8.0,0.728,31.0,1.60363,8.0,1.0,0.0,0.0,1.0,8.0,0.0,3.0,30.0,4.0,1.54,43.0,5.273,9.0,4.545,0.07,0.0,70.27,1.63,1.63,1025.15523,222.179,1.61,2183.0,124.549,0.0,1941.0,91.3474,3.44e-06
Fe2V0.8Ta0.1Ti0.1Al,Fe2.000,V0.889Ta0.111,Ti0.091Al0.909,200.5618,0.2100000000000008,0.0,0.0,20.885461399999997,9.0,0.0,2.25333333333e-05,16.49911,8.0,0.728,31.0,1.60363,8.0,1.0,0.0,0.0,1.0,8.0,0.0,3.0,30.0,4.0,1.54,43.0,5.273,9.0,4.545,0.07,0.1299999999999999,70.27,1.61557,1.5,1025.15523,222.179,1.61,2305.877,124.549,0.0,1941.0,59.6648,2.02e-06
Fe2V0.8Ta0.1Ti0.1Al,Fe2.000,V0.889Ta0.111,Ti0.091Al0.909,266.8539,0.2100000000000008,0.0,0.0,20.885461399999997,9.0,0.0,2.25333333333e-05,16.49911,8.0,0.728,31.0,1.60363,8.0,1.0,0.0,0.0,1.0,8.0,0.0,3.0,30.0,4.0,1.54,43.0,5.273,9.0,4.545,0.07,0.1299999999999999,70.27,1.61557,1.5,1025.15523,222.179,1.61,2305.877,124.549,0.0,1941.0,74.2709,2.29e-06
Fe2V0.8Ta0.1Ti0.1Al,Fe2.000,V0.889Ta0.111,Ti0.091Al0.909,332.0225,0.2100000000000008,0.0,0.0,20.885461399999997,9.0,0.0,2.25333333333e-05,16.49911,8.0,0.728,31.0,1.60363,8.0,1.0,0.0,0.0,1.0,8.0,0.0,3.0,30.0,4.0,1.54,43.0,5.273,9.0,4.545,0.07,0.1299999999999999,70.27,1.61557,1.5,1025.15523,222.179,1.61,2305.877,124.549,0.0,1941.0,86.1785,2.57e-06
Fe2V0.8Ta0.1Ti0.1Al,Fe2.000,V0.889Ta0.111,Ti0.091Al0.909,398.3146,0.2100000000000008,0.0,0.0,20.885461399999997,9.0,0.0,2.25333333333e-05,16.49911,8.0,0.728,31.0,1.60363,8.0,1.0,0.0,0.0,1.0,8.0,0.0,3.0,30.0,4.0,1.54,43.0,5.273,9.0,4.545,0.07,0.1299999999999999,70.27,1.61557,1.5,1025.15523,222.179,1.61,2305.877,124.549,0.0,1941.0,95.0543,2.89e-06
Fe2V0.7Ta0.2Ti0.1Al,Fe2.000,V0.778Ta0.222,Ti0.091Al0.909,201.1236,0.2100000000000008,0.0,0.0,20.885461399999997,9.0,0.0,2.25333333333e-05,16.49911,8.0,0.728,31.0,1.60363,8.0,1.0,0.0,0.0,1.0,8.0,0.0,3.0,30.0,4.0,1.54,43.0,5.273,9.0,4.545,0.07,0.1299999999999999,70.27,1.60114,1.5,1025.15523,222.179,1.61,2428.754,124.549,0.0,1941.0,51.913,1.82e-06
Fe2V0.7Ta0.2Ti0.1Al,Fe2.000,V0.778Ta0.222,Ti0.091Al0.909,255.0562,0.2100000000000008,0.0,0.0,20.885461399999997,9.0,0.0,2.25333333333e-05,16.49911,8.0,0.728,31.0,1.60363,8.0,1.0,0.0,0.0,1.0,8.0,0.0,3.0,30.0,4.0,1.54,43.0,5.273,9.0,4.545,0.07,0.1299999999999999,70.27,1.60114,1.5,1025.15523,222.179,1.61,2428.754,124.549,0.0,1941.0,63.1274,2.09e-06
Fe2V0.7Ta0.2Ti0.1Al,Fe2.000,V0.778Ta0.222,Ti0.091Al0.909,316.2921,0.2100000000000008,0.0,0.0,20.885461399999997,9.0,0.0,2.25333333333e-05,16.49911,8.0,0.728,31.0,1.60363,8.0,1.0,0.0,0.0,1.0,8.0,0.0,3.0,30.0,4.0,1.54,43.0,5.273,9.0,4.545,0.07,0.1299999999999999,70.27,1.60114,1.5,1025.15523,222.179,1.61,2428.754,124.549,0.0,1941.0,73.343,2.4e-06
Fe2V0.7Ta0.2Ti0.1Al,Fe2.000,V0.778Ta0.222,Ti0.091Al0.909,367.9775,0.2100000000000008,0.0,0.0,20.885461399999997,9.0,0.0,2.25333333333e-05,16.49911,8.0,0.728,31.0,1.60363,8.0,1.0,0.0,0.0,1.0,8.0,0.0,3.0,30.0,4.0,1.54,43.0,5.273,9.0,4.545,0.07,0.1299999999999999,70.27,1.60114,1.5,1025.15523,222.179,1.61,2428.754,124.549,0.0,1941.0,82.1942,2.69e-06
Fe2V0.7Ta0.2Ti0.1Al,Fe2.000,V0.778Ta0.222,Ti0.091Al0.909,399.4382,0.2100000000000008,0.0,0.0,20.885461399999997,9.0,0.0,2.25333333333e-05,16.49911,8.0,0.728,31.0,1.60363,8.0,1.0,0.0,0.0,1.0,8.0,0.0,3.0,30.0,4.0,1.54,43.0,5.273,9.0,4.545,0.07,0.1299999999999999,70.27,1.60114,1.5,1025.15523,222.179,1.61,2428.754,124.549,0.0,1941.0,85.2809,2.88e-06
Fe2V0.8W0.05Ti0.15Al,Fe2.000,V0.941W0.059,Ti0.130Al0.870,299.3658,0.2100000000000008,0.0,0.0,20.885461399999997,9.0,0.0,2.25333333333e-05,16.5073,8.0,1.04,31.0,1.6009,8.0,1.0,0.0,0.0,1.0,8.0,0.0,3.0,30.0,4.0,1.54,43.0,5.39,9.0,4.35,0.07,0.73,69.1,1.6730699999999998,1.63,1064.4489,220.97,1.61,2272.208,126.07,0.0,1941.0,73.6366,1.94e-06
Fe2V0.8W0.05Ti0.15Al,Fe2.000,V0.941W0.059,Ti0.130Al0.870,333.916,0.2100000000000008,0.0,0.0,20.885461399999997,9.0,0.0,2.25333333333e-05,16.5073,8.0,1.04,31.0,1.6009,8.0,1.0,0.0,0.0,1.0,8.0,0.0,3.0,30.0,4.0,1.54,43.0,5.39,9.0,4.35,0.07,0.73,69.1,1.6730699999999998,1.63,1064.4489,220.97,1.61,2272.208,126.07,0.0,1941.0,75.9052,2.09e-06
Fe2V0.8W0.05Ti0.15Al,Fe2.000,V0.941W0.059,Ti0.130Al0.870,362.5219,0.2100000000000008,0.0,0.0,20.885461399999997,9.0,0.0,2.25333333333e-05,16.5073,8.0,1.04,31.0,1.6009,8.0,1.0,0.0,0.0,1.0,8.0,0.0,3.0,30.0,4.0,1.54,43.0,5.39,9.0,4.35,0.07,0.73,69.1,1.6730699999999998,1.63,1064.4489,220.97,1.61,2272.208,126.07,0.0,1941.0,77.1713,2.25e-06
Fe2V0.8W0.05Ti0.15Al,Fe2.000,V0.941W0.059,Ti0.130Al0.870,400.1867,0.2100000000000008,0.0,0.0,20.885461399999997,9.0,0.0,2.25333333333e-05,16.5073,8.0,1.04,31.0,1.6009,8.0,1.0,0.0,0.0,1.0,8.0,0.0,3.0,30.0,4.0,1.54,43.0,5.39,9.0,4.35,0.07,0.73,69.1,1.6730699999999998,1.63,1064.4489,220.97,1.61,2272.208,126.07,0.0,1941.0,79.7701,2.48e-06
Fe2V0.7W0.1Ti0.2Al,Fe2.000,V0.778Ti0.222,W0.091Al0.909,299.6668,0.4299999999999997,0.0,2.25333333333e-05,156.8584614,61.0,35.0,0.0,16.44087,6.0,0.546,4.0,1.6782500000000002,6.0,3.0,5.0023999999926e-06,14.0,17.0,6.0,2.25333333333e-05,1.0,22.0,6.0,1.61,51.0,5.091,7.0,4.545,0.7499999999999998,0.0899999999999998,70.998,1.61002,1.54,1184.76923,225.364,2.36,2129.276,124.731,0.0,3695.0,69.8856,1.94e-06
Fe2V0.7W0.1Ti0.2Al,Fe2.000,V0.778Ti0.222,W0.091Al0.909,340.4397,0.4299999999999997,0.0,2.25333333333e-05,156.8584614,61.0,35.0,0.0,16.44087,6.0,0.546,4.0,1.6782500000000002,6.0,3.0,5.0023999999926e-06,14.0,17.0,6.0,2.25333333333e-05,1.0,22.0,6.0,1.61,51.0,5.091,7.0,4.545,0.7499999999999998,0.0899999999999998,70.998,1.61002,1.54,1184.76923,225.364,2.36,2129.276,124.731,0.0,3695.0,74.1784,2.15e-06
Fe2V0.7W0.1Ti0.2Al,Fe2.000,V0.778Ti0.222,W0.091Al0.909,399.8986,0.4299999999999997,0.0,2.25333333333e-05,156.8584614,61.0,35.0,0.0,16.44087,6.0,0.546,4.0,1.6782500000000002,6.0,3.0,5.0023999999926e-06,14.0,17.0,6.0,2.25333333333e-05,1.0,22.0,6.0,1.61,51.0,5.091,7.0,4.545,0.7499999999999998,0.0899999999999998,70.998,1.61002,1.54,1184.76923,225.364,2.36,2129.276,124.731,0.0,3695.0,80.7939,2.46e-06
Fe2VAl,Fe2.000,V1.000,Al1.000,87.5,0.0,0.0,0.0,0.0,0.0,0.0,0.0,16.48,0.0,0.0,0.0,1.61,0.0,0.0,0.0,0.0,0.0,5.0,0.0,0.0,0.0,13.0,1.61,73.0,5.0,0.0,5.0,0.0,0.0,73.0,1.63,1.63,933.47,225.0,1.61,2183.0,121.0,0.0,933.47,16.4277,1.98e-05
Fe2VAl,Fe2.000,V1.000,Al1.000,204.1667,0.0,0.0,0.0,0.0,0.0,0.0,0.0,16.48,0.0,0.0,0.0,1.61,0.0,0.0,0.0,0.0,0.0,5.0,0.0,0.0,0.0,13.0,1.61,73.0,5.0,0.0,5.0,0.0,0.0,73.0,1.63,1.63,933.47,225.0,1.61,2183.0,121.0,0.0,933.47,27.3993,1.25e-05
Fe2VAl,Fe2.000,V1.000,Al1.000,320.8333,0.0,0.0,0.0,0.0,0.0,0.0,0.0,16.48,0.0,0.0,0.0,1.61,0.0,0.0,0.0,0.0,0.0,5.0,0.0,0.0,0.0,13.0,1.61,73.0,5.0,0.0,5.0,0.0,0.0,73.0,1.63,1.63,933.47,225.0,1.61,2183.0,121.0,0.0,933.47,28.7026,6.87e-06
Fe2VAl,Fe2.000,V1.000,Al1.000,404.1667,0.0,0.0,0.0,0.0,0.0,0.0,0.0,16.48,0.0,0.0,0.0,1.61,0.0,0.0,0.0,0.0,0.0,5.0,0.0,0.0,0.0,13.0,1.61,73.0,5.0,0.0,5.0,0.0,0.0,73.0,1.63,1.63,933.47,225.0,1.61,2183.0,121.0,0.0,933.47,27.1149,4.76e-06
Fe2VAl0.97Si0.03,Fe2.000,V1.000,Al0.970Si0.030,88.8889,3.960000000000001,0.773,0.0,1.103961399999999,1.0,0.0,0.0,16.5988,0.0,0.0,2.0,1.6187,0.0,0.0,0.0,0.0,1.0,5.0,0.0,1.0,5.0,13.0,1.61,73.0,4.97,1.0,4.97,0.2899999999999998,0.0,73.15,1.63,1.63,956.0759,225.06,1.9,2183.0,120.7,0.02319,1687.0,-54.0916,6.54e-06
Fe2VAl0.97Si0.03,Fe2.000,V1.000,Al0.970Si0.030,144.4444,3.960000000000001,0.773,0.0,1.103961399999999,1.0,0.0,0.0,16.5988,0.0,0.0,2.0,1.6187,0.0,0.0,0.0,0.0,1.0,5.0,0.0,1.0,5.0,13.0,1.61,73.0,4.97,1.0,4.97,0.2899999999999998,0.0,73.15,1.63,1.63,956.0759,225.06,1.9,2183.0,120.7,0.02319,1687.0,-83.5861,7.31e-06
Fe2VAl0.97Si0.03,Fe2.000,V1.000,Al0.970Si0.030,212.5,3.960000000000001,0.773,0.0,1.103961399999999,1.0,0.0,0.0,16.5988,0.0,0.0,2.0,1.6187,0.0,0.0,0.0,0.0,1.0,5.0,0.0,1.0,5.0,13.0,1.61,73.0,4.97,1.0,4.97,0.2899999999999998,0.0,73.15,1.63,1.63,956.0759,225.06,1.9,2183.0,120.7,0.02319,1687.0,-106.8069,7.58e-06
Fe2VAl0.97Si0.03,Fe2.000,V1.000,Al0.970Si0.030,250.0,3.960000000000001,0.773,0.0,1.103961399999999,1.0,0.0,0.0,16.5988,0.0,0.0,2.0,1.6187,0.0,0.0,0.0,0.0,1.0,5.0,0.0,1.0,5.0,13.0,1.61,73.0,4.97,1.0,4.97,0.2899999999999998,0.0,73.15,1.63,1.63,956.0759,225.06,1.9,2183.0,120.7,0.02319,1687.0,-108.4597,7.41e-06
Fe2VAl0.97Si0.03,Fe2.000,V1.000,Al0.970Si0.030,318.0556,3.960000000000001,0.773,0.0,1.103961399999999,1.0,0.0,0.0,16.5988,0.0,0.0,2.0,1.6187,0.0,0.0,0.0,0.0,1.0,5.0,0.0,1.0,5.0,13.0,1.61,73.0,4.97,1.0,4.97,0.2899999999999998,0.0,73.15,1.63,1.63,956.0759,225.06,1.9,2183.0,120.7,0.02319,1687.0,-74.2397,6.42e-06
Fe2VAl0.97Si0.03,Fe2.000,V1.000,Al0.970Si0.030,398.6111,3.960000000000001,0.773,0.0,1.103961399999999,1.0,0.0,0.0,16.5988,0.0,0.0,2.0,1.6187,0.0,0.0,0.0,0.0,1.0,5.0,0.0,1.0,5.0,13.0,1.61,73.0,4.97,1.0,4.97,0.2899999999999998,0.0,73.15,1.63,1.63,956.0759,225.06,1.9,2183.0,120.7,0.02319,1687.0,-34.3148,5.19e-06
Fe2VAl0.95Si0.05,Fe2.000,V1.000,Al0.950Si0.050,87.5,3.960000000000001,0.773,0.0,1.103961399999999,1.0,0.0,0.0,16.677999999999997,0.0,0.0,2.0,1.6245,0.0,0.0,0.0,0.0,1.0,5.0,0.0,1.0,5.0,13.0,1.61,73.0,4.95,1.0,4.95,0.2899999999999998,0.0,73.25,1.63,1.63,971.1465,225.1,1.9,2183.0,120.5,0.03865,1687.0,-63.1931,2.08e-06
Fe2VAl0.95Si0.05,Fe2.000,V1.000,Al0.950Si0.050,158.3333,3.960000000000001,0.773,0.0,1.103961399999999,1.0,0.0,0.0,16.677999999999997,0.0,0.0,2.0,1.6245,0.0,0.0,0.0,0.0,1.0,5.0,0.0,1.0,5.0,13.0,1.61,73.0,4.95,1.0,4.95,0.2899999999999998,0.0,73.25,1.63,1.63,971.1465,225.1,1.9,2183.0,120.5,0.03865,1687.0,-93.2346,2.68e-06
Fe2VAl0.95Si0.05,Fe2.000,V1.000,Al0.950Si0.050,256.9444,3.960000000000001,0.773,0.0,1.103961399999999,1.0,0.0,0.0,16.677999999999997,0.0,0.0,2.0,1.6245,0.0,0.0,0.0,0.0,1.0,5.0,0.0,1.0,5.0,13.0,1.61,73.0,4.95,1.0,4.95,0.2899999999999998,0.0,73.25,1.63,1.63,971.1465,225.1,1.9,2183.0,120.5,0.03865,1687.0,-128.3551,3.86e-06
Fe2VAl0.95Si0.05,Fe2.000,V1.000,Al0.950Si0.050,320.8333,3.960000000000001,0.773,0.0,1.103961399999999,1.0,0.0,0.0,16.677999999999997,0.0,0.0,2.0,1.6245,0.0,0.0,0.0,0.0,1.0,5.0,0.0,1.0,5.0,13.0,1.61,73.0,4.95,1.0,4.95,0.2899999999999998,0.0,73.25,1.63,1.63,971.1465,225.1,1.9,2183.0,120.5,0.03865,1687.0,-129.9704,4.29e-06
Fe2VAl0.95Si0.05,Fe2.000,V1.000,Al0.950Si0.050,400.0,3.960000000000001,0.773,0.0,1.103961399999999,1.0,0.0,0.0,16.677999999999997,0.0,0.0,2.0,1.6245,0.0,0.0,0.0,0.0,1.0,5.0,0.0,1.0,5.0,13.0,1.61,73.0,4.95,1.0,4.95,0.2899999999999998,0.0,73.25,1.63,1.63,971.1465,225.1,1.9,2183.0,120.5,0.03865,1687.0,-104.2654,4.19e-06
Fe2VAl0.9Si0.1,Fe2.000,V1.000,Al0.900Si0.100,86.1111,3.960000000000001,0.773,0.0,1.103961399999999,1.0,0.0,0.0,16.876,0.0,0.0,2.0,1.639,0.0,0.0,0.0,0.0,1.0,5.0,0.0,1.0,5.0,13.0,1.61,73.0,4.9,1.0,4.9,0.2899999999999998,0.0,73.5,1.63,1.63,1008.823,225.2,1.9,2183.0,120.0,0.0773,1687.0,-52.9581,1.04e-06
Fe2VAl0.9Si0.1,Fe2.000,V1.000,Al0.900Si0.100,190.2778,3.960000000000001,0.773,0.0,1.103961399999999,1.0,0.0,0.0,16.876,0.0,0.0,2.0,1.639,0.0,0.0,0.0,0.0,1.0,5.0,0.0,1.0,5.0,13.0,1.61,73.0,4.9,1.0,4.9,0.2899999999999998,0.0,73.5,1.63,1.63,1008.823,225.2,1.9,2183.0,120.0,0.0773,1687.0,-89.7769,1.62e-06
Fe2VAl0.9Si0.1,Fe2.000,V1.000,Al0.900Si0.100,283.3333,3.960000000000001,0.773,0.0,1.103961399999999,1.0,0.0,0.0,16.876,0.0,0.0,2.0,1.639,0.0,0.0,0.0,0.0,1.0,5.0,0.0,1.0,5.0,13.0,1.61,73.0,4.9,1.0,4.9,0.2899999999999998,0.0,73.5,1.63,1.63,1008.823,225.2,1.9,2183.0,120.0,0.0773,1687.0,-115.237,2.44e-06
Fe2VAl0.9Si0.1,Fe2.000,V1.000,Al0.900Si0.100,361.1111,3.960000000000001,0.773,0.0,1.103961399999999,1.0,0.0,0.0,16.876,0.0,0.0,2.0,1.639,0.0,0.0,0.0,0.0,1.0,5.0,0.0,1.0,5.0,13.0,1.61,73.0,4.9,1.0,4.9,0.2899999999999998,0.0,73.5,1.63,1.63,1008.823,225.2,1.9,2183.0,120.0,0.0773,1687.0,-127.6382,3.1e-06
Fe2VAl0.9Si0.1,Fe2.000,V1.000,Al0.900Si0.100,402.7778,3.960000000000001,0.773,0.0,1.103961399999999,1.0,0.0,0.0,16.876,0.0,0.0,2.0,1.639,0.0,0.0,0.0,0.0,1.0,5.0,0.0,1.0,5.0,13.0,1.61,73.0,4.9,1.0,4.9,0.2899999999999998,0.0,73.5,1.63,1.63,1008.823,225.2,1.9,2183.0,120.0,0.0773,1687.0,-124.7354,3.24e-06
Fe2VAl0.8Si0.2,Fe2.000,V1.000,Al0.800Si0.200,88.8889,3.960000000000001,0.773,0.0,1.103961399999999,1.0,0.0,0.0,17.272000000000002,0.0,0.0,2.0,1.668,0.0,0.0,0.0,0.0,1.0,5.0,0.0,1.0,5.0,13.0,1.61,73.0,4.8,1.0,4.8,0.2899999999999998,0.0,74.0,1.63,1.63,1084.1760000000002,225.4,1.9,2183.0,119.0,0.1546,1687.0,-37.5987,5.48e-07
Fe2VAl0.8Si0.2,Fe2.000,V1.000,Al0.800Si0.200,191.6667,3.960000000000001,0.773,0.0,1.103961399999999,1.0,0.0,0.0,17.272000000000002,0.0,0.0,2.0,1.668,0.0,0.0,0.0,0.0,1.0,5.0,0.0,1.0,5.0,13.0,1.61,73.0,4.8,1.0,4.8,0.2899999999999998,0.0,74.0,1.63,1.63,1084.1760000000002,225.4,1.9,2183.0,119.0,0.1546,1687.0,-64.7512,9.52e-07
Fe2VAl0.8Si0.2,Fe2.000,V1.000,Al0.800Si0.200,284.7222,3.960000000000001,0.773,0.0,1.103961399999999,1.0,0.0,0.0,17.272000000000002,0.0,0.0,2.0,1.668,0.0,0.0,0.0,0.0,1.0,5.0,0.0,1.0,5.0,13.0,1.61,73.0,4.8,1.0,4.8,0.2899999999999998,0.0,74.0,1.63,1.63,1084.1760000000002,225.4,1.9,2183.0,119.0,0.1546,1687.0,-82.8179,1.56e-06
Fe2VAl0.8Si0.2,Fe2.000,V1.000,Al0.800Si0.200,402.7778,3.960000000000001,0.773,0.0,1.103961399999999,1.0,0.0,0.0,17.272000000000002,0.0,0.0,2.0,1.668,0.0,0.0,0.0,0.0,1.0,5.0,0.0,1.0,5.0,13.0,1.61,73.0,4.8,1.0,4.8,0.2899999999999998,0.0,74.0,1.63,1.63,1084.1760000000002,225.4,1.9,2183.0,119.0,0.1546,1687.0,-99.7117,2.35e-06
Fe2VAl,Fe2.000,V1.000,Al1.000,100.5385,0.0,0.0,0.0,0.0,0.0,0.0,0.0,16.48,0.0,0.0,0.0,1.61,0.0,0.0,0.0,0.0,0.0,5.0,0.0,0.0,0.0,13.0,1.61,73.0,5.0,0.0,5.0,0.0,0.0,73.0,1.63,1.63,933.47,225.0,1.61,2183.0,121.0,0.0,933.47,-9.0531,2.82e-05
Fe2VAl,Fe2.000,V1.000,Al1.000,228.7426,0.0,0.0,0.0,0.0,0.0,0.0,0.0,16.48,0.0,0.0,0.0,1.61,0.0,0.0,0.0,0.0,0.0,5.0,0.0,0.0,0.0,13.0,1.61,73.0,5.0,0.0,5.0,0.0,0.0,73.0,1.63,1.63,933.47,225.0,1.61,2183.0,121.0,0.0,933.47,-26.1894,1.79e-05
Fe2VAl,Fe2.000,V1.000,Al1.000,322.4279,0.0,0.0,0.0,0.0,0.0,0.0,0.0,16.48,0.0,0.0,0.0,1.61,0.0,0.0,0.0,0.0,0.0,5.0,0.0,0.0,0.0,13.0,1.61,73.0,5.0,0.0,5.0,0.0,0.0,73.0,1.63,1.63,933.47,225.0,1.61,2183.0,121.0,0.0,933.47,-28.1293,9.45e-06
Fe2VAl,Fe2.000,V1.000,Al1.000,534.3219,0.0,0.0,0.0,0.0,0.0,0.0,0.0,16.48,0.0,0.0,0.0,1.61,0.0,0.0,0.0,0.0,0.0,5.0,0.0,0.0,0.0,13.0,1.61,73.0,5.0,0.0,5.0,0.0,0.0,73.0,1.63,1.63,933.47,225.0,1.61,2183.0,121.0,0.0,933.47,-13.5797,1.89e-05
Fe2VAl,Fe2.000,V1.000,Al1.000,753.0131,0.0,0.0,0.0,0.0,0.0,0.0,0.0,16.48,0.0,0.0,0.0,1.61,0.0,0.0,0.0,0.0,0.0,5.0,0.0,0.0,0.0,13.0,1.61,73.0,5.0,0.0,5.0,0.0,0.0,73.0,1.63,1.63,933.47,225.0,1.61,2183.0,121.0,0.0,933.47,-10.6697,0.000146
Fe2VAl0.99Sb0.01,Fe2.000,V1.000,Al0.990Sb0.010,98.3784,15.079999999999998,0.0,0.0,94.7784614,38.0,0.0,0.0,16.6308,0.0,0.0,59.0,1.6144,0.0,2.0,0.0,0.0,12.0,5.0,0.0,2.0,12.0,13.0,1.61,73.0,4.98,2.0,4.98,0.4399999999999997,0.0,73.11999999999999,1.63,1.63,933.1731,224.41,2.05,2183.0,121.18,0.0,933.47,-43.3256,2.09e-05
Fe2VAl0.99Sb0.01,Fe2.000,V1.000,Al0.990Sb0.010,210.8079,15.079999999999998,0.0,0.0,94.7784614,38.0,0.0,0.0,16.6308,0.0,0.0,59.0,1.6144,0.0,2.0,0.0,0.0,12.0,5.0,0.0,2.0,12.0,13.0,1.61,73.0,4.98,2.0,4.98,0.4399999999999997,0.0,73.11999999999999,1.63,1.63,933.1731,224.41,2.05,2183.0,121.18,0.0,933.47,-73.0716,1.45e-05
Fe2VAl0.99Sb0.01,Fe2.000,V1.000,Al0.990Sb0.010,259.3458,15.079999999999998,0.0,0.0,94.7784614,38.0,0.0,0.0,16.6308,0.0,0.0,59.0,1.6144,0.0,2.0,0.0,0.0,12.0,5.0,0.0,2.0,12.0,13.0,1.61,73.0,4.98,2.0,4.98,0.4399999999999997,0.0,73.11999999999999,1.63,1.63,933.1731,224.41,2.05,2183.0,121.18,0.0,933.47,-77.2748,1.2e-05
Fe2VAl0.99Sb0.01,Fe2.000,V1.000,Al0.990Sb0.010,393.3692,15.079999999999998,0.0,0.0,94.7784614,38.0,0.0,0.0,16.6308,0.0,0.0,59.0,1.6144,0.0,2.0,0.0,0.0,12.0,5.0,0.0,2.0,12.0,13.0,1.61,73.0,4.98,2.0,4.98,0.4399999999999997,0.0,73.11999999999999,1.63,1.63,933.1731,224.41,2.05,2183.0,121.18,0.0,933.47,-44.9423,6.97e-06
Fe2VAl0.99Sb0.01,Fe2.000,V1.000,Al0.990Sb0.010,582.8678,15.079999999999998,0.0,0.0,94.7784614,38.0,0.0,0.0,16.6308,0.0,0.0,59.0,1.6144,0.0,2.0,0.0,0.0,12.0,5.0,0.0,2.0,12.0,13.0,1.61,73.0,4.98,2.0,4.98,0.4399999999999997,0.0,73.11999999999999,1.63,1.63,933.1731,224.41,2.05,2183.0,121.18,0.0,933.47,-17.1363,4.09e-06
Fe2VAl0.99Sb0.01,Fe2.000,V1.000,Al0.990Sb0.010,752.993,15.079999999999998,0.0,0.0,94.7784614,38.0,0.0,0.0,16.6308,0.0,0.0,59.0,1.6144,0.0,2.0,0.0,0.0,12.0,5.0,0.0,2.0,12.0,13.0,1.61,73.0,4.98,2.0,4.98,0.4399999999999997,0.0,73.11999999999999,1.63,1.63,933.1731,224.41,2.05,2183.0,121.18,0.0,933.47,-12.2864,3.32e-06
Fe2VAl0.98Sb0.02,Fe2.000,V1.000,Al0.980Sb0.020,92.7435,15.079999999999998,0.0,0.0,94.7784614,38.0,0.0,0.0,16.7816,0.0,0.0,59.0,1.6188,0.0,2.0,0.0,0.0,12.0,5.0,0.0,2.0,12.0,13.0,1.61,73.0,4.96,2.0,4.96,0.4399999999999997,0.0,73.24,1.63,1.63,932.8762,223.82,2.05,2183.0,121.36,0.0,933.47,-77.9215,1.1e-05
Fe2VAl0.98Sb0.02,Fe2.000,V1.000,Al0.980Sb0.020,173.8364,15.079999999999998,0.0,0.0,94.7784614,38.0,0.0,0.0,16.7816,0.0,0.0,59.0,1.6188,0.0,2.0,0.0,0.0,12.0,5.0,0.0,2.0,12.0,13.0,1.61,73.0,4.96,2.0,4.96,0.4399999999999997,0.0,73.24,1.63,1.63,932.8762,223.82,2.05,2183.0,121.36,0.0,933.47,-115.7506,1.03e-05
Fe2VAl0.98Sb0.02,Fe2.000,V1.000,Al0.980Sb0.020,225.7128,15.079999999999998,0.0,0.0,94.7784614,38.0,0.0,0.0,16.7816,0.0,0.0,59.0,1.6188,0.0,2.0,0.0,0.0,12.0,5.0,0.0,2.0,12.0,13.0,1.61,73.0,4.96,2.0,4.96,0.4399999999999997,0.0,73.24,1.63,1.63,932.8762,223.82,2.05,2183.0,121.36,0.0,933.47,-130.6236,9.65e-06
Fe2VAl0.98Sb0.02,Fe2.000,V1.000,Al0.980Sb0.020,361.5476,15.079999999999998,0.0,0.0,94.7784614,38.0,0.0,0.0,16.7816,0.0,0.0,59.0,1.6188,0.0,2.0,0.0,0.0,12.0,5.0,0.0,2.0,12.0,13.0,1.61,73.0,4.96,2.0,4.96,0.4399999999999997,0.0,73.24,1.63,1.63,932.8762,223.82,2.05,2183.0,121.36,0.0,933.47,-92.1478,7.39e-06
Fe2VAl0.98Sb0.02,Fe2.000,V1.000,Al0.980Sb0.020,485.3191,15.079999999999998,0.0,0.0,94.7784614,38.0,0.0,0.0,16.7816,0.0,0.0,59.0,1.6188,0.0,2.0,0.0,0.0,12.0,5.0,0.0,2.0,12.0,13.0,1.61,73.0,4.96,2.0,4.96,0.4399999999999997,0.0,73.24,1.63,1.63,932.8762,223.82,2.05,2183.0,121.36,0.0,933.47,-46.8822,5.56e-06
Fe2VAl0.98Sb0.02,Fe2.000,V1.000,Al0.980Sb0.020,655.7008,15.079999999999998,0.0,0.0,94.7784614,38.0,0.0,0.0,16.7816,0.0,0.0,59.0,1.6188,0.0,2.0,0.0,0.0,12.0,5.0,0.0,2.0,12.0,13.0,1.61,73.0,4.96,2.0,4.96,0.4399999999999997,0.0,73.24,1.63,1.63,932.8762,223.82,2.05,2183.0,121.36,0.0,933.47,-21.3395,4e-06
Fe2VAl0.97Sb0.02,Fe2.000,V1.000,Al0.980Sb0.020,747.7429,15.079999999999998,0.0,0.0,94.7784614,38.0,0.0,0.0,16.7816,0.0,0.0,59.0,1.6188,0.0,2.0,0.0,0.0,12.0,5.0,0.0,2.0,12.0,13.0,1.61,73.0,4.96,2.0,4.96,0.4399999999999997,0.0,73.24,1.63,1.63,932.8762,223.82,2.05,2183.0,121.36,0.0,933.47,-15.843,3.52e-06
Fe2VAl0.97Sb0.03,Fe2.000,V1.000,Al0.970Sb0.030,96.2983,15.079999999999998,0.0,0.0,94.7784614,38.0,0.0,0.0,16.9324,0.0,0.0,59.0,1.6232,0.0,2.0,0.0,0.0,12.0,5.0,0.0,2.0,12.0,13.0,1.61,73.0,4.9399999999999995,2.0,4.9399999999999995,0.4399999999999997,0.0,73.36,1.63,1.63,932.5793,223.23,2.05,2183.0,121.54,0.0,933.47,-71.1316,6.47e-06
Fe2VAl0.97Sb0.03,Fe2.000,V1.000,Al0.970Sb0.030,194.7007,15.079999999999998,0.0,0.0,94.7784614,38.0,0.0,0.0,16.9324,0.0,0.0,59.0,1.6232,0.0,2.0,0.0,0.0,12.0,5.0,0.0,2.0,12.0,13.0,1.61,73.0,4.9399999999999995,2.0,4.9399999999999995,0.4399999999999997,0.0,73.36,1.63,1.63,932.5793,223.23,2.05,2183.0,121.54,0.0,933.47,-112.5173,7.43e-06
Fe2VAl0.97Sb0.03,Fe2.000,V1.000,Al0.970Sb0.030,281.3324,15.079999999999998,0.0,0.0,94.7784614,38.0,0.0,0.0,16.9324,0.0,0.0,59.0,1.6232,0.0,2.0,0.0,0.0,12.0,5.0,0.0,2.0,12.0,13.0,1.61,73.0,4.9399999999999995,2.0,4.9399999999999995,0.4399999999999997,0.0,73.36,1.63,1.63,932.5793,223.23,2.05,2183.0,121.54,0.0,933.47,-123.5104,7.32e-06
Fe2VAl0.97Sb0.03,Fe2.000,V1.000,Al0.970Sb0.030,422.3252,15.079999999999998,0.0,0.0,94.7784614,38.0,0.0,0.0,16.9324,0.0,0.0,59.0,1.6232,0.0,2.0,0.0,0.0,12.0,5.0,0.0,2.0,12.0,13.0,1.61,73.0,4.9399999999999995,2.0,4.9399999999999995,0.4399999999999997,0.0,73.36,1.63,1.63,932.5793,223.23,2.05,2183.0,121.54,0.0,933.47,-88.9145,5.91e-06
Fe2VAl0.97Sb0.03,Fe2.000,V1.000,Al0.970Sb0.030,539.0871,15.079999999999998,0.0,0.0,94.7784614,38.0,0.0,0.0,16.9324,0.0,0.0,59.0,1.6232,0.0,2.0,0.0,0.0,12.0,5.0,0.0,2.0,12.0,13.0,1.61,73.0,4.9399999999999995,2.0,4.9399999999999995,0.4399999999999997,0.0,73.36,1.63,1.63,932.5793,223.23,2.05,2183.0,121.54,0.0,933.47,-49.1455,4.66e-06
Fe2VAl0.95Sb0.03,Fe2.000,V1.000,Al0.969Sb0.031,685.1498,15.079999999999998,0.0,0.0,94.7784614,38.0,0.0,0.0,16.94748,0.0,0.0,59.0,1.62364,0.0,2.0,0.0,0.0,12.0,5.0,0.0,2.0,12.0,13.0,1.61,73.0,4.938,2.0,4.938,0.4399999999999997,0.0,73.372,1.63,1.63,932.54961,223.171,2.05,2183.0,121.558,0.0,933.47,-25.5427,3.69e-06
Fe2VAl0.95Sb0.03,Fe2.000,V1.000,Al0.969Sb0.031,759.8303,15.079999999999998,0.0,0.0,94.7784614,38.0,0.0,0.0,16.94748,0.0,0.0,59.0,1.62364,0.0,2.0,0.0,0.0,12.0,5.0,0.0,2.0,12.0,13.0,1.61,73.0,4.938,2.0,4.938,0.4399999999999997,0.0,73.372,1.63,1.63,932.54961,223.171,2.05,2183.0,121.558,0.0,933.47,-20.6928,3.45e-06
Fe2VAl0.95Sb0.05,Fe2.000,V1.000,Al0.950Sb0.050,87.6857,15.079999999999998,0.0,0.0,94.7784614,38.0,0.0,0.0,17.233999999999998,0.0,0.0,59.0,1.632,0.0,2.0,0.0,0.0,12.0,5.0,0.0,2.0,12.0,13.0,1.61,73.0,4.9,2.0,4.9,0.4399999999999997,0.0,73.6,1.63,1.63,931.9855,222.05,2.05,2183.0,121.9,0.0,933.47,-65.9584,6.25e-06
Fe2VAl0.95Sb0.05,Fe2.000,V1.000,Al0.950Sb0.050,161.8933,15.079999999999998,0.0,0.0,94.7784614,38.0,0.0,0.0,17.233999999999998,0.0,0.0,59.0,1.632,0.0,2.0,0.0,0.0,12.0,5.0,0.0,2.0,12.0,13.0,1.61,73.0,4.9,2.0,4.9,0.4399999999999997,0.0,73.6,1.63,1.63,931.9855,222.05,2.05,2183.0,121.9,0.0,933.47,-99.261,6.91e-06
Fe2VAl0.95Sb0.05,Fe2.000,V1.000,Al0.950Sb0.050,262.3316,15.079999999999998,0.0,0.0,94.7784614,38.0,0.0,0.0,17.233999999999998,0.0,0.0,59.0,1.632,0.0,2.0,0.0,0.0,12.0,5.0,0.0,2.0,12.0,13.0,1.61,73.0,4.9,2.0,4.9,0.4399999999999997,0.0,73.6,1.63,1.63,931.9855,222.05,2.05,2183.0,121.9,0.0,933.47,-116.3972,7.1e-06
Fe2VAl0.95Sb0.05,Fe2.000,V1.000,Al0.950Sb0.050,425.824,15.079999999999998,0.0,0.0,94.7784614,38.0,0.0,0.0,17.233999999999998,0.0,0.0,59.0,1.632,0.0,2.0,0.0,0.0,12.0,5.0,0.0,2.0,12.0,13.0,1.61,73.0,4.9,2.0,4.9,0.4399999999999997,0.0,73.6,1.63,1.63,931.9855,222.05,2.05,2183.0,121.9,0.0,933.47,-86.6513,5.79e-06
Fe2VAl0.95Sb0.05,Fe2.000,V1.000,Al0.950Sb0.050,552.958,15.079999999999998,0.0,0.0,94.7784614,38.0,0.0,0.0,17.233999999999998,0.0,0.0,59.0,1.632,0.0,2.0,0.0,0.0,12.0,5.0,0.0,2.0,12.0,13.0,1.61,73.0,4.9,2.0,4.9,0.4399999999999997,0.0,73.6,1.63,1.63,931.9855,222.05,2.05,2183.0,121.9,0.0,933.47,-50.1155,4.65e-06
Fe2VAl0.95Sb0.05,Fe2.000,V1.000,Al0.950Sb0.050,751.1134,15.079999999999998,0.0,0.0,94.7784614,38.0,0.0,0.0,17.233999999999998,0.0,0.0,59.0,1.632,0.0,2.0,0.0,0.0,12.0,5.0,0.0,2.0,12.0,13.0,1.61,73.0,4.9,2.0,4.9,0.4399999999999997,0.0,73.6,1.63,1.63,931.9855,222.05,2.05,2183.0,121.9,0.0,933.47,-23.9261,3.73e-06
Fe2VAl0.9Sb0.1,Fe2.000,V1.000,Al0.900Sb0.100,94.6071,15.079999999999998,0.0,0.0,94.7784614,38.0,0.0,0.0,17.988,0.0,0.0,59.0,1.654,0.0,2.0,0.0,0.0,12.0,5.0,0.0,2.0,12.0,13.0,1.61,73.0,4.8,2.0,4.8,0.4399999999999997,0.0,74.2,1.63,1.63,930.501,219.1,2.05,2183.0,122.8,0.0,933.47,-67.5751,7.43e-06
Fe2VAl0.9Sb0.1,Fe2.000,V1.000,Al0.900Sb0.100,200.0912,15.079999999999998,0.0,0.0,94.7784614,38.0,0.0,0.0,17.988,0.0,0.0,59.0,1.654,0.0,2.0,0.0,0.0,12.0,5.0,0.0,2.0,12.0,13.0,1.61,73.0,4.8,2.0,4.8,0.4399999999999997,0.0,74.2,1.63,1.63,930.501,219.1,2.05,2183.0,122.8,0.0,933.47,-97.6443,7.1e-06
Fe2VAl0.9Sb0.1,Fe2.000,V1.000,Al0.900Sb0.100,304.1405,15.079999999999998,0.0,0.0,94.7784614,38.0,0.0,0.0,17.988,0.0,0.0,59.0,1.654,0.0,2.0,0.0,0.0,12.0,5.0,0.0,2.0,12.0,13.0,1.61,73.0,4.8,2.0,4.8,0.4399999999999997,0.0,74.2,1.63,1.63,930.501,219.1,2.05,2183.0,122.8,0.0,933.47,-103.4642,6.6e-06
Fe2VAl0.9Sb0.1,Fe2.000,V1.000,Al0.900Sb0.100,444.941,15.079999999999998,0.0,0.0,94.7784614,38.0,0.0,0.0,17.988,0.0,0.0,59.0,1.654,0.0,2.0,0.0,0.0,12.0,5.0,0.0,2.0,12.0,13.0,1.61,73.0,4.8,2.0,4.8,0.4399999999999997,0.0,74.2,1.63,1.63,930.501,219.1,2.05,2183.0,122.8,0.0,933.47,-84.388,5.58e-06
Fe2VAl0.9Sb0.1,Fe2.000,V1.000,Al0.900Sb0.100,596.3539,15.079999999999998,0.0,0.0,94.7784614,38.0,0.0,0.0,17.988,0.0,0.0,59.0,1.654,0.0,2.0,0.0,0.0,12.0,5.0,0.0,2.0,12.0,13.0,1.61,73.0,4.8,2.0,4.8,0.4399999999999997,0.0,74.2,1.63,1.63,930.501,219.1,2.05,2183.0,122.8,0.0,933.47,-49.1455,4.32e-06
Fe2VAl0.9Sb0.1,Fe2.000,V1.000,Al0.900Sb0.100,749.3099,15.079999999999998,0.0,0.0,94.7784614,38.0,0.0,0.0,17.988,0.0,0.0,59.0,1.654,0.0,2.0,0.0,0.0,12.0,5.0,0.0,2.0,12.0,13.0,1.61,73.0,4.8,2.0,4.8,0.4399999999999997,0.0,74.2,1.63,1.63,930.501,219.1,2.05,2183.0,122.8,0.0,933.47,-29.4226,3.76e-06
Fe2VAl0.96Si0.01Sb0.03,Fe2.000,V1.000,Al0.960Si0.010Sb0.030,102.8944,15.079999999999998,0.773,0.0,94.7784614,38.0,0.0,0.0,16.972,0.0,0.0,61.0,1.6261,0.0,2.0,0.0,0.0,12.0,5.0,0.0,2.0,12.0,13.0,1.61,73.0,4.93,2.0,4.93,0.4399999999999997,0.0,73.41,1.63,1.63,940.1146,223.25,2.05,2183.0,121.44,0.00773,1687.0,-80.2384,4.82e-06
Fe2VAl0.96Si0.01Sb0.03,Fe2.000,V1.000,Al0.960Si0.010Sb0.030,183.9932,15.079999999999998,0.773,0.0,94.7784614,38.0,0.0,0.0,16.972,0.0,0.0,61.0,1.6261,0.0,2.0,0.0,0.0,12.0,5.0,0.0,2.0,12.0,13.0,1.61,73.0,4.93,2.0,4.93,0.4399999999999997,0.0,73.41,1.63,1.63,940.1146,223.25,2.05,2183.0,121.44,0.00773,1687.0,-123.3594,5.55e-06
Fe2VAl0.96Si0.01Sb0.03,Fe2.000,V1.000,Al0.960Si0.010Sb0.030,256.1919,15.079999999999998,0.773,0.0,94.7784614,38.0,0.0,0.0,16.972,0.0,0.0,61.0,1.6261,0.0,2.0,0.0,0.0,12.0,5.0,0.0,2.0,12.0,13.0,1.61,73.0,4.93,2.0,4.93,0.4399999999999997,0.0,73.41,1.63,1.63,940.1146,223.25,2.05,2183.0,121.44,0.00773,1687.0,-137.7725,6e-06
Fe2VAl0.96Si0.01Sb0.03,Fe2.000,V1.000,Al0.960Si0.010Sb0.030,384.6034,15.079999999999998,0.773,0.0,94.7784614,38.0,0.0,0.0,16.972,0.0,0.0,61.0,1.6261,0.0,2.0,0.0,0.0,12.0,5.0,0.0,2.0,12.0,13.0,1.61,73.0,4.93,2.0,4.93,0.4399999999999997,0.0,73.41,1.63,1.63,940.1146,223.25,2.05,2183.0,121.44,0.00773,1687.0,-112.3349,5.82e-06
Fe2VAl0.96Si0.01Sb0.03,Fe2.000,V1.000,Al0.960Si0.010Sb0.030,517.0659,15.079999999999998,0.773,0.0,94.7784614,38.0,0.0,0.0,16.972,0.0,0.0,61.0,1.6261,0.0,2.0,0.0,0.0,12.0,5.0,0.0,2.0,12.0,13.0,1.61,73.0,4.93,2.0,4.93,0.4399999999999997,0.0,73.41,1.63,1.63,940.1146,223.25,2.05,2183.0,121.44,0.00773,1687.0,-61.3508,4.92e-06
Fe2VAl0.96Si0.01Sb0.03,Fe2.000,V1.000,Al0.960Si0.010Sb0.030,749.583,15.079999999999998,0.773,0.0,94.7784614,38.0,0.0,0.0,16.972,0.0,0.0,61.0,1.6261,0.0,2.0,0.0,0.0,12.0,5.0,0.0,2.0,12.0,13.0,1.61,73.0,4.93,2.0,4.93,0.4399999999999997,0.0,73.41,1.63,1.63,940.1146,223.25,2.05,2183.0,121.44,0.00773,1687.0,-23.7542,3.52e-06
Fe2VAl0.93Si0.04Sb0.03,Fe2.000,V1.000,Al0.930Si0.040Sb0.030,99.3538,15.079999999999998,0.773,0.0,94.7784614,38.0,0.0,0.0,17.0908,0.0,0.0,61.0,1.6348,0.0,2.0,0.0,0.0,12.0,5.0,0.0,2.0,12.0,13.0,1.61,73.0,4.9,2.0,4.9,0.4399999999999997,0.0,73.56,1.63,1.63,962.7205,223.31,2.05,2183.0,121.14,0.03092,1687.0,-67.2853,2.46e-06
Fe2VAl0.93Si0.04Sb0.03,Fe2.000,V1.000,Al0.930Si0.040Sb0.030,199.0928,15.079999999999998,0.773,0.0,94.7784614,38.0,0.0,0.0,17.0908,0.0,0.0,61.0,1.6348,0.0,2.0,0.0,0.0,12.0,5.0,0.0,2.0,12.0,13.0,1.61,73.0,4.9,2.0,4.9,0.4399999999999997,0.0,73.56,1.63,1.63,962.7205,223.31,2.05,2183.0,121.14,0.03092,1687.0,-104.4726,3.45e-06
Fe2VAl0.93Si0.04Sb0.03,Fe2.000,V1.000,Al0.930Si0.040Sb0.030,326.8779,15.079999999999998,0.773,0.0,94.7784614,38.0,0.0,0.0,17.0908,0.0,0.0,61.0,1.6348,0.0,2.0,0.0,0.0,12.0,5.0,0.0,2.0,12.0,13.0,1.61,73.0,4.9,2.0,4.9,0.4399999999999997,0.0,73.56,1.63,1.63,962.7205,223.31,2.05,2183.0,121.14,0.03092,1687.0,-126.2844,4.4e-06
Fe2VAl0.93Si0.04Sb0.03,Fe2.000,V1.000,Al0.930Si0.040Sb0.030,503.7436,15.079999999999998,0.773,0.0,94.7784614,38.0,0.0,0.0,17.0908,0.0,0.0,61.0,1.6348,0.0,2.0,0.0,0.0,12.0,5.0,0.0,2.0,12.0,13.0,1.61,73.0,4.9,2.0,4.9,0.4399999999999997,0.0,73.56,1.63,1.63,962.7205,223.31,2.05,2183.0,121.14,0.03092,1687.0,-86.1891,4.54e-06
Fe2VAl0.93Si0.04Sb0.03,Fe2.000,V1.000,Al0.930Si0.040Sb0.030,673.2126,15.079999999999998,0.773,0.0,94.7784614,38.0,0.0,0.0,17.0908,0.0,0.0,61.0,1.6348,0.0,2.0,0.0,0.0,12.0,5.0,0.0,2.0,12.0,13.0,1.61,73.0,4.9,2.0,4.9,0.4399999999999997,0.0,73.56,1.63,1.63,962.7205,223.31,2.05,2183.0,121.14,0.03092,1687.0,-43.9874,3.83e-06
Fe2VAl0.93Si0.04Sb0.03,Fe2.000,V1.000,Al0.930Si0.040Sb0.030,755.0307,15.079999999999998,0.773,0.0,94.7784614,38.0,0.0,0.0,17.0908,0.0,0.0,61.0,1.6348,0.0,2.0,0.0,0.0,12.0,5.0,0.0,2.0,12.0,13.0,1.61,73.0,4.9,2.0,4.9,0.4399999999999997,0.0,73.56,1.63,1.63,962.7205,223.31,2.05,2183.0,121.14,0.03092,1687.0,-32.859,3.59e-06
Fe2VAl0.9Si0.07Sb0.03,Fe2.000,V1.000,Al0.900Si0.070Sb0.030,97.7112,15.079999999999998,0.773,0.0,94.7784614,38.0,0.0,0.0,17.209600000000002,0.0,0.0,61.0,1.6435,0.0,2.0,0.0,0.0,12.0,5.0,0.0,2.0,12.0,13.0,1.61,73.0,4.87,2.0,4.87,0.4399999999999997,0.0,73.71,1.63,1.63,985.3264,223.37,2.05,2183.0,120.84,0.05411,1687.0,-51.1839,1.6e-06
Fe2VAl0.9Si0.07Sb0.03,Fe2.000,V1.000,Al0.900Si0.070Sb0.030,210.2667,15.079999999999998,0.773,0.0,94.7784614,38.0,0.0,0.0,17.209600000000002,0.0,0.0,61.0,1.6435,0.0,2.0,0.0,0.0,12.0,5.0,0.0,2.0,12.0,13.0,1.61,73.0,4.87,2.0,4.87,0.4399999999999997,0.0,73.71,1.63,1.63,985.3264,223.37,2.05,2183.0,120.84,0.05411,1687.0,-101.6823,2.34e-06
Fe2VAl0.9Si0.07Sb0.03,Fe2.000,V1.000,Al0.900Si0.070Sb0.030,304.6368,15.079999999999998,0.773,0.0,94.7784614,38.0,0.0,0.0,17.209600000000002,0.0,0.0,61.0,1.6435,0.0,2.0,0.0,0.0,12.0,5.0,0.0,2.0,12.0,13.0,1.61,73.0,4.87,2.0,4.87,0.4399999999999997,0.0,73.71,1.63,1.63,985.3264,223.37,2.05,2183.0,120.84,0.05411,1687.0,-123.8149,3.08e-06
Fe2VAl0.9Si0.07Sb0.03,Fe2.000,V1.000,Al0.900Si0.070Sb0.030,447.7999,15.079999999999998,0.773,0.0,94.7784614,38.0,0.0,0.0,17.209600000000002,0.0,0.0,61.0,1.6435,0.0,2.0,0.0,0.0,12.0,5.0,0.0,2.0,12.0,13.0,1.61,73.0,4.87,2.0,4.87,0.4399999999999997,0.0,73.71,1.63,1.63,985.3264,223.37,2.05,2183.0,120.84,0.05411,1687.0,-105.7402,3.56e-06
Fe2VAl0.9Si0.07Sb0.03,Fe2.000,V1.000,Al0.900Si0.070Sb0.030,587.5059,15.079999999999998,0.773,0.0,94.7784614,38.0,0.0,0.0,17.209600000000002,0.0,0.0,61.0,1.6435,0.0,2.0,0.0,0.0,12.0,5.0,0.0,2.0,12.0,13.0,1.61,73.0,4.87,2.0,4.87,0.4399999999999997,0.0,73.71,1.63,1.63,985.3264,223.37,2.05,2183.0,120.84,0.05411,1687.0,-68.4124,3.46e-06
Fe2VAl0.9Si0.07Sb0.03,Fe2.000,V1.000,Al0.900Si0.070Sb0.030,749.3881,15.079999999999998,0.773,0.0,94.7784614,38.0,0.0,0.0,17.209600000000002,0.0,0.0,61.0,1.6435,0.0,2.0,0.0,0.0,12.0,5.0,0.0,2.0,12.0,13.0,1.61,73.0,4.87,2.0,4.87,0.4399999999999997,0.0,73.71,1.63,1.63,985.3264,223.37,2.05,2183.0,120.84,0.05411,1687.0,-38.4541,3.29e-06
Fe2VAl0.87Si0.1Sb0.03,Fe2.000,V1.000,Al0.870Si0.100Sb0.030,101.7575,15.079999999999998,0.773,0.0,94.7784614,38.0,0.0,0.0,17.3284,0.0,0.0,61.0,1.6522,0.0,2.0,0.0,0.0,12.0,5.0,0.0,2.0,12.0,13.0,1.61,73.0,4.84,2.0,4.84,0.4399999999999997,0.0,73.86,1.63,1.63,1007.9323,223.43,2.05,2183.0,120.54,0.0773,1687.0,-25.9874,1.41e-06
Fe2VAl0.87Si0.1Sb0.03,Fe2.000,V1.000,Al0.870Si0.100Sb0.030,242.206,15.079999999999998,0.773,0.0,94.7784614,38.0,0.0,0.0,17.3284,0.0,0.0,61.0,1.6522,0.0,2.0,0.0,0.0,12.0,5.0,0.0,2.0,12.0,13.0,1.61,73.0,4.84,2.0,4.84,0.4399999999999997,0.0,73.86,1.63,1.63,1007.9323,223.43,2.05,2183.0,120.54,0.0773,1687.0,-72.6603,2.29e-06
Fe2VAl0.87Si0.1Sb0.03,Fe2.000,V1.000,Al0.870Si0.100Sb0.030,330.8825,15.079999999999998,0.773,0.0,94.7784614,38.0,0.0,0.0,17.3284,0.0,0.0,61.0,1.6522,0.0,2.0,0.0,0.0,12.0,5.0,0.0,2.0,12.0,13.0,1.61,73.0,4.84,2.0,4.84,0.4399999999999997,0.0,73.86,1.63,1.63,1007.9323,223.43,2.05,2183.0,120.54,0.0773,1687.0,-104.2379,2.88e-06
Fe2VAl0.87Si0.1Sb0.03,Fe2.000,V1.000,Al0.870Si0.100Sb0.030,406.9234,15.079999999999998,0.773,0.0,94.7784614,38.0,0.0,0.0,17.3284,0.0,0.0,61.0,1.6522,0.0,2.0,0.0,0.0,12.0,5.0,0.0,2.0,12.0,13.0,1.61,73.0,4.84,2.0,4.84,0.4399999999999997,0.0,73.86,1.63,1.63,1007.9323,223.43,2.05,2183.0,120.54,0.0773,1687.0,-108.8544,3.28e-06
Fe2VAl0.87Si0.1Sb0.03,Fe2.000,V1.000,Al0.870Si0.100Sb0.030,578.1232,15.079999999999998,0.773,0.0,94.7784614,38.0,0.0,0.0,17.3284,0.0,0.0,61.0,1.6522,0.0,2.0,0.0,0.0,12.0,5.0,0.0,2.0,12.0,13.0,1.61,73.0,4.84,2.0,4.84,0.4399999999999997,0.0,73.86,1.63,1.63,1007.9323,223.43,2.05,2183.0,120.54,0.0773,1687.0,-76.1042,3.6e-06
Fe2VAl0.87Si0.1Sb0.03,Fe2.000,V1.000,Al0.870Si0.100Sb0.030,751.1467,15.079999999999998,0.773,0.0,94.7784614,38.0,0.0,0.0,17.3284,0.0,0.0,61.0,1.6522,0.0,2.0,0.0,0.0,12.0,5.0,0.0,2.0,12.0,13.0,1.61,73.0,4.84,2.0,4.84,0.4399999999999997,0.0,73.86,1.63,1.63,1007.9323,223.43,2.05,2183.0,120.54,0.0773,1687.0,-45.8056,3.31e-06
Fe2VAl,Fe2.000,V1.000,Al1.000,304.0725,0.0,0.0,0.0,0.0,0.0,0.0,0.0,16.48,0.0,0.0,0.0,1.61,0.0,0.0,0.0,0.0,0.0,5.0,0.0,0.0,0.0,13.0,1.61,73.0,5.0,0.0,5.0,0.0,0.0,73.0,1.63,1.63,933.47,225.0,1.61,2183.0,121.0,0.0,933.47,-139.5739,8.13e-06
Fe2VAl,Fe2.000,V1.000,Al1.000,380.5431,0.0,0.0,0.0,0.0,0.0,0.0,0.0,16.48,0.0,0.0,0.0,1.61,0.0,0.0,0.0,0.0,0.0,5.0,0.0,0.0,0.0,13.0,1.61,73.0,5.0,0.0,5.0,0.0,0.0,73.0,1.63,1.63,933.47,225.0,1.61,2183.0,121.0,0.0,933.47,-102.8653,7.24e-06
Fe2VAl,Fe2.000,V1.000,Al1.000,467.4422,0.0,0.0,0.0,0.0,0.0,0.0,0.0,16.48,0.0,0.0,0.0,1.61,0.0,0.0,0.0,0.0,0.0,5.0,0.0,0.0,0.0,13.0,1.61,73.0,5.0,0.0,5.0,0.0,0.0,73.0,1.63,1.63,933.47,225.0,1.61,2183.0,121.0,0.0,933.47,-68.4659,6.4e-06
Fe2VAl,Fe2.000,V1.000,Al1.000,573.732,0.0,0.0,0.0,0.0,0.0,0.0,0.0,16.48,0.0,0.0,0.0,1.61,0.0,0.0,0.0,0.0,0.0,5.0,0.0,0.0,0.0,13.0,1.61,73.0,5.0,0.0,5.0,0.0,0.0,73.0,1.63,1.63,933.47,225.0,1.61,2183.0,121.0,0.0,933.47,-39.6136,5.64e-06
Fe2VAl,Fe2.000,V1.000,Al1.000,705.4676,0.0,0.0,0.0,0.0,0.0,0.0,0.0,16.48,0.0,0.0,0.0,1.61,0.0,0.0,0.0,0.0,0.0,5.0,0.0,0.0,0.0,13.0,1.61,73.0,5.0,0.0,5.0,0.0,0.0,73.0,1.63,1.63,933.47,225.0,1.61,2183.0,121.0,0.0,933.47,-22.7958,4.96e-06
Fe2VAl,Fe2.000,V1.000,Al1.000,803.2769,0.0,0.0,0.0,0.0,0.0,0.0,0.0,16.48,0.0,0.0,0.0,1.61,0.0,0.0,0.0,0.0,0.0,5.0,0.0,0.0,0.0,13.0,1.61,73.0,5.0,0.0,5.0,0.0,0.0,73.0,1.63,1.63,933.47,225.0,1.61,2183.0,121.0,0.0,933.47,-16.6761,4.49e-06
Fe2VAl,Fe2.000,V1.000,Al1.000,10.678,0.0,0.0,0.0,0.0,0.0,0.0,0.0,16.48,0.0,0.0,0.0,1.61,0.0,0.0,0.0,0.0,0.0,5.0,0.0,0.0,0.0,13.0,1.61,73.0,5.0,0.0,5.0,0.0,0.0,73.0,1.63,1.63,933.47,225.0,1.61,2183.0,121.0,0.0,933.47,4.0352,2.92e-05
Fe2VAl,Fe2.000,V1.000,Al1.000,99.661,0.0,0.0,0.0,0.0,0.0,0.0,0.0,16.48,0.0,0.0,0.0,1.61,0.0,0.0,0.0,0.0,0.0,5.0,0.0,0.0,0.0,13.0,1.61,73.0,5.0,0.0,5.0,0.0,0.0,73.0,1.63,1.63,933.47,225.0,1.61,2183.0,121.0,0.0,933.47,17.6582,2.5e-05
Fe2VAl,Fe2.000,V1.000,Al1.000,205.2542,0.0,0.0,0.0,0.0,0.0,0.0,0.0,16.48,0.0,0.0,0.0,1.61,0.0,0.0,0.0,0.0,0.0,5.0,0.0,0.0,0.0,13.0,1.61,73.0,5.0,0.0,5.0,0.0,0.0,73.0,1.63,1.63,933.47,225.0,1.61,2183.0,121.0,0.0,933.47,31.3703,1.94e-05
Fe2VAl,Fe2.000,V1.000,Al1.000,289.4915,0.0,0.0,0.0,0.0,0.0,0.0,0.0,16.48,0.0,0.0,0.0,1.61,0.0,0.0,0.0,0.0,0.0,5.0,0.0,0.0,0.0,13.0,1.61,73.0,5.0,0.0,5.0,0.0,0.0,73.0,1.63,1.63,933.47,225.0,1.61,2183.0,121.0,0.0,933.47,41.2119,1.49e-05
Fe1.98V1.02Al,Fe2.000,V1.000,Al1.000,10.678,0.0,0.0,0.0,0.0,0.0,0.0,0.0,16.48,0.0,0.0,0.0,1.61,0.0,0.0,0.0,0.0,0.0,5.0,0.0,0.0,0.0,13.0,1.61,73.0,5.0,0.0,5.0,0.0,0.0,73.0,1.63,1.63,933.47,225.0,1.61,2183.0,121.0,0.0,933.47,-3.4766,3e-05
Fe1.98V1.02Al,Fe2.000,V1.000,Al1.000,59.322,0.0,0.0,0.0,0.0,0.0,0.0,0.0,16.48,0.0,0.0,0.0,1.61,0.0,0.0,0.0,0.0,0.0,5.0,0.0,0.0,0.0,13.0,1.61,73.0,5.0,0.0,5.0,0.0,0.0,73.0,1.63,1.63,933.47,225.0,1.61,2183.0,121.0,0.0,933.47,-26.6897,3.05e-05
Fe1.98V1.02Al,Fe2.000,V1.000,Al1.000,122.2034,0.0,0.0,0.0,0.0,0.0,0.0,0.0,16.48,0.0,0.0,0.0,1.61,0.0,0.0,0.0,0.0,0.0,5.0,0.0,0.0,0.0,13.0,1.61,73.0,5.0,0.0,5.0,0.0,0.0,73.0,1.63,1.63,933.47,225.0,1.61,2183.0,121.0,0.0,933.47,-64.85,2.98e-05
Fe1.98V1.02Al,Fe2.000,V1.000,Al1.000,212.3729,0.0,0.0,0.0,0.0,0.0,0.0,0.0,16.48,0.0,0.0,0.0,1.61,0.0,0.0,0.0,0.0,0.0,5.0,0.0,0.0,0.0,13.0,1.61,73.0,5.0,0.0,5.0,0.0,0.0,73.0,1.63,1.63,933.47,225.0,1.61,2183.0,121.0,0.0,933.47,-108.4977,2.54e-05
Fe1.98V1.02Al,Fe2.000,V1.000,Al1.000,266.9492,0.0,0.0,0.0,0.0,0.0,0.0,0.0,16.48,0.0,0.0,0.0,1.61,0.0,0.0,0.0,0.0,0.0,5.0,0.0,0.0,0.0,13.0,1.61,73.0,5.0,0.0,5.0,0.0,0.0,73.0,1.63,1.63,933.47,225.0,1.61,2183.0,121.0,0.0,933.47,-105.3879,2.34e-05
Fe1.98V1.02Al,Fe2.000,V1.000,Al1.000,301.3559,0.0,0.0,0.0,0.0,0.0,0.0,0.0,16.48,0.0,0.0,0.0,1.61,0.0,0.0,0.0,0.0,0.0,5.0,0.0,0.0,0.0,13.0,1.61,73.0,5.0,0.0,5.0,0.0,0.0,73.0,1.63,1.63,933.47,225.0,1.61,2183.0,121.0,0.0,933.47,-91.1188,2.23e-05
Fe1.95V1.05Al,Fe2.000,V1.000,Al1.000,8.3051,0.0,0.0,0.0,0.0,0.0,0.0,0.0,16.48,0.0,0.0,0.0,1.61,0.0,0.0,0.0,0.0,0.0,5.0,0.0,0.0,0.0,13.0,1.61,73.0,5.0,0.0,5.0,0.0,0.0,73.0,1.63,1.63,933.47,225.0,1.61,2183.0,121.0,0.0,933.47,-7.2452,4.55e-05
Fe1.95V1.05Al,Fe2.000,V1.000,Al1.000,86.6102,0.0,0.0,0.0,0.0,0.0,0.0,0.0,16.48,0.0,0.0,0.0,1.61,0.0,0.0,0.0,0.0,0.0,5.0,0.0,0.0,0.0,13.0,1.61,73.0,5.0,0.0,5.0,0.0,0.0,73.0,1.63,1.63,933.47,225.0,1.61,2183.0,121.0,0.0,933.47,-65.041,3.79e-05
Fe1.95V1.05Al,Fe2.000,V1.000,Al1.000,164.9153,0.0,0.0,0.0,0.0,0.0,0.0,0.0,16.48,0.0,0.0,0.0,1.61,0.0,0.0,0.0,0.0,0.0,5.0,0.0,0.0,0.0,13.0,1.61,73.0,5.0,0.0,5.0,0.0,0.0,73.0,1.63,1.63,933.47,225.0,1.61,2183.0,121.0,0.0,933.47,-116.264,3.38e-05
Fe1.95V1.05Al,Fe2.000,V1.000,Al1.000,225.4237,0.0,0.0,0.0,0.0,0.0,0.0,0.0,16.48,0.0,0.0,0.0,1.61,0.0,0.0,0.0,0.0,0.0,5.0,0.0,0.0,0.0,13.0,1.61,73.0,5.0,0.0,5.0,0.0,0.0,73.0,1.63,1.63,933.47,225.0,1.61,2183.0,121.0,0.0,933.47,-133.7797,2.91e-05
Fe1.95V1.05Al,Fe2.000,V1.000,Al1.000,289.4915,0.0,0.0,0.0,0.0,0.0,0.0,0.0,16.48,0.0,0.0,0.0,1.61,0.0,0.0,0.0,0.0,0.0,5.0,0.0,0.0,0.0,13.0,1.61,73.0,5.0,0.0,5.0,0.0,0.0,73.0,1.63,1.63,933.47,225.0,1.61,2183.0,121.0,0.0,933.47,-124.0463,2.36e-05
Fe1.89V1.11Al,Fe2.000,V1.000,Al1.000,10.678,0.0,0.0,0.0,0.0,0.0,0.0,0.0,16.48,0.0,0.0,0.0,1.61,0.0,0.0,0.0,0.0,0.0,5.0,0.0,0.0,0.0,13.0,1.61,73.0,5.0,0.0,5.0,0.0,0.0,73.0,1.63,1.63,933.47,225.0,1.61,2183.0,121.0,0.0,933.47,1.2183,0.000114
Fe1.89V1.11Al,Fe2.000,V1.000,Al1.000,68.8136,0.0,0.0,0.0,0.0,0.0,0.0,0.0,16.48,0.0,0.0,0.0,1.61,0.0,0.0,0.0,0.0,0.0,5.0,0.0,0.0,0.0,13.0,1.61,73.0,5.0,0.0,5.0,0.0,0.0,73.0,1.63,1.63,933.47,225.0,1.61,2183.0,121.0,0.0,933.47,-28.5168,7.26e-05
Fe1.89V1.11Al,Fe2.000,V1.000,Al1.000,134.0678,0.0,0.0,0.0,0.0,0.0,0.0,0.0,16.48,0.0,0.0,0.0,1.61,0.0,0.0,0.0,0.0,0.0,5.0,0.0,0.0,0.0,13.0,1.61,73.0,5.0,0.0,5.0,0.0,0.0,73.0,1.63,1.63,933.47,225.0,1.61,2183.0,121.0,0.0,933.47,-53.5187,5.21e-05
Fe1.89V1.11Al,Fe2.000,V1.000,Al1.000,215.9322,0.0,0.0,0.0,0.0,0.0,0.0,0.0,16.48,0.0,0.0,0.0,1.61,0.0,0.0,0.0,0.0,0.0,5.0,0.0,0.0,0.0,13.0,1.61,73.0,5.0,0.0,5.0,0.0,0.0,73.0,1.63,1.63,933.47,225.0,1.61,2183.0,121.0,0.0,933.47,-88.7602,3.52e-05
Fe1.89V1.11Al,Fe2.000,V1.000,Al1.000,302.5424,0.0,0.0,0.0,0.0,0.0,0.0,0.0,16.48,0.0,0.0,0.0,1.61,0.0,0.0,0.0,0.0,0.0,5.0,0.0,0.0,0.0,13.0,1.61,73.0,5.0,0.0,5.0,0.0,0.0,73.0,1.63,1.63,933.47,225.0,1.61,2183.0,121.0,0.0,933.47,-105.1969,2.36e-05
Fe2VGa,Fe2.000,V1.000,Ga1.000,10.678,0.0,0.0,0.0,0.0,0.0,0.0,0.0,18.8575,0.0,0.0,0.0,1.81,0.0,0.0,0.0,0.0,0.0,5.0,0.0,0.0,0.0,13.0,1.81,74.0,5.0,0.0,5.0,0.0,0.0,74.0,1.63,1.63,302.91,64.0,1.81,2183.0,122.0,0.0,302.91,7.9906,2.78e-06
Fe2VGa,Fe2.000,V1.000,Ga1.000,60.5085,0.0,0.0,0.0,0.0,0.0,0.0,0.0,18.8575,0.0,0.0,0.0,1.81,0.0,0.0,0.0,0.0,0.0,5.0,0.0,0.0,0.0,13.0,1.81,74.0,5.0,0.0,5.0,0.0,0.0,74.0,1.63,1.63,302.91,64.0,1.81,2183.0,122.0,0.0,302.91,23.6923,2.83e-06
Fe2VGa,Fe2.000,V1.000,Ga1.000,126.9492,0.0,0.0,0.0,0.0,0.0,0.0,0.0,18.8575,0.0,0.0,0.0,1.81,0.0,0.0,0.0,0.0,0.0,5.0,0.0,0.0,0.0,13.0,1.81,74.0,5.0,0.0,5.0,0.0,0.0,74.0,1.63,1.63,302.91,64.0,1.81,2183.0,122.0,0.0,302.91,33.4928,2.83e-06
Fe2VGa,Fe2.000,V1.000,Ga1.000,207.6271,0.0,0.0,0.0,0.0,0.0,0.0,0.0,18.8575,0.0,0.0,0.0,1.81,0.0,0.0,0.0,0.0,0.0,5.0,0.0,0.0,0.0,13.0,1.81,74.0,5.0,0.0,5.0,0.0,0.0,74.0,1.63,1.63,302.91,64.0,1.81,2183.0,122.0,0.0,302.91,34.6946,2.77e-06
Fe2VGa,Fe2.000,V1.000,Ga1.000,288.3051,0.0,0.0,0.0,0.0,0.0,0.0,0.0,18.8575,0.0,0.0,0.0,1.81,0.0,0.0,0.0,0.0,0.0,5.0,0.0,0.0,0.0,13.0,1.81,74.0,5.0,0.0,5.0,0.0,0.0,74.0,1.63,1.63,302.91,64.0,1.81,2183.0,122.0,0.0,302.91,33.2024,2.74e-06
Fe1.98V1.02Ga,Fe2.000,V1.000,Ga1.000,13.0508,0.0,0.0,0.0,0.0,0.0,0.0,0.0,18.8575,0.0,0.0,0.0,1.81,0.0,0.0,0.0,0.0,0.0,5.0,0.0,0.0,0.0,13.0,1.81,74.0,5.0,0.0,5.0,0.0,0.0,74.0,1.63,1.63,302.91,64.0,1.81,2183.0,122.0,0.0,302.91,-0.0877,3.32e-06
Fe1.98V1.02Ga,Fe2.000,V1.000,Ga1.000,85.4237,0.0,0.0,0.0,0.0,0.0,0.0,0.0,18.8575,0.0,0.0,0.0,1.81,0.0,0.0,0.0,0.0,0.0,5.0,0.0,0.0,0.0,13.0,1.81,74.0,5.0,0.0,5.0,0.0,0.0,74.0,1.63,1.63,302.91,64.0,1.81,2183.0,122.0,0.0,302.91,-8.0582,3.22e-06
Fe1.98V1.02Ga,Fe2.000,V1.000,Ga1.000,161.3559,0.0,0.0,0.0,0.0,0.0,0.0,0.0,18.8575,0.0,0.0,0.0,1.81,0.0,0.0,0.0,0.0,0.0,5.0,0.0,0.0,0.0,13.0,1.81,74.0,5.0,0.0,5.0,0.0,0.0,74.0,1.63,1.63,302.91,64.0,1.81,2183.0,122.0,0.0,302.91,-1.4757,3.13e-06
Fe1.98V1.02Ga,Fe2.000,V1.000,Ga1.000,242.0339,0.0,0.0,0.0,0.0,0.0,0.0,0.0,18.8575,0.0,0.0,0.0,1.81,0.0,0.0,0.0,0.0,0.0,5.0,0.0,0.0,0.0,13.0,1.81,74.0,5.0,0.0,5.0,0.0,0.0,74.0,1.63,1.63,302.91,64.0,1.81,2183.0,122.0,0.0,302.91,13.7347,3e-06
Fe1.98V1.02Ga,Fe2.000,V1.000,Ga1.000,298.9831,0.0,0.0,0.0,0.0,0.0,0.0,0.0,18.8575,0.0,0.0,0.0,1.81,0.0,0.0,0.0,0.0,0.0,5.0,0.0,0.0,0.0,13.0,1.81,74.0,5.0,0.0,5.0,0.0,0.0,74.0,1.63,1.63,302.91,64.0,1.81,2183.0,122.0,0.0,302.91,20.2878,2.88e-06
Fe1.95V1.05Ga,Fe2.000,V1.000,Ga1.000,10.678,0.0,0.0,0.0,0.0,0.0,0.0,0.0,18.8575,0.0,0.0,0.0,1.81,0.0,0.0,0.0,0.0,0.0,5.0,0.0,0.0,0.0,13.0,1.81,74.0,5.0,0.0,5.0,0.0,0.0,74.0,1.63,1.63,302.91,64.0,1.81,2183.0,122.0,0.0,302.91,-6.018,4.01e-06
Fe1.95V1.05Ga,Fe2.000,V1.000,Ga1.000,67.6271,0.0,0.0,0.0,0.0,0.0,0.0,0.0,18.8575,0.0,0.0,0.0,1.81,0.0,0.0,0.0,0.0,0.0,5.0,0.0,0.0,0.0,13.0,1.81,74.0,5.0,0.0,5.0,0.0,0.0,74.0,1.63,1.63,302.91,64.0,1.81,2183.0,122.0,0.0,302.91,-45.8011,4e-06
Fe1.95V1.05Ga,Fe2.000,V1.000,Ga1.000,129.322,0.0,0.0,0.0,0.0,0.0,0.0,0.0,18.8575,0.0,0.0,0.0,1.81,0.0,0.0,0.0,0.0,0.0,5.0,0.0,0.0,0.0,13.0,1.81,74.0,5.0,0.0,5.0,0.0,0.0,74.0,1.63,1.63,302.91,64.0,1.81,2183.0,122.0,0.0,302.91,-67.2578,3.68e-06
Fe1.95V1.05Ga,Fe2.000,V1.000,Ga1.000,206.4407,0.0,0.0,0.0,0.0,0.0,0.0,0.0,18.8575,0.0,0.0,0.0,1.81,0.0,0.0,0.0,0.0,0.0,5.0,0.0,0.0,0.0,13.0,1.81,74.0,5.0,0.0,5.0,0.0,0.0,74.0,1.63,1.63,302.91,64.0,1.81,2183.0,122.0,0.0,302.91,-60.6736,3.32e-06
Fe1.95V1.05Ga,Fe2.000,V1.000,Ga1.000,288.3051,0.0,0.0,0.0,0.0,0.0,0.0,0.0,18.8575,0.0,0.0,0.0,1.81,0.0,0.0,0.0,0.0,0.0,5.0,0.0,0.0,0.0,13.0,1.81,74.0,5.0,0.0,5.0,0.0,0.0,74.0,1.63,1.63,302.91,64.0,1.81,2183.0,122.0,0.0,302.91,-37.9182,3.04e-06
Fe1.89V1.11Ga,Fe2.000,V1.000,Ga1.000,10.678,0.0,0.0,0.0,0.0,0.0,0.0,0.0,18.8575,0.0,0.0,0.0,1.81,0.0,0.0,0.0,0.0,0.0,5.0,0.0,0.0,0.0,13.0,1.81,74.0,5.0,0.0,5.0,0.0,0.0,74.0,1.63,1.63,302.91,64.0,1.81,2183.0,122.0,0.0,302.91,-2.2465,6.39e-06
Fe1.89V1.11Ga,Fe2.000,V1.000,Ga1.000,113.8983,0.0,0.0,0.0,0.0,0.0,0.0,0.0,18.8575,0.0,0.0,0.0,1.81,0.0,0.0,0.0,0.0,0.0,5.0,0.0,0.0,0.0,13.0,1.81,74.0,5.0,0.0,5.0,0.0,0.0,74.0,1.63,1.63,302.91,64.0,1.81,2183.0,122.0,0.0,302.91,-23.1005,6.22e-06
Fe1.89V1.11Ga,Fe2.000,V1.000,Ga1.000,200.5085,0.0,0.0,0.0,0.0,0.0,0.0,0.0,18.8575,0.0,0.0,0.0,1.81,0.0,0.0,0.0,0.0,0.0,5.0,0.0,0.0,0.0,13.0,1.81,74.0,5.0,0.0,5.0,0.0,0.0,74.0,1.63,1.63,302.91,64.0,1.81,2183.0,122.0,0.0,302.91,-36.437,5.48e-06
Fe1.89V1.11Ga,Fe2.000,V1.000,Ga1.000,297.7966,0.0,0.0,0.0,0.0,0.0,0.0,0.0,18.8575,0.0,0.0,0.0,1.81,0.0,0.0,0.0,0.0,0.0,5.0,0.0,0.0,0.0,13.0,1.81,74.0,5.0,0.0,5.0,0.0,0.0,74.0,1.63,1.63,302.91,64.0,1.81,2183.0,122.0,0.0,302.91,-34.6709,4.61e-06
Fe2VAl,Fe2.000,V1.000,Al1.000,2.7835,0.0,0.0,0.0,0.0,0.0,0.0,0.0,16.48,0.0,0.0,0.0,1.61,0.0,0.0,0.0,0.0,0.0,5.0,0.0,0.0,0.0,13.0,1.61,73.0,5.0,0.0,5.0,0.0,0.0,73.0,1.63,1.63,933.47,225.0,1.61,2183.0,121.0,0.0,933.47,6.7941,2.4e-05
Fe2VAl,Fe2.000,V1.000,Al1.000,62.0536,0.0,0.0,0.0,0.0,0.0,0.0,0.0,16.48,0.0,0.0,0.0,1.61,0.0,0.0,0.0,0.0,0.0,5.0,0.0,0.0,0.0,13.0,1.61,73.0,5.0,0.0,5.0,0.0,0.0,73.0,1.63,1.63,933.47,225.0,1.61,2183.0,121.0,0.0,933.47,49.7121,1.96e-05
Fe2VAl,Fe2.000,V1.000,Al1.000,168.2512,0.0,0.0,0.0,0.0,0.0,0.0,0.0,16.48,0.0,0.0,0.0,1.61,0.0,0.0,0.0,0.0,0.0,5.0,0.0,0.0,0.0,13.0,1.61,73.0,5.0,0.0,5.0,0.0,0.0,73.0,1.63,1.63,933.47,225.0,1.61,2183.0,121.0,0.0,933.47,75.8484,1.4e-05
Fe2VAl,Fe2.000,V1.000,Al1.000,428.0543,0.0,0.0,0.0,0.0,0.0,0.0,0.0,16.48,0.0,0.0,0.0,1.61,0.0,0.0,0.0,0.0,0.0,5.0,0.0,0.0,0.0,13.0,1.61,73.0,5.0,0.0,5.0,0.0,0.0,73.0,1.63,1.63,933.47,225.0,1.61,2183.0,121.0,0.0,933.47,43.6203,5.86e-06
Fe2VAl,Fe2.000,V1.000,Al1.000,666.6219,0.0,0.0,0.0,0.0,0.0,0.0,0.0,16.48,0.0,0.0,0.0,1.61,0.0,0.0,0.0,0.0,0.0,5.0,0.0,0.0,0.0,13.0,1.61,73.0,5.0,0.0,5.0,0.0,0.0,73.0,1.63,1.63,933.47,225.0,1.61,2183.0,121.0,0.0,933.47,5.5826,3.73e-06
Fe2VAl,Fe2.000,V1.000,Al1.000,864.5676,0.0,0.0,0.0,0.0,0.0,0.0,0.0,16.48,0.0,0.0,0.0,1.61,0.0,0.0,0.0,0.0,0.0,5.0,0.0,0.0,0.0,13.0,1.61,73.0,5.0,0.0,5.0,0.0,0.0,73.0,1.63,1.63,933.47,225.0,1.61,2183.0,121.0,0.0,933.47,-4.7558,3.22e-06
Fe2V0.95W0.05Al,Fe2.000,V1.000,W0.048Al0.952,0.723,0.4299999999999997,0.0,0.0,156.8584614,61.0,0.0,0.0,16.45936,6.0,0.288,4.0,1.646,6.0,3.0,0.0,14.0,17.0,6.0,0.0,1.0,22.0,6.0,1.61,51.0,5.048,7.0,4.76,0.7499999999999998,0.0,71.94399999999999,1.63,1.63,1066.02344,225.192,2.36,2183.0,122.968,0.0,3695.0,-2.6704,5.28e-06
Fe2V0.95W0.05Al,Fe2.000,V1.000,W0.048Al0.952,90.5809,0.4299999999999997,0.0,0.0,156.8584614,61.0,0.0,0.0,16.45936,6.0,0.288,4.0,1.646,6.0,3.0,0.0,14.0,17.0,6.0,0.0,1.0,22.0,6.0,1.61,51.0,5.048,7.0,4.76,0.7499999999999998,0.0,71.94399999999999,1.63,1.63,1066.02344,225.192,2.36,2183.0,122.968,0.0,3695.0,-72.6388,5.98e-06
Fe2V0.95W0.05Al,Fe2.000,V1.000,W0.048Al0.952,244.1915,0.4299999999999997,0.0,0.0,156.8584614,61.0,0.0,0.0,16.45936,6.0,0.288,4.0,1.646,6.0,3.0,0.0,14.0,17.0,6.0,0.0,1.0,22.0,6.0,1.61,51.0,5.048,7.0,4.76,0.7499999999999998,0.0,71.94399999999999,1.63,1.63,1066.02344,225.192,2.36,2183.0,122.968,0.0,3695.0,-131.7312,7.17e-06
Fe2V0.95W0.05Al,Fe2.000,V1.000,W0.048Al0.952,299.4903,0.4299999999999997,0.0,0.0,156.8584614,61.0,0.0,0.0,16.45936,6.0,0.288,4.0,1.646,6.0,3.0,0.0,14.0,17.0,6.0,0.0,1.0,22.0,6.0,1.61,51.0,5.048,7.0,4.76,0.7499999999999998,0.0,71.94399999999999,1.63,1.63,1066.02344,225.192,2.36,2183.0,122.968,0.0,3695.0,-128.8589,7.13e-06
Fe2V0.95W0.05Al,Fe2.000,V1.000,W0.048Al0.952,545.639,0.4299999999999997,0.0,0.0,156.8584614,61.0,0.0,0.0,16.45936,6.0,0.288,4.0,1.646,6.0,3.0,0.0,14.0,17.0,6.0,0.0,1.0,22.0,6.0,1.61,51.0,5.048,7.0,4.76,0.7499999999999998,0.0,71.94399999999999,1.63,1.63,1066.02344,225.192,2.36,2183.0,122.968,0.0,3695.0,-35.8342,4.85e-06
Fe2V0.95W0.05Al,Fe2.000,V1.000,W0.048Al0.952,815.7241,0.4299999999999997,0.0,0.0,156.8584614,61.0,0.0,0.0,16.45936,6.0,0.288,4.0,1.646,6.0,3.0,0.0,14.0,17.0,6.0,0.0,1.0,22.0,6.0,1.61,51.0,5.048,7.0,4.76,0.7499999999999998,0.0,71.94399999999999,1.63,1.63,1066.02344,225.192,2.36,2183.0,122.968,0.0,3695.0,-17.827,3.65e-06
Fe2V0.9W0.1Al,Fe2.000,V1.000,W0.091Al0.909,19.9288,0.4299999999999997,0.0,0.0,156.8584614,61.0,0.0,0.0,16.44087,6.0,0.546,4.0,1.6782500000000002,6.0,3.0,0.0,14.0,17.0,6.0,0.0,1.0,22.0,6.0,1.61,51.0,5.091,7.0,4.545,0.7499999999999998,0.0,70.998,1.63,1.63,1184.76923,225.364,2.36,2183.0,124.731,0.0,3695.0,-10.6941,5.28e-06
Fe2V0.9W0.1Al,Fe2.000,V1.000,W0.091Al0.909,101.3484,0.4299999999999997,0.0,0.0,156.8584614,61.0,0.0,0.0,16.44087,6.0,0.546,4.0,1.6782500000000002,6.0,3.0,0.0,14.0,17.0,6.0,0.0,1.0,22.0,6.0,1.61,51.0,5.091,7.0,4.545,0.7499999999999998,0.0,70.998,1.63,1.63,1184.76923,225.364,2.36,2183.0,124.731,0.0,3695.0,-90.8505,6.11e-06
Fe2V0.9W0.1Al,Fe2.000,V1.000,W0.091Al0.909,265.6386,0.4299999999999997,0.0,0.0,156.8584614,61.0,0.0,0.0,16.44087,6.0,0.546,4.0,1.6782500000000002,6.0,3.0,0.0,14.0,17.0,6.0,0.0,1.0,22.0,6.0,1.61,51.0,5.091,7.0,4.545,0.7499999999999998,0.0,70.998,1.63,1.63,1184.76923,225.364,2.36,2183.0,124.731,0.0,3695.0,-155.776,8.38e-06
Fe2V0.9W0.1Al,Fe2.000,V1.000,W0.091Al0.909,526.7689,0.4299999999999997,0.0,0.0,156.8584614,61.0,0.0,0.0,16.44087,6.0,0.546,4.0,1.6782500000000002,6.0,3.0,0.0,14.0,17.0,6.0,0.0,1.0,22.0,6.0,1.61,51.0,5.091,7.0,4.545,0.7499999999999998,0.0,70.998,1.63,1.63,1184.76923,225.364,2.36,2183.0,124.731,0.0,3695.0,-75.1409,7.81e-06
Fe2V0.9W0.1Al,Fe2.000,V1.000,W0.091Al0.909,820.0517,0.4299999999999997,0.0,0.0,156.8584614,61.0,0.0,0.0,16.44087,6.0,0.546,4.0,1.6782500000000002,6.0,3.0,0.0,14.0,17.0,6.0,0.0,1.0,22.0,6.0,1.61,51.0,5.091,7.0,4.545,0.7499999999999998,0.0,70.998,1.63,1.63,1184.76923,225.364,2.36,2183.0,124.731,0.0,3695.0,-28.0243,6.23e-06
Fe2V0.85W0.15Al,Fe2.000,V1.000,W0.130Al0.870,4.9628,0.4299999999999997,0.0,0.0,156.8584614,61.0,0.0,0.0,16.4241,6.0,0.78,4.0,1.7075,6.0,3.0,0.0,14.0,17.0,6.0,0.0,1.0,22.0,6.0,1.61,51.0,5.13,7.0,4.35,0.7499999999999998,0.0,70.14,1.63,1.63,1292.4689,225.52,2.36,2183.0,126.33,0.0,3695.0,-0.4891,5.95e-06
Fe2V0.85W0.15Al,Fe2.000,V1.000,W0.130Al0.870,94.7433,0.4299999999999997,0.0,0.0,156.8584614,61.0,0.0,0.0,16.4241,6.0,0.78,4.0,1.7075,6.0,3.0,0.0,14.0,17.0,6.0,0.0,1.0,22.0,6.0,1.61,51.0,5.13,7.0,4.35,0.7499999999999998,0.0,70.14,1.63,1.63,1292.4689,225.52,2.36,2183.0,126.33,0.0,3695.0,-59.535,6.69e-06
Fe2V0.85W0.15Al,Fe2.000,V1.000,W0.130Al0.870,212.1473,0.4299999999999997,0.0,0.0,156.8584614,61.0,0.0,0.0,16.4241,6.0,0.78,4.0,1.7075,6.0,3.0,0.0,14.0,17.0,6.0,0.0,1.0,22.0,6.0,1.61,51.0,5.13,7.0,4.35,0.7499999999999998,0.0,70.14,1.63,1.63,1292.4689,225.52,2.36,2183.0,126.33,0.0,3695.0,-113.504,7.54e-06
Fe2V0.85W0.15Al,Fe2.000,V1.000,W0.130Al0.870,288.821,0.4299999999999997,0.0,0.0,156.8584614,61.0,0.0,0.0,16.4241,6.0,0.78,4.0,1.7075,6.0,3.0,0.0,14.0,17.0,6.0,0.0,1.0,22.0,6.0,1.61,51.0,5.13,7.0,4.35,0.7499999999999998,0.0,70.14,1.63,1.63,1292.4689,225.52,2.36,2183.0,126.33,0.0,3695.0,-124.4822,7.96e-06
Fe2V0.85W0.15Al,Fe2.000,V1.000,W0.130Al0.870,435.2997,0.4299999999999997,0.0,0.0,156.8584614,61.0,0.0,0.0,16.4241,6.0,0.78,4.0,1.7075,6.0,3.0,0.0,14.0,17.0,6.0,0.0,1.0,22.0,6.0,1.61,51.0,5.13,7.0,4.35,0.7499999999999998,0.0,70.14,1.63,1.63,1292.4689,225.52,2.36,2183.0,126.33,0.0,3695.0,-77.9869,7.64e-06
Fe2V0.85W0.15Al,Fe2.000,V1.000,W0.130Al0.870,581.794,0.4299999999999997,0.0,0.0,156.8584614,61.0,0.0,0.0,16.4241,6.0,0.78,4.0,1.7075,6.0,3.0,0.0,14.0,17.0,6.0,0.0,1.0,22.0,6.0,1.61,51.0,5.13,7.0,4.35,0.7499999999999998,0.0,70.14,1.63,1.63,1292.4689,225.52,2.36,2183.0,126.33,0.0,3695.0,-33.6761,6.42e-06
Fe2V0.85W0.15Al,Fe2.000,V1.000,W0.130Al0.870,673.1805,0.4299999999999997,0.0,0.0,156.8584614,61.0,0.0,0.0,16.4241,6.0,0.78,4.0,1.7075,6.0,3.0,0.0,14.0,17.0,6.0,0.0,1.0,22.0,6.0,1.61,51.0,5.13,7.0,4.35,0.7499999999999998,0.0,70.14,1.63,1.63,1292.4689,225.52,2.36,2183.0,126.33,0.0,3695.0,-19.1795,5.87e-06
Fe2V0.85W0.15Al,Fe2.000,V1.000,W0.130Al0.870,815.7757,0.4299999999999997,0.0,0.0,156.8584614,61.0,0.0,0.0,16.4241,6.0,0.78,4.0,1.7075,6.0,3.0,0.0,14.0,17.0,6.0,0.0,1.0,22.0,6.0,1.61,51.0,5.13,7.0,4.35,0.7499999999999998,0.0,70.14,1.63,1.63,1292.4689,225.52,2.36,2183.0,126.33,0.0,3695.0,-25.1086,5.17e-06
Fe2V0.8W0.2Al,Fe2.000,V0.800W0.200,Al1.000,4.9628,0.0,0.0,0.0,0.0,0.0,0.0,0.0,16.48,0.0,0.0,0.0,1.61,0.0,0.0,0.0,0.0,0.0,5.0,0.0,0.0,0.0,13.0,1.61,73.0,5.0,0.0,5.0,0.0,0.73,73.0,1.776,1.63,933.47,225.0,1.61,2485.4,121.0,0.0,933.47,-0.4891,2.69e-06
Fe2V0.8W0.2Al,Fe2.000,V0.800W0.200,Al1.000,116.0097,0.0,0.0,0.0,0.0,0.0,0.0,0.0,16.48,0.0,0.0,0.0,1.61,0.0,0.0,0.0,0.0,0.0,5.0,0.0,0.0,0.0,13.0,1.61,73.0,5.0,0.0,5.0,0.0,0.73,73.0,1.776,1.63,933.47,225.0,1.61,2485.4,121.0,0.0,933.47,-58.0942,3.54e-06
Fe2V0.8W0.2Al,Fe2.000,V0.800W0.200,Al1.000,263.1908,0.0,0.0,0.0,0.0,0.0,0.0,0.0,16.48,0.0,0.0,0.0,1.61,0.0,0.0,0.0,0.0,0.0,5.0,0.0,0.0,0.0,13.0,1.61,73.0,5.0,0.0,5.0,0.0,0.73,73.0,1.776,1.63,933.47,225.0,1.61,2485.4,121.0,0.0,933.47,-110.6285,4.36e-06
Fe2V0.8W0.2Al,Fe2.000,V0.800W0.200,Al1.000,513.9977,0.0,0.0,0.0,0.0,0.0,0.0,0.0,16.48,0.0,0.0,0.0,1.61,0.0,0.0,0.0,0.0,0.0,5.0,0.0,0.0,0.0,13.0,1.61,73.0,5.0,0.0,5.0,0.0,0.73,73.0,1.776,1.63,933.47,225.0,1.61,2485.4,121.0,0.0,933.47,-74.4034,5.2e-06
Fe2V0.8W0.2Al,Fe2.000,V0.800W0.200,Al1.000,822.2311,0.0,0.0,0.0,0.0,0.0,0.0,0.0,16.48,0.0,0.0,0.0,1.61,0.0,0.0,0.0,0.0,0.0,5.0,0.0,0.0,0.0,13.0,1.61,73.0,5.0,0.0,5.0,0.0,0.73,73.0,1.776,1.63,933.47,225.0,1.61,2485.4,121.0,0.0,933.47,-35.3075,4.73e-06
Fe2VAl,Fe2.000,V1.000,Al1.000,142.6357,0.0,0.0,0.0,0.0,0.0,0.0,0.0,16.48,0.0,0.0,0.0,1.61,0.0,0.0,0.0,0.0,0.0,5.0,0.0,0.0,0.0,13.0,1.61,73.0,5.0,0.0,5.0,0.0,0.0,73.0,1.63,1.63,933.47,225.0,1.61,2183.0,121.0,0.0,933.47,11.1034,1.1e-05
Fe2VAl,Fe2.000,V1.000,Al1.000,341.0853,0.0,0.0,0.0,0.0,0.0,0.0,0.0,16.48,0.0,0.0,0.0,1.61,0.0,0.0,0.0,0.0,0.0,5.0,0.0,0.0,0.0,13.0,1.61,73.0,5.0,0.0,5.0,0.0,0.0,73.0,1.63,1.63,933.47,225.0,1.61,2183.0,121.0,0.0,933.47,34.4915,6.51e-06
Fe2VAl,Fe2.000,V1.000,Al1.000,407.2351,0.0,0.0,0.0,0.0,0.0,0.0,0.0,16.48,0.0,0.0,0.0,1.61,0.0,0.0,0.0,0.0,0.0,5.0,0.0,0.0,0.0,13.0,1.61,73.0,5.0,0.0,5.0,0.0,0.0,73.0,1.63,1.63,933.47,225.0,1.61,2183.0,121.0,0.0,933.47,34.9734,4.97e-06
Fe2VAl,Fe2.000,V1.000,Al1.000,605.6848,0.0,0.0,0.0,0.0,0.0,0.0,0.0,16.48,0.0,0.0,0.0,1.61,0.0,0.0,0.0,0.0,0.0,5.0,0.0,0.0,0.0,13.0,1.61,73.0,5.0,0.0,5.0,0.0,0.0,73.0,1.63,1.63,933.47,225.0,1.61,2183.0,121.0,0.0,933.47,1.1962,3.32e-06
Fe2VTa0.03Al0.97,Fe2.000,V1.000,Ta0.030Al0.970,97.1576,1.6400000000000006,0.0,0.0,153.9663414,60.0,0.0,0.0,16.5292,7.0,0.21,4.0,1.6067,7.0,3.0,0.0,14.0,16.0,7.0,0.0,2.0,25.0,5.0,1.5,48.0,5.06,8.0,4.85,0.1100000000000001,0.0,72.25,1.63,1.63,1004.1659,225.12,1.61,2183.0,122.46999999999998,0.0,3290.0,-90.4582,2.8e-06
Fe2VTa0.03Al0.97,Fe2.000,V1.000,Ta0.030Al0.970,194.3152,1.6400000000000006,0.0,0.0,153.9663414,60.0,0.0,0.0,16.5292,7.0,0.21,4.0,1.6067,7.0,3.0,0.0,14.0,16.0,7.0,0.0,2.0,25.0,5.0,1.5,48.0,5.06,8.0,4.85,0.1100000000000001,0.0,72.25,1.63,1.63,1004.1659,225.12,1.61,2183.0,122.46999999999998,0.0,3290.0,-135.0604,3.74e-06
Fe2VTa0.03Al0.97,Fe2.000,V1.000,Ta0.030Al0.970,324.5478,1.6400000000000006,0.0,0.0,153.9663414,60.0,0.0,0.0,16.5292,7.0,0.21,4.0,1.6067,7.0,3.0,0.0,14.0,16.0,7.0,0.0,2.0,25.0,5.0,1.5,48.0,5.06,8.0,4.85,0.1100000000000001,0.0,72.25,1.63,1.63,1004.1659,225.12,1.61,2183.0,122.46999999999998,0.0,3290.0,-166.4295,4.68e-06
Fe2VTa0.03Al0.97,Fe2.000,V1.000,Ta0.030Al0.970,514.7287,1.6400000000000006,0.0,0.0,153.9663414,60.0,0.0,0.0,16.5292,7.0,0.21,4.0,1.6067,7.0,3.0,0.0,14.0,16.0,7.0,0.0,2.0,25.0,5.0,1.5,48.0,5.06,8.0,4.85,0.1100000000000001,0.0,72.25,1.63,1.63,1004.1659,225.12,1.61,2183.0,122.46999999999998,0.0,3290.0,-99.145,4.22e-06
Fe2VTa0.03Al0.97,Fe2.000,V1.000,Ta0.030Al0.970,706.9767,1.6400000000000006,0.0,0.0,153.9663414,60.0,0.0,0.0,16.5292,7.0,0.21,4.0,1.6067,7.0,3.0,0.0,14.0,16.0,7.0,0.0,2.0,25.0,5.0,1.5,48.0,5.06,8.0,4.85,0.1100000000000001,0.0,72.25,1.63,1.63,1004.1659,225.12,1.61,2183.0,122.46999999999998,0.0,3290.0,-53.8057,3.44e-06
Fe2VTa0.05Al0.95,Fe2.000,V1.000,Ta0.050Al0.950,101.292,1.6400000000000006,0.0,0.0,153.9663414,60.0,0.0,0.0,16.561999999999998,7.0,0.35,4.0,1.6045,7.0,3.0,0.0,14.0,16.0,7.0,0.0,2.0,25.0,5.0,1.5,48.0,5.1,8.0,4.75,0.1100000000000001,0.0,71.75,1.63,1.63,1051.2965,225.2,1.61,2183.0,123.45,0.0,3290.0,-63.9025,1.86e-06
Fe2VTa0.05Al0.95,Fe2.000,V1.000,Ta0.050Al0.950,225.323,1.6400000000000006,0.0,0.0,153.9663414,60.0,0.0,0.0,16.561999999999998,7.0,0.35,4.0,1.6045,7.0,3.0,0.0,14.0,16.0,7.0,0.0,2.0,25.0,5.0,1.5,48.0,5.1,8.0,4.75,0.1100000000000001,0.0,71.75,1.63,1.63,1051.2965,225.2,1.61,2183.0,123.45,0.0,3290.0,-114.8952,2.59e-06
Fe2VTa0.05Al0.95,Fe2.000,V1.000,Ta0.050Al0.950,363.8243,1.6400000000000006,0.0,0.0,153.9663414,60.0,0.0,0.0,16.561999999999998,7.0,0.35,4.0,1.6045,7.0,3.0,0.0,14.0,16.0,7.0,0.0,2.0,25.0,5.0,1.5,48.0,5.1,8.0,4.75,0.1100000000000001,0.0,71.75,1.63,1.63,1051.2965,225.2,1.61,2183.0,123.45,0.0,3290.0,-151.4731,3.64e-06
Fe2VTa0.05Al0.95,Fe2.000,V1.000,Ta0.050Al0.950,465.1163,1.6400000000000006,0.0,0.0,153.9663414,60.0,0.0,0.0,16.561999999999998,7.0,0.35,4.0,1.6045,7.0,3.0,0.0,14.0,16.0,7.0,0.0,2.0,25.0,5.0,1.5,48.0,5.1,8.0,4.75,0.1100000000000001,0.0,71.75,1.63,1.63,1051.2965,225.2,1.61,2183.0,123.45,0.0,3290.0,-155.6613,4.04e-06
Fe2VTa0.05Al0.95,Fe2.000,V1.000,Ta0.050Al0.950,700.7752,1.6400000000000006,0.0,0.0,153.9663414,60.0,0.0,0.0,16.561999999999998,7.0,0.35,4.0,1.6045,7.0,3.0,0.0,14.0,16.0,7.0,0.0,2.0,25.0,5.0,1.5,48.0,5.1,8.0,4.75,0.1100000000000001,0.0,71.75,1.63,1.63,1051.2965,225.2,1.61,2183.0,123.45,0.0,3290.0,-85.5553,3.72e-06
Fe2VTa0.08Al0.92,Fe2.000,V1.000,Ta0.080Al0.920,97.1576,1.6400000000000006,0.0,0.0,153.9663414,60.0,0.0,0.0,16.6112,7.0,0.56,4.0,1.6012,7.0,3.0,0.0,14.0,16.0,7.0,0.0,2.0,25.0,5.0,1.5,48.0,5.16,8.0,4.6000000000000005,0.1100000000000001,0.0,71.0,1.63,1.63,1121.9924,225.32,1.61,2183.0,124.92,0.0,3290.0,-46.5737,1.54e-06
Fe2VTa0.08Al0.92,Fe2.000,V1.000,Ta0.080Al0.920,264.5995,1.6400000000000006,0.0,0.0,153.9663414,60.0,0.0,0.0,16.6112,7.0,0.56,4.0,1.6012,7.0,3.0,0.0,14.0,16.0,7.0,0.0,2.0,25.0,5.0,1.5,48.0,5.16,8.0,4.6000000000000005,0.1100000000000001,0.0,71.0,1.63,1.63,1121.9924,225.32,1.61,2183.0,124.92,0.0,3290.0,-98.7839,2.43e-06
Fe2VTa0.08Al0.92,Fe2.000,V1.000,Ta0.080Al0.920,432.0413,1.6400000000000006,0.0,0.0,153.9663414,60.0,0.0,0.0,16.6112,7.0,0.56,4.0,1.6012,7.0,3.0,0.0,14.0,16.0,7.0,0.0,2.0,25.0,5.0,1.5,48.0,5.16,8.0,4.6000000000000005,0.1100000000000001,0.0,71.0,1.63,1.63,1121.9924,225.32,1.61,2183.0,124.92,0.0,3290.0,-135.4036,3.57e-06
Fe2VTa0.08Al0.92,Fe2.000,V1.000,Ta0.080Al0.920,518.863,1.6400000000000006,0.0,0.0,153.9663414,60.0,0.0,0.0,16.6112,7.0,0.56,4.0,1.6012,7.0,3.0,0.0,14.0,16.0,7.0,0.0,2.0,25.0,5.0,1.5,48.0,5.16,8.0,4.6000000000000005,0.1100000000000001,0.0,71.0,1.63,1.63,1121.9924,225.32,1.61,2183.0,124.92,0.0,3290.0,-138.9935,3.84e-06
Fe2VTa0.08Al0.92,Fe2.000,V1.000,Ta0.080Al0.920,702.8424,1.6400000000000006,0.0,0.0,153.9663414,60.0,0.0,0.0,16.6112,7.0,0.56,4.0,1.6012,7.0,3.0,0.0,14.0,16.0,7.0,0.0,2.0,25.0,5.0,1.5,48.0,5.16,8.0,4.6000000000000005,0.1100000000000001,0.0,71.0,1.63,1.63,1121.9924,225.32,1.61,2183.0,124.92,0.0,3290.0,-94.2197,3.66e-06
Fe2VTa0.12Al0.88,Fe2.000,V1.000,Ta0.120Al0.880,97.1576,1.6400000000000006,0.0,0.0,153.9663414,60.0,0.0,0.0,16.6768,7.0,0.84,4.0,1.5968,7.0,3.0,0.0,14.0,16.0,7.0,0.0,2.0,25.0,5.0,1.5,48.0,5.24,8.0,4.4,0.1100000000000001,0.0,70.0,1.63,1.63,1216.2536,225.48,1.61,2183.0,126.88,0.0,3290.0,-28.096,1.45e-06
Fe2VTa0.12Al0.88,Fe2.000,V1.000,Ta0.120Al0.880,268.7339,1.6400000000000006,0.0,0.0,153.9663414,60.0,0.0,0.0,16.6768,7.0,0.84,4.0,1.5968,7.0,3.0,0.0,14.0,16.0,7.0,0.0,2.0,25.0,5.0,1.5,48.0,5.24,8.0,4.4,0.1100000000000001,0.0,70.0,1.63,1.63,1216.2536,225.48,1.61,2183.0,126.88,0.0,3290.0,-68.1862,2.21e-06
Fe2VTa0.12Al0.88,Fe2.000,V1.000,Ta0.120Al0.880,483.7209,1.6400000000000006,0.0,0.0,153.9663414,60.0,0.0,0.0,16.6768,7.0,0.84,4.0,1.5968,7.0,3.0,0.0,14.0,16.0,7.0,0.0,2.0,25.0,5.0,1.5,48.0,5.24,8.0,4.4,0.1100000000000001,0.0,70.0,1.63,1.63,1216.2536,225.48,1.61,2183.0,126.88,0.0,3290.0,-101.9874,3.39e-06
Fe2VTa0.12Al0.88,Fe2.000,V1.000,Ta0.120Al0.880,704.9096,1.6400000000000006,0.0,0.0,153.9663414,60.0,0.0,0.0,16.6768,7.0,0.84,4.0,1.5968,7.0,3.0,0.0,14.0,16.0,7.0,0.0,2.0,25.0,5.0,1.5,48.0,5.24,8.0,4.4,0.1100000000000001,0.0,70.0,1.63,1.63,1216.2536,225.48,1.61,2183.0,126.88,0.0,3290.0,-92.4904,3.69e-06
Fe2VAl,Fe2.000,V1.000,Al1.000,336.6453,0.0,0.0,0.0,0.0,0.0,0.0,0.0,16.48,0.0,0.0,0.0,1.61,0.0,0.0,0.0,0.0,0.0,5.0,0.0,0.0,0.0,13.0,1.61,73.0,5.0,0.0,5.0,0.0,0.0,73.0,1.63,1.63,933.47,225.0,1.61,2183.0,121.0,0.0,933.47,-97.7885,9.75e-06
Fe2VAl,Fe2.000,V1.000,Al1.000,501.2402,0.0,0.0,0.0,0.0,0.0,0.0,0.0,16.48,0.0,0.0,0.0,1.61,0.0,0.0,0.0,0.0,0.0,5.0,0.0,0.0,0.0,13.0,1.61,73.0,5.0,0.0,5.0,0.0,0.0,73.0,1.63,1.63,933.47,225.0,1.61,2183.0,121.0,0.0,933.47,-52.0192,6.59e-06
Fe2VAl,Fe2.000,V1.000,Al1.000,652.8289,0.0,0.0,0.0,0.0,0.0,0.0,0.0,16.48,0.0,0.0,0.0,1.61,0.0,0.0,0.0,0.0,0.0,5.0,0.0,0.0,0.0,13.0,1.61,73.0,5.0,0.0,5.0,0.0,0.0,73.0,1.63,1.63,933.47,225.0,1.61,2183.0,121.0,0.0,933.47,-27.7885,5.14e-06
Fe2VAl,Fe2.000,V1.000,Al1.000,799.6539,0.0,0.0,0.0,0.0,0.0,0.0,0.0,16.48,0.0,0.0,0.0,1.61,0.0,0.0,0.0,0.0,0.0,5.0,0.0,0.0,0.0,13.0,1.61,73.0,5.0,0.0,5.0,0.0,0.0,73.0,1.63,1.63,933.47,225.0,1.61,2183.0,121.0,0.0,933.47,-16.3462,4.36e-06
Fe2VAl,Fe2.000,V1.000,Al1.000,968.671,0.0,0.0,0.0,0.0,0.0,0.0,0.0,16.48,0.0,0.0,0.0,1.61,0.0,0.0,0.0,0.0,0.0,5.0,0.0,0.0,0.0,13.0,1.61,73.0,5.0,0.0,5.0,0.0,0.0,73.0,1.63,1.63,933.47,225.0,1.61,2183.0,121.0,0.0,933.47,-13.6538,3.7e-06
Fe2V0.95Nb0.05Al,Fe2.000,V1.000,Nb0.048Al0.952,326.9068,1.6999999999999993,0.0,0.0,65.92484139999999,28.0,0.0,0.0,16.5616,6.0,0.288,4.0,1.60952,6.0,2.0,0.0,0.0,2.0,7.0,0.0,2.0,26.0,5.0,1.6,47.0,5.096,8.0,4.76,0.01,0.0,71.752,1.63,1.63,1020.66344,225.192,1.61,2183.0,123.064,0.0,2750.0,-114.6154,7.5e-06
Fe2V0.95Nb0.05Al,Fe2.000,V1.000,Nb0.048Al0.952,483.1452,1.6999999999999993,0.0,0.0,65.92484139999999,28.0,0.0,0.0,16.5616,6.0,0.288,4.0,1.60952,6.0,2.0,0.0,0.0,2.0,7.0,0.0,2.0,26.0,5.0,1.6,47.0,5.096,8.0,4.76,0.01,0.0,71.752,1.63,1.63,1020.66344,225.192,1.61,2183.0,123.064,0.0,2750.0,-72.8846,5.75e-06
Fe2V0.95Nb0.05Al,Fe2.000,V1.000,Nb0.048Al0.952,651.447,1.6999999999999993,0.0,0.0,65.92484139999999,28.0,0.0,0.0,16.5616,6.0,0.288,4.0,1.60952,6.0,2.0,0.0,0.0,2.0,7.0,0.0,2.0,26.0,5.0,1.6,47.0,5.096,8.0,4.76,0.01,0.0,71.752,1.63,1.63,1020.66344,225.192,1.61,2183.0,123.064,0.0,2750.0,-40.5769,4.53e-06
Fe2V0.95Nb0.05Al,Fe2.000,V1.000,Nb0.048Al0.952,789.7529,1.6999999999999993,0.0,0.0,65.92484139999999,28.0,0.0,0.0,16.5616,6.0,0.288,4.0,1.60952,6.0,2.0,0.0,0.0,2.0,7.0,0.0,2.0,26.0,5.0,1.6,47.0,5.096,8.0,4.76,0.01,0.0,71.752,1.63,1.63,1020.66344,225.192,1.61,2183.0,123.064,0.0,2750.0,-26.4423,3.89e-06
Fe2V0.95Nb0.05Al,Fe2.000,V1.000,Nb0.048Al0.952,968.7686,1.6999999999999993,0.0,0.0,65.92484139999999,28.0,0.0,0.0,16.5616,6.0,0.288,4.0,1.60952,6.0,2.0,0.0,0.0,2.0,7.0,0.0,2.0,26.0,5.0,1.6,47.0,5.096,8.0,4.76,0.01,0.0,71.752,1.63,1.63,1020.66344,225.192,1.61,2183.0,123.064,0.0,2750.0,-17.6923,3.38e-06
Fe2V0.9Nb0.1Al,Fe2.000,V1.000,Nb0.091Al0.909,324.4519,1.6999999999999993,0.0,0.0,65.92484139999999,28.0,0.0,0.0,16.634700000000002,6.0,0.546,4.0,1.60909,6.0,2.0,0.0,0.0,2.0,7.0,0.0,2.0,26.0,5.0,1.6,47.0,5.182,8.0,4.545,0.01,0.0,70.634,1.63,1.63,1098.77423,225.364,1.61,2183.0,124.913,0.0,2750.0,-82.9808,7.42e-06
Fe2V0.9Nb0.1Al,Fe2.000,V1.000,Nb0.091Al0.909,514.7343,1.6999999999999993,0.0,0.0,65.92484139999999,28.0,0.0,0.0,16.634700000000002,6.0,0.546,4.0,1.60909,6.0,2.0,0.0,0.0,2.0,7.0,0.0,2.0,26.0,5.0,1.6,47.0,5.182,8.0,4.545,0.01,0.0,70.634,1.63,1.63,1098.77423,225.364,1.61,2183.0,124.913,0.0,2750.0,-50.6731,5.05e-06
Fe2V0.9Nb0.1Al,Fe2.000,V1.000,Nb0.091Al0.909,705.2281,1.6999999999999993,0.0,0.0,65.92484139999999,28.0,0.0,0.0,16.634700000000002,6.0,0.546,4.0,1.60909,6.0,2.0,0.0,0.0,2.0,7.0,0.0,2.0,26.0,5.0,1.6,47.0,5.182,8.0,4.545,0.01,0.0,70.634,1.63,1.63,1098.77423,225.364,1.61,2183.0,124.913,0.0,2750.0,-27.1154,3.96e-06
Fe2V0.9Nb0.1Al,Fe2.000,V1.000,Nb0.091Al0.909,860.5885,1.6999999999999993,0.0,0.0,65.92484139999999,28.0,0.0,0.0,16.634700000000002,6.0,0.546,4.0,1.60909,6.0,2.0,0.0,0.0,2.0,7.0,0.0,2.0,26.0,5.0,1.6,47.0,5.182,8.0,4.545,0.01,0.0,70.634,1.63,1.63,1098.77423,225.364,1.61,2183.0,124.913,0.0,2750.0,-19.0385,3.46e-06
Fe2V0.9Nb0.1Al,Fe2.000,V1.000,Nb0.091Al0.909,956.9003,1.6999999999999993,0.0,0.0,65.92484139999999,28.0,0.0,0.0,16.634700000000002,6.0,0.546,4.0,1.60909,6.0,2.0,0.0,0.0,2.0,7.0,0.0,2.0,26.0,5.0,1.6,47.0,5.182,8.0,4.545,0.01,0.0,70.634,1.63,1.63,1098.77423,225.364,1.61,2183.0,124.913,0.0,2750.0,-16.3462,3.27e-06
Fe2V0.8Nb0.2Al,Fe2.000,V0.800Nb0.200,Al1.000,334.0928,0.0,0.0,0.0,0.0,0.0,0.0,0.0,16.48,0.0,0.0,0.0,1.61,0.0,0.0,0.0,0.0,0.0,5.0,0.0,0.0,0.0,13.0,1.61,73.0,5.0,0.0,5.0,0.0,0.0299999999999998,73.0,1.624,1.6,933.47,225.0,1.61,2296.4,121.0,0.0,933.47,7.8846,6.52e-06
Fe2V0.8Nb0.2Al,Fe2.000,V0.800Nb0.200,Al1.000,528.7974,0.0,0.0,0.0,0.0,0.0,0.0,0.0,16.48,0.0,0.0,0.0,1.61,0.0,0.0,0.0,0.0,0.0,5.0,0.0,0.0,0.0,13.0,1.61,73.0,5.0,0.0,5.0,0.0,0.0299999999999998,73.0,1.624,1.6,933.47,225.0,1.61,2296.4,121.0,0.0,933.47,-2.8846,4.29e-06
Fe2V0.8Nb0.2Al,Fe2.000,V0.800Nb0.200,Al1.000,686.0925,0.0,0.0,0.0,0.0,0.0,0.0,0.0,16.48,0.0,0.0,0.0,1.61,0.0,0.0,0.0,0.0,0.0,5.0,0.0,0.0,0.0,13.0,1.61,73.0,5.0,0.0,5.0,0.0,0.0299999999999998,73.0,1.624,1.6,933.47,225.0,1.61,2296.4,121.0,0.0,933.47,-4.9038,3.53e-06
Fe2V0.8Nb0.2Al,Fe2.000,V0.800Nb0.200,Al1.000,812.9529,0.0,0.0,0.0,0.0,0.0,0.0,0.0,16.48,0.0,0.0,0.0,1.61,0.0,0.0,0.0,0.0,0.0,5.0,0.0,0.0,0.0,13.0,1.61,73.0,5.0,0.0,5.0,0.0,0.0299999999999998,73.0,1.624,1.6,933.47,225.0,1.61,2296.4,121.0,0.0,933.47,-6.9231,3.21e-06
Fe2V0.8Nb0.2Al,Fe2.000,V0.800Nb0.200,Al1.000,958.3798,0.0,0.0,0.0,0.0,0.0,0.0,0.0,16.48,0.0,0.0,0.0,1.61,0.0,0.0,0.0,0.0,0.0,5.0,0.0,0.0,0.0,13.0,1.61,73.0,5.0,0.0,5.0,0.0,0.0299999999999998,73.0,1.624,1.6,933.47,225.0,1.61,2296.4,121.0,0.0,933.47,-7.5962,3.03e-06
Fe2VAl,Fe2.000,V1.000,Al1.000,2.9115,0.0,0.0,0.0,0.0,0.0,0.0,0.0,16.48,0.0,0.0,0.0,1.61,0.0,0.0,0.0,0.0,0.0,5.0,0.0,0.0,0.0,13.0,1.61,73.0,5.0,0.0,5.0,0.0,0.0,73.0,1.63,1.63,933.47,225.0,1.61,2183.0,121.0,0.0,933.47,2.0151,2.6e-05
Fe2VAl,Fe2.000,V1.000,Al1.000,69.8475,0.0,0.0,0.0,0.0,0.0,0.0,0.0,16.48,0.0,0.0,0.0,1.61,0.0,0.0,0.0,0.0,0.0,5.0,0.0,0.0,0.0,13.0,1.61,73.0,5.0,0.0,5.0,0.0,0.0,73.0,1.63,1.63,933.47,225.0,1.61,2183.0,121.0,0.0,933.47,45.1385,2.35e-05
Fe2VAl,Fe2.000,V1.000,Al1.000,187.2926,0.0,0.0,0.0,0.0,0.0,0.0,0.0,16.48,0.0,0.0,0.0,1.61,0.0,0.0,0.0,0.0,0.0,5.0,0.0,0.0,0.0,13.0,1.61,73.0,5.0,0.0,5.0,0.0,0.0,73.0,1.63,1.63,933.47,225.0,1.61,2183.0,121.0,0.0,933.47,74.5592,1.86e-05
Fe2VAl,Fe2.000,V1.000,Al1.000,308.7095,0.0,0.0,0.0,0.0,0.0,0.0,0.0,16.48,0.0,0.0,0.0,1.61,0.0,0.0,0.0,0.0,0.0,5.0,0.0,0.0,0.0,13.0,1.61,73.0,5.0,0.0,5.0,0.0,0.0,73.0,1.63,1.63,933.47,225.0,1.61,2183.0,121.0,0.0,933.47,63.2746,1.21e-05
Fe2VAl,Fe2.000,V1.000,Al1.000,573.0538,0.0,0.0,0.0,0.0,0.0,0.0,0.0,16.48,0.0,0.0,0.0,1.61,0.0,0.0,0.0,0.0,0.0,5.0,0.0,0.0,0.0,13.0,1.61,73.0,5.0,0.0,5.0,0.0,0.0,73.0,1.63,1.63,933.47,225.0,1.61,2183.0,121.0,0.0,933.47,19.7481,4.82e-06
Fe2VAl,Fe2.000,V1.000,Al1.000,786.9765,0.0,0.0,0.0,0.0,0.0,0.0,0.0,16.48,0.0,0.0,0.0,1.61,0.0,0.0,0.0,0.0,0.0,5.0,0.0,0.0,0.0,13.0,1.61,73.0,5.0,0.0,5.0,0.0,0.0,73.0,1.63,1.63,933.47,225.0,1.61,2183.0,121.0,0.0,933.47,-0.403,3.81e-06
Fe2VAl1.2,Fe2.000,V1.000,Al1.000,11.6097,0.0,0.0,0.0,0.0,0.0,0.0,0.0,16.48,0.0,0.0,0.0,1.61,0.0,0.0,0.0,0.0,0.0,5.0,0.0,0.0,0.0,13.0,1.61,73.0,5.0,0.0,5.0,0.0,0.0,73.0,1.63,1.63,933.47,225.0,1.61,2183.0,121.0,0.0,933.47,4.0302,7.12e-06
Fe2VAl1.2,Fe2.000,V1.000,Al1.000,136.452,0.0,0.0,0.0,0.0,0.0,0.0,0.0,16.48,0.0,0.0,0.0,1.61,0.0,0.0,0.0,0.0,0.0,5.0,0.0,0.0,0.0,13.0,1.61,73.0,5.0,0.0,5.0,0.0,0.0,73.0,1.63,1.63,933.47,225.0,1.61,2183.0,121.0,0.0,933.47,51.5869,6.6e-06
Fe2VAl1.2,Fe2.000,V1.000,Al1.000,246.6674,0.0,0.0,0.0,0.0,0.0,0.0,0.0,16.48,0.0,0.0,0.0,1.61,0.0,0.0,0.0,0.0,0.0,5.0,0.0,0.0,0.0,13.0,1.61,73.0,5.0,0.0,5.0,0.0,0.0,73.0,1.63,1.63,933.47,225.0,1.61,2183.0,121.0,0.0,933.47,81.4106,6.96e-06
Fe2VAl1.2,Fe2.000,V1.000,Al1.000,368.4086,0.0,0.0,0.0,0.0,0.0,0.0,0.0,16.48,0.0,0.0,0.0,1.61,0.0,0.0,0.0,0.0,0.0,5.0,0.0,0.0,0.0,13.0,1.61,73.0,5.0,0.0,5.0,0.0,0.0,73.0,1.63,1.63,933.47,225.0,1.61,2183.0,121.0,0.0,933.47,105.995,7.52e-06
Fe2VAl1.2,Fe2.000,V1.000,Al1.000,491.2139,0.0,0.0,0.0,0.0,0.0,0.0,0.0,16.48,0.0,0.0,0.0,1.61,0.0,0.0,0.0,0.0,0.0,5.0,0.0,0.0,0.0,13.0,1.61,73.0,5.0,0.0,5.0,0.0,0.0,73.0,1.63,1.63,933.47,225.0,1.61,2183.0,121.0,0.0,933.47,88.262,7.17e-06
Fe2VAl1.2,Fe2.000,V1.000,Al1.000,648.4329,0.0,0.0,0.0,0.0,0.0,0.0,0.0,16.48,0.0,0.0,0.0,1.61,0.0,0.0,0.0,0.0,0.0,5.0,0.0,0.0,0.0,13.0,1.61,73.0,5.0,0.0,5.0,0.0,0.0,73.0,1.63,1.63,933.47,225.0,1.61,2183.0,121.0,0.0,933.47,36.6751,6.03e-06
Fe2VAl1.2,Fe2.000,V1.000,Al1.000,798.608,0.0,0.0,0.0,0.0,0.0,0.0,0.0,16.48,0.0,0.0,0.0,1.61,0.0,0.0,0.0,0.0,0.0,5.0,0.0,0.0,0.0,13.0,1.61,73.0,5.0,0.0,5.0,0.0,0.0,73.0,1.63,1.63,933.47,225.0,1.61,2183.0,121.0,0.0,933.47,6.0453,4.19e-06
Fe2VAl,Fe2.000,V1.000,Al1.000,96.9446,0.0,0.0,0.0,0.0,0.0,0.0,0.0,16.48,0.0,0.0,0.0,1.61,0.0,0.0,0.0,0.0,0.0,5.0,0.0,0.0,0.0,13.0,1.61,73.0,5.0,0.0,5.0,0.0,0.0,73.0,1.63,1.63,933.47,225.0,1.61,2183.0,121.0,0.0,933.47,17.0174,1.95e-05
Fe2VAl,Fe2.000,V1.000,Al1.000,194.9361,0.0,0.0,0.0,0.0,0.0,0.0,0.0,16.48,0.0,0.0,0.0,1.61,0.0,0.0,0.0,0.0,0.0,5.0,0.0,0.0,0.0,13.0,1.61,73.0,5.0,0.0,5.0,0.0,0.0,73.0,1.63,1.63,933.47,225.0,1.61,2183.0,121.0,0.0,933.47,24.3114,1.3e-05
Fe2VAl,Fe2.000,V1.000,Al1.000,299.4939,0.0,0.0,0.0,0.0,0.0,0.0,0.0,16.48,0.0,0.0,0.0,1.61,0.0,0.0,0.0,0.0,0.0,5.0,0.0,0.0,0.0,13.0,1.61,73.0,5.0,0.0,5.0,0.0,0.0,73.0,1.63,1.63,933.47,225.0,1.61,2183.0,121.0,0.0,933.47,26.9682,7.74e-06
Fe2VAl,Fe2.000,V1.000,Al1.000,398.8501,0.0,0.0,0.0,0.0,0.0,0.0,0.0,16.48,0.0,0.0,0.0,1.61,0.0,0.0,0.0,0.0,0.0,5.0,0.0,0.0,0.0,13.0,1.61,73.0,5.0,0.0,5.0,0.0,0.0,73.0,1.63,1.63,933.47,225.0,1.61,2183.0,121.0,0.0,933.47,25.4643,4.66e-06
Fe2VAl0.97Ge0.03,Fe2.000,V1.000,Al0.970Ge0.030,98.8418,6.524999999999999,0.383,0.0,45.6584614,19.0,0.0,0.0,16.67575,0.0,0.0,0.0,1.622,0.0,1.0,0.0,0.0,11.0,5.0,0.0,1.0,6.0,13.0,1.61,73.0,4.97,1.0,4.97,0.3999999999999997,0.0,73.18,1.63,1.63,941.8079,225.0,2.01,2183.0,120.96999999999998,0.01149,1211.4,-73.2626,5.23e-06
Fe2VAl0.97Ge0.03,Fe2.000,V1.000,Al0.970Ge0.030,164.3682,6.524999999999999,0.383,0.0,45.6584614,19.0,0.0,0.0,16.67575,0.0,0.0,0.0,1.622,0.0,1.0,0.0,0.0,11.0,5.0,0.0,1.0,6.0,13.0,1.61,73.0,4.97,1.0,4.97,0.3999999999999997,0.0,73.18,1.63,1.63,941.8079,225.0,2.01,2183.0,120.96999999999998,0.01149,1211.4,-98.8014,6.31e-06
Fe2VAl0.97Ge0.03,Fe2.000,V1.000,Al0.970Ge0.030,224.6446,6.524999999999999,0.383,0.0,45.6584614,19.0,0.0,0.0,16.67575,0.0,0.0,0.0,1.622,0.0,1.0,0.0,0.0,11.0,5.0,0.0,1.0,6.0,13.0,1.61,73.0,4.97,1.0,4.97,0.3999999999999997,0.0,73.18,1.63,1.63,941.8079,225.0,2.01,2183.0,120.96999999999998,0.01149,1211.4,-121.0933,6.67e-06
Fe2VAl0.97Ge0.03,Fe2.000,V1.000,Al0.970Ge0.030,253.4121,6.524999999999999,0.383,0.0,45.6584614,19.0,0.0,0.0,16.67575,0.0,0.0,0.0,1.622,0.0,1.0,0.0,0.0,11.0,5.0,0.0,1.0,6.0,13.0,1.61,73.0,4.97,1.0,4.97,0.3999999999999997,0.0,73.18,1.63,1.63,941.8079,225.0,2.01,2183.0,120.96999999999998,0.01149,1211.4,-122.5155,6.51e-06
Fe2VAl0.97Ge0.03,Fe2.000,V1.000,Al0.970Ge0.030,331.72,6.524999999999999,0.383,0.0,45.6584614,19.0,0.0,0.0,16.67575,0.0,0.0,0.0,1.622,0.0,1.0,0.0,0.0,11.0,5.0,0.0,1.0,6.0,13.0,1.61,73.0,4.97,1.0,4.97,0.3999999999999997,0.0,73.18,1.63,1.63,941.8079,225.0,2.01,2183.0,120.96999999999998,0.01149,1211.4,-103.6247,5.76e-06
Fe2VAl0.97Ge0.03,Fe2.000,V1.000,Al0.970Ge0.030,396.853,6.524999999999999,0.383,0.0,45.6584614,19.0,0.0,0.0,16.67575,0.0,0.0,0.0,1.622,0.0,1.0,0.0,0.0,11.0,5.0,0.0,1.0,6.0,13.0,1.61,73.0,4.97,1.0,4.97,0.3999999999999997,0.0,73.18,1.63,1.63,941.8079,225.0,2.01,2183.0,120.96999999999998,0.01149,1211.4,-68.9778,4.89e-06
Fe2VAl0.95Ge0.05,Fe2.000,V1.000,Al0.950Ge0.050,98.8842,6.524999999999999,0.383,0.0,45.6584614,19.0,0.0,0.0,16.80625,0.0,0.0,0.0,1.63,0.0,1.0,0.0,0.0,11.0,5.0,0.0,1.0,6.0,13.0,1.61,73.0,4.95,1.0,4.95,0.3999999999999997,0.0,73.3,1.63,1.63,947.3665,225.0,2.01,2183.0,120.95,0.01915,1211.4,-79.7441,2.07e-06
Fe2VAl0.95Ge0.05,Fe2.000,V1.000,Al0.950Ge0.050,155.2723,6.524999999999999,0.383,0.0,45.6584614,19.0,0.0,0.0,16.80625,0.0,0.0,0.0,1.63,0.0,1.0,0.0,0.0,11.0,5.0,0.0,1.0,6.0,13.0,1.61,73.0,4.95,1.0,4.95,0.3999999999999997,0.0,73.3,1.63,1.63,947.3665,225.0,2.01,2183.0,120.95,0.01915,1211.4,-107.1242,2.6e-06
Fe2VAl0.95Ge0.05,Fe2.000,V1.000,Al0.950Ge0.050,226.0335,6.524999999999999,0.383,0.0,45.6584614,19.0,0.0,0.0,16.80625,0.0,0.0,0.0,1.63,0.0,1.0,0.0,0.0,11.0,5.0,0.0,1.0,6.0,13.0,1.61,73.0,4.95,1.0,4.95,0.3999999999999997,0.0,73.3,1.63,1.63,947.3665,225.0,2.01,2183.0,120.95,0.01915,1211.4,-133.5949,3.74e-06
Fe2VAl0.95Ge0.05,Fe2.000,V1.000,Al0.950Ge0.050,296.6314,6.524999999999999,0.383,0.0,45.6584614,19.0,0.0,0.0,16.80625,0.0,0.0,0.0,1.63,0.0,1.0,0.0,0.0,11.0,5.0,0.0,1.0,6.0,13.0,1.61,73.0,4.95,1.0,4.95,0.3999999999999997,0.0,73.3,1.63,1.63,947.3665,225.0,2.01,2183.0,120.95,0.01915,1211.4,-135.0655,4.15e-06
Fe2VAl0.95Ge0.05,Fe2.000,V1.000,Al0.950Ge0.050,397.0558,6.524999999999999,0.383,0.0,45.6584614,19.0,0.0,0.0,16.80625,0.0,0.0,0.0,1.63,0.0,1.0,0.0,0.0,11.0,5.0,0.0,1.0,6.0,13.0,1.61,73.0,4.95,1.0,4.95,0.3999999999999997,0.0,73.3,1.63,1.63,947.3665,225.0,2.01,2183.0,120.95,0.01915,1211.4,-99.9966,4.15e-06
Fe2VAl0.9Ge0.1,Fe2.000,V1.000,Al0.900Ge0.100,98.7934,6.524999999999999,0.383,0.0,45.6584614,19.0,0.0,0.0,17.1325,0.0,0.0,0.0,1.65,0.0,1.0,0.0,0.0,11.0,5.0,0.0,1.0,6.0,13.0,1.61,73.0,4.9,1.0,4.9,0.3999999999999997,0.0,73.60000000000001,1.63,1.63,961.263,225.0,2.01,2183.0,120.9,0.0383,1211.4,-65.8551,1.2e-06
Fe2VAl0.9Ge0.1,Fe2.000,V1.000,Al0.900Ge0.100,169.5668,6.524999999999999,0.383,0.0,45.6584614,19.0,0.0,0.0,17.1325,0.0,0.0,0.0,1.65,0.0,1.0,0.0,0.0,11.0,5.0,0.0,1.0,6.0,13.0,1.61,73.0,4.9,1.0,4.9,0.3999999999999997,0.0,73.60000000000001,1.63,1.63,961.263,225.0,2.01,2183.0,120.9,0.0383,1211.4,-94.1777,1.64e-06
Fe2VAl0.9Ge0.1,Fe2.000,V1.000,Al0.900Ge0.100,252.0746,6.524999999999999,0.383,0.0,45.6584614,19.0,0.0,0.0,17.1325,0.0,0.0,0.0,1.65,0.0,1.0,0.0,0.0,11.0,5.0,0.0,1.0,6.0,13.0,1.61,73.0,4.9,1.0,4.9,0.3999999999999997,0.0,73.60000000000001,1.63,1.63,961.263,225.0,2.01,2183.0,120.9,0.0383,1211.4,-117.8843,2.24e-06
Fe2VAl0.9Ge0.1,Fe2.000,V1.000,Al0.900Ge0.100,321.3865,6.524999999999999,0.383,0.0,45.6584614,19.0,0.0,0.0,17.1325,0.0,0.0,0.0,1.65,0.0,1.0,0.0,0.0,11.0,5.0,0.0,1.0,6.0,13.0,1.61,73.0,4.9,1.0,4.9,0.3999999999999997,0.0,73.60000000000001,1.63,1.63,961.263,225.0,2.01,2183.0,120.9,0.0383,1211.4,-122.5942,2.81e-06
Fe2VAl0.9Ge0.1,Fe2.000,V1.000,Al0.900Ge0.100,401.0258,6.524999999999999,0.383,0.0,45.6584614,19.0,0.0,0.0,17.1325,0.0,0.0,0.0,1.65,0.0,1.0,0.0,0.0,11.0,5.0,0.0,1.0,6.0,13.0,1.61,73.0,4.9,1.0,4.9,0.3999999999999997,0.0,73.60000000000001,1.63,1.63,961.263,225.0,2.01,2183.0,120.9,0.0383,1211.4,-107.4086,3.19e-06
Fe2VAl0.8Ge0.2,Fe2.000,V1.000,Al0.800Ge0.200,99.9765,6.524999999999999,0.383,0.0,45.6584614,19.0,0.0,0.0,17.785,0.0,0.0,0.0,1.6900000000000002,0.0,1.0,0.0,0.0,11.0,5.0,0.0,1.0,6.0,13.0,1.61,73.0,4.8,1.0,4.8,0.3999999999999997,0.0,74.2,1.63,1.63,989.056,225.0,2.01,2183.0,120.8,0.0766,1211.4,-46.875,8.49e-07
Fe2VAl0.8Ge0.2,Fe2.000,V1.000,Al0.800Ge0.200,212.6226,6.524999999999999,0.383,0.0,45.6584614,19.0,0.0,0.0,17.785,0.0,0.0,0.0,1.6900000000000002,0.0,1.0,0.0,0.0,11.0,5.0,0.0,1.0,6.0,13.0,1.61,73.0,4.8,1.0,4.8,0.3999999999999997,0.0,74.2,1.63,1.63,989.056,225.0,2.01,2183.0,120.8,0.0766,1211.4,-81.7276,1.46e-06
Fe2VAl0.8Ge0.2,Fe2.000,V1.000,Al0.800Ge0.200,305.5548,6.524999999999999,0.383,0.0,45.6584614,19.0,0.0,0.0,17.785,0.0,0.0,0.0,1.6900000000000002,0.0,1.0,0.0,0.0,11.0,5.0,0.0,1.0,6.0,13.0,1.61,73.0,4.8,1.0,4.8,0.3999999999999997,0.0,74.2,1.63,1.63,989.056,225.0,2.01,2183.0,120.8,0.0766,1211.4,-100.3537,2.11e-06
Fe2VAl0.8Ge0.2,Fe2.000,V1.000,Al0.800Ge0.200,399.7156,6.524999999999999,0.383,0.0,45.6584614,19.0,0.0,0.0,17.785,0.0,0.0,0.0,1.6900000000000002,0.0,1.0,0.0,0.0,11.0,5.0,0.0,1.0,6.0,13.0,1.61,73.0,4.8,1.0,4.8,0.3999999999999997,0.0,74.2,1.63,1.63,989.056,225.0,2.01,2183.0,120.8,0.0766,1211.4,-106.9441,2.56e-06
Fe2VAl,Fe2.000,V1.000,Al1.000,300.8334,0.0,0.0,0.0,0.0,0.0,0.0,0.0,16.48,0.0,0.0,0.0,1.61,0.0,0.0,0.0,0.0,0.0,5.0,0.0,0.0,0.0,13.0,1.61,73.0,5.0,0.0,5.0,0.0,0.0,73.0,1.63,1.63,933.47,225.0,1.61,2183.0,121.0,0.0,933.47,-1.2179,5.88e-06
Fe2VAl,Fe2.000,V1.000,Al1.000,417.4241,0.0,0.0,0.0,0.0,0.0,0.0,0.0,16.48,0.0,0.0,0.0,1.61,0.0,0.0,0.0,0.0,0.0,5.0,0.0,0.0,0.0,13.0,1.61,73.0,5.0,0.0,5.0,0.0,0.0,73.0,1.63,1.63,933.47,225.0,1.61,2183.0,121.0,0.0,933.47,-3.9395,5.17e-06
Fe2VAl,Fe2.000,V1.000,Al1.000,518.7787,0.0,0.0,0.0,0.0,0.0,0.0,0.0,16.48,0.0,0.0,0.0,1.61,0.0,0.0,0.0,0.0,0.0,5.0,0.0,0.0,0.0,13.0,1.61,73.0,5.0,0.0,5.0,0.0,0.0,73.0,1.63,1.63,933.47,225.0,1.61,2183.0,121.0,0.0,933.47,-5.822,4.56e-06
Fe2V0.9Mn0.1Al,Fe2.000,V1.000,Mn0.091Al0.909,296.7824,5.992413793100001,0.0,0.0,27.9565064,12.0,0.0,0.000310120689655,15.9346903448279,5.0,0.4549999999999999,8.0,1.60454,5.0,1.0,0.0,0.0,4.0,5.0,0.0,0.0,21.0,7.0,1.55,52.0,5.0,6.0,4.545,0.06,0.0,71.089,1.63,1.63,986.75323,224.272,1.61,2183.0,122.638,0.0,1519.0,55.2999,6.65e-06
Fe2V0.9Mn0.1Al,Fe2.000,V1.000,Mn0.091Al0.909,413.1938,5.992413793100001,0.0,0.0,27.9565064,12.0,0.0,0.000310120689655,15.9346903448279,5.0,0.4549999999999999,8.0,1.60454,5.0,1.0,0.0,0.0,4.0,5.0,0.0,0.0,21.0,7.0,1.55,52.0,5.0,6.0,4.545,0.06,0.0,71.089,1.63,1.63,986.75323,224.272,1.61,2183.0,122.638,0.0,1519.0,33.1664,5.12e-06
Fe2V0.9Mn0.1Al,Fe2.000,V1.000,Mn0.091Al0.909,527.3739,5.992413793100001,0.0,0.0,27.9565064,12.0,0.0,0.000310120689655,15.9346903448279,5.0,0.4549999999999999,8.0,1.60454,5.0,1.0,0.0,0.0,4.0,5.0,0.0,0.0,21.0,7.0,1.55,52.0,5.0,6.0,4.545,0.06,0.0,71.089,1.63,1.63,986.75323,224.272,1.61,2183.0,122.638,0.0,1519.0,17.0252,4.01e-06
Fe2V0.8Mn0.2Al,Fe2.000,V0.800Mn0.200,Al1.000,302.9591,0.0,0.0,0.000310120689655,0.0,0.0,12.0,0.0,16.48,0.0,0.0,0.0,1.61,0.0,0.0,6.2024137931e-05,0.0,0.0,5.0,0.000310120689655,0.0,0.0,13.0,1.61,73.0,5.0,0.0,5.0,0.0,0.0799999999999998,73.0,1.614,1.55,933.47,225.0,1.61,2050.2000000000003,121.0,0.0,933.47,63.871,5.14e-06
Fe2V0.8Mn0.2Al,Fe2.000,V0.800Mn0.200,Al1.000,417.9305,0.0,0.0,0.000310120689655,0.0,0.0,12.0,0.0,16.48,0.0,0.0,0.0,1.61,0.0,0.0,6.2024137931e-05,0.0,0.0,5.0,0.000310120689655,0.0,0.0,13.0,1.61,73.0,5.0,0.0,5.0,0.0,0.0799999999999998,73.0,1.614,1.55,933.47,225.0,1.61,2050.2000000000003,121.0,0.0,933.47,50.8708,4.91e-06
Fe2V0.8Mn0.2Al,Fe2.000,V0.800Mn0.200,Al1.000,520.6934,0.0,0.0,0.000310120689655,0.0,0.0,12.0,0.0,16.48,0.0,0.0,0.0,1.61,0.0,0.0,6.2024137931e-05,0.0,0.0,5.0,0.000310120689655,0.0,0.0,13.0,1.61,73.0,5.0,0.0,5.0,0.0,0.0799999999999998,73.0,1.614,1.55,933.47,225.0,1.61,2050.2000000000003,121.0,0.0,933.47,36.4293,4.42e-06
Fe2V0.7Mn0.3Al,Fe2.000,V0.700Mn0.300,Al1.000,302.1442,0.0,0.0,0.000310120689655,0.0,0.0,12.0,0.0,16.48,0.0,0.0,0.0,1.61,0.0,0.0,9.30362068965e-05,0.0,0.0,5.0,0.000310120689655,0.0,0.0,13.0,1.61,73.0,5.0,0.0,5.0,0.0,0.0799999999999998,73.0,1.606,1.55,933.47,225.0,1.61,1983.8,121.0,0.0,933.47,58.1607,4.85e-06
Fe2V0.7Mn0.3Al,Fe2.000,V0.700Mn0.300,Al1.000,420.1881,0.0,0.0,0.000310120689655,0.0,0.0,12.0,0.0,16.48,0.0,0.0,0.0,1.61,0.0,0.0,9.30362068965e-05,0.0,0.0,5.0,0.000310120689655,0.0,0.0,13.0,1.61,73.0,5.0,0.0,5.0,0.0,0.0799999999999998,73.0,1.606,1.55,933.47,225.0,1.61,1983.8,121.0,0.0,933.47,47.7332,4.78e-06
Fe2V0.7Mn0.3Al,Fe2.000,V0.700Mn0.300,Al1.000,516.8534,0.0,0.0,0.000310120689655,0.0,0.0,12.0,0.0,16.48,0.0,0.0,0.0,1.61,0.0,0.0,9.30362068965e-05,0.0,0.0,5.0,0.000310120689655,0.0,0.0,13.0,1.61,73.0,5.0,0.0,5.0,0.0,0.0799999999999998,73.0,1.606,1.55,933.47,225.0,1.61,1983.8,121.0,0.0,933.47,33.2848,4.48e-06
Fe2V0.6Mn0.4Al,Fe2.000,V0.600Mn0.400,Al1.000,299.8338,0.0,0.0,0.000310120689655,0.0,0.0,12.0,0.0,16.48,0.0,0.0,0.0,1.61,0.0,0.0,0.000124048275862,0.0,0.0,5.0,0.000310120689655,0.0,0.0,13.0,1.61,73.0,5.0,0.0,5.0,0.0,0.0799999999999998,73.0,1.598,1.55,933.47,225.0,1.61,1917.4,121.0,0.0,933.47,55.5889,4.28e-06
Fe2V0.6Mn0.4Al,Fe2.000,V0.600Mn0.400,Al1.000,401.9453,0.0,0.0,0.000310120689655,0.0,0.0,12.0,0.0,16.48,0.0,0.0,0.0,1.61,0.0,0.0,0.000124048275862,0.0,0.0,5.0,0.000310120689655,0.0,0.0,13.0,1.61,73.0,5.0,0.0,5.0,0.0,0.0799999999999998,73.0,1.598,1.55,933.47,225.0,1.61,1917.4,121.0,0.0,933.47,53.1363,4.52e-06
Fe2V0.6Mn0.4Al,Fe2.000,V0.600Mn0.400,Al1.000,519.2033,0.0,0.0,0.000310120689655,0.0,0.0,12.0,0.0,16.48,0.0,0.0,0.0,1.61,0.0,0.0,0.000124048275862,0.0,0.0,5.0,0.000310120689655,0.0,0.0,13.0,1.61,73.0,5.0,0.0,5.0,0.0,0.0799999999999998,73.0,1.598,1.55,933.47,225.0,1.61,1917.4,121.0,0.0,933.47,40.1387,4.46e-06
Fe2V0.5Mn0.5Al,Fe2.000,V0.500Mn0.500,Al1.000,297.3362,0.0,0.0,0.000310120689655,0.0,0.0,12.0,0.0,16.48,0.0,0.0,0.0,1.61,0.0,0.0,0.0001550603448275,0.0,0.0,5.0,0.000310120689655,0.0,0.0,13.0,1.61,73.0,5.0,0.0,5.0,0.0,0.0799999999999998,73.0,1.59,1.55,933.47,225.0,1.61,1851.0,121.0,0.0,933.47,32.7487,4.2e-06
Fe2V0.5Mn0.5Al,Fe2.000,V0.500Mn0.500,Al1.000,423.0154,0.0,0.0,0.000310120689655,0.0,0.0,12.0,0.0,16.48,0.0,0.0,0.0,1.61,0.0,0.0,0.0001550603448275,0.0,0.0,5.0,0.000310120689655,0.0,0.0,13.0,1.61,73.0,5.0,0.0,5.0,0.0,0.0799999999999998,73.0,1.59,1.55,933.47,225.0,1.61,1851.0,121.0,0.0,933.47,23.7572,3.85e-06
Fe2V0.5Mn0.5Al,Fe2.000,V0.500Mn0.500,Al1.000,524.3066,0.0,0.0,0.000310120689655,0.0,0.0,12.0,0.0,16.48,0.0,0.0,0.0,1.61,0.0,0.0,0.0001550603448275,0.0,0.0,5.0,0.000310120689655,0.0,0.0,13.0,1.61,73.0,5.0,0.0,5.0,0.0,0.0799999999999998,73.0,1.59,1.55,933.47,225.0,1.61,1851.0,121.0,0.0,933.47,15.0234,3.58e-06
Fe2V0.4Mn0.6Al,Fe2.000,V0.400Mn0.600,Al1.000,301.0022,0.0,0.0,0.000310120689655,0.0,0.0,12.0,0.0,16.48,0.0,0.0,0.0,1.61,0.0,0.0,0.000186072413793,0.0,0.0,5.0,0.000310120689655,0.0,0.0,13.0,1.61,73.0,5.0,0.0,5.0,0.0,0.0799999999999998,73.0,1.582,1.55,933.47,225.0,1.61,1784.6,121.0,0.0,933.47,17.0522,4.15e-06
Fe2V0.4Mn0.6Al,Fe2.000,V0.400Mn0.600,Al1.000,412.9907,0.0,0.0,0.000310120689655,0.0,0.0,12.0,0.0,16.48,0.0,0.0,0.0,1.61,0.0,0.0,0.000186072413793,0.0,0.0,5.0,0.000310120689655,0.0,0.0,13.0,1.61,73.0,5.0,0.0,5.0,0.0,0.0799999999999998,73.0,1.582,1.55,933.47,225.0,1.61,1784.6,121.0,0.0,933.47,11.1852,3.84e-06
Fe2V0.4Mn0.6Al,Fe2.000,V0.400Mn0.600,Al1.000,514.3136,0.0,0.0,0.000310120689655,0.0,0.0,12.0,0.0,16.48,0.0,0.0,0.0,1.61,0.0,0.0,0.000186072413793,0.0,0.0,5.0,0.000310120689655,0.0,0.0,13.0,1.61,73.0,5.0,0.0,5.0,0.0,0.0799999999999998,73.0,1.582,1.55,933.47,225.0,1.61,1784.6,121.0,0.0,933.47,5.8771,3.52e-06
Fe2V0.9Mn0.1Al1.1,Fe2.000,V0.900Mn0.100,Al1.000,302.8074,0.0,0.0,0.000310120689655,0.0,0.0,12.0,0.0,16.48,0.0,0.0,0.0,1.61,0.0,0.0,3.10120689655e-05,0.0,0.0,5.0,0.000310120689655,0.0,0.0,13.0,1.61,73.0,5.0,0.0,5.0,0.0,0.0799999999999998,73.0,1.622,1.55,933.47,225.0,1.61,2116.6,121.0,0.0,933.47,71.141,2.63e-06
Fe2V0.9Mn0.1Al1.1,Fe2.000,V0.900Mn0.100,Al1.000,394.1835,0.0,0.0,0.000310120689655,0.0,0.0,12.0,0.0,16.48,0.0,0.0,0.0,1.61,0.0,0.0,3.10120689655e-05,0.0,0.0,5.0,0.000310120689655,0.0,0.0,13.0,1.61,73.0,5.0,0.0,5.0,0.0,0.0799999999999998,73.0,1.622,1.55,933.47,225.0,1.61,2116.6,121.0,0.0,933.47,72.9035,2.87e-06
Fe2V0.9Mn0.1Al1.1,Fe2.000,V0.900Mn0.100,Al1.000,500.2118,0.0,0.0,0.000310120689655,0.0,0.0,12.0,0.0,16.48,0.0,0.0,0.0,1.61,0.0,0.0,3.10120689655e-05,0.0,0.0,5.0,0.000310120689655,0.0,0.0,13.0,1.61,73.0,5.0,0.0,5.0,0.0,0.0799999999999998,73.0,1.622,1.55,933.47,225.0,1.61,2116.6,121.0,0.0,933.47,64.6799,3.01e-06
Fe2V0.9Mn0.1Al1.2,Fe2.000,V0.900Mn0.100,Al1.000,300.8317,0.0,0.0,0.000310120689655,0.0,0.0,12.0,0.0,16.48,0.0,0.0,0.0,1.61,0.0,0.0,3.10120689655e-05,0.0,0.0,5.0,0.000310120689655,0.0,0.0,13.0,1.61,73.0,5.0,0.0,5.0,0.0,0.0799999999999998,73.0,1.622,1.55,933.47,225.0,1.61,2116.6,121.0,0.0,933.47,69.7969,2.55e-06
Fe2V0.9Mn0.1Al1.2,Fe2.000,V0.900Mn0.100,Al1.000,397.5617,0.0,0.0,0.000310120689655,0.0,0.0,12.0,0.0,16.48,0.0,0.0,0.0,1.61,0.0,0.0,3.10120689655e-05,0.0,0.0,5.0,0.000310120689655,0.0,0.0,13.0,1.61,73.0,5.0,0.0,5.0,0.0,0.0799999999999998,73.0,1.622,1.55,933.47,225.0,1.61,2116.6,121.0,0.0,933.47,64.8181,2.58e-06
Fe2V0.9Mn0.1Al1.2,Fe2.000,V0.900Mn0.100,Al1.000,499.6521,0.0,0.0,0.000310120689655,0.0,0.0,12.0,0.0,16.48,0.0,0.0,0.0,1.61,0.0,0.0,3.10120689655e-05,0.0,0.0,5.0,0.000310120689655,0.0,0.0,13.0,1.61,73.0,5.0,0.0,5.0,0.0,0.0799999999999998,73.0,1.622,1.55,933.47,225.0,1.61,2116.6,121.0,0.0,933.47,52.29,2.44e-06
Fe1.95Re0.05VAl,Fe2.000,V1.000,Re0.048Al0.952,309.0545,1.825000000000001,0.0,0.0,159.2254614,62.0,0.0,0.0,16.3924,5.0,0.24,31.0,1.62392,5.0,3.0,0.0,14.0,18.0,5.0,0.0,0.0,19.0,7.0,1.61,54.0,5.0,6.0,4.76,0.2899999999999998,0.0,72.088,1.63,1.63,1054.69544,223.512,1.9,2183.0,122.44,0.0,3459.0,75.8579,4.23e-06
Fe1.95Re0.05VAl,Fe2.000,V1.000,Re0.048Al0.952,409.2107,1.825000000000001,0.0,0.0,159.2254614,62.0,0.0,0.0,16.3924,5.0,0.24,31.0,1.62392,5.0,3.0,0.0,14.0,18.0,5.0,0.0,0.0,19.0,7.0,1.61,54.0,5.0,6.0,4.76,0.2899999999999998,0.0,72.088,1.63,1.63,1054.69544,223.512,1.9,2183.0,122.44,0.0,3459.0,65.084,3.91e-06
Fe1.95Re0.05VAl,Fe2.000,V1.000,Re0.048Al0.952,561.8409,1.825000000000001,0.0,0.0,159.2254614,62.0,0.0,0.0,16.3924,5.0,0.24,31.0,1.62392,5.0,3.0,0.0,14.0,18.0,5.0,0.0,0.0,19.0,7.0,1.61,54.0,5.0,6.0,4.76,0.2899999999999998,0.0,72.088,1.63,1.63,1054.69544,223.512,1.9,2183.0,122.44,0.0,3459.0,33.5996,3.43e-06
Fe1.95Re0.05VAl,Fe2.000,V1.000,Re0.048Al0.952,667.8659,1.825000000000001,0.0,0.0,159.2254614,62.0,0.0,0.0,16.3924,5.0,0.24,31.0,1.62392,5.0,3.0,0.0,14.0,18.0,5.0,0.0,0.0,19.0,7.0,1.61,54.0,5.0,6.0,4.76,0.2899999999999998,0.0,72.088,1.63,1.63,1054.69544,223.512,1.9,2183.0,122.44,0.0,3459.0,17.8757,3.1e-06
Fe1.95Re0.05VAl,Fe2.000,V1.000,Re0.048Al0.952,801.364,1.825000000000001,0.0,0.0,159.2254614,62.0,0.0,0.0,16.3924,5.0,0.24,31.0,1.62392,5.0,3.0,0.0,14.0,18.0,5.0,0.0,0.0,19.0,7.0,1.61,54.0,5.0,6.0,4.76,0.2899999999999998,0.0,72.088,1.63,1.63,1054.69544,223.512,1.9,2183.0,122.44,0.0,3459.0,6.5033,3.01e-06
Fe1.9Re0.1VAl,Fe2.000,V1.000,Re0.091Al0.909,310.6608,1.825000000000001,0.0,0.0,159.2254614,62.0,0.0,0.0,16.313925,5.0,0.4549999999999999,31.0,1.6363900000000002,5.0,3.0,0.0,14.0,18.0,5.0,0.0,0.0,19.0,7.0,1.61,54.0,5.0,6.0,4.545,0.2899999999999998,0.0,71.271,1.63,1.63,1163.2932300000002,222.179,1.9,2183.0,123.73,0.0,3459.0,65.023,3.52e-06
Fe1.9Re0.1VAl,Fe2.000,V1.000,Re0.091Al0.909,407.7883,1.825000000000001,0.0,0.0,159.2254614,62.0,0.0,0.0,16.313925,5.0,0.4549999999999999,31.0,1.6363900000000002,5.0,3.0,0.0,14.0,18.0,5.0,0.0,0.0,19.0,7.0,1.61,54.0,5.0,6.0,4.545,0.2899999999999998,0.0,71.271,1.63,1.63,1163.2932300000002,222.179,1.9,2183.0,123.73,0.0,3459.0,63.2255,3.75e-06
Fe1.9Re0.1VAl,Fe2.000,V1.000,Re0.091Al0.909,557.4258,1.825000000000001,0.0,0.0,159.2254614,62.0,0.0,0.0,16.313925,5.0,0.4549999999999999,31.0,1.6363900000000002,5.0,3.0,0.0,14.0,18.0,5.0,0.0,0.0,19.0,7.0,1.61,54.0,5.0,6.0,4.545,0.2899999999999998,0.0,71.271,1.63,1.63,1163.2932300000002,222.179,1.9,2183.0,123.73,0.0,3459.0,38.2408,3.8e-06
Fe1.9Re0.1VAl,Fe2.000,V1.000,Re0.091Al0.909,795.5041,1.825000000000001,0.0,0.0,159.2254614,62.0,0.0,0.0,16.313925,5.0,0.4549999999999999,31.0,1.6363900000000002,5.0,3.0,0.0,14.0,18.0,5.0,0.0,0.0,19.0,7.0,1.61,54.0,5.0,6.0,4.545,0.2899999999999998,0.0,71.271,1.63,1.63,1163.2932300000002,222.179,1.9,2183.0,123.73,0.0,3459.0,10.834,3.11e-06
Fe2VAl,Fe2.000,V1.000,Al1.000,297.1776,0.0,0.0,0.0,0.0,0.0,0.0,0.0,16.48,0.0,0.0,0.0,1.61,0.0,0.0,0.0,0.0,0.0,5.0,0.0,0.0,0.0,13.0,1.61,73.0,5.0,0.0,5.0,0.0,0.0,73.0,1.63,1.63,933.47,225.0,1.61,2183.0,121.0,0.0,933.47,25.0647,7.6e-06
Fe2VAl,Fe2.000,V1.000,Al1.000,474.8579,0.0,0.0,0.0,0.0,0.0,0.0,0.0,16.48,0.0,0.0,0.0,1.61,0.0,0.0,0.0,0.0,0.0,5.0,0.0,0.0,0.0,13.0,1.61,73.0,5.0,0.0,5.0,0.0,0.0,73.0,1.63,1.63,933.47,225.0,1.61,2183.0,121.0,0.0,933.47,21.1548,8.13e-06
Fe2VAl,Fe2.000,V1.000,Al1.000,643.4784,0.0,0.0,0.0,0.0,0.0,0.0,0.0,16.48,0.0,0.0,0.0,1.61,0.0,0.0,0.0,0.0,0.0,5.0,0.0,0.0,0.0,13.0,1.61,73.0,5.0,0.0,5.0,0.0,0.0,73.0,1.63,1.63,933.47,225.0,1.61,2183.0,121.0,0.0,933.47,14.5923,3.69e-06
Fe2VAl,Fe2.000,V1.000,Al1.000,847.3519,0.0,0.0,0.0,0.0,0.0,0.0,0.0,16.48,0.0,0.0,0.0,1.61,0.0,0.0,0.0,0.0,0.0,5.0,0.0,0.0,0.0,13.0,1.61,73.0,5.0,0.0,5.0,0.0,0.0,73.0,1.63,1.63,933.47,225.0,1.61,2183.0,121.0,0.0,933.47,10.2861,3.39e-06
Fe1.96Co0.04VAl,Fe2.000,V1.000,Co0.038Al0.962,299.9833,6.235000000000001,0.0,0.0,31.951656399999997,14.0,0.0,1.5484712,16.24307,3.0,0.1139999999999999,31.0,1.62026,3.0,1.0,0.0,0.0,6.0,5.0,0.0,2.0,15.0,9.0,1.61,58.0,4.9239999999999995,4.0,4.81,0.2699999999999998,0.0,72.42999999999999,1.63,1.63,965.18214,223.822,1.88,2183.0,121.19,0.0,1768.0,-66.4561,6.71e-06
Fe1.96Co0.04VAl,Fe2.000,V1.000,Co0.038Al0.962,456.2707,6.235000000000001,0.0,0.0,31.951656399999997,14.0,0.0,1.5484712,16.24307,3.0,0.1139999999999999,31.0,1.62026,3.0,1.0,0.0,0.0,6.0,5.0,0.0,2.0,15.0,9.0,1.61,58.0,4.9239999999999995,4.0,4.81,0.2699999999999998,0.0,72.42999999999999,1.63,1.63,965.18214,223.822,1.88,2183.0,121.19,0.0,1768.0,-20.9854,4.42e-06
Fe1.96Co0.04VAl,Fe2.000,V1.000,Co0.038Al0.962,599.5391,6.235000000000001,0.0,0.0,31.951656399999997,14.0,0.0,1.5484712,16.24307,3.0,0.1139999999999999,31.0,1.62026,3.0,1.0,0.0,0.0,6.0,5.0,0.0,2.0,15.0,9.0,1.61,58.0,4.9239999999999995,4.0,4.81,0.2699999999999998,0.0,72.42999999999999,1.63,1.63,965.18214,223.822,1.88,2183.0,121.19,0.0,1768.0,-10.8229,3.41e-06
Fe1.96Co0.04VAl,Fe2.000,V1.000,Co0.038Al0.962,732.7613,6.235000000000001,0.0,0.0,31.951656399999997,14.0,0.0,1.5484712,16.24307,3.0,0.1139999999999999,31.0,1.62026,3.0,1.0,0.0,0.0,6.0,5.0,0.0,2.0,15.0,9.0,1.61,58.0,4.9239999999999995,4.0,4.81,0.2699999999999998,0.0,72.42999999999999,1.63,1.63,965.18214,223.822,1.88,2183.0,121.19,0.0,1768.0,-11.6667,3.02e-06
Fe1.96Co0.04VAl,Fe2.000,V1.000,Co0.038Al0.962,853.4597,6.235000000000001,0.0,0.0,31.951656399999997,14.0,0.0,1.5484712,16.24307,3.0,0.1139999999999999,31.0,1.62026,3.0,1.0,0.0,0.0,6.0,5.0,0.0,2.0,15.0,9.0,1.61,58.0,4.9239999999999995,4.0,4.81,0.2699999999999998,0.0,72.42999999999999,1.63,1.63,965.18214,223.822,1.88,2183.0,121.19,0.0,1768.0,-12.5026,2.8e-06
Fe1.9Co0.1VAl,Fe2.000,V1.000,Co0.091Al0.909,300.8065,6.235000000000001,0.0,0.0,31.951656399999997,14.0,0.0,1.5484712,15.912615,3.0,0.273,31.0,1.63457,3.0,1.0,0.0,0.0,6.0,5.0,0.0,2.0,15.0,9.0,1.61,58.0,4.818,4.0,4.545,0.2699999999999998,0.0,71.635,1.63,1.63,1009.41223,222.179,1.88,2183.0,121.455,0.0,1768.0,-111.6465,5.25e-06
Fe1.9Co0.1VAl,Fe2.000,V1.000,Co0.091Al0.909,417.3352,6.235000000000001,0.0,0.0,31.951656399999997,14.0,0.0,1.5484712,15.912615,3.0,0.273,31.0,1.63457,3.0,1.0,0.0,0.0,6.0,5.0,0.0,2.0,15.0,9.0,1.61,58.0,4.818,4.0,4.545,0.2699999999999998,0.0,71.635,1.63,1.63,1009.41223,222.179,1.88,2183.0,121.455,0.0,1768.0,-71.0873,4.63e-06
Fe1.9Co0.1VAl,Fe2.000,V1.000,Co0.091Al0.909,536.3762,6.235000000000001,0.0,0.0,31.951656399999997,14.0,0.0,1.5484712,15.912615,3.0,0.273,31.0,1.63457,3.0,1.0,0.0,0.0,6.0,5.0,0.0,2.0,15.0,9.0,1.61,58.0,4.818,4.0,4.545,0.2699999999999998,0.0,71.635,1.63,1.63,1009.41223,222.179,1.88,2183.0,121.455,0.0,1768.0,-43.4411,3.98e-06
Fe1.9Co0.1VAl,Fe2.000,V1.000,Co0.091Al0.909,686.3858,6.235000000000001,0.0,0.0,31.951656399999997,14.0,0.0,1.5484712,15.912615,3.0,0.273,31.0,1.63457,3.0,1.0,0.0,0.0,6.0,5.0,0.0,2.0,15.0,9.0,1.61,58.0,4.818,4.0,4.545,0.2699999999999998,0.0,71.635,1.63,1.63,1009.41223,222.179,1.88,2183.0,121.455,0.0,1768.0,-28.3462,3.37e-06
Fe1.9Co0.1VAl,Fe2.000,V1.000,Co0.091Al0.909,849.0785,6.235000000000001,0.0,0.0,31.951656399999997,14.0,0.0,1.5484712,15.912615,3.0,0.273,31.0,1.63457,3.0,1.0,0.0,0.0,6.0,5.0,0.0,2.0,15.0,9.0,1.61,58.0,4.818,4.0,4.545,0.2699999999999998,0.0,71.635,1.63,1.63,1009.41223,222.179,1.88,2183.0,121.455,0.0,1768.0,-21.9935,3.02e-06
Fe1.84Co0.16VAl,Fe2.000,V1.000,Co0.138Al0.862,301.8551,6.235000000000001,0.0,0.0,31.951656399999997,14.0,0.0,1.5484712,15.61957,3.0,0.414,31.0,1.6472600000000002,3.0,1.0,0.0,0.0,6.0,5.0,0.0,2.0,15.0,9.0,1.61,58.0,4.723999999999999,4.0,4.31,0.2699999999999998,0.0,70.93,1.63,1.63,1048.63514,220.722,1.88,2183.0,121.69,0.0,1768.0,-106.7104,4.2e-06
Fe1.84Co0.16VAl,Fe2.000,V1.000,Co0.138Al0.862,426.7617,6.235000000000001,0.0,0.0,31.951656399999997,14.0,0.0,1.5484712,15.61957,3.0,0.414,31.0,1.6472600000000002,3.0,1.0,0.0,0.0,6.0,5.0,0.0,2.0,15.0,9.0,1.61,58.0,4.723999999999999,4.0,4.31,0.2699999999999998,0.0,70.93,1.63,1.63,1048.63514,220.722,1.88,2183.0,121.69,0.0,1768.0,-88.5616,4.2e-06
Fe1.84Co0.16VAl,Fe2.000,V1.000,Co0.138Al0.862,564.0261,6.235000000000001,0.0,0.0,31.951656399999997,14.0,0.0,1.5484712,15.61957,3.0,0.414,31.0,1.6472600000000002,3.0,1.0,0.0,0.0,6.0,5.0,0.0,2.0,15.0,9.0,1.61,58.0,4.723999999999999,4.0,4.31,0.2699999999999998,0.0,70.93,1.63,1.63,1048.63514,220.722,1.88,2183.0,121.69,0.0,1768.0,-61.3067,3.92e-06
Fe1.84Co0.16VAl,Fe2.000,V1.000,Co0.138Al0.862,699.1518,6.235000000000001,0.0,0.0,31.951656399999997,14.0,0.0,1.5484712,15.61957,3.0,0.414,31.0,1.6472600000000002,3.0,1.0,0.0,0.0,6.0,5.0,0.0,2.0,15.0,9.0,1.61,58.0,4.723999999999999,4.0,4.31,0.2699999999999998,0.0,70.93,1.63,1.63,1048.63514,220.722,1.88,2183.0,121.69,0.0,1768.0,-41.6454,3.49e-06
Fe1.84Co0.16VAl,Fe2.000,V1.000,Co0.138Al0.862,853.8055,6.235000000000001,0.0,0.0,31.951656399999997,14.0,0.0,1.5484712,15.61957,3.0,0.414,31.0,1.6472600000000002,3.0,1.0,0.0,0.0,6.0,5.0,0.0,2.0,15.0,9.0,1.61,58.0,4.723999999999999,4.0,4.31,0.2699999999999998,0.0,70.93,1.63,1.63,1048.63514,220.722,1.88,2183.0,121.69,0.0,1768.0,-31.4902,3.18e-06
Fe1.76Co0.24VAl,Fe1.760Co0.240,V1.000,Al1.000,301.3916,0.0,0.0,0.0,0.0,0.0,0.0,0.0,16.48,0.0,0.0,0.0,1.61,0.0,0.0,0.0,0.0,0.0,5.0,0.0,0.0,0.0,13.0,1.61,73.0,5.0,0.0,5.0,0.0,0.0,73.0,1.63,1.63,933.47,225.0,1.61,2183.0,121.0,0.0,933.47,-81.2671,3.47e-06
Fe1.76Co0.24VAl,Fe1.760Co0.240,V1.000,Al1.000,409.5868,0.0,0.0,0.0,0.0,0.0,0.0,0.0,16.48,0.0,0.0,0.0,1.61,0.0,0.0,0.0,0.0,0.0,5.0,0.0,0.0,0.0,13.0,1.61,73.0,5.0,0.0,5.0,0.0,0.0,73.0,1.63,1.63,933.47,225.0,1.61,2183.0,121.0,0.0,933.47,-83.2343,3.65e-06
Fe1.76Co0.24VAl,Fe1.760Co0.240,V1.000,Al1.000,573.2243,0.0,0.0,0.0,0.0,0.0,0.0,0.0,16.48,0.0,0.0,0.0,1.61,0.0,0.0,0.0,0.0,0.0,5.0,0.0,0.0,0.0,13.0,1.61,73.0,5.0,0.0,5.0,0.0,0.0,73.0,1.63,1.63,933.47,225.0,1.61,2183.0,121.0,0.0,933.47,-66.2493,3.57e-06
Fe1.76Co0.24VAl,Fe1.760Co0.240,V1.000,Al1.000,742.5406,0.0,0.0,0.0,0.0,0.0,0.0,0.0,16.48,0.0,0.0,0.0,1.61,0.0,0.0,0.0,0.0,0.0,5.0,0.0,0.0,0.0,13.0,1.61,73.0,5.0,0.0,5.0,0.0,0.0,73.0,1.63,1.63,933.47,225.0,1.61,2183.0,121.0,0.0,933.47,-48.5083,3.26e-06
Fe1.76Co0.24VAl,Fe1.760Co0.240,V1.000,Al1.000,852.8123,0.0,0.0,0.0,0.0,0.0,0.0,0.0,16.48,0.0,0.0,0.0,1.61,0.0,0.0,0.0,0.0,0.0,5.0,0.0,0.0,0.0,13.0,1.61,73.0,5.0,0.0,5.0,0.0,0.0,73.0,1.63,1.63,933.47,225.0,1.61,2183.0,121.0,0.0,933.47,-39.4642,3.02e-06
Fe1.70Co0.30VAl,Fe1.700Co0.300,V1.000,Al1.000,295.6851,0.0,0.0,0.0,0.0,0.0,0.0,0.0,16.48,0.0,0.0,0.0,1.61,0.0,0.0,0.0,0.0,0.0,5.0,0.0,0.0,0.0,13.0,1.61,73.0,5.0,0.0,5.0,0.0,0.0,73.0,1.63,1.63,933.47,225.0,1.61,2183.0,121.0,0.0,933.47,-80.504,3.12e-06
Fe1.70Co0.30VAl,Fe1.700Co0.300,V1.000,Al1.000,448.29,0.0,0.0,0.0,0.0,0.0,0.0,0.0,16.48,0.0,0.0,0.0,1.61,0.0,0.0,0.0,0.0,0.0,5.0,0.0,0.0,0.0,13.0,1.61,73.0,5.0,0.0,5.0,0.0,0.0,73.0,1.63,1.63,933.47,225.0,1.61,2183.0,121.0,0.0,933.47,-82.8791,3.44e-06
Fe1.70Co0.30VAl,Fe1.700Co0.300,V1.000,Al1.000,597.1404,0.0,0.0,0.0,0.0,0.0,0.0,0.0,16.48,0.0,0.0,0.0,1.61,0.0,0.0,0.0,0.0,0.0,5.0,0.0,0.0,0.0,13.0,1.61,73.0,5.0,0.0,5.0,0.0,0.0,73.0,1.63,1.63,933.47,225.0,1.61,2183.0,121.0,0.0,933.47,-66.6442,3.5e-06
Fe1.70Co0.30VAl,Fe1.700Co0.300,V1.000,Al1.000,741.4712,0.0,0.0,0.0,0.0,0.0,0.0,0.0,16.48,0.0,0.0,0.0,1.61,0.0,0.0,0.0,0.0,0.0,5.0,0.0,0.0,0.0,13.0,1.61,73.0,5.0,0.0,5.0,0.0,0.0,73.0,1.63,1.63,933.47,225.0,1.61,2183.0,121.0,0.0,933.47,-52.3051,3.29e-06
Fe1.70Co0.30VAl,Fe1.700Co0.300,V1.000,Al1.000,850.6044,0.0,0.0,0.0,0.0,0.0,0.0,0.0,16.48,0.0,0.0,0.0,1.61,0.0,0.0,0.0,0.0,0.0,5.0,0.0,0.0,0.0,13.0,1.61,73.0,5.0,0.0,5.0,0.0,0.0,73.0,1.63,1.63,933.47,225.0,1.61,2183.0,121.0,0.0,933.47,-43.2603,3.09e-06
Fe1.60Co0.40VAl,Fe1.600Co0.400,V1.000,Al1.000,301.0734,0.0,0.0,0.0,0.0,0.0,0.0,0.0,16.48,0.0,0.0,0.0,1.61,0.0,0.0,0.0,0.0,0.0,5.0,0.0,0.0,0.0,13.0,1.61,73.0,5.0,0.0,5.0,0.0,0.0,73.0,1.63,1.63,933.47,225.0,1.61,2183.0,121.0,0.0,933.47,-63.7985,2.93e-06
Fe1.60Co0.40VAl,Fe1.600Co0.400,V1.000,Al1.000,446.9716,0.0,0.0,0.0,0.0,0.0,0.0,0.0,16.48,0.0,0.0,0.0,1.61,0.0,0.0,0.0,0.0,0.0,5.0,0.0,0.0,0.0,13.0,1.61,73.0,5.0,0.0,5.0,0.0,0.0,73.0,1.63,1.63,933.47,225.0,1.61,2183.0,121.0,0.0,933.47,-73.0048,3.33e-06
Fe1.60Co0.40VAl,Fe1.600Co0.400,V1.000,Al1.000,601.7015,0.0,0.0,0.0,0.0,0.0,0.0,0.0,16.48,0.0,0.0,0.0,1.61,0.0,0.0,0.0,0.0,0.0,5.0,0.0,0.0,0.0,13.0,1.61,73.0,5.0,0.0,5.0,0.0,0.0,73.0,1.63,1.63,933.47,225.0,1.61,2183.0,121.0,0.0,933.47,-67.0268,3.46e-06
Fe1.60Co0.40VAl,Fe1.600Co0.400,V1.000,Al1.000,737.007,0.0,0.0,0.0,0.0,0.0,0.0,0.0,16.48,0.0,0.0,0.0,1.61,0.0,0.0,0.0,0.0,0.0,5.0,0.0,0.0,0.0,13.0,1.61,73.0,5.0,0.0,5.0,0.0,0.0,73.0,1.63,1.63,933.47,225.0,1.61,2183.0,121.0,0.0,933.47,-57.239,3.35e-06
Fe1.60Co0.40VAl,Fe1.600Co0.400,V1.000,Al1.000,851.8605,0.0,0.0,0.0,0.0,0.0,0.0,0.0,16.48,0.0,0.0,0.0,1.61,0.0,0.0,0.0,0.0,0.0,5.0,0.0,0.0,0.0,13.0,1.61,73.0,5.0,0.0,5.0,0.0,0.0,73.0,1.63,1.63,933.47,225.0,1.61,2183.0,121.0,0.0,933.47,-49.7168,3.24e-06
Fe1.40Co0.60VAl,Fe1.400Co0.600,V1.000,Al1.000,298.5265,0.0,0.0,0.0,0.0,0.0,0.0,0.0,16.48,0.0,0.0,0.0,1.61,0.0,0.0,0.0,0.0,0.0,5.0,0.0,0.0,0.0,13.0,1.61,73.0,5.0,0.0,5.0,0.0,0.0,73.0,1.63,1.63,933.47,225.0,1.61,2183.0,121.0,0.0,933.47,-48.9868,2.44e-06
Fe1.40Co0.60VAl,Fe1.400Co0.600,V1.000,Al1.000,453.6091,0.0,0.0,0.0,0.0,0.0,0.0,0.0,16.48,0.0,0.0,0.0,1.61,0.0,0.0,0.0,0.0,0.0,5.0,0.0,0.0,0.0,13.0,1.61,73.0,5.0,0.0,5.0,0.0,0.0,73.0,1.63,1.63,933.47,225.0,1.61,2183.0,121.0,0.0,933.47,-62.3761,2.75e-06
Fe1.40Co0.60VAl,Fe1.400Co0.600,V1.000,Al1.000,592.5379,0.0,0.0,0.0,0.0,0.0,0.0,0.0,16.48,0.0,0.0,0.0,1.61,0.0,0.0,0.0,0.0,0.0,5.0,0.0,0.0,0.0,13.0,1.61,73.0,5.0,0.0,5.0,0.0,0.0,73.0,1.63,1.63,933.47,225.0,1.61,2183.0,121.0,0.0,933.47,-63.983,2.88e-06
Fe1.40Co0.60VAl,Fe1.400Co0.600,V1.000,Al1.000,740.4849,0.0,0.0,0.0,0.0,0.0,0.0,0.0,16.48,0.0,0.0,0.0,1.61,0.0,0.0,0.0,0.0,0.0,5.0,0.0,0.0,0.0,13.0,1.61,73.0,5.0,0.0,5.0,0.0,0.0,73.0,1.63,1.63,933.47,225.0,1.61,2183.0,121.0,0.0,933.47,-60.6589,2.89e-06
Fe1.40Co0.60VAl,Fe1.400Co0.600,V1.000,Al1.000,849.6941,0.0,0.0,0.0,0.0,0.0,0.0,0.0,16.48,0.0,0.0,0.0,1.61,0.0,0.0,0.0,0.0,0.0,5.0,0.0,0.0,0.0,13.0,1.61,73.0,5.0,0.0,5.0,0.0,0.0,73.0,1.63,1.63,933.47,225.0,1.61,2183.0,121.0,0.0,933.47,-55.7913,2.84e-06
Fe1.20Co0.80VAl,Fe1.200Co0.800,V1.000,Al1.000,299.6236,0.0,0.0,0.0,0.0,0.0,0.0,0.0,16.48,0.0,0.0,0.0,1.61,0.0,0.0,0.0,0.0,0.0,5.0,0.0,0.0,0.0,13.0,1.61,73.0,5.0,0.0,5.0,0.0,0.0,73.0,1.63,1.63,933.47,225.0,1.61,2183.0,121.0,0.0,933.47,-46.709,2.2e-06
Fe1.20Co0.80VAl,Fe1.200Co0.800,V1.000,Al1.000,486.5298,0.0,0.0,0.0,0.0,0.0,0.0,0.0,16.48,0.0,0.0,0.0,1.61,0.0,0.0,0.0,0.0,0.0,5.0,0.0,0.0,0.0,13.0,1.61,73.0,5.0,0.0,5.0,0.0,0.0,73.0,1.63,1.63,933.47,225.0,1.61,2183.0,121.0,0.0,933.47,-57.0805,2.53e-06
Fe1.20Co0.80VAl,Fe1.200Co0.800,V1.000,Al1.000,650.5269,0.0,0.0,0.0,0.0,0.0,0.0,0.0,16.48,0.0,0.0,0.0,1.61,0.0,0.0,0.0,0.0,0.0,5.0,0.0,0.0,0.0,13.0,1.61,73.0,5.0,0.0,5.0,0.0,0.0,73.0,1.63,1.63,933.47,225.0,1.61,2183.0,121.0,0.0,933.47,-59.8425,2.64e-06
Fe1.20Co0.80VAl,Fe1.200Co0.800,V1.000,Al1.000,848.5556,0.0,0.0,0.0,0.0,0.0,0.0,0.0,16.48,0.0,0.0,0.0,1.61,0.0,0.0,0.0,0.0,0.0,5.0,0.0,0.0,0.0,13.0,1.61,73.0,5.0,0.0,5.0,0.0,0.0,73.0,1.63,1.63,933.47,225.0,1.61,2183.0,121.0,0.0,933.47,-55.7906,2.64e-06
FeCoVAl,V1.000Al1.000,Fe1.000,Co1.000,302.9285,0.0,0.0,0.0,0.0,0.0,0.0,0.0,10.245,3.0,3.0,0.0,1.88,0.0,0.0,2.1106628,0.0,0.0,3.0,2.1106628,0.0,0.0,9.0,1.88,58.0,3.0,0.0,0.0,0.0,0.0,58.0,1.83,1.83,1768.0,194.0,1.88,1811.0,126.0,0.0,1768.0,-40.6352,2.01e-06
FeCoVAl,V1.000Al1.000,Fe1.000,Co1.000,501.2684,0.0,0.0,0.0,0.0,0.0,0.0,0.0,10.245,3.0,3.0,0.0,1.88,0.0,0.0,2.1106628,0.0,0.0,3.0,2.1106628,0.0,0.0,9.0,1.88,58.0,3.0,0.0,0.0,0.0,0.0,58.0,1.83,1.83,1768.0,194.0,1.88,1811.0,126.0,0.0,1768.0,-53.6721,2.29e-06
FeCoVAl,V1.000Al1.000,Fe1.000,Co1.000,699.4285,0.0,0.0,0.0,0.0,0.0,0.0,0.0,10.245,3.0,3.0,0.0,1.88,0.0,0.0,2.1106628,0.0,0.0,3.0,2.1106628,0.0,0.0,9.0,1.88,58.0,3.0,0.0,0.0,0.0,0.0,58.0,1.83,1.83,1768.0,194.0,1.88,1811.0,126.0,0.0,1768.0,-56.8355,2.43e-06
FeCoVAl,V1.000Al1.000,Fe1.000,Co1.000,847.3894,0.0,0.0,0.0,0.0,0.0,0.0,0.0,10.245,3.0,3.0,0.0,1.88,0.0,0.0,2.1106628,0.0,0.0,3.0,2.1106628,0.0,0.0,9.0,1.88,58.0,3.0,0.0,0.0,0.0,0.0,58.0,1.83,1.83,1768.0,194.0,1.88,1811.0,126.0,0.0,1768.0,-54.2709,2.46e-06
Fe2V0.9Nb0.1Al,Fe2.000,V1.000,Nb0.091Al0.909,199.3726,1.6999999999999993,0.0,0.0,65.92484139999999,28.0,0.0,0.0,16.634700000000002,6.0,0.546,4.0,1.60909,6.0,2.0,0.0,0.0,2.0,7.0,0.0,2.0,26.0,5.0,1.6,47.0,5.182,8.0,4.545,0.01,0.0,70.634,1.63,1.63,1098.77423,225.364,1.61,2183.0,124.913,0.0,2750.0,28.5475,1.1e-05
Fe2V0.9Nb0.1Al,Fe2.000,V1.000,Nb0.091Al0.909,324.3143,1.6999999999999993,0.0,0.0,65.92484139999999,28.0,0.0,0.0,16.634700000000002,6.0,0.546,4.0,1.60909,6.0,2.0,0.0,0.0,2.0,7.0,0.0,2.0,26.0,5.0,1.6,47.0,5.182,8.0,4.545,0.01,0.0,70.634,1.63,1.63,1098.77423,225.364,1.61,2183.0,124.913,0.0,2750.0,19.2408,7.77e-06
Fe2V0.9Nb0.1Al,Fe2.000,V1.000,Nb0.091Al0.909,431.002,1.6999999999999993,0.0,0.0,65.92484139999999,28.0,0.0,0.0,16.634700000000002,6.0,0.546,4.0,1.60909,6.0,2.0,0.0,0.0,2.0,7.0,0.0,2.0,26.0,5.0,1.6,47.0,5.182,8.0,4.545,0.01,0.0,70.634,1.63,1.63,1098.77423,225.364,1.61,2183.0,124.913,0.0,2750.0,7.0226,5.42e-06
Fe2V0.9Nb0.1Al,Fe2.000,V1.000,Nb0.091Al0.909,531.918,1.6999999999999993,0.0,0.0,65.92484139999999,28.0,0.0,0.0,16.634700000000002,6.0,0.546,4.0,1.60909,6.0,2.0,0.0,0.0,2.0,7.0,0.0,2.0,26.0,5.0,1.6,47.0,5.182,8.0,4.545,0.01,0.0,70.634,1.63,1.63,1098.77423,225.364,1.61,2183.0,124.913,0.0,2750.0,-3.0561,4.04e-06
Fe2V0.9Nb0.1Al,Fe2.000,V1.000,Nb0.091Al0.909,598.9862,1.6999999999999993,0.0,0.0,65.92484139999999,28.0,0.0,0.0,16.634700000000002,6.0,0.546,4.0,1.60909,6.0,2.0,0.0,0.0,2.0,7.0,0.0,2.0,26.0,5.0,1.6,47.0,5.182,8.0,4.545,0.01,0.0,70.634,1.63,1.63,1098.77423,225.364,1.61,2183.0,124.913,0.0,2750.0,-4.118,3.5e-06
Fe2V0.8Nb0.2Al,Fe2.000,V0.800Nb0.200,Al1.000,201.7717,0.0,0.0,0.0,0.0,0.0,0.0,0.0,16.48,0.0,0.0,0.0,1.61,0.0,0.0,0.0,0.0,0.0,5.0,0.0,0.0,0.0,13.0,1.61,73.0,5.0,0.0,5.0,0.0,0.0299999999999998,73.0,1.624,1.6,933.47,225.0,1.61,2296.4,121.0,0.0,933.47,21.3277,7.43e-06
Fe2V0.8Nb0.2Al,Fe2.000,V0.800Nb0.200,Al1.000,319.3154,0.0,0.0,0.0,0.0,0.0,0.0,0.0,16.48,0.0,0.0,0.0,1.61,0.0,0.0,0.0,0.0,0.0,5.0,0.0,0.0,0.0,13.0,1.61,73.0,5.0,0.0,5.0,0.0,0.0299999999999998,73.0,1.624,1.6,933.47,225.0,1.61,2296.4,121.0,0.0,933.47,16.7113,5.94e-06
Fe2V0.8Nb0.2Al,Fe2.000,V0.800Nb0.200,Al1.000,442.5807,0.0,0.0,0.0,0.0,0.0,0.0,0.0,16.48,0.0,0.0,0.0,1.61,0.0,0.0,0.0,0.0,0.0,5.0,0.0,0.0,0.0,13.0,1.61,73.0,5.0,0.0,5.0,0.0,0.0299999999999998,73.0,1.624,1.6,933.47,225.0,1.61,2296.4,121.0,0.0,933.47,5.713,4.6e-06
Fe2V0.8Nb0.2Al,Fe2.000,V0.800Nb0.200,Al1.000,599.8394,0.0,0.0,0.0,0.0,0.0,0.0,0.0,16.48,0.0,0.0,0.0,1.61,0.0,0.0,0.0,0.0,0.0,5.0,0.0,0.0,0.0,13.0,1.61,73.0,5.0,0.0,5.0,0.0,0.0299999999999998,73.0,1.624,1.6,933.47,225.0,1.61,2296.4,121.0,0.0,933.47,-1.9995,3.49e-06
Fe2V0.9Nb0.1Al0.9Ga0.1,Fe2.000,V1.000,Nb0.091Al0.818Ga0.091,199.9598,2.3775000000000013,0.0,0.0,65.92484139999999,28.0,0.0,0.0,16.8510525,6.0,0.5460000000000002,165.0,1.62729,6.0,2.0,0.0,0.0,10.0,7.0,0.0,2.0,27.0,5.0,1.6,47.0,5.182000000000001,8.0,4.545000000000001,0.2099999999999999,0.0,70.72500000000001,1.63,1.63,1041.3932700000005,210.713,1.81,2183.0,125.004,0.0,2750.0,-61.818,7.12e-06
Fe2V0.9Nb0.1Al0.9Ga0.1,Fe2.000,V1.000,Nb0.091Al0.818Ga0.091,276.8401,2.3775000000000013,0.0,0.0,65.92484139999999,28.0,0.0,0.0,16.8510525,6.0,0.5460000000000002,165.0,1.62729,6.0,2.0,0.0,0.0,10.0,7.0,0.0,2.0,27.0,5.0,1.6,47.0,5.182000000000001,8.0,4.545000000000001,0.2099999999999999,0.0,70.72500000000001,1.63,1.63,1041.3932700000005,210.713,1.81,2183.0,125.004,0.0,2750.0,-73.5172,6.21e-06
Fe2V0.9Nb0.1Al0.9Ga0.1,Fe2.000,V1.000,Nb0.091Al0.818Ga0.091,353.0929,2.3775000000000013,0.0,0.0,65.92484139999999,28.0,0.0,0.0,16.8510525,6.0,0.5460000000000002,165.0,1.62729,6.0,2.0,0.0,0.0,10.0,7.0,0.0,2.0,27.0,5.0,1.6,47.0,5.182000000000001,8.0,4.545000000000001,0.2099999999999999,0.0,70.72500000000001,1.63,1.63,1041.3932700000005,210.713,1.81,2183.0,125.004,0.0,2750.0,-68.2447,5.44e-06
Fe2V0.9Nb0.1Al0.9Ga0.1,Fe2.000,V1.000,Nb0.091Al0.818Ga0.091,461.8284,2.3775000000000013,0.0,0.0,65.92484139999999,28.0,0.0,0.0,16.8510525,6.0,0.5460000000000002,165.0,1.62729,6.0,2.0,0.0,0.0,10.0,7.0,0.0,2.0,27.0,5.0,1.6,47.0,5.182000000000001,8.0,4.545000000000001,0.2099999999999999,0.0,70.72500000000001,1.63,1.63,1041.3932700000005,210.713,1.81,2183.0,125.004,0.0,2750.0,-47.3785,4.5e-06
Fe2V0.9Nb0.1Al0.9Ga0.1,Fe2.000,V1.000,Nb0.091Al0.818Ga0.091,599.6487,2.3775000000000013,0.0,0.0,65.92484139999999,28.0,0.0,0.0,16.8510525,6.0,0.5460000000000002,165.0,1.62729,6.0,2.0,0.0,0.0,10.0,7.0,0.0,2.0,27.0,5.0,1.6,47.0,5.182000000000001,8.0,4.545000000000001,0.2099999999999999,0.0,70.72500000000001,1.63,1.63,1041.3932700000005,210.713,1.81,2183.0,125.004,0.0,2750.0,-18.1201,3.53e-06
Fe2V0.8Nb0.2Al0.8Ga0.2,Fe2.000,V0.800Nb0.200,Al0.800Ga0.200,200.8131,2.3775000000000013,0.0,0.0,42.7414614,18.0,0.0,0.0,16.9555,0.0,0.0,161.0,1.6500000000000004,0.0,1.0,0.0,0.0,10.0,5.0,0.0,0.0,1.0,13.0,1.61,73.0,5.0,0.0,5.0,0.1999999999999999,0.0299999999999998,73.2,1.624,1.6,807.3580000000001,192.8,1.81,2296.4,121.20000000000002,0.0,933.47,10.3005,5.88e-06
Fe2V0.8Nb0.2Al0.8Ga0.2,Fe2.000,V0.800Nb0.200,Al0.800Ga0.200,309.2223,2.3775000000000013,0.0,0.0,42.7414614,18.0,0.0,0.0,16.9555,0.0,0.0,161.0,1.6500000000000004,0.0,1.0,0.0,0.0,10.0,5.0,0.0,0.0,1.0,13.0,1.61,73.0,5.0,0.0,5.0,0.1999999999999999,0.0299999999999998,73.2,1.624,1.6,807.3580000000001,192.8,1.81,2296.4,121.20000000000002,0.0,933.47,3.5919,4.75e-06
Fe2V0.8Nb0.2Al0.8Ga0.2,Fe2.000,V0.800Nb0.200,Al0.800Ga0.200,424.2666,2.3775000000000013,0.0,0.0,42.7414614,18.0,0.0,0.0,16.9555,0.0,0.0,161.0,1.6500000000000004,0.0,1.0,0.0,0.0,10.0,5.0,0.0,0.0,1.0,13.0,1.61,73.0,5.0,0.0,5.0,0.1999999999999999,0.0299999999999998,73.2,1.624,1.6,807.3580000000001,192.8,1.81,2296.4,121.20000000000002,0.0,933.47,-2.2893,3.83e-06
Fe2V0.8Nb0.2Al0.8Ga0.2,Fe2.000,V0.800Nb0.200,Al0.800Ga0.200,599.7741,2.3775000000000013,0.0,0.0,42.7414614,18.0,0.0,0.0,16.9555,0.0,0.0,161.0,1.6500000000000004,0.0,1.0,0.0,0.0,10.0,5.0,0.0,0.0,1.0,13.0,1.61,73.0,5.0,0.0,5.0,0.1999999999999999,0.0299999999999998,73.2,1.624,1.6,807.3580000000001,192.8,1.81,2296.4,121.20000000000002,0.0,933.47,-7.5144,2.83e-06
Fe2VAl0.9Ga0.1,Fe2.000,V1.000,Al0.900Ga0.100,200.3062,2.3775000000000013,0.0,0.0,42.7414614,18.0,0.0,0.0,16.717750000000002,0.0,0.0,161.0,1.63,0.0,1.0,0.0,0.0,10.0,5.0,0.0,0.0,1.0,13.0,1.61,73.0,5.0,0.0,5.0,0.1999999999999999,0.0,73.10000000000001,1.63,1.63,870.4140000000001,208.9,1.81,2183.0,121.1,0.0,933.47,-32.5464,1.14e-05
Fe2VAl0.9Ga0.1,Fe2.000,V1.000,Al0.900Ga0.100,300.3789,2.3775000000000013,0.0,0.0,42.7414614,18.0,0.0,0.0,16.717750000000002,0.0,0.0,161.0,1.63,0.0,1.0,0.0,0.0,10.0,5.0,0.0,0.0,1.0,13.0,1.61,73.0,5.0,0.0,5.0,0.1999999999999999,0.0,73.10000000000001,1.63,1.63,870.4140000000001,208.9,1.81,2183.0,121.1,0.0,933.47,-43.8951,7.53e-06
Fe2VAl0.9Ga0.1,Fe2.000,V1.000,Al0.900Ga0.100,382.3935,2.3775000000000013,0.0,0.0,42.7414614,18.0,0.0,0.0,16.717750000000002,0.0,0.0,161.0,1.63,0.0,1.0,0.0,0.0,10.0,5.0,0.0,0.0,1.0,13.0,1.61,73.0,5.0,0.0,5.0,0.1999999999999999,0.0,73.10000000000001,1.63,1.63,870.4140000000001,208.9,1.81,2183.0,121.1,0.0,933.47,-41.6106,5.87e-06
Fe2VAl0.9Ga0.1,Fe2.000,V1.000,Al0.900Ga0.100,477.6531,2.3775000000000013,0.0,0.0,42.7414614,18.0,0.0,0.0,16.717750000000002,0.0,0.0,161.0,1.63,0.0,1.0,0.0,0.0,10.0,5.0,0.0,0.0,1.0,13.0,1.61,73.0,5.0,0.0,5.0,0.1999999999999999,0.0,73.10000000000001,1.63,1.63,870.4140000000001,208.9,1.81,2183.0,121.1,0.0,933.47,-39.7925,4.68e-06
Fe2VAl0.9Ga0.1,Fe2.000,V1.000,Al0.900Ga0.100,592.7928,2.3775000000000013,0.0,0.0,42.7414614,18.0,0.0,0.0,16.717750000000002,0.0,0.0,161.0,1.63,0.0,1.0,0.0,0.0,10.0,5.0,0.0,0.0,1.0,13.0,1.61,73.0,5.0,0.0,5.0,0.1999999999999999,0.0,73.10000000000001,1.63,1.63,870.4140000000001,208.9,1.81,2183.0,121.1,0.0,933.47,-37.6134,3.21e-06
Fe2VAl0.8Ga0.2,Fe2.000,V1.000,Al0.800Ga0.200,198.9009,2.3775000000000013,0.0,0.0,42.7414614,18.0,0.0,0.0,16.9555,0.0,0.0,161.0,1.6500000000000004,0.0,1.0,0.0,0.0,10.0,5.0,0.0,0.0,1.0,13.0,1.61,73.0,5.0,0.0,5.0,0.1999999999999999,0.0,73.2,1.63,1.63,807.3580000000001,192.8,1.81,2183.0,121.20000000000002,0.0,933.47,-81.3298,7.98e-06
Fe2VAl0.8Ga0.2,Fe2.000,V1.000,Al0.800Ga0.200,276.6494,2.3775000000000013,0.0,0.0,42.7414614,18.0,0.0,0.0,16.9555,0.0,0.0,161.0,1.6500000000000004,0.0,1.0,0.0,0.0,10.0,5.0,0.0,0.0,1.0,13.0,1.61,73.0,5.0,0.0,5.0,0.1999999999999999,0.0,73.2,1.63,1.63,807.3580000000001,192.8,1.81,2183.0,121.20000000000002,0.0,933.47,-89.6378,6.99e-06
Fe2VAl0.8Ga0.2,Fe2.000,V1.000,Al0.800Ga0.200,371.1912,2.3775000000000013,0.0,0.0,42.7414614,18.0,0.0,0.0,16.9555,0.0,0.0,161.0,1.6500000000000004,0.0,1.0,0.0,0.0,10.0,5.0,0.0,0.0,1.0,13.0,1.61,73.0,5.0,0.0,5.0,0.1999999999999999,0.0,73.2,1.63,1.63,807.3580000000001,192.8,1.81,2183.0,121.20000000000002,0.0,933.47,-78.4841,5.81e-06
Fe2VAl0.8Ga0.2,Fe2.000,V1.000,Al0.800Ga0.200,487.4551,2.3775000000000013,0.0,0.0,42.7414614,18.0,0.0,0.0,16.9555,0.0,0.0,161.0,1.6500000000000004,0.0,1.0,0.0,0.0,10.0,5.0,0.0,0.0,1.0,13.0,1.61,73.0,5.0,0.0,5.0,0.1999999999999999,0.0,73.2,1.63,1.63,807.3580000000001,192.8,1.81,2183.0,121.20000000000002,0.0,933.47,-51.2783,4.63e-06
Fe2VAl0.8Ga0.2,Fe2.000,V1.000,Al0.800Ga0.200,600.2509,2.3775000000000013,0.0,0.0,42.7414614,18.0,0.0,0.0,16.9555,0.0,0.0,161.0,1.6500000000000004,0.0,1.0,0.0,0.0,10.0,5.0,0.0,0.0,1.0,13.0,1.61,73.0,5.0,0.0,5.0,0.1999999999999999,0.0,73.2,1.63,1.63,807.3580000000001,192.8,1.81,2183.0,121.20000000000002,0.0,933.47,-37.2129,3.56e-06
Fe2VAl,Fe2.000,V1.000,Al1.000,293.2606,0.0,0.0,0.0,0.0,0.0,0.0,0.0,16.48,0.0,0.0,0.0,1.61,0.0,0.0,0.0,0.0,0.0,5.0,0.0,0.0,0.0,13.0,1.61,73.0,5.0,0.0,5.0,0.0,0.0,73.0,1.63,1.63,933.47,225.0,1.61,2183.0,121.0,0.0,933.47,29.2605,9.38e-05
Fe2VAl,Fe2.000,V1.000,Al1.000,375.5775,0.0,0.0,0.0,0.0,0.0,0.0,0.0,16.48,0.0,0.0,0.0,1.61,0.0,0.0,0.0,0.0,0.0,5.0,0.0,0.0,0.0,13.0,1.61,73.0,5.0,0.0,5.0,0.0,0.0,73.0,1.63,1.63,933.47,225.0,1.61,2183.0,121.0,0.0,933.47,22.9736,0.000162
Fe2VAl,Fe2.000,V1.000,Al1.000,474.7543,0.0,0.0,0.0,0.0,0.0,0.0,0.0,16.48,0.0,0.0,0.0,1.61,0.0,0.0,0.0,0.0,0.0,5.0,0.0,0.0,0.0,13.0,1.61,73.0,5.0,0.0,5.0,0.0,0.0,73.0,1.63,1.63,933.47,225.0,1.61,2183.0,121.0,0.0,933.47,14.9892,0.000305
Fe2VAl,Fe2.000,V1.000,Al1.000,612.8351,0.0,0.0,0.0,0.0,0.0,0.0,0.0,16.48,0.0,0.0,0.0,1.61,0.0,0.0,0.0,0.0,0.0,5.0,0.0,0.0,0.0,13.0,1.61,73.0,5.0,0.0,5.0,0.0,0.0,73.0,1.63,1.63,933.47,225.0,1.61,2183.0,121.0,0.0,933.47,3.2694,0.000618
Fe2VAl,Fe2.000,V1.000,Al1.000,733.3587,0.0,0.0,0.0,0.0,0.0,0.0,0.0,16.48,0.0,0.0,0.0,1.61,0.0,0.0,0.0,0.0,0.0,5.0,0.0,0.0,0.0,13.0,1.61,73.0,5.0,0.0,5.0,0.0,0.0,73.0,1.63,1.63,933.47,225.0,1.61,2183.0,121.0,0.0,933.47,-4.0439,0.000999
Fe2VAl,Fe2.000,V1.000,Al1.000,832.4228,0.0,0.0,0.0,0.0,0.0,0.0,0.0,16.48,0.0,0.0,0.0,1.61,0.0,0.0,0.0,0.0,0.0,5.0,0.0,0.0,0.0,13.0,1.61,73.0,5.0,0.0,5.0,0.0,0.0,73.0,1.63,1.63,933.47,225.0,1.61,2183.0,121.0,0.0,933.47,-5.934,0.00139
Fe2V0.975Nb0.025Al,Fe2.000,V1.000,Nb0.024Al0.976,303.7606,1.6999999999999993,0.0,0.0,65.92484139999999,28.0,0.0,0.0,16.520799999999998,6.0,0.144,4.0,1.60976,6.0,2.0,0.0,0.0,2.0,7.0,0.0,2.0,26.0,5.0,1.6,47.0,5.048,8.0,4.88,0.01,0.0,72.376,1.63,1.63,977.06672,225.096,1.61,2183.0,122.032,0.0,2750.0,21.4703,0.000102
Fe2V0.975Nb0.025Al,Fe2.000,V1.000,Nb0.024Al0.976,433.3426,1.6999999999999993,0.0,0.0,65.92484139999999,28.0,0.0,0.0,16.520799999999998,6.0,0.144,4.0,1.60976,6.0,2.0,0.0,0.0,2.0,7.0,0.0,2.0,26.0,5.0,1.6,47.0,5.048,8.0,4.88,0.01,0.0,72.376,1.63,1.63,977.06672,225.096,1.61,2183.0,122.032,0.0,2750.0,14.3237,5.96e-05
Fe2V0.975Nb0.025Al,Fe2.000,V1.000,Nb0.024Al0.976,589.5465,1.6999999999999993,0.0,0.0,65.92484139999999,28.0,0.0,0.0,16.520799999999998,6.0,0.144,4.0,1.60976,6.0,2.0,0.0,0.0,2.0,7.0,0.0,2.0,26.0,5.0,1.6,47.0,5.048,8.0,4.88,0.01,0.0,72.376,1.63,1.63,977.06672,225.096,1.61,2183.0,122.032,0.0,2750.0,2.5989,3.88e-05
Fe2V0.975Nb0.025Al,Fe2.000,V1.000,Nb0.024Al0.976,692.563,1.6999999999999993,0.0,0.0,65.92484139999999,28.0,0.0,0.0,16.520799999999998,6.0,0.144,4.0,1.60976,6.0,2.0,0.0,0.0,2.0,7.0,0.0,2.0,26.0,5.0,1.6,47.0,5.048,8.0,4.88,0.01,0.0,72.376,1.63,1.63,977.06672,225.096,1.61,2183.0,122.032,0.0,2750.0,-3.0167,3.49e-05
Fe2V0.975Nb0.025Al,Fe2.000,V1.000,Nb0.024Al0.976,792.9435,1.6999999999999993,0.0,0.0,65.92484139999999,28.0,0.0,0.0,16.520799999999998,6.0,0.144,4.0,1.60976,6.0,2.0,0.0,0.0,2.0,7.0,0.0,2.0,26.0,5.0,1.6,47.0,5.048,8.0,4.88,0.01,0.0,72.376,1.63,1.63,977.06672,225.096,1.61,2183.0,122.032,0.0,2750.0,-6.0921,3.16e-05
Fe2V0.95Nb0.05Al,Fe2.000,V1.000,Nb0.048Al0.952,295.6336,1.6999999999999993,0.0,0.0,65.92484139999999,28.0,0.0,0.0,16.5616,6.0,0.288,4.0,1.60952,6.0,2.0,0.0,0.0,2.0,7.0,0.0,2.0,26.0,5.0,1.6,47.0,5.096,8.0,4.76,0.01,0.0,71.752,1.63,1.63,1020.66344,225.192,1.61,2183.0,123.064,0.0,2750.0,40.9406,8.82e-05
Fe2V0.95Nb0.05Al,Fe2.000,V1.000,Nb0.048Al0.952,374.7299,1.6999999999999993,0.0,0.0,65.92484139999999,28.0,0.0,0.0,16.5616,6.0,0.288,4.0,1.60952,6.0,2.0,0.0,0.0,2.0,7.0,0.0,2.0,26.0,5.0,1.6,47.0,5.096,8.0,4.76,0.01,0.0,71.752,1.63,1.63,1020.66344,225.192,1.61,2183.0,123.064,0.0,2750.0,33.8082,6.06e-05
Fe2V0.95Nb0.05Al,Fe2.000,V1.000,Nb0.048Al0.952,476.5865,1.6999999999999993,0.0,0.0,65.92484139999999,28.0,0.0,0.0,16.5616,6.0,0.288,4.0,1.60952,6.0,2.0,0.0,0.0,2.0,7.0,0.0,2.0,26.0,5.0,1.6,47.0,5.096,8.0,4.76,0.01,0.0,71.752,1.63,1.63,1020.66344,225.192,1.61,2183.0,123.064,0.0,2750.0,20.9137,4.23e-05
Fe2V0.95Nb0.05Al,Fe2.000,V1.000,Nb0.048Al0.952,630.3015,1.6999999999999993,0.0,0.0,65.92484139999999,28.0,0.0,0.0,16.5616,6.0,0.288,4.0,1.60952,6.0,2.0,0.0,0.0,2.0,7.0,0.0,2.0,26.0,5.0,1.6,47.0,5.096,8.0,4.76,0.01,0.0,71.752,1.63,1.63,1020.66344,225.192,1.61,2183.0,123.064,0.0,2750.0,3.7724,3.36e-05
Fe2V0.95Nb0.05Al,Fe2.000,V1.000,Nb0.048Al0.952,732.6833,1.6999999999999993,0.0,0.0,65.92484139999999,28.0,0.0,0.0,16.5616,6.0,0.288,4.0,1.60952,6.0,2.0,0.0,0.0,2.0,7.0,0.0,2.0,26.0,5.0,1.6,47.0,5.096,8.0,4.76,0.01,0.0,71.752,1.63,1.63,1020.66344,225.192,1.61,2183.0,123.064,0.0,2750.0,-2.5201,3.15e-05
Fe2V0.95Nb0.05Al,Fe2.000,V1.000,Nb0.048Al0.952,816.2164,1.6999999999999993,0.0,0.0,65.92484139999999,28.0,0.0,0.0,16.5616,6.0,0.288,4.0,1.60952,6.0,2.0,0.0,0.0,2.0,7.0,0.0,2.0,26.0,5.0,1.6,47.0,5.096,8.0,4.76,0.01,0.0,71.752,1.63,1.63,1020.66344,225.192,1.61,2183.0,123.064,0.0,2750.0,-4.5751,2.68e-05
Fe2V0.95Nb0.05Al,Fe2.000,V1.000,Nb0.048Al0.952,882.9179,1.6999999999999993,0.0,0.0,65.92484139999999,28.0,0.0,0.0,16.5616,6.0,0.288,4.0,1.60952,6.0,2.0,0.0,0.0,2.0,7.0,0.0,2.0,26.0,5.0,1.6,47.0,5.096,8.0,4.76,0.01,0.0,71.752,1.63,1.63,1020.66344,225.192,1.61,2183.0,123.064,0.0,2750.0,-6.4561,1.87e-05
Fe2V0.925Nb0.075Al,Fe2.000,V1.000,Nb0.070Al0.930,301.3681,1.6999999999999993,0.0,0.0,65.92484139999999,28.0,0.0,0.0,16.599,6.0,0.42,4.0,1.6093000000000002,6.0,2.0,0.0,0.0,2.0,7.0,0.0,2.0,26.0,5.0,1.6,47.0,5.140000000000001,8.0,4.65,0.01,0.0,71.18,1.63,1.63,1060.6271000000002,225.28,1.61,2183.0,124.01,0.0,2750.0,45.8483,7.71e-05
Fe2V0.925Nb0.075Al,Fe2.000,V1.000,Nb0.070Al0.930,435.0277,1.6999999999999993,0.0,0.0,65.92484139999999,28.0,0.0,0.0,16.599,6.0,0.42,4.0,1.6093000000000002,6.0,2.0,0.0,0.0,2.0,7.0,0.0,2.0,26.0,5.0,1.6,47.0,5.140000000000001,8.0,4.65,0.01,0.0,71.18,1.63,1.63,1060.6271000000002,225.28,1.61,2183.0,124.01,0.0,2750.0,28.2047,4.38e-05
Fe2V0.925Nb0.075Al,Fe2.000,V1.000,Nb0.070Al0.930,538.9168,1.6999999999999993,0.0,0.0,65.92484139999999,28.0,0.0,0.0,16.599,6.0,0.42,4.0,1.6093000000000002,6.0,2.0,0.0,0.0,2.0,7.0,0.0,2.0,26.0,5.0,1.6,47.0,5.140000000000001,8.0,4.65,0.01,0.0,71.18,1.63,1.63,1060.6271000000002,225.28,1.61,2183.0,124.01,0.0,2750.0,10.4003,3.72e-05
Fe2V0.925Nb0.075Al,Fe2.000,V1.000,Nb0.070Al0.930,635.5202,1.6999999999999993,0.0,0.0,65.92484139999999,28.0,0.0,0.0,16.599,6.0,0.42,4.0,1.6093000000000002,6.0,2.0,0.0,0.0,2.0,7.0,0.0,2.0,26.0,5.0,1.6,47.0,5.140000000000001,8.0,4.65,0.01,0.0,71.18,1.63,1.63,1060.6271000000002,225.28,1.61,2183.0,124.01,0.0,2750.0,1.5702,3.17e-05
Fe2V0.925Nb0.075Al,Fe2.000,V1.000,Nb0.070Al0.930,741.1132,1.6999999999999993,0.0,0.0,65.92484139999999,28.0,0.0,0.0,16.599,6.0,0.42,4.0,1.6093000000000002,6.0,2.0,0.0,0.0,2.0,7.0,0.0,2.0,26.0,5.0,1.6,47.0,5.140000000000001,8.0,4.65,0.01,0.0,71.18,1.63,1.63,1060.6271000000002,225.28,1.61,2183.0,124.01,0.0,2750.0,-3.3689,2.74e-05
Fe2V0.925Nb0.075Al,Fe2.000,V1.000,Nb0.070Al0.930,838.2512,1.6999999999999993,0.0,0.0,65.92484139999999,28.0,0.0,0.0,16.599,6.0,0.42,4.0,1.6093000000000002,6.0,2.0,0.0,0.0,2.0,7.0,0.0,2.0,26.0,5.0,1.6,47.0,5.140000000000001,8.0,4.65,0.01,0.0,71.18,1.63,1.63,1060.6271000000002,225.28,1.61,2183.0,124.01,0.0,2750.0,-6.1049,3.04e-05
Fe2V0.90Nb0.10Al,Fe2.000,V1.000,Nb0.091Al0.909,292.6306,1.6999999999999993,0.0,0.0,65.92484139999999,28.0,0.0,0.0,16.634700000000002,6.0,0.546,4.0,1.60909,6.0,2.0,0.0,0.0,2.0,7.0,0.0,2.0,26.0,5.0,1.6,47.0,5.182,8.0,4.545,0.01,0.0,70.634,1.63,1.63,1098.77423,225.364,1.61,2183.0,124.913,0.0,2750.0,98.3296,5.25e-05
Fe2V0.90Nb0.10Al,Fe2.000,V1.000,Nb0.091Al0.909,362.8344,1.6999999999999993,0.0,0.0,65.92484139999999,28.0,0.0,0.0,16.634700000000002,6.0,0.546,4.0,1.60909,6.0,2.0,0.0,0.0,2.0,7.0,0.0,2.0,26.0,5.0,1.6,47.0,5.182,8.0,4.545,0.01,0.0,70.634,1.63,1.63,1098.77423,225.364,1.61,2183.0,124.913,0.0,2750.0,82.0582,4.75e-05
Fe2V0.90Nb0.10Al,Fe2.000,V1.000,Nb0.091Al0.909,431.181,1.6999999999999993,0.0,0.0,65.92484139999999,28.0,0.0,0.0,16.634700000000002,6.0,0.546,4.0,1.60909,6.0,2.0,0.0,0.0,2.0,7.0,0.0,2.0,26.0,5.0,1.6,47.0,5.182,8.0,4.545,0.01,0.0,70.634,1.63,1.63,1098.77423,225.364,1.61,2183.0,124.913,0.0,2750.0,61.2167,4.32e-05
Fe2V0.90Nb0.10Al,Fe2.000,V1.000,Nb0.091Al0.909,485.1847,1.6999999999999993,0.0,0.0,65.92484139999999,28.0,0.0,0.0,16.634700000000002,6.0,0.546,4.0,1.60909,6.0,2.0,0.0,0.0,2.0,7.0,0.0,2.0,26.0,5.0,1.6,47.0,5.182,8.0,4.545,0.01,0.0,70.634,1.63,1.63,1098.77423,225.364,1.61,2183.0,124.913,0.0,2750.0,45.9657,4.02e-05
Fe2V0.90Nb0.10Al,Fe2.000,V1.000,Nb0.091Al0.909,591.1564,1.6999999999999993,0.0,0.0,65.92484139999999,28.0,0.0,0.0,16.634700000000002,6.0,0.546,4.0,1.60909,6.0,2.0,0.0,0.0,2.0,7.0,0.0,2.0,26.0,5.0,1.6,47.0,5.182,8.0,4.545,0.01,0.0,70.634,1.63,1.63,1098.77423,225.364,1.61,2183.0,124.913,0.0,2750.0,20.5428,3.53e-05
Fe2V0.90Nb0.10Al,Fe2.000,V1.000,Nb0.091Al0.909,643.0619,1.6999999999999993,0.0,0.0,65.92484139999999,28.0,0.0,0.0,16.634700000000002,6.0,0.546,4.0,1.60909,6.0,2.0,0.0,0.0,2.0,7.0,0.0,2.0,26.0,5.0,1.6,47.0,5.182,8.0,4.545,0.01,0.0,70.634,1.63,1.63,1098.77423,225.364,1.61,2183.0,124.913,0.0,2750.0,13.7567,3.34e-05
Fe2V0.90Nb0.10Al,Fe2.000,V1.000,Nb0.091Al0.909,796.7049,1.6999999999999993,0.0,0.0,65.92484139999999,28.0,0.0,0.0,16.634700000000002,6.0,0.546,4.0,1.60909,6.0,2.0,0.0,0.0,2.0,7.0,0.0,2.0,26.0,5.0,1.6,47.0,5.182,8.0,4.545,0.01,0.0,70.634,1.63,1.63,1098.77423,225.364,1.61,2183.0,124.913,0.0,2750.0,0.509,3.01e-05
Fe2V0.85Nb0.15Al,Fe2.000,V1.000,Nb0.130Al0.870,294.3853,1.6999999999999993,0.0,0.0,65.92484139999999,28.0,0.0,0.0,16.701,6.0,0.78,4.0,1.6087,6.0,2.0,0.0,0.0,2.0,7.0,0.0,2.0,26.0,5.0,1.6,47.0,5.26,8.0,4.35,0.01,0.0,69.62,1.63,1.63,1169.6189,225.52,1.61,2183.0,126.59,0.0,2750.0,73.4439,5.28e-05
Fe2V0.85Nb0.15Al,Fe2.000,V1.000,Nb0.130Al0.870,378.2033,1.6999999999999993,0.0,0.0,65.92484139999999,28.0,0.0,0.0,16.701,6.0,0.78,4.0,1.6087,6.0,2.0,0.0,0.0,2.0,7.0,0.0,2.0,26.0,5.0,1.6,47.0,5.26,8.0,4.35,0.01,0.0,69.62,1.63,1.63,1169.6189,225.52,1.61,2183.0,126.59,0.0,2750.0,55.9838,4.29e-05
Fe2V0.85Nb0.15Al,Fe2.000,V1.000,Nb0.130Al0.870,484.1844,1.6999999999999993,0.0,0.0,65.92484139999999,28.0,0.0,0.0,16.701,6.0,0.78,4.0,1.6087,6.0,2.0,0.0,0.0,2.0,7.0,0.0,2.0,26.0,5.0,1.6,47.0,5.26,8.0,4.35,0.01,0.0,69.62,1.63,1.63,1169.6189,225.52,1.61,2183.0,126.59,0.0,2750.0,30.053,3.36e-05
Fe2V0.85Nb0.15Al,Fe2.000,V1.000,Nb0.130Al0.870,595.2278,1.6999999999999993,0.0,0.0,65.92484139999999,28.0,0.0,0.0,16.701,6.0,0.78,4.0,1.6087,6.0,2.0,0.0,0.0,2.0,7.0,0.0,2.0,26.0,5.0,1.6,47.0,5.26,8.0,4.35,0.01,0.0,69.62,1.63,1.63,1169.6189,225.52,1.61,2183.0,126.59,0.0,2750.0,10.3845,2.86e-05
Fe2V0.85Nb0.15Al,Fe2.000,V1.000,Nb0.130Al0.870,690.5367,1.6999999999999993,0.0,0.0,65.92484139999999,28.0,0.0,0.0,16.701,6.0,0.78,4.0,1.6087,6.0,2.0,0.0,0.0,2.0,7.0,0.0,2.0,26.0,5.0,1.6,47.0,5.26,8.0,4.35,0.01,0.0,69.62,1.63,1.63,1169.6189,225.52,1.61,2183.0,126.59,0.0,2750.0,1.5547,2.67e-05
Fe2V0.85Nb0.15Al,Fe2.000,V1.000,Nb0.130Al0.870,760.512,1.6999999999999993,0.0,0.0,65.92484139999999,28.0,0.0,0.0,16.701,6.0,0.78,4.0,1.6087,6.0,2.0,0.0,0.0,2.0,7.0,0.0,2.0,26.0,5.0,1.6,47.0,5.26,8.0,4.35,0.01,0.0,69.62,1.63,1.63,1169.6189,225.52,1.61,2183.0,126.59,0.0,2750.0,-2.3587,2.51e-05
Fe2V0.85Nb0.15Al,Fe2.000,V1.000,Nb0.130Al0.870,838.2324,1.6999999999999993,0.0,0.0,65.92484139999999,28.0,0.0,0.0,16.701,6.0,0.78,4.0,1.6087,6.0,2.0,0.0,0.0,2.0,7.0,0.0,2.0,26.0,5.0,1.6,47.0,5.26,8.0,4.35,0.01,0.0,69.62,1.63,1.63,1169.6189,225.52,1.61,2183.0,126.59,0.0,2750.0,-5.0892,2.17e-05
Fe2VAl0.97Sb0.03,Fe2.000,V1.000,Al0.970Sb0.030,348.9735,15.079999999999998,0.0,0.0,94.7784614,38.0,0.0,0.0,16.9324,0.0,0.0,59.0,1.6232,0.0,2.0,0.0,0.0,12.0,5.0,0.0,2.0,12.0,13.0,1.61,73.0,4.9399999999999995,2.0,4.9399999999999995,0.4399999999999997,0.0,73.36,1.63,1.63,932.5793,223.23,2.05,2183.0,121.54,0.0,933.47,-110.4271,6.99e-06
Fe2VAl0.97Sb0.03,Fe2.000,V1.000,Al0.970Sb0.030,473.5874,15.079999999999998,0.0,0.0,94.7784614,38.0,0.0,0.0,16.9324,0.0,0.0,59.0,1.6232,0.0,2.0,0.0,0.0,12.0,5.0,0.0,2.0,12.0,13.0,1.61,73.0,4.9399999999999995,2.0,4.9399999999999995,0.4399999999999997,0.0,73.36,1.63,1.63,932.5793,223.23,2.05,2183.0,121.54,0.0,933.47,-64.5729,5.62e-06
Fe2VAl0.97Sb0.03,Fe2.000,V1.000,Al0.970Sb0.030,593.2406,15.079999999999998,0.0,0.0,94.7784614,38.0,0.0,0.0,16.9324,0.0,0.0,59.0,1.6232,0.0,2.0,0.0,0.0,12.0,5.0,0.0,2.0,12.0,13.0,1.61,73.0,4.9399999999999995,2.0,4.9399999999999995,0.4399999999999997,0.0,73.36,1.63,1.63,932.5793,223.23,2.05,2183.0,121.54,0.0,933.47,-35.6784,4.64e-06
Fe2VAl0.97Sb0.03,Fe2.000,V1.000,Al0.970Sb0.030,749.4117,15.079999999999998,0.0,0.0,94.7784614,38.0,0.0,0.0,16.9324,0.0,0.0,59.0,1.6232,0.0,2.0,0.0,0.0,12.0,5.0,0.0,2.0,12.0,13.0,1.61,73.0,4.9399999999999995,2.0,4.9399999999999995,0.4399999999999997,0.0,73.36,1.63,1.63,932.5793,223.23,2.05,2183.0,121.54,0.0,933.47,-20.603,3.73e-06
Fe2V0.84Ti0.16Al0.97Sb0.03,Fe2.000,V0.840Ti0.160,Al0.970Sb0.030,349.9387,15.079999999999998,0.0,2.25333333333e-05,94.7784614,38.0,35.0,0.0,16.9324,0.0,0.0,59.0,1.6232,0.0,2.0,3.605333333328e-06,0.0,12.0,5.0,2.25333333333e-05,2.0,12.0,13.0,1.61,73.0,4.9399999999999995,2.0,4.9399999999999995,0.4399999999999997,0.0899999999999998,73.36,1.6155999999999997,1.54,932.5793,223.23,2.05,2144.28,121.54,0.0,933.47,87.4372,4e-06
Fe2V0.84Ti0.16Al0.97Sb0.03,Fe2.000,V0.840Ti0.160,Al0.970Sb0.030,445.0545,15.079999999999998,0.0,2.25333333333e-05,94.7784614,38.0,35.0,0.0,16.9324,0.0,0.0,59.0,1.6232,0.0,2.0,3.605333333328e-06,0.0,12.0,5.0,2.25333333333e-05,2.0,12.0,13.0,1.61,73.0,4.9399999999999995,2.0,4.9399999999999995,0.4399999999999997,0.0899999999999998,73.36,1.6155999999999997,1.54,932.5793,223.23,2.05,2144.28,121.54,0.0,933.47,86.1809,4.12e-06
Fe2V0.84Ti0.16Al0.97Sb0.03,Fe2.000,V0.840Ti0.160,Al0.970Sb0.030,576.6117,15.079999999999998,0.0,2.25333333333e-05,94.7784614,38.0,35.0,0.0,16.9324,0.0,0.0,59.0,1.6232,0.0,2.0,3.605333333328e-06,0.0,12.0,5.0,2.25333333333e-05,2.0,12.0,13.0,1.61,73.0,4.9399999999999995,2.0,4.9399999999999995,0.4399999999999997,0.0899999999999998,73.36,1.6155999999999997,1.54,932.5793,223.23,2.05,2144.28,121.54,0.0,933.47,55.402,3.96e-06
Fe2V0.84Ti0.16Al0.97Sb0.03,Fe2.000,V0.840Ti0.160,Al0.970Sb0.030,748.3975,15.079999999999998,0.0,2.25333333333e-05,94.7784614,38.0,35.0,0.0,16.9324,0.0,0.0,59.0,1.6232,0.0,2.0,3.605333333328e-06,0.0,12.0,5.0,2.25333333333e-05,2.0,12.0,13.0,1.61,73.0,4.9399999999999995,2.0,4.9399999999999995,0.4399999999999997,0.0899999999999998,73.36,1.6155999999999997,1.54,932.5793,223.23,2.05,2144.28,121.54,0.0,933.47,21.4824,3.45e-06
Fe2V0.9Ti0.1Al,Fe2.000,V1.000,Ti0.091Al0.909,345.0607,0.2100000000000008,0.0,0.0,20.885461399999997,9.0,0.0,2.25333333333e-05,16.49911,8.0,0.728,31.0,1.60363,8.0,1.0,0.0,0.0,1.0,8.0,0.0,3.0,30.0,4.0,1.54,43.0,5.273,9.0,4.545,0.07,0.0,70.27,1.63,1.63,1025.15523,222.179,1.61,2183.0,124.549,0.0,1941.0,87.4372,4.27e-06
Fe2V0.9Ti0.1Al,Fe2.000,V1.000,Ti0.091Al0.909,464.5238,0.2100000000000008,0.0,0.0,20.885461399999997,9.0,0.0,2.25333333333e-05,16.49911,8.0,0.728,31.0,1.60363,8.0,1.0,0.0,0.0,1.0,8.0,0.0,3.0,30.0,4.0,1.54,43.0,5.273,9.0,4.545,0.07,0.0,70.27,1.63,1.63,1025.15523,222.179,1.61,2183.0,124.549,0.0,1941.0,77.3869,4.24e-06
Fe2V0.9Ti0.1Al,Fe2.000,V1.000,Ti0.091Al0.909,598.5047,0.2100000000000008,0.0,0.0,20.885461399999997,9.0,0.0,2.25333333333e-05,16.49911,8.0,0.728,31.0,1.60363,8.0,1.0,0.0,0.0,1.0,8.0,0.0,3.0,30.0,4.0,1.54,43.0,5.273,9.0,4.545,0.07,0.0,70.27,1.63,1.63,1025.15523,222.179,1.61,2183.0,124.549,0.0,1941.0,43.4673,3.91e-06
Fe2V0.9Ti0.1Al,Fe2.000,V1.000,Ti0.091Al0.909,750.7997,0.2100000000000008,0.0,0.0,20.885461399999997,9.0,0.0,2.25333333333e-05,16.49911,8.0,0.728,31.0,1.60363,8.0,1.0,0.0,0.0,1.0,8.0,0.0,3.0,30.0,4.0,1.54,43.0,5.273,9.0,4.545,0.07,0.0,70.27,1.63,1.63,1025.15523,222.179,1.61,2183.0,124.549,0.0,1941.0,13.9447,3.41e-06
Fe2VAl0.9Si0.1,Fe2.000,V1.000,Al0.900Si0.100,350.1318,3.960000000000001,0.773,0.0,1.103961399999999,1.0,0.0,0.0,16.876,0.0,0.0,2.0,1.639,0.0,0.0,0.0,0.0,1.0,5.0,0.0,1.0,5.0,13.0,1.61,73.0,4.9,1.0,4.9,0.2899999999999998,0.0,73.5,1.63,1.63,1008.823,225.2,1.9,2183.0,120.0,0.0773,1687.0,-122.9899,4.11e-06
Fe2VAl0.9Si0.1,Fe2.000,V1.000,Al0.900Si0.100,478.2939,3.960000000000001,0.773,0.0,1.103961399999999,1.0,0.0,0.0,16.876,0.0,0.0,2.0,1.639,0.0,0.0,0.0,0.0,1.0,5.0,0.0,1.0,5.0,13.0,1.61,73.0,4.9,1.0,4.9,0.2899999999999998,0.0,73.5,1.63,1.63,1008.823,225.2,1.9,2183.0,120.0,0.0773,1687.0,-99.7487,4.34e-06
Fe2VAl0.9Si0.1,Fe2.000,V1.000,Al0.900Si0.100,627.2705,3.960000000000001,0.773,0.0,1.103961399999999,1.0,0.0,0.0,16.876,0.0,0.0,2.0,1.639,0.0,0.0,0.0,0.0,1.0,5.0,0.0,1.0,5.0,13.0,1.61,73.0,4.9,1.0,4.9,0.2899999999999998,0.0,73.5,1.63,1.63,1008.823,225.2,1.9,2183.0,120.0,0.0773,1687.0,-59.5477,4.03e-06
Fe2VAl0.9Si0.1,Fe2.000,V1.000,Al0.900Si0.100,748.1125,3.960000000000001,0.773,0.0,1.103961399999999,1.0,0.0,0.0,16.876,0.0,0.0,2.0,1.639,0.0,0.0,0.0,0.0,1.0,5.0,0.0,1.0,5.0,13.0,1.61,73.0,4.9,1.0,4.9,0.2899999999999998,0.0,73.5,1.63,1.63,1008.823,225.2,1.9,2183.0,120.0,0.0773,1687.0,-36.9347,3.61e-06
Fe2VAl,Fe2.000,V1.000,Al1.000,92.3591,0.0,0.0,0.0,0.0,0.0,0.0,0.0,16.48,0.0,0.0,0.0,1.61,0.0,0.0,0.0,0.0,0.0,5.0,0.0,0.0,0.0,13.0,1.61,73.0,5.0,0.0,5.0,0.0,0.0,73.0,1.63,1.63,933.47,225.0,1.61,2183.0,121.0,0.0,933.47,16.5543,1.95e-05
Fe2VAl,Fe2.000,V1.000,Al1.000,204.9986,0.0,0.0,0.0,0.0,0.0,0.0,0.0,16.48,0.0,0.0,0.0,1.61,0.0,0.0,0.0,0.0,0.0,5.0,0.0,0.0,0.0,13.0,1.61,73.0,5.0,0.0,5.0,0.0,0.0,73.0,1.63,1.63,933.47,225.0,1.61,2183.0,121.0,0.0,933.47,26.8332,1.24e-05
Fe2VAl,Fe2.000,V1.000,Al1.000,310.9703,0.0,0.0,0.0,0.0,0.0,0.0,0.0,16.48,0.0,0.0,0.0,1.61,0.0,0.0,0.0,0.0,0.0,5.0,0.0,0.0,0.0,13.0,1.61,73.0,5.0,0.0,5.0,0.0,0.0,73.0,1.63,1.63,933.47,225.0,1.61,2183.0,121.0,0.0,933.47,28.9031,7.14e-06
Fe2VAl,Fe2.000,V1.000,Al1.000,401.0325,0.0,0.0,0.0,0.0,0.0,0.0,0.0,16.48,0.0,0.0,0.0,1.61,0.0,0.0,0.0,0.0,0.0,5.0,0.0,0.0,0.0,13.0,1.61,73.0,5.0,0.0,5.0,0.0,0.0,73.0,1.63,1.63,933.47,225.0,1.61,2183.0,121.0,0.0,933.47,28.1806,4.78e-06
Fe2VAl0.97Si0.03,Fe2.000,V1.000,Al0.970Si0.030,87.9911,3.960000000000001,0.773,0.0,1.103961399999999,1.0,0.0,0.0,16.5988,0.0,0.0,2.0,1.6187,0.0,0.0,0.0,0.0,1.0,5.0,0.0,1.0,5.0,13.0,1.61,73.0,4.97,1.0,4.97,0.2899999999999998,0.0,73.15,1.63,1.63,956.0759,225.06,1.9,2183.0,120.7,0.02319,1687.0,-54.9182,6.46e-06
Fe2VAl0.97Si0.03,Fe2.000,V1.000,Al0.970Si0.030,147.4326,3.960000000000001,0.773,0.0,1.103961399999999,1.0,0.0,0.0,16.5988,0.0,0.0,2.0,1.6187,0.0,0.0,0.0,0.0,1.0,5.0,0.0,1.0,5.0,13.0,1.61,73.0,4.97,1.0,4.97,0.2899999999999998,0.0,73.15,1.63,1.63,956.0759,225.06,1.9,2183.0,120.7,0.02319,1687.0,-84.1295,7.24e-06
Fe2VAl0.97Si0.03,Fe2.000,V1.000,Al0.970Si0.030,216.1789,3.960000000000001,0.773,0.0,1.103961399999999,1.0,0.0,0.0,16.5988,0.0,0.0,2.0,1.6187,0.0,0.0,0.0,0.0,1.0,5.0,0.0,1.0,5.0,13.0,1.61,73.0,4.97,1.0,4.97,0.2899999999999998,0.0,73.15,1.63,1.63,956.0759,225.06,1.9,2183.0,120.7,0.02319,1687.0,-107.3028,7.48e-06
Fe2VAl0.97Si0.03,Fe2.000,V1.000,Al0.970Si0.030,281.1563,3.960000000000001,0.773,0.0,1.103961399999999,1.0,0.0,0.0,16.5988,0.0,0.0,2.0,1.6187,0.0,0.0,0.0,0.0,1.0,5.0,0.0,1.0,5.0,13.0,1.61,73.0,4.97,1.0,4.97,0.2899999999999998,0.0,73.15,1.63,1.63,956.0759,225.06,1.9,2183.0,120.7,0.02319,1687.0,-93.4007,6.9e-06
Fe2VAl0.97Si0.03,Fe2.000,V1.000,Al0.970Si0.030,356.8714,3.960000000000001,0.773,0.0,1.103961399999999,1.0,0.0,0.0,16.5988,0.0,0.0,2.0,1.6187,0.0,0.0,0.0,0.0,1.0,5.0,0.0,1.0,5.0,13.0,1.61,73.0,4.97,1.0,4.97,0.2899999999999998,0.0,73.15,1.63,1.63,956.0759,225.06,1.9,2183.0,120.7,0.02319,1687.0,-53.8182,6e-06
Fe2VAl0.97Si0.03,Fe2.000,V1.000,Al0.970Si0.030,402.0109,3.960000000000001,0.773,0.0,1.103961399999999,1.0,0.0,0.0,16.5988,0.0,0.0,2.0,1.6187,0.0,0.0,0.0,0.0,1.0,5.0,0.0,1.0,5.0,13.0,1.61,73.0,4.97,1.0,4.97,0.2899999999999998,0.0,73.15,1.63,1.63,956.0759,225.06,1.9,2183.0,120.7,0.02319,1687.0,-34.5426,5.35e-06
Fe2VAl0.95Si0.05,Fe2.000,V1.000,Al0.950Si0.050,89.3067,3.960000000000001,0.773,0.0,1.103961399999999,1.0,0.0,0.0,16.677999999999997,0.0,0.0,2.0,1.6245,0.0,0.0,0.0,0.0,1.0,5.0,0.0,1.0,5.0,13.0,1.61,73.0,4.95,1.0,4.95,0.2899999999999998,0.0,73.25,1.63,1.63,971.1465,225.1,1.9,2183.0,120.5,0.03865,1687.0,-56.5491,2.07e-06
Fe2VAl0.95Si0.05,Fe2.000,V1.000,Al0.950Si0.050,176.5573,3.960000000000001,0.773,0.0,1.103961399999999,1.0,0.0,0.0,16.677999999999997,0.0,0.0,2.0,1.6245,0.0,0.0,0.0,0.0,1.0,5.0,0.0,1.0,5.0,13.0,1.61,73.0,4.95,1.0,4.95,0.2899999999999998,0.0,73.25,1.63,1.63,971.1465,225.1,1.9,2183.0,120.5,0.03865,1687.0,-86.7377,3.03e-06
Fe2VAl0.95Si0.05,Fe2.000,V1.000,Al0.950Si0.050,271.7731,3.960000000000001,0.773,0.0,1.103961399999999,1.0,0.0,0.0,16.677999999999997,0.0,0.0,2.0,1.6245,0.0,0.0,0.0,0.0,1.0,5.0,0.0,1.0,5.0,13.0,1.61,73.0,4.95,1.0,4.95,0.2899999999999998,0.0,73.25,1.63,1.63,971.1465,225.1,1.9,2183.0,120.5,0.03865,1687.0,-113.6209,4.19e-06
Fe2VAl0.95Si0.05,Fe2.000,V1.000,Al0.950Si0.050,349.8453,3.960000000000001,0.773,0.0,1.103961399999999,1.0,0.0,0.0,16.677999999999997,0.0,0.0,2.0,1.6245,0.0,0.0,0.0,0.0,1.0,5.0,0.0,1.0,5.0,13.0,1.61,73.0,4.95,1.0,4.95,0.2899999999999998,0.0,73.25,1.63,1.63,971.1465,225.1,1.9,2183.0,120.5,0.03865,1687.0,-126.9378,4.36e-06
Fe2VAl0.95Si0.05,Fe2.000,V1.000,Al0.950Si0.050,402.8387,3.960000000000001,0.773,0.0,1.103961399999999,1.0,0.0,0.0,16.677999999999997,0.0,0.0,2.0,1.6245,0.0,0.0,0.0,0.0,1.0,5.0,0.0,1.0,5.0,13.0,1.61,73.0,4.95,1.0,4.95,0.2899999999999998,0.0,73.25,1.63,1.63,971.1465,225.1,1.9,2183.0,120.5,0.03865,1687.0,-124.5392,4.32e-06
Fe2VAl0.9Si0.1,Fe2.000,V1.000,Al0.900Si0.100,87.9911,3.960000000000001,0.773,0.0,1.103961399999999,1.0,0.0,0.0,16.876,0.0,0.0,2.0,1.639,0.0,0.0,0.0,0.0,1.0,5.0,0.0,1.0,5.0,13.0,1.61,73.0,4.9,1.0,4.9,0.2899999999999998,0.0,73.5,1.63,1.63,1008.823,225.2,1.9,2183.0,120.0,0.0773,1687.0,-54.9182,1.04e-06
Fe2VAl0.9Si0.1,Fe2.000,V1.000,Al0.900Si0.100,172.5957,3.960000000000001,0.773,0.0,1.103961399999999,1.0,0.0,0.0,16.876,0.0,0.0,2.0,1.639,0.0,0.0,0.0,0.0,1.0,5.0,0.0,1.0,5.0,13.0,1.61,73.0,4.9,1.0,4.9,0.2899999999999998,0.0,73.5,1.63,1.63,1008.823,225.2,1.9,2183.0,120.0,0.0773,1687.0,-84.572,1.54e-06
Fe2VAl0.9Si0.1,Fe2.000,V1.000,Al0.900Si0.100,255.9058,3.960000000000001,0.773,0.0,1.103961399999999,1.0,0.0,0.0,16.876,0.0,0.0,2.0,1.639,0.0,0.0,0.0,0.0,1.0,5.0,0.0,1.0,5.0,13.0,1.61,73.0,4.9,1.0,4.9,0.2899999999999998,0.0,73.5,1.63,1.63,1008.823,225.2,1.9,2183.0,120.0,0.0773,1687.0,-108.7767,2.2e-06
Fe2VAl0.9Si0.1,Fe2.000,V1.000,Al0.900Si0.100,360.4416,3.960000000000001,0.773,0.0,1.103961399999999,1.0,0.0,0.0,16.876,0.0,0.0,2.0,1.639,0.0,0.0,0.0,0.0,1.0,5.0,0.0,1.0,5.0,13.0,1.61,73.0,4.9,1.0,4.9,0.2899999999999998,0.0,73.5,1.63,1.63,1008.823,225.2,1.9,2183.0,120.0,0.0773,1687.0,-126.8945,3.28e-06
Fe2VAl0.9Si0.1,Fe2.000,V1.000,Al0.900Si0.100,401.5142,3.960000000000001,0.773,0.0,1.103961399999999,1.0,0.0,0.0,16.876,0.0,0.0,2.0,1.639,0.0,0.0,0.0,0.0,1.0,5.0,0.0,1.0,5.0,13.0,1.61,73.0,4.9,1.0,4.9,0.2899999999999998,0.0,73.5,1.63,1.63,1008.823,225.2,1.9,2183.0,120.0,0.0773,1687.0,-124.5447,3.47e-06
Fe2VAl0.8Si0.2,Fe2.000,V1.000,Al0.800Si0.200,92.0581,3.960000000000001,0.773,0.0,1.103961399999999,1.0,0.0,0.0,17.272000000000002,0.0,0.0,2.0,1.668,0.0,0.0,0.0,0.0,1.0,5.0,0.0,1.0,5.0,13.0,1.61,73.0,4.8,1.0,4.8,0.2899999999999998,0.0,74.0,1.63,1.63,1084.1760000000002,225.4,1.9,2183.0,119.0,0.1546,1687.0,-37.9924,5.37e-07
Fe2VAl0.8Si0.2,Fe2.000,V1.000,Al0.800Si0.200,203.1714,3.960000000000001,0.773,0.0,1.103961399999999,1.0,0.0,0.0,17.272000000000002,0.0,0.0,2.0,1.668,0.0,0.0,0.0,0.0,1.0,5.0,0.0,1.0,5.0,13.0,1.61,73.0,4.8,1.0,4.8,0.2899999999999998,0.0,74.0,1.63,1.63,1084.1760000000002,225.4,1.9,2183.0,119.0,0.1546,1687.0,-64.2651,1.01e-06
Fe2VAl0.8Si0.2,Fe2.000,V1.000,Al0.800Si0.200,290.4912,3.960000000000001,0.773,0.0,1.103961399999999,1.0,0.0,0.0,17.272000000000002,0.0,0.0,2.0,1.668,0.0,0.0,0.0,0.0,1.0,5.0,0.0,1.0,5.0,13.0,1.61,73.0,4.8,1.0,4.8,0.2899999999999998,0.0,74.0,1.63,1.63,1084.1760000000002,225.4,1.9,2183.0,119.0,0.1546,1687.0,-81.9079,1.68e-06
Fe2VAl0.8Si0.2,Fe2.000,V1.000,Al0.800Si0.200,402.9712,3.960000000000001,0.773,0.0,1.103961399999999,1.0,0.0,0.0,17.272000000000002,0.0,0.0,2.0,1.668,0.0,0.0,0.0,0.0,1.0,5.0,0.0,1.0,5.0,13.0,1.61,73.0,4.8,1.0,4.8,0.2899999999999998,0.0,74.0,1.63,1.63,1084.1760000000002,225.4,1.9,2183.0,119.0,0.1546,1687.0,-100.5387,2.47e-06
Fe2V0.9AlTi0.1,Fe2.000,V1.000,Al0.909Ti0.091,302.2167,0.2100000000000008,0.0,0.0,20.885461399999997,9.0,0.0,2.25333333333e-05,16.49911,8.0,0.728,31.0,1.60363,8.0,1.0,0.0,0.0,1.0,8.0,0.0,3.0,30.0,4.0,1.54,43.0,5.273,9.0,4.545,0.07,0.0,70.27,1.63,1.63,1025.15523,222.179,1.61,2183.0,124.549,0.0,1941.0,67.1623,1.8e-05
Fe2V0.9AlTi0.1,Fe2.000,V1.000,Al0.909Ti0.091,364.2857,0.2100000000000008,0.0,0.0,20.885461399999997,9.0,0.0,2.25333333333e-05,16.49911,8.0,0.728,31.0,1.60363,8.0,1.0,0.0,0.0,1.0,8.0,0.0,3.0,30.0,4.0,1.54,43.0,5.273,9.0,4.545,0.07,0.0,70.27,1.63,1.63,1025.15523,222.179,1.61,2183.0,124.549,0.0,1941.0,78.9563,2.21e-05
Fe2V0.9AlTi0.1,Fe2.000,V1.000,Al0.909Ti0.091,427.8325,0.2100000000000008,0.0,0.0,20.885461399999997,9.0,0.0,2.25333333333e-05,16.49911,8.0,0.728,31.0,1.60363,8.0,1.0,0.0,0.0,1.0,8.0,0.0,3.0,30.0,4.0,1.54,43.0,5.273,9.0,4.545,0.07,0.0,70.27,1.63,1.63,1025.15523,222.179,1.61,2183.0,124.549,0.0,1941.0,85.8211,2.61e-05
Fe2V0.9AlTi0.1,Fe2.000,V1.000,Al0.909Ti0.091,526.1084,0.2100000000000008,0.0,0.0,20.885461399999997,9.0,0.0,2.25333333333e-05,16.49911,8.0,0.728,31.0,1.60363,8.0,1.0,0.0,0.0,1.0,8.0,0.0,3.0,30.0,4.0,1.54,43.0,5.273,9.0,4.545,0.07,0.0,70.27,1.63,1.63,1025.15523,222.179,1.61,2183.0,124.549,0.0,1941.0,77.882,3.15e-05
Fe2V0.9AlTi0.1,Fe2.000,V1.000,Al0.909Ti0.091,643.5961,0.2100000000000008,0.0,0.0,20.885461399999997,9.0,0.0,2.25333333333e-05,16.49911,8.0,0.728,31.0,1.60363,8.0,1.0,0.0,0.0,1.0,8.0,0.0,3.0,30.0,4.0,1.54,43.0,5.273,9.0,4.545,0.07,0.0,70.27,1.63,1.63,1025.15523,222.179,1.61,2183.0,124.549,0.0,1941.0,54.8188,3.59e-05
Fe2V0.9AlTi0.1,Fe2.000,V1.000,Al0.909Ti0.091,727.0936,0.2100000000000008,0.0,0.0,20.885461399999997,9.0,0.0,2.25333333333e-05,16.49911,8.0,0.728,31.0,1.60363,8.0,1.0,0.0,0.0,1.0,8.0,0.0,3.0,30.0,4.0,1.54,43.0,5.273,9.0,4.545,0.07,0.0,70.27,1.63,1.63,1025.15523,222.179,1.61,2183.0,124.549,0.0,1941.0,38.0169,3.74e-05
Fe2V0.9AlTi0.1,Fe2.000,V1.000,Al0.909Ti0.091,803.202,0.2100000000000008,0.0,0.0,20.885461399999997,9.0,0.0,2.25333333333e-05,16.49911,8.0,0.728,31.0,1.60363,8.0,1.0,0.0,0.0,1.0,8.0,0.0,3.0,30.0,4.0,1.54,43.0,5.273,9.0,4.545,0.07,0.0,70.27,1.63,1.63,1025.15523,222.179,1.61,2183.0,124.549,0.0,1941.0,25.1616,3.8e-05
Fe2V0.8Al0.9Ti0.3,Fe2.000,V0.727Ti0.273,Al1.000,294.8276,0.0,0.0,2.25333333333e-05,0.0,0.0,35.0,0.0,16.48,0.0,0.0,0.0,1.61,0.0,0.0,6.151599999990901e-06,0.0,0.0,5.0,2.25333333333e-05,0.0,0.0,13.0,1.61,73.0,5.0,0.0,5.0,0.0,0.0899999999999998,73.0,1.60543,1.54,933.47,225.0,1.61,2116.934,121.0,0.0,933.47,113.4925,4.02e-05
Fe2V0.8Al0.9Ti0.3,Fe2.000,V0.727Ti0.273,Al1.000,352.4631,0.0,0.0,2.25333333333e-05,0.0,0.0,35.0,0.0,16.48,0.0,0.0,0.0,1.61,0.0,0.0,6.151599999990901e-06,0.0,0.0,5.0,2.25333333333e-05,0.0,0.0,13.0,1.61,73.0,5.0,0.0,5.0,0.0,0.0899999999999998,73.0,1.60543,1.54,933.47,225.0,1.61,2116.934,121.0,0.0,933.47,122.3319,4.52e-05
Fe2V0.8Al0.9Ti0.3,Fe2.000,V0.727Ti0.273,Al1.000,464.0394,0.0,0.0,2.25333333333e-05,0.0,0.0,35.0,0.0,16.48,0.0,0.0,0.0,1.61,0.0,0.0,6.151599999990901e-06,0.0,0.0,5.0,2.25333333333e-05,0.0,0.0,13.0,1.61,73.0,5.0,0.0,5.0,0.0,0.0899999999999998,73.0,1.60543,1.54,933.47,225.0,1.61,2116.934,121.0,0.0,933.47,114.057,5.07e-05
Fe2V0.8Al0.9Ti0.3,Fe2.000,V0.727Ti0.273,Al1.000,627.3399,0.0,0.0,2.25333333333e-05,0.0,0.0,35.0,0.0,16.48,0.0,0.0,0.0,1.61,0.0,0.0,6.151599999990901e-06,0.0,0.0,5.0,2.25333333333e-05,0.0,0.0,13.0,1.61,73.0,5.0,0.0,5.0,0.0,0.0899999999999998,73.0,1.60543,1.54,933.47,225.0,1.61,2116.934,121.0,0.0,933.47,68.627,4.68e-05
Fe2V0.8Al0.9Ti0.3,Fe2.000,V0.727Ti0.273,Al1.000,704.9261,0.0,0.0,2.25333333333e-05,0.0,0.0,35.0,0.0,16.48,0.0,0.0,0.0,1.61,0.0,0.0,6.151599999990901e-06,0.0,0.0,5.0,2.25333333333e-05,0.0,0.0,13.0,1.61,73.0,5.0,0.0,5.0,0.0,0.0899999999999998,73.0,1.60543,1.54,933.47,225.0,1.61,2116.934,121.0,0.0,933.47,45.2572,4.3e-05
Fe2V0.8Al0.9Ti0.3,Fe2.000,V0.727Ti0.273,Al1.000,864.532,0.0,0.0,2.25333333333e-05,0.0,0.0,35.0,0.0,16.48,0.0,0.0,0.0,1.61,0.0,0.0,6.151599999990901e-06,0.0,0.0,5.0,2.25333333333e-05,0.0,0.0,13.0,1.61,73.0,5.0,0.0,5.0,0.0,0.0899999999999998,73.0,1.60543,1.54,933.47,225.0,1.61,2116.934,121.0,0.0,933.47,12.6429,3.54e-05
Fe2V1.1Al0.9,Fe2.000,V1.000,Al1.000,299.6328,0.0,0.0,0.0,0.0,0.0,0.0,0.0,16.48,0.0,0.0,0.0,1.61,0.0,0.0,0.0,0.0,0.0,5.0,0.0,0.0,0.0,13.0,1.61,73.0,5.0,0.0,5.0,0.0,0.0,73.0,1.63,1.63,933.47,225.0,1.61,2183.0,121.0,0.0,933.47,-114.2625,2.19e-05
Fe2V1.1Al0.9,Fe2.000,V1.000,Al1.000,375.7938,0.0,0.0,0.0,0.0,0.0,0.0,0.0,16.48,0.0,0.0,0.0,1.61,0.0,0.0,0.0,0.0,0.0,5.0,0.0,0.0,0.0,13.0,1.61,73.0,5.0,0.0,5.0,0.0,0.0,73.0,1.63,1.63,933.47,225.0,1.61,2183.0,121.0,0.0,933.47,-132.4364,2.69e-05
Fe2V1.1Al0.9,Fe2.000,V1.000,Al1.000,450.426,0.0,0.0,0.0,0.0,0.0,0.0,0.0,16.48,0.0,0.0,0.0,1.61,0.0,0.0,0.0,0.0,0.0,5.0,0.0,0.0,0.0,13.0,1.61,73.0,5.0,0.0,5.0,0.0,0.0,73.0,1.63,1.63,933.47,225.0,1.61,2183.0,121.0,0.0,933.47,-144.0446,3.17e-05
Fe2V1.1Al0.9,Fe2.000,V1.000,Al1.000,517.6041,0.0,0.0,0.0,0.0,0.0,0.0,0.0,16.48,0.0,0.0,0.0,1.61,0.0,0.0,0.0,0.0,0.0,5.0,0.0,0.0,0.0,13.0,1.61,73.0,5.0,0.0,5.0,0.0,0.0,73.0,1.63,1.63,933.47,225.0,1.61,2183.0,121.0,0.0,933.47,-146.4519,3.48e-05
Fe2V1.1Al0.9,Fe2.000,V1.000,Al1.000,614.9669,0.0,0.0,0.0,0.0,0.0,0.0,0.0,16.48,0.0,0.0,0.0,1.61,0.0,0.0,0.0,0.0,0.0,5.0,0.0,0.0,0.0,13.0,1.61,73.0,5.0,0.0,5.0,0.0,0.0,73.0,1.63,1.63,933.47,225.0,1.61,2183.0,121.0,0.0,933.47,-139.7203,3.58e-05
Fe2V1.1Al0.9,Fe2.000,V1.000,Al1.000,696.0193,0.0,0.0,0.0,0.0,0.0,0.0,0.0,16.48,0.0,0.0,0.0,1.61,0.0,0.0,0.0,0.0,0.0,5.0,0.0,0.0,0.0,13.0,1.61,73.0,5.0,0.0,5.0,0.0,0.0,73.0,1.63,1.63,933.47,225.0,1.61,2183.0,121.0,0.0,933.47,-123.7733,3.41e-05
Fe2VAl0.8T0.2,Fe2.000,V1.000,Al0.800H0.200,293.6256,9.865,7.853,0.0,25.9735986,12.0,0.0,0.0,14.507,0.0,0.0,31.0,1.7280000000000002,0.0,2.0,0.0,0.0,2.0,5.0,0.0,4.0,19.0,1.0,1.61,73.0,4.2,12.0,4.0,0.5900000000000001,0.0,76.80000000000001,1.63,1.63,749.5780000000001,218.8,2.2,2183.0,103.0,1.5706,933.47,-101.4543,3.33e-05
Fe2VAl0.8T0.2,Fe2.000,V1.000,Al0.800H0.200,373.453,9.865,7.853,0.0,25.9735986,12.0,0.0,0.0,14.507,0.0,0.0,31.0,1.7280000000000002,0.0,2.0,0.0,0.0,2.0,5.0,0.0,4.0,19.0,1.0,1.61,73.0,4.2,12.0,4.0,0.5900000000000001,0.0,76.80000000000001,1.63,1.63,749.5780000000001,218.8,2.2,2183.0,103.0,1.5706,933.47,-116.6808,4e-05
Fe2VAl0.8T0.2,Fe2.000,V1.000,Al0.800H0.200,448.0693,9.865,7.853,0.0,25.9735986,12.0,0.0,0.0,14.507,0.0,0.0,31.0,1.7280000000000002,0.0,2.0,0.0,0.0,2.0,5.0,0.0,4.0,19.0,1.0,1.61,73.0,4.2,12.0,4.0,0.5900000000000001,0.0,76.80000000000001,1.63,1.63,749.5780000000001,218.8,2.2,2183.0,103.0,1.5706,933.47,-126.3199,4.55e-05
Fe2VAl0.8T0.2,Fe2.000,V1.000,Al0.800H0.200,540.9987,9.865,7.853,0.0,25.9735986,12.0,0.0,0.0,14.507,0.0,0.0,31.0,1.7280000000000002,0.0,2.0,0.0,0.0,2.0,5.0,0.0,4.0,19.0,1.0,1.61,73.0,4.2,12.0,4.0,0.5900000000000001,0.0,76.80000000000001,1.63,1.63,749.5780000000001,218.8,2.2,2183.0,103.0,1.5706,933.47,-118.9247,4.86e-05
Fe2VAl0.8T0.2,Fe2.000,V1.000,Al0.800H0.200,656.6745,9.865,7.853,0.0,25.9735986,12.0,0.0,0.0,14.507,0.0,0.0,31.0,1.7280000000000002,0.0,2.0,0.0,0.0,2.0,5.0,0.0,4.0,19.0,1.0,1.61,73.0,4.2,12.0,4.0,0.5900000000000001,0.0,76.80000000000001,1.63,1.63,749.5780000000001,218.8,2.2,2183.0,103.0,1.5706,933.47,-95.1586,4.72e-05
Fe2VAl0.8T0.2,Fe2.000,V1.000,Al0.800H0.200,755.3654,9.865,7.853,0.0,25.9735986,12.0,0.0,0.0,14.507,0.0,0.0,31.0,1.7280000000000002,0.0,2.0,0.0,0.0,2.0,5.0,0.0,4.0,19.0,1.0,1.61,73.0,4.2,12.0,4.0,0.5900000000000001,0.0,76.80000000000001,1.63,1.63,749.5780000000001,218.8,2.2,2183.0,103.0,1.5706,933.47,-70.0521,4.3e-05
Fe2VAl0.8T0.2,Fe2.000,V1.000,Al0.800H0.200,804.7016,9.865,7.853,0.0,25.9735986,12.0,0.0,0.0,14.507,0.0,0.0,31.0,1.7280000000000002,0.0,2.0,0.0,0.0,2.0,5.0,0.0,4.0,19.0,1.0,1.61,73.0,4.2,12.0,4.0,0.5900000000000001,0.0,76.80000000000001,1.63,1.63,749.5780000000001,218.8,2.2,2183.0,103.0,1.5706,933.47,-56.3502,4.14e-05
Fe2V0.9Al0.7T0.4,Fe2.000,V1.000,Al0.636H0.364,288.4515,9.865,7.853,0.0,25.9735986,12.0,0.0,0.0,12.88914,0.0,0.0,31.0,1.82476,0.0,2.0,0.0,0.0,2.0,5.0,0.0,4.0,19.0,1.0,1.61,73.0,3.544,12.0,3.18,0.5900000000000001,0.0,79.916,1.63,1.63,598.78656,213.716,2.2,2183.0,88.24000000000001,2.858492,933.47,-100.4614,3.91e-05
Fe2V0.9Al0.7T0.4,Fe2.000,V1.000,Al0.636H0.364,361.6341,9.865,7.853,0.0,25.9735986,12.0,0.0,0.0,12.88914,0.0,0.0,31.0,1.82476,0.0,2.0,0.0,0.0,2.0,5.0,0.0,4.0,19.0,1.0,1.61,73.0,3.544,12.0,3.18,0.5900000000000001,0.0,79.916,1.63,1.63,598.78656,213.716,2.2,2183.0,88.24000000000001,2.858492,933.47,-115.3488,4.38e-05
Fe2V0.9Al0.7T0.4,Fe2.000,V1.000,Al0.636H0.364,454.6586,9.865,7.853,0.0,25.9735986,12.0,0.0,0.0,12.88914,0.0,0.0,31.0,1.82476,0.0,2.0,0.0,0.0,2.0,5.0,0.0,4.0,19.0,1.0,1.61,73.0,3.544,12.0,3.18,0.5900000000000001,0.0,79.916,1.63,1.63,598.78656,213.716,2.2,2183.0,88.24000000000001,2.858492,933.47,-119.7675,4.9e-05
Fe2V0.9Al0.7T0.4,Fe2.000,V1.000,Al0.636H0.364,552.7356,9.865,7.853,0.0,25.9735986,12.0,0.0,0.0,12.88914,0.0,0.0,31.0,1.82476,0.0,2.0,0.0,0.0,2.0,5.0,0.0,4.0,19.0,1.0,1.61,73.0,3.544,12.0,3.18,0.5900000000000001,0.0,79.916,1.63,1.63,598.78656,213.716,2.2,2183.0,88.24000000000001,2.858492,933.47,-110.0836,4.85e-05
Fe2V0.9Al0.7T0.4,Fe2.000,V1.000,Al0.636H0.364,654.4156,9.865,7.853,0.0,25.9735986,12.0,0.0,0.0,12.88914,0.0,0.0,31.0,1.82476,0.0,2.0,0.0,0.0,2.0,5.0,0.0,4.0,19.0,1.0,1.61,73.0,3.544,12.0,3.18,0.5900000000000001,0.0,79.916,1.63,1.63,598.78656,213.716,2.2,2183.0,88.24000000000001,2.858492,933.47,-89.5762,4.41e-05
Fe2V0.9Al0.7T0.4,Fe2.000,V1.000,Al0.636H0.364,756.077,9.865,7.853,0.0,25.9735986,12.0,0.0,0.0,12.88914,0.0,0.0,31.0,1.82476,0.0,2.0,0.0,0.0,2.0,5.0,0.0,4.0,19.0,1.0,1.61,73.0,3.544,12.0,3.18,0.5900000000000001,0.0,79.916,1.63,1.63,598.78656,213.716,2.2,2183.0,88.24000000000001,2.858492,933.47,-66.7716,3.87e-05
Fe2V0.9Al0.7T0.4,Fe2.000,V1.000,Al0.636H0.364,857.7807,9.865,7.853,0.0,25.9735986,12.0,0.0,0.0,12.88914,0.0,0.0,31.0,1.82476,0.0,2.0,0.0,0.0,2.0,5.0,0.0,4.0,19.0,1.0,1.61,73.0,3.544,12.0,3.18,0.5900000000000001,0.0,79.916,1.63,1.63,598.78656,213.716,2.2,2183.0,88.24000000000001,2.858492,933.47,-49.2177,3.37e-05
Fe2V0.9Ti0.1Al,Fe2.000,V1.000,Ti0.091Al0.909,348.894,0.2100000000000008,0.0,0.0,20.885461399999997,9.0,0.0,2.25333333333e-05,16.49911,8.0,0.728,31.0,1.60363,8.0,1.0,0.0,0.0,1.0,8.0,0.0,3.0,30.0,4.0,1.54,43.0,5.273,9.0,4.545,0.07,0.0,70.27,1.63,1.63,1025.15523,222.179,1.61,2183.0,124.549,0.0,1941.0,85.3985,3.25e-06
Fe2V0.9Ti0.1Al,Fe2.000,V1.000,Ti0.091Al0.909,389.686,0.2100000000000008,0.0,0.0,20.885461399999997,9.0,0.0,2.25333333333e-05,16.49911,8.0,0.728,31.0,1.60363,8.0,1.0,0.0,0.0,1.0,8.0,0.0,3.0,30.0,4.0,1.54,43.0,5.273,9.0,4.545,0.07,0.0,70.27,1.63,1.63,1025.15523,222.179,1.61,2183.0,124.549,0.0,1941.0,88.1196,3.42e-06
Fe2V0.9Ti0.1Al,Fe2.000,V1.000,Ti0.091Al0.909,443.297,0.2100000000000008,0.0,0.0,20.885461399999997,9.0,0.0,2.25333333333e-05,16.49911,8.0,0.728,31.0,1.60363,8.0,1.0,0.0,0.0,1.0,8.0,0.0,3.0,30.0,4.0,1.54,43.0,5.273,9.0,4.545,0.07,0.0,70.27,1.63,1.63,1025.15523,222.179,1.61,2183.0,124.549,0.0,1941.0,82.8577,3.62e-06
Fe2V0.9Ti0.1Al,Fe2.000,V1.000,Ti0.091Al0.909,490.464,0.2100000000000008,0.0,0.0,20.885461399999997,9.0,0.0,2.25333333333e-05,16.49911,8.0,0.728,31.0,1.60363,8.0,1.0,0.0,0.0,1.0,8.0,0.0,3.0,30.0,4.0,1.54,43.0,5.273,9.0,4.545,0.07,0.0,70.27,1.63,1.63,1025.15523,222.179,1.61,2183.0,124.549,0.0,1941.0,76.9206,3.68e-06
Fe2V0.9Ti0.1Al,Fe2.000,V1.000,Ti0.091Al0.909,542.988,0.2100000000000008,0.0,0.0,20.885461399999997,9.0,0.0,2.25333333333e-05,16.49911,8.0,0.728,31.0,1.60363,8.0,1.0,0.0,0.0,1.0,8.0,0.0,3.0,30.0,4.0,1.54,43.0,5.273,9.0,4.545,0.07,0.0,70.27,1.63,1.63,1025.15523,222.179,1.61,2183.0,124.549,0.0,1941.0,69.6573,3.79e-06
Fe2V0.9Ti0.1Al,Fe2.000,V1.000,Ti0.091Al0.909,594.404,0.2100000000000008,0.0,0.0,20.885461399999997,9.0,0.0,2.25333333333e-05,16.49911,8.0,0.728,31.0,1.60363,8.0,1.0,0.0,0.0,1.0,8.0,0.0,3.0,30.0,4.0,1.54,43.0,5.273,9.0,4.545,0.07,0.0,70.27,1.63,1.63,1025.15523,222.179,1.61,2183.0,124.549,0.0,1941.0,57.7259,3.85e-06
Fe2V0.9Ti0.1Al,Fe2.000,V1.000,Ti0.091Al0.909,644.748,0.2100000000000008,0.0,0.0,20.885461399999997,9.0,0.0,2.25333333333e-05,16.49911,8.0,0.728,31.0,1.60363,8.0,1.0,0.0,0.0,1.0,8.0,0.0,3.0,30.0,4.0,1.54,43.0,5.273,9.0,4.545,0.07,0.0,70.27,1.63,1.63,1025.15523,222.179,1.61,2183.0,124.549,0.0,1941.0,45.793,3.7e-06
Fe2V0.9Ti0.1Al,Fe2.000,V1.000,Ti0.091Al0.909,696.174,0.2100000000000008,0.0,0.0,20.885461399999997,9.0,0.0,2.25333333333e-05,16.49911,8.0,0.728,31.0,1.60363,8.0,1.0,0.0,0.0,1.0,8.0,0.0,3.0,30.0,4.0,1.54,43.0,5.273,9.0,4.545,0.07,0.0,70.27,1.63,1.63,1025.15523,222.179,1.61,2183.0,124.549,0.0,1941.0,35.1949,3.66e-06
Fe2V0.9Ti0.1Al,Fe2.000,V1.000,Ti0.091Al0.909,747.606,0.2100000000000008,0.0,0.0,20.885461399999997,9.0,0.0,2.25333333333e-05,16.49911,8.0,0.728,31.0,1.60363,8.0,1.0,0.0,0.0,1.0,8.0,0.0,3.0,30.0,4.0,1.54,43.0,5.273,9.0,4.545,0.07,0.0,70.27,1.63,1.63,1025.15523,222.179,1.61,2183.0,124.549,0.0,1941.0,25.2635,3.54e-06
Fe2VAl,Fe2.000,V1.000,Al1.000,348.107,0.0,0.0,0.0,0.0,0.0,0.0,0.0,16.48,0.0,0.0,0.0,1.61,0.0,0.0,0.0,0.0,0.0,5.0,0.0,0.0,0.0,13.0,1.61,73.0,5.0,0.0,5.0,0.0,0.0,73.0,1.63,1.63,933.47,225.0,1.61,2183.0,121.0,0.0,933.47,-24.6025,9.57e-06
Fe2VAl,Fe2.000,V1.000,Al1.000,397.483,0.0,0.0,0.0,0.0,0.0,0.0,0.0,16.48,0.0,0.0,0.0,1.61,0.0,0.0,0.0,0.0,0.0,5.0,0.0,0.0,0.0,13.0,1.61,73.0,5.0,0.0,5.0,0.0,0.0,73.0,1.63,1.63,933.47,225.0,1.61,2183.0,121.0,0.0,933.47,-21.87,7.77e-06
Fe2VAl,Fe2.000,V1.000,Al1.000,442.572,0.0,0.0,0.0,0.0,0.0,0.0,0.0,16.48,0.0,0.0,0.0,1.61,0.0,0.0,0.0,0.0,0.0,5.0,0.0,0.0,0.0,13.0,1.61,73.0,5.0,0.0,5.0,0.0,0.0,73.0,1.63,1.63,933.47,225.0,1.61,2183.0,121.0,0.0,933.47,-18.4766,6.56e-06
Fe2VAl,Fe2.000,V1.000,Al1.000,495.176,0.0,0.0,0.0,0.0,0.0,0.0,0.0,16.48,0.0,0.0,0.0,1.61,0.0,0.0,0.0,0.0,0.0,5.0,0.0,0.0,0.0,13.0,1.61,73.0,5.0,0.0,5.0,0.0,0.0,73.0,1.63,1.63,933.47,225.0,1.61,2183.0,121.0,0.0,933.47,-14.4064,5.54e-06
Fe2VAl,Fe2.000,V1.000,Al1.000,542.406,0.0,0.0,0.0,0.0,0.0,0.0,0.0,16.48,0.0,0.0,0.0,1.61,0.0,0.0,0.0,0.0,0.0,5.0,0.0,0.0,0.0,13.0,1.61,73.0,5.0,0.0,5.0,0.0,0.0,73.0,1.63,1.63,933.47,225.0,1.61,2183.0,121.0,0.0,933.47,-11.6768,4.92e-06
Fe2VAl,Fe2.000,V1.000,Al1.000,592.84,0.0,0.0,0.0,0.0,0.0,0.0,0.0,16.48,0.0,0.0,0.0,1.61,0.0,0.0,0.0,0.0,0.0,5.0,0.0,0.0,0.0,13.0,1.61,73.0,5.0,0.0,5.0,0.0,0.0,73.0,1.63,1.63,933.47,225.0,1.61,2183.0,121.0,0.0,933.47,-10.9429,4.44e-06
Fe2VAl,Fe2.000,V1.000,Al1.000,644.348,0.0,0.0,0.0,0.0,0.0,0.0,0.0,16.48,0.0,0.0,0.0,1.61,0.0,0.0,0.0,0.0,0.0,5.0,0.0,0.0,0.0,13.0,1.61,73.0,5.0,0.0,5.0,0.0,0.0,73.0,1.63,1.63,933.47,225.0,1.61,2183.0,121.0,0.0,933.47,-10.2075,4.1e-06
Fe2VAl,Fe2.000,V1.000,Al1.000,693.704,0.0,0.0,0.0,0.0,0.0,0.0,0.0,16.48,0.0,0.0,0.0,1.61,0.0,0.0,0.0,0.0,0.0,5.0,0.0,0.0,0.0,13.0,1.61,73.0,5.0,0.0,5.0,0.0,0.0,73.0,1.63,1.63,933.47,225.0,1.61,2183.0,121.0,0.0,933.47,-10.1417,3.88e-06
Fe2VAl,Fe2.000,V1.000,Al1.000,750.581,0.0,0.0,0.0,0.0,0.0,0.0,0.0,16.48,0.0,0.0,0.0,1.61,0.0,0.0,0.0,0.0,0.0,5.0,0.0,0.0,0.0,13.0,1.61,73.0,5.0,0.0,5.0,0.0,0.0,73.0,1.63,1.63,933.47,225.0,1.61,2183.0,121.0,0.0,933.47,-8.7326,3.48e-06
Fe2V0.75Ti0.15W0.1Al,Fe2.000,V0.833Ti0.167,W0.091Al0.909,350.62,0.4299999999999997,0.0,2.25333333333e-05,156.8584614,61.0,35.0,0.0,16.44087,6.0,0.546,4.0,1.6782500000000002,6.0,3.0,3.7630666666611e-06,14.0,17.0,6.0,2.25333333333e-05,1.0,22.0,6.0,1.61,51.0,5.091,7.0,4.545,0.7499999999999998,0.0899999999999998,70.998,1.6149699999999998,1.54,1184.76923,225.364,2.36,2142.586,124.731,0.0,3695.0,26.7342,9.82e-06
Fe2V0.75Ti0.15W0.1Al,Fe2.000,V0.833Ti0.167,W0.091Al0.909,392.4,0.4299999999999997,0.0,2.25333333333e-05,156.8584614,61.0,35.0,0.0,16.44087,6.0,0.546,4.0,1.6782500000000002,6.0,3.0,3.7630666666611e-06,14.0,17.0,6.0,2.25333333333e-05,1.0,22.0,6.0,1.61,51.0,5.091,7.0,4.545,0.7499999999999998,0.0899999999999998,70.998,1.6149699999999998,1.54,1184.76923,225.364,2.36,2142.586,124.731,0.0,3695.0,17.4565,8.36e-06
Fe2V0.75Ti0.15W0.1Al,Fe2.000,V0.833Ti0.167,W0.091Al0.909,442.801,0.4299999999999997,0.0,2.25333333333e-05,156.8584614,61.0,35.0,0.0,16.44087,6.0,0.546,4.0,1.6782500000000002,6.0,3.0,3.7630666666611e-06,14.0,17.0,6.0,2.25333333333e-05,1.0,22.0,6.0,1.61,51.0,5.091,7.0,4.545,0.7499999999999998,0.0899999999999998,70.998,1.6149699999999998,1.54,1184.76923,225.364,2.36,2142.586,124.731,0.0,3695.0,13.5237,7.18e-06
Fe2V0.75Ti0.15W0.1Al,Fe2.000,V0.833Ti0.167,W0.091Al0.909,494.265,0.4299999999999997,0.0,2.25333333333e-05,156.8584614,61.0,35.0,0.0,16.44087,6.0,0.546,4.0,1.6782500000000002,6.0,3.0,3.7630666666611e-06,14.0,17.0,6.0,2.25333333333e-05,1.0,22.0,6.0,1.61,51.0,5.091,7.0,4.545,0.7499999999999998,0.0899999999999998,70.998,1.6149699999999998,1.54,1184.76923,225.364,2.36,2142.586,124.731,0.0,3695.0,8.259,6.19e-06
Fe2V0.75Ti0.15W0.1Al,Fe2.000,V0.833Ti0.167,W0.091Al0.909,544.666,0.4299999999999997,0.0,2.25333333333e-05,156.8584614,61.0,35.0,0.0,16.44087,6.0,0.546,4.0,1.6782500000000002,6.0,3.0,3.7630666666611e-06,14.0,17.0,6.0,2.25333333333e-05,1.0,22.0,6.0,1.61,51.0,5.091,7.0,4.545,0.7499999999999998,0.0899999999999998,70.998,1.6149699999999998,1.54,1184.76923,225.364,2.36,2142.586,124.731,0.0,3695.0,4.3262,5.51e-06
Fe2V0.75Ti0.15W0.1Al,Fe2.000,V0.833Ti0.167,W0.091Al0.909,592.921,0.4299999999999997,0.0,2.25333333333e-05,156.8584614,61.0,35.0,0.0,16.44087,6.0,0.546,4.0,1.6782500000000002,6.0,3.0,3.7630666666611e-06,14.0,17.0,6.0,2.25333333333e-05,1.0,22.0,6.0,1.61,51.0,5.091,7.0,4.545,0.7499999999999998,0.0899999999999998,70.998,1.6149699999999998,1.54,1184.76923,225.364,2.36,2142.586,124.731,0.0,3695.0,0.3906,4.97e-06
Fe2V0.75Ti0.15W0.1Al,Fe2.000,V0.833Ti0.167,W0.091Al0.909,648.697,0.4299999999999997,0.0,2.25333333333e-05,156.8584614,61.0,35.0,0.0,16.44087,6.0,0.546,4.0,1.6782500000000002,6.0,3.0,3.7630666666611e-06,14.0,17.0,6.0,2.25333333333e-05,1.0,22.0,6.0,1.61,51.0,5.091,7.0,4.545,0.7499999999999998,0.0899999999999998,70.998,1.6149699999999998,1.54,1184.76923,225.364,2.36,2142.586,124.731,0.0,3695.0,-2.2017,4.49e-06
Fe2V0.75Ti0.15W0.1Al,Fe2.000,V0.833Ti0.167,W0.091Al0.909,694.815,0.4299999999999997,0.0,2.25333333333e-05,156.8584614,61.0,35.0,0.0,16.44087,6.0,0.546,4.0,1.6782500000000002,6.0,3.0,3.7630666666611e-06,14.0,17.0,6.0,2.25333333333e-05,1.0,22.0,6.0,1.61,51.0,5.091,7.0,4.545,0.7499999999999998,0.0899999999999998,70.998,1.6149699999999998,1.54,1184.76923,225.364,2.36,2142.586,124.731,0.0,3695.0,-4.8069,4.16e-06
Fe2V0.75Ti0.15W0.1Al,Fe2.000,V0.833Ti0.167,W0.091Al0.909,746.323,0.4299999999999997,0.0,2.25333333333e-05,156.8584614,61.0,35.0,0.0,16.44087,6.0,0.546,4.0,1.6782500000000002,6.0,3.0,3.7630666666611e-06,14.0,17.0,6.0,2.25333333333e-05,1.0,22.0,6.0,1.61,51.0,5.091,7.0,4.545,0.7499999999999998,0.0899999999999998,70.998,1.6149699999999998,1.54,1184.76923,225.364,2.36,2142.586,124.731,0.0,3695.0,-4.0716,3.91e-06
Fe2V0.7Ti0.2W0.1Al,Fe2.000,V0.778Ti0.222,W0.091Al0.909,348.866,0.4299999999999997,0.0,2.25333333333e-05,156.8584614,61.0,35.0,0.0,16.44087,6.0,0.546,4.0,1.6782500000000002,6.0,3.0,5.0023999999926e-06,14.0,17.0,6.0,2.25333333333e-05,1.0,22.0,6.0,1.61,51.0,5.091,7.0,4.545,0.7499999999999998,0.0899999999999998,70.998,1.61002,1.54,1184.76923,225.364,2.36,2129.276,124.731,0.0,3695.0,81.3985,7.57e-06
Fe2V0.7Ti0.2W0.1Al,Fe2.000,V0.778Ti0.222,W0.091Al0.909,393.887,0.4299999999999997,0.0,2.25333333333e-05,156.8584614,61.0,35.0,0.0,16.44087,6.0,0.546,4.0,1.6782500000000002,6.0,3.0,5.0023999999926e-06,14.0,17.0,6.0,2.25333333333e-05,1.0,22.0,6.0,1.61,51.0,5.091,7.0,4.545,0.7499999999999998,0.0899999999999998,70.998,1.61002,1.54,1184.76923,225.364,2.36,2129.276,124.731,0.0,3695.0,75.4585,7e-06
Fe2V0.7Ti0.2W0.1Al,Fe2.000,V0.778Ti0.222,W0.091Al0.909,445.29,0.4299999999999997,0.0,2.25333333333e-05,156.8584614,61.0,35.0,0.0,16.44087,6.0,0.546,4.0,1.6782500000000002,6.0,3.0,5.0023999999926e-06,14.0,17.0,6.0,2.25333333333e-05,1.0,22.0,6.0,1.61,51.0,5.091,7.0,4.545,0.7499999999999998,0.0899999999999998,70.998,1.61002,1.54,1184.76923,225.364,2.36,2129.276,124.731,0.0,3695.0,61.5271,6.34e-06
Fe2V0.7Ti0.2W0.1Al,Fe2.000,V0.778Ti0.222,W0.091Al0.909,494.556,0.4299999999999997,0.0,2.25333333333e-05,156.8584614,61.0,35.0,0.0,16.44087,6.0,0.546,4.0,1.6782500000000002,6.0,3.0,5.0023999999926e-06,14.0,17.0,6.0,2.25333333333e-05,1.0,22.0,6.0,1.61,51.0,5.091,7.0,4.545,0.7499999999999998,0.0899999999999998,70.998,1.61002,1.54,1184.76923,225.364,2.36,2129.276,124.731,0.0,3695.0,48.9261,5.82e-06
Fe2V0.7Ti0.2W0.1Al,Fe2.000,V0.778Ti0.222,W0.091Al0.909,543.832,0.4299999999999997,0.0,2.25333333333e-05,156.8584614,61.0,35.0,0.0,16.44087,6.0,0.546,4.0,1.6782500000000002,6.0,3.0,5.0023999999926e-06,14.0,17.0,6.0,2.25333333333e-05,1.0,22.0,6.0,1.61,51.0,5.091,7.0,4.545,0.7499999999999998,0.0899999999999998,70.998,1.61002,1.54,1184.76923,225.364,2.36,2129.276,124.731,0.0,3695.0,37.6584,5.24e-06
Fe2V0.7Ti0.2W0.1Al,Fe2.000,V0.778Ti0.222,W0.091Al0.909,595.267,0.4299999999999997,0.0,2.25333333333e-05,156.8584614,61.0,35.0,0.0,16.44087,6.0,0.546,4.0,1.6782500000000002,6.0,3.0,5.0023999999926e-06,14.0,17.0,6.0,2.25333333333e-05,1.0,22.0,6.0,1.61,51.0,5.091,7.0,4.545,0.7499999999999998,0.0899999999999998,70.998,1.61002,1.54,1184.76923,225.364,2.36,2129.276,124.731,0.0,3695.0,28.3937,4.77e-06
Fe2V0.7Ti0.2W0.1Al,Fe2.000,V0.778Ti0.222,W0.091Al0.909,645.63,0.4299999999999997,0.0,2.25333333333e-05,156.8584614,61.0,35.0,0.0,16.44087,6.0,0.546,4.0,1.6782500000000002,6.0,3.0,5.0023999999926e-06,14.0,17.0,6.0,2.25333333333e-05,1.0,22.0,6.0,1.61,51.0,5.091,7.0,4.545,0.7499999999999998,0.0899999999999998,70.998,1.61002,1.54,1184.76923,225.364,2.36,2129.276,124.731,0.0,3695.0,19.1275,4.39e-06
Fe2V0.7Ti0.2W0.1Al,Fe2.000,V0.778Ti0.222,W0.091Al0.909,698.158,0.4299999999999997,0.0,2.25333333333e-05,156.8584614,61.0,35.0,0.0,16.44087,6.0,0.546,4.0,1.6782500000000002,6.0,3.0,5.0023999999926e-06,14.0,17.0,6.0,2.25333333333e-05,1.0,22.0,6.0,1.61,51.0,5.091,7.0,4.545,0.7499999999999998,0.0899999999999998,70.998,1.61002,1.54,1184.76923,225.364,2.36,2129.276,124.731,0.0,3695.0,12.5309,4.07e-06
Fe2V0.7Ti0.2W0.1Al,Fe2.000,V0.778Ti0.222,W0.091Al0.909,748.559,0.4299999999999997,0.0,2.25333333333e-05,156.8584614,61.0,35.0,0.0,16.44087,6.0,0.546,4.0,1.6782500000000002,6.0,3.0,5.0023999999926e-06,14.0,17.0,6.0,2.25333333333e-05,1.0,22.0,6.0,1.61,51.0,5.091,7.0,4.545,0.7499999999999998,0.0899999999999998,70.998,1.61002,1.54,1184.76923,225.364,2.36,2129.276,124.731,0.0,3695.0,8.5981,3.79e-06
Fe2V0.65Ti0.25W0.1Al,Fe2.000,V0.722Ti0.278,W0.091Al0.909,351.107,0.4299999999999997,0.0,2.25333333333e-05,156.8584614,61.0,35.0,0.0,16.44087,6.0,0.546,4.0,1.6782500000000002,6.0,3.0,6.264266666657401e-06,14.0,17.0,6.0,2.25333333333e-05,1.0,22.0,6.0,1.61,51.0,5.091,7.0,4.545,0.7499999999999998,0.0899999999999998,70.998,1.60498,1.54,1184.76923,225.364,2.36,2115.724,124.731,0.0,3695.0,94.7348,4.65e-06
Fe2V0.65Ti0.25W0.1Al,Fe2.000,V0.722Ti0.278,W0.091Al0.909,396.162,0.4299999999999997,0.0,2.25333333333e-05,156.8584614,61.0,35.0,0.0,16.44087,6.0,0.546,4.0,1.6782500000000002,6.0,3.0,6.264266666657401e-06,14.0,17.0,6.0,2.25333333333e-05,1.0,22.0,6.0,1.61,51.0,5.091,7.0,4.545,0.7499999999999998,0.0899999999999998,70.998,1.60498,1.54,1184.76923,225.364,2.36,2115.724,124.731,0.0,3695.0,93.4615,4.69e-06
Fe2V0.65Ti0.25W0.1Al,Fe2.000,V0.722Ti0.278,W0.091Al0.909,443.32,0.4299999999999997,0.0,2.25333333333e-05,156.8584614,61.0,35.0,0.0,16.44087,6.0,0.546,4.0,1.6782500000000002,6.0,3.0,6.264266666657401e-06,14.0,17.0,6.0,2.25333333333e-05,1.0,22.0,6.0,1.61,51.0,5.091,7.0,4.545,0.7499999999999998,0.0899999999999998,70.998,1.60498,1.54,1184.76923,225.364,2.36,2115.724,124.731,0.0,3695.0,86.1911,4.62e-06
Fe2V0.65Ti0.25W0.1Al,Fe2.000,V0.722Ti0.278,W0.091Al0.909,492.615,0.4299999999999997,0.0,2.25333333333e-05,156.8584614,61.0,35.0,0.0,16.44087,6.0,0.546,4.0,1.6782500000000002,6.0,3.0,6.264266666657401e-06,14.0,17.0,6.0,2.25333333333e-05,1.0,22.0,6.0,1.61,51.0,5.091,7.0,4.545,0.7499999999999998,0.0899999999999998,70.998,1.60498,1.54,1184.76923,225.364,2.36,2115.724,124.731,0.0,3695.0,77.5902,4.59e-06
Fe2V0.65Ti0.25W0.1Al,Fe2.000,V0.722Ti0.278,W0.091Al0.909,548.324,0.4299999999999997,0.0,2.25333333333e-05,156.8584614,61.0,35.0,0.0,16.44087,6.0,0.546,4.0,1.6782500000000002,6.0,3.0,6.264266666657401e-06,14.0,17.0,6.0,2.25333333333e-05,1.0,22.0,6.0,1.61,51.0,5.091,7.0,4.545,0.7499999999999998,0.0899999999999998,70.998,1.60498,1.54,1184.76923,225.364,2.36,2115.724,124.731,0.0,3695.0,65.6644,4.43e-06
Fe2V0.65Ti0.25W0.1Al,Fe2.000,V0.722Ti0.278,W0.091Al0.909,594.357,0.4299999999999997,0.0,2.25333333333e-05,156.8584614,61.0,35.0,0.0,16.44087,6.0,0.546,4.0,1.6782500000000002,6.0,3.0,6.264266666657401e-06,14.0,17.0,6.0,2.25333333333e-05,1.0,22.0,6.0,1.61,51.0,5.091,7.0,4.545,0.7499999999999998,0.0899999999999998,70.998,1.60498,1.54,1184.76923,225.364,2.36,2115.724,124.731,0.0,3695.0,51.0591,4.23e-06
Fe2V0.65Ti0.25W0.1Al,Fe2.000,V0.722Ti0.278,W0.091Al0.909,644.71,0.4299999999999997,0.0,2.25333333333e-05,156.8584614,61.0,35.0,0.0,16.44087,6.0,0.546,4.0,1.6782500000000002,6.0,3.0,6.264266666657401e-06,14.0,17.0,6.0,2.25333333333e-05,1.0,22.0,6.0,1.61,51.0,5.091,7.0,4.545,0.7499999999999998,0.0899999999999998,70.998,1.60498,1.54,1184.76923,225.364,2.36,2115.724,124.731,0.0,3695.0,40.4596,4.01e-06
Fe2V0.65Ti0.25W0.1Al,Fe2.000,V0.722Ti0.278,W0.091Al0.909,692.917,0.4299999999999997,0.0,2.25333333333e-05,156.8584614,61.0,35.0,0.0,16.44087,6.0,0.546,4.0,1.6782500000000002,6.0,3.0,6.264266666657401e-06,14.0,17.0,6.0,2.25333333333e-05,1.0,22.0,6.0,1.61,51.0,5.091,7.0,4.545,0.7499999999999998,0.0899999999999998,70.998,1.60498,1.54,1184.76923,225.364,2.36,2115.724,124.731,0.0,3695.0,29.8572,3.76e-06
Fe2V0.65Ti0.25W0.1Al,Fe2.000,V0.722Ti0.278,W0.091Al0.909,748.645,0.4299999999999997,0.0,2.25333333333e-05,156.8584614,61.0,35.0,0.0,16.44087,6.0,0.546,4.0,1.6782500000000002,6.0,3.0,6.264266666657401e-06,14.0,17.0,6.0,2.25333333333e-05,1.0,22.0,6.0,1.61,51.0,5.091,7.0,4.545,0.7499999999999998,0.0899999999999998,70.998,1.60498,1.54,1184.76923,225.364,2.36,2115.724,124.731,0.0,3695.0,20.5982,3.75e-06
Fe2V0.6Ti0.3W0.1Al,Fe2.000,V0.667Ti0.333,W0.091Al0.909,349.934,0.4299999999999997,0.0,2.25333333333e-05,156.8584614,61.0,35.0,0.0,16.44087,6.0,0.546,4.0,1.6782500000000002,6.0,3.0,7.503599999988901e-06,14.0,17.0,6.0,2.25333333333e-05,1.0,22.0,6.0,1.61,51.0,5.091,7.0,4.545,0.7499999999999998,0.0899999999999998,70.998,1.60003,1.54,1184.76923,225.364,2.36,2102.414,124.731,0.0,3695.0,80.7332,3.17e-06
Fe2V0.6Ti0.3W0.1Al,Fe2.000,V0.667Ti0.333,W0.091Al0.909,392.905,0.4299999999999997,0.0,2.25333333333e-05,156.8584614,61.0,35.0,0.0,16.44087,6.0,0.546,4.0,1.6782500000000002,6.0,3.0,7.503599999988901e-06,14.0,17.0,6.0,2.25333333333e-05,1.0,22.0,6.0,1.61,51.0,5.091,7.0,4.545,0.7499999999999998,0.0899999999999998,70.998,1.60003,1.54,1184.76923,225.364,2.36,2102.414,124.731,0.0,3695.0,88.1239,3.39e-06
Fe2V0.6Ti0.3W0.1Al,Fe2.000,V0.667Ti0.333,W0.091Al0.909,446.544,0.4299999999999997,0.0,2.25333333333e-05,156.8584614,61.0,35.0,0.0,16.44087,6.0,0.546,4.0,1.6782500000000002,6.0,3.0,7.503599999988901e-06,14.0,17.0,6.0,2.25333333333e-05,1.0,22.0,6.0,1.61,51.0,5.091,7.0,4.545,0.7499999999999998,0.0899999999999998,70.998,1.60003,1.54,1184.76923,225.364,2.36,2102.414,124.731,0.0,3695.0,86.8621,3.7e-06
Fe2V0.6Ti0.3W0.1Al,Fe2.000,V0.667Ti0.333,W0.091Al0.909,493.731,0.4299999999999997,0.0,2.25333333333e-05,156.8584614,61.0,35.0,0.0,16.44087,6.0,0.546,4.0,1.6782500000000002,6.0,3.0,7.503599999988901e-06,14.0,17.0,6.0,2.25333333333e-05,1.0,22.0,6.0,1.61,51.0,5.091,7.0,4.545,0.7499999999999998,0.0899999999999998,70.998,1.60003,1.54,1184.76923,225.364,2.36,2102.414,124.731,0.0,3695.0,83.5916,3.73e-06
Fe2V0.6Ti0.3W0.1Al,Fe2.000,V0.667Ti0.333,W0.091Al0.909,541.981,0.4299999999999997,0.0,2.25333333333e-05,156.8584614,61.0,35.0,0.0,16.44087,6.0,0.546,4.0,1.6782500000000002,6.0,3.0,7.503599999988901e-06,14.0,17.0,6.0,2.25333333333e-05,1.0,22.0,6.0,1.61,51.0,5.091,7.0,4.545,0.7499999999999998,0.0899999999999998,70.998,1.60003,1.54,1184.76923,225.364,2.36,2102.414,124.731,0.0,3695.0,78.9893,3.82e-06
Fe2V0.6Ti0.3W0.1Al,Fe2.000,V0.667Ti0.333,W0.091Al0.909,595.563,0.4299999999999997,0.0,2.25333333333e-05,156.8584614,61.0,35.0,0.0,16.44087,6.0,0.546,4.0,1.6782500000000002,6.0,3.0,7.503599999988901e-06,14.0,17.0,6.0,2.25333333333e-05,1.0,22.0,6.0,1.61,51.0,5.091,7.0,4.545,0.7499999999999998,0.0899999999999998,70.998,1.60003,1.54,1184.76923,225.364,2.36,2102.414,124.731,0.0,3695.0,69.7274,3.88e-06
Fe2V0.6Ti0.3W0.1Al,Fe2.000,V0.667Ti0.333,W0.091Al0.909,643.761,0.4299999999999997,0.0,2.25333333333e-05,156.8584614,61.0,35.0,0.0,16.44087,6.0,0.546,4.0,1.6782500000000002,6.0,3.0,7.503599999988901e-06,14.0,17.0,6.0,2.25333333333e-05,1.0,22.0,6.0,1.61,51.0,5.091,7.0,4.545,0.7499999999999998,0.0899999999999998,70.998,1.60003,1.54,1184.76923,225.364,2.36,2102.414,124.731,0.0,3695.0,57.7917,3.82e-06
Fe2V0.6Ti0.3W0.1Al,Fe2.000,V0.667Ti0.333,W0.091Al0.909,695.173,0.4299999999999997,0.0,2.25333333333e-05,156.8584614,61.0,35.0,0.0,16.44087,6.0,0.546,4.0,1.6782500000000002,6.0,3.0,7.503599999988901e-06,14.0,17.0,6.0,2.25333333333e-05,1.0,22.0,6.0,1.61,51.0,5.091,7.0,4.545,0.7499999999999998,0.0899999999999998,70.998,1.60003,1.54,1184.76923,225.364,2.36,2102.414,124.731,0.0,3695.0,45.1936,3.66e-06
Fe2V0.6Ti0.3W0.1Al,Fe2.000,V0.667Ti0.333,W0.091Al0.909,746.623,0.4299999999999997,0.0,2.25333333333e-05,156.8584614,61.0,35.0,0.0,16.44087,6.0,0.546,4.0,1.6782500000000002,6.0,3.0,7.503599999988901e-06,14.0,17.0,6.0,2.25333333333e-05,1.0,22.0,6.0,1.61,51.0,5.091,7.0,4.545,0.7499999999999998,0.0899999999999998,70.998,1.60003,1.54,1184.76923,225.364,2.36,2102.414,124.731,0.0,3695.0,37.9288,3.74e-06
