Composition,Site_X,Site_Y,Site_Z,Temperature,Electrical Resistivity,Z_Range_GSvolume_pa,Site_Z_variance_GSbandgap,Y_Range_GSmagmom,Z_Range_Number,Z_Range_AtomicWeight,Site_Z_variance_AtomicWeight,Z_Range_NdUnfilled,Z_Range_GSmagmom,Z_Max_NdUnfilled,Z_Mean_GSvolume_pa,Z_Mean_Electronegativity,Z_Min_Electronegativity,Y_Range_SpaceGroupNumber,Site_Z_variance_Electronegativity,Y_Mean_Electronegativity,Z_Range_NUnfilled,Z_Min_Column,Z_Mean_SpaceGroupNumber,Seebeck Coefficient
Co2MnSn,Co2.000,Mn1.000,Sn1.000,50.0,8.399694145012535e-07,0.0,0.0,0.0,0.0,0.0,0.0,0.0,0.0,0.0,33.285,1.96,1.96,0.0,0.0,1.55,0.0,14.0,141.0,-3.354977399136763
Co2MnSn,Co2.000,Mn1.000,Sn1.000,100.0,9.03088338446992e-07,0.0,0.0,0.0,0.0,0.0,0.0,0.0,0.0,0.0,33.285,1.96,1.96,0.0,0.0,1.55,0.0,14.0,141.0,-4.672589063778919
Co2MnSn,Co2.000,Mn1.000,Sn1.000,150.0,9.815212436429606e-07,0.0,0.0,0.0,0.0,0.0,0.0,0.0,0.0,0.0,33.285,1.96,1.96,0.0,0.0,1.55,0.0,14.0,141.0,-5.234692593633818
Co2MnSn,Co2.000,Mn1.000,Sn1.000,200.0,1.0626692680566503e-06,0.0,0.0,0.0,0.0,0.0,0.0,0.0,0.0,0.0,33.285,1.96,1.96,0.0,0.0,1.55,0.0,14.0,141.0,-6.7043258952104425
Co2MnSn,Co2.000,Mn1.000,Sn1.000,250.0,1.1411070049175664e-06,0.0,0.0,0.0,0.0,0.0,0.0,0.0,0.0,0.0,33.285,1.96,1.96,0.0,0.0,1.55,0.0,14.0,141.0,-10.045594560873424
Co2MnSn,Co2.000,Mn1.000,Sn1.000,300.0,1.2201952022279977e-06,0.0,0.0,0.0,0.0,0.0,0.0,0.0,0.0,0.0,33.285,1.96,1.96,0.0,0.0,1.55,0.0,14.0,141.0,-15.864399451723976
Co2MnSn,Co2.000,Mn1.000,Sn1.000,350.0,1.3136934622737882e-06,0.0,0.0,0.0,0.0,0.0,0.0,0.0,0.0,0.0,33.285,1.96,1.96,0.0,0.0,1.55,0.0,14.0,141.0,-24.74916428048085
Co2Mn0.8Ti0.2Sn,Co2.000,Mn0.800Ti0.200,Sn1.000,50.0,1.57532553818023e-06,0.0,0.0,0.0002875873563216,0.0,0.0,0.0,0.0,0.0,0.0,33.285,1.96,1.96,23.0,0.0,1.5480000000000005,0.0,14.0,141.0,-1.6326929727349349
Co2Mn0.8Ti0.2Sn,Co2.000,Mn0.800Ti0.200,Sn1.000,100.0,1.623350308757472e-06,0.0,0.0,0.0002875873563216,0.0,0.0,0.0,0.0,0.0,0.0,33.285,1.96,1.96,23.0,0.0,1.5480000000000005,0.0,14.0,141.0,-2.7079087903721444
Co2Mn0.8Ti0.2Sn,Co2.000,Mn0.800Ti0.200,Sn1.000,150.0,1.6806388360920652e-06,0.0,0.0,0.0002875873563216,0.0,0.0,0.0,0.0,0.0,0.0,33.285,1.96,1.96,23.0,0.0,1.5480000000000005,0.0,14.0,141.0,-3.9498945789288338
Co2Mn0.8Ti0.2Sn,Co2.000,Mn0.800Ti0.200,Sn1.000,200.0,1.7365690161495376e-06,0.0,0.0,0.0002875873563216,0.0,0.0,0.0,0.0,0.0,0.0,33.285,1.96,1.96,23.0,0.0,1.5480000000000005,0.0,14.0,141.0,-5.6183617029906445
Co2Mn0.8Ti0.2Sn,Co2.000,Mn0.800Ti0.200,Sn1.000,250.0,1.796728661343138e-06,0.0,0.0,0.0002875873563216,0.0,0.0,0.0,0.0,0.0,0.0,33.285,1.96,1.96,23.0,0.0,1.5480000000000005,0.0,14.0,141.0,-7.570607394804116
Co2Mn0.8Ti0.2Sn,Co2.000,Mn0.800Ti0.200,Sn1.000,300.0,1.869446963860976e-06,0.0,0.0,0.0002875873563216,0.0,0.0,0.0,0.0,0.0,0.0,33.285,1.96,1.96,23.0,0.0,1.5480000000000005,0.0,14.0,141.0,-9.517717049266096
Co2Mn0.8Ti0.2Sn,Co2.000,Mn0.800Ti0.200,Sn1.000,350.0,1.9523259589931612e-06,0.0,0.0,0.0002875873563216,0.0,0.0,0.0,0.0,0.0,0.0,33.285,1.96,1.96,23.0,0.0,1.5480000000000005,0.0,14.0,141.0,-11.280766518913138
Co2Mn0.6Ti0.4Sn,Co2.000,Mn0.600Ti0.400,Sn1.000,100.0,3.887084512297501e-06,0.0,0.0,0.0002875873563216,0.0,0.0,0.0,0.0,0.0,0.0,33.285,1.96,1.96,23.0,0.0,1.546,0.0,14.0,141.0,-3.810296390225435
Co2Mn0.6Ti0.4Sn,Co2.000,Mn0.600Ti0.400,Sn1.000,150.0,4.13295073527493e-06,0.0,0.0,0.0002875873563216,0.0,0.0,0.0,0.0,0.0,0.0,33.285,1.96,1.96,23.0,0.0,1.546,0.0,14.0,141.0,-6.9670027704404855
Co2Mn0.6Ti0.4Sn,Co2.000,Mn0.600Ti0.400,Sn1.000,200.0,4.461386749475217e-06,0.0,0.0,0.0002875873563216,0.0,0.0,0.0,0.0,0.0,0.0,33.285,1.96,1.96,23.0,0.0,1.546,0.0,14.0,141.0,-11.783579821601338
Co2Mn0.6Ti0.4Sn,Co2.000,Mn0.600Ti0.400,Sn1.000,250.0,4.926336620823119e-06,0.0,0.0,0.0002875873563216,0.0,0.0,0.0,0.0,0.0,0.0,33.285,1.96,1.96,23.0,0.0,1.546,0.0,14.0,141.0,-20.47265337987441
Co2Mn0.6Ti0.4Sn,Co2.000,Mn0.600Ti0.400,Sn1.000,300.0,5.5215814542191e-06,0.0,0.0,0.0002875873563216,0.0,0.0,0.0,0.0,0.0,0.0,33.285,1.96,1.96,23.0,0.0,1.546,0.0,14.0,141.0,-34.68157077400728
Co2Mn0.6Ti0.4Sn,Co2.000,Mn0.600Ti0.400,Sn1.000,350.0,6.072147440052999e-06,0.0,0.0,0.0002875873563216,0.0,0.0,0.0,0.0,0.0,0.0,33.285,1.96,1.96,23.0,0.0,1.546,0.0,14.0,141.0,-49.41983928772619
Co2Mn0.4Ti0.6Sn,Co2.000,Mn0.400Ti0.600,Sn1.000,50.0,3.6264090999727e-06,0.0,0.0,0.0002875873563216,0.0,0.0,0.0,0.0,0.0,0.0,33.285,1.96,1.96,23.0,0.0,1.544,0.0,14.0,141.0,0.0869023408004053
Co2Mn0.4Ti0.6Sn,Co2.000,Mn0.400Ti0.600,Sn1.000,100.0,3.6950765340166783e-06,0.0,0.0,0.0002875873563216,0.0,0.0,0.0,0.0,0.0,0.0,33.285,1.96,1.96,23.0,0.0,1.544,0.0,14.0,141.0,0.0213646561805454
Co2Mn0.4Ti0.6Sn,Co2.000,Mn0.400Ti0.600,Sn1.000,150.0,3.783661332489912e-06,0.0,0.0,0.0002875873563216,0.0,0.0,0.0,0.0,0.0,0.0,33.285,1.96,1.96,23.0,0.0,1.544,0.0,14.0,141.0,-0.4652069677804291
Co2Mn0.4Ti0.6Sn,Co2.000,Mn0.400Ti0.600,Sn1.000,200.0,3.87498234972192e-06,0.0,0.0,0.0002875873563216,0.0,0.0,0.0,0.0,0.0,0.0,33.285,1.96,1.96,23.0,0.0,1.544,0.0,14.0,141.0,-1.5785097625701323
Co2Mn0.4Ti0.6Sn,Co2.000,Mn0.400Ti0.600,Sn1.000,250.0,3.963259210223981e-06,0.0,0.0,0.0002875873563216,0.0,0.0,0.0,0.0,0.0,0.0,33.285,1.96,1.96,23.0,0.0,1.544,0.0,14.0,141.0,-3.2638999574631895
Co2Mn0.4Ti0.6Sn,Co2.000,Mn0.400Ti0.600,Sn1.000,300.0,4.05422034831119e-06,0.0,0.0,0.0002875873563216,0.0,0.0,0.0,0.0,0.0,0.0,33.285,1.96,1.96,23.0,0.0,1.544,0.0,14.0,141.0,-5.642153346177499
Co2Mn0.4Ti0.6Sn,Co2.000,Mn0.400Ti0.600,Sn1.000,350.0,4.165211047724533e-06,0.0,0.0,0.0002875873563216,0.0,0.0,0.0,0.0,0.0,0.0,33.285,1.96,1.96,23.0,0.0,1.544,0.0,14.0,141.0,-9.445225853530376
Co2Mn0.2Ti0.8Sn,Co2.000,Mn0.200Ti0.800,Sn1.000,50.0,1.363812041258493e-05,0.0,0.0,0.0002875873563216,0.0,0.0,0.0,0.0,0.0,0.0,33.285,1.96,1.96,23.0,0.0,1.5420000000000005,0.0,14.0,141.0,0.3531805608191083
Co2Mn0.2Ti0.8Sn,Co2.000,Mn0.200Ti0.800,Sn1.000,100.0,1.413315757695213e-05,0.0,0.0,0.0002875873563216,0.0,0.0,0.0,0.0,0.0,0.0,33.285,1.96,1.96,23.0,0.0,1.5420000000000005,0.0,14.0,141.0,0.2323207456578905
Co2Mn0.2Ti0.8Sn,Co2.000,Mn0.200Ti0.800,Sn1.000,150.0,1.4888270856313664e-05,0.0,0.0,0.0002875873563216,0.0,0.0,0.0,0.0,0.0,0.0,33.285,1.96,1.96,23.0,0.0,1.5420000000000005,0.0,14.0,141.0,-0.4115871676209105
Co2Mn0.2Ti0.8Sn,Co2.000,Mn0.200Ti0.800,Sn1.000,200.0,1.5754030822873956e-05,0.0,0.0,0.0002875873563216,0.0,0.0,0.0,0.0,0.0,0.0,33.285,1.96,1.96,23.0,0.0,1.5420000000000005,0.0,14.0,141.0,-2.138148804028635
Co2Mn0.2Ti0.8Sn,Co2.000,Mn0.200Ti0.800,Sn1.000,250.0,1.6578572315204156e-05,0.0,0.0,0.0002875873563216,0.0,0.0,0.0,0.0,0.0,0.0,33.285,1.96,1.96,23.0,0.0,1.5420000000000005,0.0,14.0,141.0,-5.641880690001414
Co2Mn0.2Ti0.8Sn,Co2.000,Mn0.200Ti0.800,Sn1.000,300.0,1.7262222675423373e-05,0.0,0.0,0.0002875873563216,0.0,0.0,0.0,0.0,0.0,0.0,33.285,1.96,1.96,23.0,0.0,1.5420000000000005,0.0,14.0,141.0,-11.08657842727174
Co2Mn0.2Ti0.8Sn,Co2.000,Mn0.200Ti0.800,Sn1.000,350.0,1.7812129986379928e-05,0.0,0.0,0.0002875873563216,0.0,0.0,0.0,0.0,0.0,0.0,33.285,1.96,1.96,23.0,0.0,1.5420000000000005,0.0,14.0,141.0,-17.43968486674002
Co2TiSn,Co2.000,Ti1.000,Sn1.000,50.0,2.4649296924297625e-06,0.0,0.0,0.0,0.0,0.0,0.0,0.0,0.0,0.0,33.285,1.96,1.96,0.0,0.0,1.54,0.0,14.0,141.0,-2.099039368375657
Co2TiSn,Co2.000,Ti1.000,Sn1.000,100.0,2.572429466393716e-06,0.0,0.0,0.0,0.0,0.0,0.0,0.0,0.0,0.0,33.285,1.96,1.96,0.0,0.0,1.54,0.0,14.0,141.0,-3.9626041284305455
Co2TiSn,Co2.000,Ti1.000,Sn1.000,150.0,2.7149158808275538e-06,0.0,0.0,0.0,0.0,0.0,0.0,0.0,0.0,0.0,33.285,1.96,1.96,0.0,0.0,1.54,0.0,14.0,141.0,-6.110146119283538
Co2TiSn,Co2.000,Ti1.000,Sn1.000,200.0,2.8973751419048975e-06,0.0,0.0,0.0,0.0,0.0,0.0,0.0,0.0,0.0,33.285,1.96,1.96,0.0,0.0,1.54,0.0,14.0,141.0,-10.58592125466538
Co2TiSn,Co2.000,Ti1.000,Sn1.000,250.0,3.147644004972738e-06,0.0,0.0,0.0,0.0,0.0,0.0,0.0,0.0,0.0,33.285,1.96,1.96,0.0,0.0,1.54,0.0,14.0,141.0,-19.875800211978493
Co2TiSn,Co2.000,Ti1.000,Sn1.000,300.0,3.4571705184293556e-06,0.0,0.0,0.0,0.0,0.0,0.0,0.0,0.0,0.0,33.285,1.96,1.96,0.0,0.0,1.54,0.0,14.0,141.0,-34.060211976648624
Co2TiSn,Co2.000,Ti1.000,Sn1.000,350.0,3.721774767602244e-06,0.0,0.0,0.0,0.0,0.0,0.0,0.0,0.0,0.0,33.285,1.96,1.96,0.0,0.0,1.54,0.0,14.0,141.0,-47.967087386476514
Fe2VAl0.9Si0.1,Fe2.000,V1.000,Al0.900Si0.100,350.0,1.074205791769195e-05,3.960000000000001,0.05377761,0.0,1.0,1.103961399999999,0.1096857695420962,0.0,0.0,0.0,16.876,1.639,1.61,0.0,0.0075689999999999,1.63,1.0,13.0,225.2,-125.8433683167
Fe2VAl0.9Si0.1,Fe2.000,V1.000,Al0.900Si0.100,400.0,1.090589417821016e-05,3.960000000000001,0.05377761,0.0,1.0,1.103961399999999,0.1096857695420962,0.0,0.0,0.0,16.876,1.639,1.61,0.0,0.0075689999999999,1.63,1.0,13.0,225.2,-113.2675189227
Fe2VAl0.9Si0.1,Fe2.000,V1.000,Al0.900Si0.100,450.0,1.0570174974224604e-05,3.960000000000001,0.05377761,0.0,1.0,1.103961399999999,0.1096857695420962,0.0,0.0,0.0,16.876,1.639,1.61,0.0,0.0075689999999999,1.63,1.0,13.0,225.2,-99.76625614549287
Fe2VAl0.9Si0.1,Fe2.000,V1.000,Al0.900Si0.100,500.0,1.0113184539698196e-05,3.960000000000001,0.05377761,0.0,1.0,1.103961399999999,0.1096857695420962,0.0,0.0,0.0,16.876,1.639,1.61,0.0,0.0075689999999999,1.63,1.0,13.0,225.2,-84.53075446438092
Fe2VAl0.9Si0.1,Fe2.000,V1.000,Al0.900Si0.100,550.0,9.68886798378148e-06,3.960000000000001,0.05377761,0.0,1.0,1.103961399999999,0.1096857695420962,0.0,0.0,0.0,16.876,1.639,1.61,0.0,0.0075689999999999,1.63,1.0,13.0,225.2,-68.67330727111784
Fe2VAl0.9Si0.1,Fe2.000,V1.000,Al0.900Si0.100,600.0,9.310651420963713e-06,3.960000000000001,0.05377761,0.0,1.0,1.103961399999999,0.1096857695420962,0.0,0.0,0.0,16.876,1.639,1.61,0.0,0.0075689999999999,1.63,1.0,13.0,225.2,-54.187983758457534
Fe2VAl0.9Si0.1,Fe2.000,V1.000,Al0.900Si0.100,650.0,8.935262101224454e-06,3.960000000000001,0.05377761,0.0,1.0,1.103961399999999,0.1096857695420962,0.0,0.0,0.0,16.876,1.639,1.61,0.0,0.0075689999999999,1.63,1.0,13.0,225.2,-42.911285809154634
Fe2VAl0.9Si0.1,Fe2.000,V1.000,Al0.900Si0.100,700.0,8.54654854018533e-06,3.960000000000001,0.05377761,0.0,1.0,1.103961399999999,0.1096857695420962,0.0,0.0,0.0,16.876,1.639,1.61,0.0,0.0075689999999999,1.63,1.0,13.0,225.2,-35.482804884907516
Fe2VAl0.9Si0.1,Fe2.000,V1.000,Al0.900Si0.100,400.0,4.19446554390405e-06,3.960000000000001,0.05377761,0.0,1.0,1.103961399999999,0.1096857695420962,0.0,0.0,0.0,16.876,1.639,1.61,0.0,0.0075689999999999,1.63,1.0,13.0,225.2,-121.4067269761
Fe2VAl0.9Si0.1,Fe2.000,V1.000,Al0.900Si0.100,450.0,4.2324141879469e-06,3.960000000000001,0.05377761,0.0,1.0,1.103961399999999,0.1096857695420962,0.0,0.0,0.0,16.876,1.639,1.61,0.0,0.0075689999999999,1.63,1.0,13.0,225.2,-107.8089375257
Fe2VAl0.9Si0.1,Fe2.000,V1.000,Al0.900Si0.100,500.0,4.205080455523524e-06,3.960000000000001,0.05377761,0.0,1.0,1.103961399999999,0.1096857695420962,0.0,0.0,0.0,16.876,1.639,1.61,0.0,0.0075689999999999,1.63,1.0,13.0,225.2,-90.50220089683812
Fe2VAl0.9Si0.1,Fe2.000,V1.000,Al0.900Si0.100,550.0,4.121242921146807e-06,3.960000000000001,0.05377761,0.0,1.0,1.103961399999999,0.1096857695420962,0.0,0.0,0.0,16.876,1.639,1.61,0.0,0.0075689999999999,1.63,1.0,13.0,225.2,-73.3195645423938
Fe2VAl0.9Si0.1,Fe2.000,V1.000,Al0.900Si0.100,600.0,3.990492313883392e-06,3.960000000000001,0.05377761,0.0,1.0,1.103961399999999,0.1096857695420962,0.0,0.0,0.0,16.876,1.639,1.61,0.0,0.0075689999999999,1.63,1.0,13.0,225.2,-58.49136458044432
Fe2VAl0.9Si0.1,Fe2.000,V1.000,Al0.900Si0.100,650.0,3.832749142397502e-06,3.960000000000001,0.05377761,0.0,1.0,1.103961399999999,0.1096857695420962,0.0,0.0,0.0,16.876,1.639,1.61,0.0,0.0075689999999999,1.63,1.0,13.0,225.2,-46.99920305821568
Fe2VAl0.9Si0.1,Fe2.000,V1.000,Al0.900Si0.100,700.0,3.687781319994666e-06,3.960000000000001,0.05377761,0.0,1.0,1.103961399999999,0.1096857695420962,0.0,0.0,0.0,16.876,1.639,1.61,0.0,0.0075689999999999,1.63,1.0,13.0,225.2,-38.92992521619082
Fe2VAl,Fe2.000,V1.000,Al1.000,400.0,5.149544097224843e-06,0.0,0.0,0.0,0.0,0.0,0.0,0.0,0.0,0.0,16.48,1.61,1.61,0.0,0.0,1.63,0.0,13.0,225.0,32.908147520860666
Fe2VAl,Fe2.000,V1.000,Al1.000,450.0,4.357330564299565e-06,0.0,0.0,0.0,0.0,0.0,0.0,0.0,0.0,0.0,16.48,1.61,1.61,0.0,0.0,1.63,0.0,13.0,225.0,27.110745665586037
Fe2VAl,Fe2.000,V1.000,Al1.000,500.0,3.833581245312828e-06,0.0,0.0,0.0,0.0,0.0,0.0,0.0,0.0,0.0,16.48,1.61,1.61,0.0,0.0,1.63,0.0,13.0,225.0,18.26226563766517
Fe2VAl,Fe2.000,V1.000,Al1.000,550.0,3.5013353181955793e-06,0.0,0.0,0.0,0.0,0.0,0.0,0.0,0.0,0.0,16.48,1.61,1.61,0.0,0.0,1.63,0.0,13.0,225.0,9.180319128900406
Fe2VTa0.03Al0.97,Fe2.000,V1.000,Ta0.030Al0.970,100.0,2.8773148693770207e-06,1.6400000000000006,0.0,0.0,60.0,153.9663414,689.8339576673495,7.0,0.0,7.0,16.5292,1.6067,1.5,0.0,0.00035211,1.63,2.0,5.0,225.12,-91.11061815589018
Fe2VTa0.03Al0.97,Fe2.000,V1.000,Ta0.030Al0.970,150.0,3.2952183636649145e-06,1.6400000000000006,0.0,0.0,60.0,153.9663414,689.8339576673495,7.0,0.0,7.0,16.5292,1.6067,1.5,0.0,0.00035211,1.63,2.0,5.0,225.12,-111.4491805879
Fe2VTa0.03Al0.97,Fe2.000,V1.000,Ta0.030Al0.970,200.0,3.711162412368651e-06,1.6400000000000006,0.0,0.0,60.0,153.9663414,689.8339576673495,7.0,0.0,7.0,16.5292,1.6067,1.5,0.0,0.00035211,1.63,2.0,5.0,225.12,-134.7358883163
Fe2VTa0.03Al0.97,Fe2.000,V1.000,Ta0.030Al0.970,250.0,4.073783743183186e-06,1.6400000000000006,0.0,0.0,60.0,153.9663414,689.8339576673495,7.0,0.0,7.0,16.5292,1.6067,1.5,0.0,0.00035211,1.63,2.0,5.0,225.12,-153.4714828262
Fe2VTa0.03Al0.97,Fe2.000,V1.000,Ta0.030Al0.970,300.0,4.34950025198489e-06,1.6400000000000006,0.0,0.0,60.0,153.9663414,689.8339576673495,7.0,0.0,7.0,16.5292,1.6067,1.5,0.0,0.00035211,1.63,2.0,5.0,225.12,-163.4087476529
Fe2VTa0.03Al0.97,Fe2.000,V1.000,Ta0.030Al0.970,350.0,4.520219197036054e-06,1.6400000000000006,0.0,0.0,60.0,153.9663414,689.8339576673495,7.0,0.0,7.0,16.5292,1.6067,1.5,0.0,0.00035211,1.63,2.0,5.0,225.12,-163.00248906689998
Fe2VTa0.03Al0.97,Fe2.000,V1.000,Ta0.030Al0.970,400.0,4.5810453931893945e-06,1.6400000000000006,0.0,0.0,60.0,153.9663414,689.8339576673495,7.0,0.0,7.0,16.5292,1.6067,1.5,0.0,0.00035211,1.63,2.0,5.0,225.12,-152.8595167571
Fe2VTa0.03Al0.97,Fe2.000,V1.000,Ta0.030Al0.970,450.0,4.53798940609256e-06,1.6400000000000006,0.0,0.0,60.0,153.9663414,689.8339576673495,7.0,0.0,7.0,16.5292,1.6067,1.5,0.0,0.00035211,1.63,2.0,5.0,225.12,-135.1886245158
Fe2VTa0.03Al0.97,Fe2.000,V1.000,Ta0.030Al0.970,500.0,4.405675746392637e-06,1.6400000000000006,0.0,0.0,60.0,153.9663414,689.8339576673495,7.0,0.0,7.0,16.5292,1.6067,1.5,0.0,0.00035211,1.63,2.0,5.0,225.12,-113.2505709222
Fe2VTa0.03Al0.97,Fe2.000,V1.000,Ta0.030Al0.970,550.0,4.205051063940648e-06,1.6400000000000006,0.0,0.0,60.0,153.9663414,689.8339576673495,7.0,0.0,7.0,16.5292,1.6067,1.5,0.0,0.00035211,1.63,2.0,5.0,225.12,-90.80806002686748
Fe2VTa0.03Al0.97,Fe2.000,V1.000,Ta0.030Al0.970,600.0,3.961092341996067e-06,1.6400000000000006,0.0,0.0,60.0,153.9663414,689.8339576673495,7.0,0.0,7.0,16.5292,1.6067,1.5,0.0,0.00035211,1.63,2.0,5.0,225.12,-71.5757220357294
Fe2VTa0.03Al0.97,Fe2.000,V1.000,Ta0.030Al0.970,650.0,3.7005150914313305e-06,1.6400000000000006,0.0,0.0,60.0,153.9663414,689.8339576673495,7.0,0.0,7.0,16.5292,1.6067,1.5,0.0,0.00035211,1.63,2.0,5.0,225.12,-58.67009399437674
Fe2VTa0.03Al0.97,Fe2.000,V1.000,Ta0.030Al0.970,700.0,3.4494815449363167e-06,1.6400000000000006,0.0,0.0,60.0,153.9663414,689.8339576673495,7.0,0.0,7.0,16.5292,1.6067,1.5,0.0,0.00035211,1.63,2.0,5.0,225.12,-54.059600472063366
Fe2VTa0.05Al0.95,Fe2.000,V1.000,Ta0.050Al0.950,150.0,1.8595107040001635e-06,1.6400000000000006,0.0,0.0,60.0,153.9663414,1126.0176284948143,7.0,0.0,7.0,16.561999999999998,1.6045,1.5,0.0,0.00057475,1.63,2.0,5.0,225.2,-81.6797871856788
Fe2VTa0.05Al0.95,Fe2.000,V1.000,Ta0.050Al0.950,200.0,2.265186190452218e-06,1.6400000000000006,0.0,0.0,60.0,153.9663414,1126.0176284948143,7.0,0.0,7.0,16.561999999999998,1.6045,1.5,0.0,0.00057475,1.63,2.0,5.0,225.2,-102.8451867236
Fe2VTa0.05Al0.95,Fe2.000,V1.000,Ta0.050Al0.950,250.0,2.6846401920371176e-06,1.6400000000000006,0.0,0.0,60.0,153.9663414,1126.0176284948143,7.0,0.0,7.0,16.561999999999998,1.6045,1.5,0.0,0.00057475,1.63,2.0,5.0,225.2,-122.8748925912
Fe2VTa0.05Al0.95,Fe2.000,V1.000,Ta0.050Al0.950,300.0,3.0775798515849815e-06,1.6400000000000006,0.0,0.0,60.0,153.9663414,1126.0176284948143,7.0,0.0,7.0,16.561999999999998,1.6045,1.5,0.0,0.00057475,1.63,2.0,5.0,225.2,-139.1132186204
Fe2VTa0.05Al0.95,Fe2.000,V1.000,Ta0.050Al0.950,350.0,3.4155341728100553e-06,1.6400000000000006,0.0,0.0,60.0,153.9663414,1126.0176284948143,7.0,0.0,7.0,16.561999999999998,1.6045,1.5,0.0,0.00057475,1.63,2.0,5.0,225.2,-149.8687569434
Fe2VTa0.05Al0.95,Fe2.000,V1.000,Ta0.050Al0.950,400.0,3.680486549072113e-06,1.6400000000000006,0.0,0.0,60.0,153.9663414,1126.0176284948143,7.0,0.0,7.0,16.561999999999998,1.6045,1.5,0.0,0.00057475,1.63,2.0,5.0,225.2,-154.3071234012
Fe2VTa0.05Al0.95,Fe2.000,V1.000,Ta0.050Al0.950,450.0,3.8635072921378615e-06,1.6400000000000006,0.0,0.0,60.0,153.9663414,1126.0176284948143,7.0,0.0,7.0,16.561999999999998,1.6045,1.5,0.0,0.00057475,1.63,2.0,5.0,225.2,-152.3437029513
Fe2VTa0.05Al0.95,Fe2.000,V1.000,Ta0.050Al0.950,500.0,3.963386160942347e-06,1.6400000000000006,0.0,0.0,60.0,153.9663414,1126.0176284948143,7.0,0.0,7.0,16.561999999999998,1.6045,1.5,0.0,0.00057475,1.63,2.0,5.0,225.2,-144.5363950768
Fe2VTa0.05Al0.95,Fe2.000,V1.000,Ta0.050Al0.950,550.0,3.985264890350364e-06,1.6400000000000006,0.0,0.0,60.0,153.9663414,1126.0176284948143,7.0,0.0,7.0,16.561999999999998,1.6045,1.5,0.0,0.00057475,1.63,2.0,5.0,225.2,-131.9783591945
Fe2VTa0.05Al0.95,Fe2.000,V1.000,Ta0.050Al0.950,600.0,3.939269719917847e-06,1.6400000000000006,0.0,0.0,60.0,153.9663414,1126.0176284948143,7.0,0.0,7.0,16.561999999999998,1.6045,1.5,0.0,0.00057475,1.63,2.0,5.0,225.2,-116.1907600628
Fe2VTa0.05Al0.95,Fe2.000,V1.000,Ta0.050Al0.950,650.0,3.839143922653288e-06,1.6400000000000006,0.0,0.0,60.0,153.9663414,1126.0176284948143,7.0,0.0,7.0,16.561999999999998,1.6045,1.5,0.0,0.00057475,1.63,2.0,5.0,225.2,-99.01551319082226
Fe2VTa0.08Al0.92,Fe2.000,V1.000,Ta0.080Al0.920,150.0,1.6177229678983654e-06,1.6400000000000006,0.0,0.0,60.0,153.9663414,1744.73468330986,7.0,0.0,7.0,16.6112,1.6012,1.5,0.0,0.00089056,1.63,2.0,5.0,225.32,-62.13421944061169
Fe2VTa0.08Al0.92,Fe2.000,V1.000,Ta0.080Al0.920,200.0,1.9586560730254684e-06,1.6400000000000006,0.0,0.0,60.0,153.9663414,1744.73468330986,7.0,0.0,7.0,16.6112,1.6012,1.5,0.0,0.00089056,1.63,2.0,5.0,225.32,-77.78224508981043
Fe2VTa0.08Al0.92,Fe2.000,V1.000,Ta0.080Al0.920,250.0,2.3333215336347447e-06,1.6400000000000006,0.0,0.0,60.0,153.9663414,1744.73468330986,7.0,0.0,7.0,16.6112,1.6012,1.5,0.0,0.00089056,1.63,2.0,5.0,225.32,-93.0358816225749
Fe2VTa0.08Al0.92,Fe2.000,V1.000,Ta0.080Al0.920,300.0,2.704326805619701e-06,1.6400000000000006,0.0,0.0,60.0,153.9663414,1744.73468330986,7.0,0.0,7.0,16.6112,1.6012,1.5,0.0,0.00089056,1.63,2.0,5.0,225.32,-107.728757586
Fe2VTa0.08Al0.92,Fe2.000,V1.000,Ta0.080Al0.920,350.0,3.043684324082643e-06,1.6400000000000006,0.0,0.0,60.0,153.9663414,1744.73468330986,7.0,0.0,7.0,16.6112,1.6012,1.5,0.0,0.00089056,1.63,2.0,5.0,225.32,-120.8633820079
Fe2VTa0.08Al0.92,Fe2.000,V1.000,Ta0.080Al0.920,400.0,3.3318378694260987e-06,1.6400000000000006,0.0,0.0,60.0,153.9663414,1744.73468330986,7.0,0.0,7.0,16.6112,1.6012,1.5,0.0,0.00089056,1.63,2.0,5.0,225.32,-131.00668132200002
Fe2VTa0.08Al0.92,Fe2.000,V1.000,Ta0.080Al0.920,450.0,3.556688933444227e-06,1.6400000000000006,0.0,0.0,60.0,153.9663414,1744.73468330986,7.0,0.0,7.0,16.6112,1.6012,1.5,0.0,0.00089056,1.63,2.0,5.0,225.32,-136.6855362927
Fe2VTa0.08Al0.92,Fe2.000,V1.000,Ta0.080Al0.920,500.0,3.712623085414252e-06,1.6400000000000006,0.0,0.0,60.0,153.9663414,1744.73468330986,7.0,0.0,7.0,16.6112,1.6012,1.5,0.0,0.00089056,1.63,2.0,5.0,225.32,-136.78231894060002
Fe2VTa0.08Al0.92,Fe2.000,V1.000,Ta0.080Al0.920,550.0,3.7995363381878657e-06,1.6400000000000006,0.0,0.0,60.0,153.9663414,1744.73468330986,7.0,0.0,7.0,16.6112,1.6012,1.5,0.0,0.00089056,1.63,2.0,5.0,225.32,-130.9304294673
Fe2VTa0.08Al0.92,Fe2.000,V1.000,Ta0.080Al0.920,600.0,3.821861514282657e-06,1.6400000000000006,0.0,0.0,60.0,153.9663414,1744.73468330986,7.0,0.0,7.0,16.6112,1.6012,1.5,0.0,0.00089056,1.63,2.0,5.0,225.32,-119.909833181
Fe2VTa0.08Al0.92,Fe2.000,V1.000,Ta0.080Al0.920,650.0,3.7875946119735297e-06,1.6400000000000006,0.0,0.0,60.0,153.9663414,1744.73468330986,7.0,0.0,7.0,16.6112,1.6012,1.5,0.0,0.00089056,1.63,2.0,5.0,225.32,-106.0425974209
Fe2VTa0.08Al0.92,Fe2.000,V1.000,Ta0.080Al0.920,700.0,3.7073211713841166e-06,1.6400000000000006,0.0,0.0,60.0,153.9663414,1744.73468330986,7.0,0.0,7.0,16.6112,1.6012,1.5,0.0,0.00089056,1.63,2.0,5.0,225.32,-93.58842848314208
Fe2VTa0.12Al0.88,Fe2.000,V1.000,Ta0.120Al0.880,150.0,1.5908832138774296e-06,1.6400000000000006,0.0,0.0,60.0,153.9663414,2503.3149804011027,7.0,0.0,7.0,16.6768,1.5968,1.5,0.0,0.00127776,1.63,2.0,5.0,225.48,-39.78719425598506
Fe2VTa0.12Al0.88,Fe2.000,V1.000,Ta0.120Al0.880,200.0,1.8468253549804712e-06,1.6400000000000006,0.0,0.0,60.0,153.9663414,2503.3149804011027,7.0,0.0,7.0,16.6768,1.5968,1.5,0.0,0.00127776,1.63,2.0,5.0,225.48,-51.49568799484489
Fe2VTa0.12Al0.88,Fe2.000,V1.000,Ta0.120Al0.880,250.0,2.1325100590374377e-06,1.6400000000000006,0.0,0.0,60.0,153.9663414,2503.3149804011027,7.0,0.0,7.0,16.6768,1.5968,1.5,0.0,0.00127776,1.63,2.0,5.0,225.48,-62.529303597161366
Fe2VTa0.12Al0.88,Fe2.000,V1.000,Ta0.120Al0.880,300.0,2.4265574186954624e-06,1.6400000000000006,0.0,0.0,60.0,153.9663414,2503.3149804011027,7.0,0.0,7.0,16.6768,1.5968,1.5,0.0,0.00127776,1.63,2.0,5.0,225.48,-73.05056006506288
Fe2VTa0.12Al0.88,Fe2.000,V1.000,Ta0.120Al0.880,350.0,2.711333444398371e-06,1.6400000000000006,0.0,0.0,60.0,153.9663414,2503.3149804011027,7.0,0.0,7.0,16.6768,1.5968,1.5,0.0,0.00127776,1.63,2.0,5.0,225.48,-82.82314739985863
Fe2VTa0.12Al0.88,Fe2.000,V1.000,Ta0.120Al0.880,400.0,2.9727215804301135e-06,1.6400000000000006,0.0,0.0,60.0,153.9663414,2503.3149804011027,7.0,0.0,7.0,16.6768,1.5968,1.5,0.0,0.00127776,1.63,2.0,5.0,225.48,-91.35345020968776
Fe2VTa0.12Al0.88,Fe2.000,V1.000,Ta0.120Al0.880,450.0,3.199894220958208e-06,1.6400000000000006,0.0,0.0,60.0,153.9663414,2503.3149804011027,7.0,0.0,7.0,16.6768,1.5968,1.5,0.0,0.00127776,1.63,2.0,5.0,225.48,-98.03207131716856
Fe2VTa0.12Al0.88,Fe2.000,V1.000,Ta0.120Al0.880,500.0,3.3850842260771733e-06,1.6400000000000006,0.0,0.0,60.0,153.9663414,2503.3149804011027,7.0,0.0,7.0,16.6768,1.5968,1.5,0.0,0.00127776,1.63,2.0,5.0,225.48,-102.275355367
Fe2VTa0.12Al0.88,Fe2.000,V1.000,Ta0.120Al0.880,550.0,3.5233564378519668e-06,1.6400000000000006,0.0,0.0,60.0,153.9663414,2503.3149804011027,7.0,0.0,7.0,16.6768,1.5968,1.5,0.0,0.00127776,1.63,2.0,5.0,225.48,-103.6669124338
Fe2VTa0.12Al0.88,Fe2.000,V1.000,Ta0.120Al0.880,600.0,3.612379196361421e-06,1.6400000000000006,0.0,0.0,60.0,153.9663414,2503.3149804011027,7.0,0.0,7.0,16.6768,1.5968,1.5,0.0,0.00127776,1.63,2.0,5.0,225.48,-102.0991416295
Fe2VTa0.12Al0.88,Fe2.000,V1.000,Ta0.120Al0.880,650.0,3.652195855741679e-06,1.6400000000000006,0.0,0.0,60.0,153.9663414,2503.3149804011027,7.0,0.0,7.0,16.6768,1.5968,1.5,0.0,0.00127776,1.63,2.0,5.0,225.48,-97.91475471108691
Fe2.08V0.92Si,Fe2.000,V1.000,Si1.000,350.0,2.361417944922407e-06,0.0,0.0,0.0,0.0,0.0,0.0,0.0,0.0,0.0,20.44,1.9,1.9,0.0,0.0,1.63,0.0,14.0,227.0,-46.17820056121162
Fe2.08V0.92Si,Fe2.000,V1.000,Si1.000,400.0,2.454860609687164e-06,0.0,0.0,0.0,0.0,0.0,0.0,0.0,0.0,0.0,20.44,1.9,1.9,0.0,0.0,1.63,0.0,14.0,227.0,-50.350205604550126
Fe2.08V0.92Si,Fe2.000,V1.000,Si1.000,450.0,2.530637612702966e-06,0.0,0.0,0.0,0.0,0.0,0.0,0.0,0.0,0.0,20.44,1.9,1.9,0.0,0.0,1.63,0.0,14.0,227.0,-52.94033339117365
Fe2.08V0.92Si,Fe2.000,V1.000,Si1.000,500.0,2.5929363664417465e-06,0.0,0.0,0.0,0.0,0.0,0.0,0.0,0.0,0.0,20.44,1.9,1.9,0.0,0.0,1.63,0.0,14.0,227.0,-54.415991370008506
Fe2.08V0.92Si,Fe2.000,V1.000,Si1.000,550.0,2.644270665150644e-06,0.0,0.0,0.0,0.0,0.0,0.0,0.0,0.0,0.0,20.44,1.9,1.9,0.0,0.0,1.63,0.0,14.0,227.0,-55.115650841559955
Fe2.08V0.92Si,Fe2.000,V1.000,Si1.000,600.0,2.6858421023960517e-06,0.0,0.0,0.0,0.0,0.0,0.0,0.0,0.0,0.0,20.44,1.9,1.9,0.0,0.0,1.63,0.0,14.0,227.0,-55.26757342742893
Fe2.08V0.92Si,Fe2.000,V1.000,Si1.000,650.0,2.717901488607674e-06,0.0,0.0,0.0,0.0,0.0,0.0,0.0,0.0,0.0,20.44,1.9,1.9,0.0,0.0,1.63,0.0,14.0,227.0,-55.00853753982927
Fe2.08V0.92Si,Fe2.000,V1.000,Si1.000,700.0,2.7401102686225648e-06,0.0,0.0,0.0,0.0,0.0,0.0,0.0,0.0,0.0,20.44,1.9,1.9,0.0,0.0,1.63,0.0,14.0,227.0,-54.40256485110483
Fe2.08V0.92Si,Fe2.000,V1.000,Si1.000,750.0,2.751901939229195e-06,0.0,0.0,0.0,0.0,0.0,0.0,0.0,0.0,0.0,20.44,1.9,1.9,0.0,0.0,1.63,0.0,14.0,227.0,-53.45964676324678
Fe2.08V0.92Si,Fe2.000,V1.000,Si1.000,800.0,2.752843466711488e-06,0.0,0.0,0.0,0.0,0.0,0.0,0.0,0.0,0.0,20.44,1.9,1.9,0.0,0.0,1.63,0.0,14.0,227.0,-52.154470877409494
Fe2.08V0.92Si,Fe2.000,V1.000,Si1.000,850.0,2.7429967043928862e-06,0.0,0.0,0.0,0.0,0.0,0.0,0.0,0.0,0.0,20.44,1.9,1.9,0.0,0.0,1.63,0.0,14.0,227.0,-50.44514746342901
Fe2.08V0.92Si,Fe2.000,V1.000,Si1.000,900.0,2.723279810180384e-06,0.0,0.0,0.0,0.0,0.0,0.0,0.0,0.0,0.0,20.44,1.9,1.9,0.0,0.0,1.63,0.0,14.0,227.0,-48.29193592933933
Fe2.08V0.92Si,Fe2.000,V1.000,Si1.000,950.0,2.6958286641085895e-06,0.0,0.0,0.0,0.0,0.0,0.0,0.0,0.0,0.0,20.44,1.9,1.9,0.0,0.0,1.63,0.0,14.0,227.0,-45.675971290889606
Fe2.08V0.92Si,Fe2.000,V1.000,Si1.000,1000.0,2.66435828588378e-06,0.0,0.0,0.0,0.0,0.0,0.0,0.0,0.0,0.0,20.44,1.9,1.9,0.0,0.0,1.63,0.0,14.0,227.0,-42.61799064106129
Ti0.3Zr0.35Hf0.35Ni2Sn,Ni2.000,Ti0.300Zr0.350Hf0.350,Sn1.000,400.0,9.178041083887056e-07,0.0,0.0,2.25333333333e-05,0.0,0.0,0.0,0.0,0.0,0.0,33.285,1.96,1.96,0.0,0.0,1.3825,0.0,14.0,141.0,-8.358476593055308
Ti0.3Zr0.35Hf0.35Ni2Sn,Ni2.000,Ti0.300Zr0.350Hf0.350,Sn1.000,450.0,9.683596944172129e-07,0.0,0.0,2.25333333333e-05,0.0,0.0,0.0,0.0,0.0,0.0,33.285,1.96,1.96,0.0,0.0,1.3825,0.0,14.0,141.0,-9.490223489242949
Ti0.3Zr0.35Hf0.35Ni2Sn,Ni2.000,Ti0.300Zr0.350Hf0.350,Sn1.000,500.0,1.0448205169285849e-06,0.0,0.0,2.25333333333e-05,0.0,0.0,0.0,0.0,0.0,0.0,33.285,1.96,1.96,0.0,0.0,1.3825,0.0,14.0,141.0,-10.252038887058852
Ti0.3Zr0.35Hf0.35Ni2Sn,Ni2.000,Ti0.300Zr0.350Hf0.350,Sn1.000,550.0,1.112539007452526e-06,0.0,0.0,2.25333333333e-05,0.0,0.0,0.0,0.0,0.0,0.0,33.285,1.96,1.96,0.0,0.0,1.3825,0.0,14.0,141.0,-10.682379223031576
Ti0.3Zr0.35Hf0.35Ni2Sn,Ni2.000,Ti0.300Zr0.350Hf0.350,Sn1.000,600.0,1.1569584773203112e-06,0.0,0.0,2.25333333333e-05,0.0,0.0,0.0,0.0,0.0,0.0,33.285,1.96,1.96,0.0,0.0,1.3825,0.0,14.0,141.0,-10.94349987930633
Ti0.3Zr0.35Hf0.35Ni2Sn,Ni2.000,Ti0.300Zr0.350Hf0.350,Sn1.000,650.0,1.199341724101312e-06,0.0,0.0,2.25333333333e-05,0.0,0.0,0.0,0.0,0.0,0.0,33.285,1.96,1.96,0.0,0.0,1.3825,0.0,14.0,141.0,-11.194124855788592
Ti0.3Zr0.35Hf0.35Ni2Sn,Ni2.000,Ti0.300Zr0.350Hf0.350,Sn1.000,700.0,1.3124996380394352e-06,0.0,0.0,2.25333333333e-05,0.0,0.0,0.0,0.0,0.0,0.0,33.285,1.96,1.96,0.0,0.0,1.3825,0.0,14.0,141.0,-11.46211644228536
Fe2VAl,Fe2.000,V1.000,Al1.000,350.0,8.713928141590896e-06,0.0,0.0,0.0,0.0,0.0,0.0,0.0,0.0,0.0,16.48,1.61,1.61,0.0,0.0,1.63,0.0,13.0,225.0,-18.412405329497112
Fe2VAl,Fe2.000,V1.000,Al1.000,400.0,7.2429883384005235e-06,0.0,0.0,0.0,0.0,0.0,0.0,0.0,0.0,0.0,16.48,1.61,1.61,0.0,0.0,1.63,0.0,13.0,225.0,-16.764681888821347
Fe2VAl,Fe2.000,V1.000,Al1.000,450.0,6.25278916549436e-06,0.0,0.0,0.0,0.0,0.0,0.0,0.0,0.0,0.0,16.48,1.61,1.61,0.0,0.0,1.63,0.0,13.0,225.0,-14.15678147060614
Fe2VAl,Fe2.000,V1.000,Al1.000,500.0,5.5717451423579705e-06,0.0,0.0,0.0,0.0,0.0,0.0,0.0,0.0,0.0,16.48,1.61,1.61,0.0,0.0,1.63,0.0,13.0,225.0,-11.929745636107912
Fe2VAl,Fe2.000,V1.000,Al1.000,550.0,5.005249273724211e-06,0.0,0.0,0.0,0.0,0.0,0.0,0.0,0.0,0.0,16.48,1.61,1.61,0.0,0.0,1.63,0.0,13.0,225.0,-10.576812882963024
Fe2VAl,Fe2.000,V1.000,Al1.000,600.0,4.498709452011471e-06,0.0,0.0,0.0,0.0,0.0,0.0,0.0,0.0,0.0,16.48,1.61,1.61,0.0,0.0,1.63,0.0,13.0,225.0,-10.04635060166862
Fe2V0.98W0.02Al,Fe2.000,V1.000,W0.020Al0.980,400.0,7.136938595368183e-06,0.4299999999999997,0.0,0.0,61.0,156.8584614,482.2497074903957,6.0,0.0,6.0,16.471400000000003,1.625,1.61,0.0,0.0110249999999999,1.63,1.0,6.0,225.08,-78.69656344069433
Fe2V0.98W0.02Al,Fe2.000,V1.000,W0.020Al0.980,450.0,6.240350704542895e-06,0.4299999999999997,0.0,0.0,61.0,156.8584614,482.2497074903957,6.0,0.0,6.0,16.471400000000003,1.625,1.61,0.0,0.0110249999999999,1.63,1.0,6.0,225.08,-68.89063415721833
Fe2V0.98W0.02Al,Fe2.000,V1.000,W0.020Al0.980,500.0,5.525209681496733e-06,0.4299999999999997,0.0,0.0,61.0,156.8584614,482.2497074903957,6.0,0.0,6.0,16.471400000000003,1.625,1.61,0.0,0.0110249999999999,1.63,1.0,6.0,225.08,-58.5638699298922
Fe2V0.98W0.02Al,Fe2.000,V1.000,W0.020Al0.980,550.0,4.965029175382166e-06,0.4299999999999997,0.0,0.0,61.0,156.8584614,482.2497074903957,6.0,0.0,6.0,16.471400000000003,1.625,1.61,0.0,0.0110249999999999,1.63,1.0,6.0,225.08,-47.42468525341555
Fe2V0.98W0.02Al,Fe2.000,V1.000,W0.020Al0.980,600.0,4.5385961775704285e-06,0.4299999999999997,0.0,0.0,61.0,156.8584614,482.2497074903957,6.0,0.0,6.0,16.471400000000003,1.625,1.61,0.0,0.0110249999999999,1.63,1.0,6.0,225.08,-37.46063670474926
Fe2V0.98W0.02Al,Fe2.000,V1.000,W0.020Al0.980,650.0,4.214577508168779e-06,0.4299999999999997,0.0,0.0,61.0,156.8584614,482.2497074903957,6.0,0.0,6.0,16.471400000000003,1.625,1.61,0.0,0.0110249999999999,1.63,1.0,6.0,225.08,-30.757604165367656
Fe2V0.98W0.02Al,Fe2.000,V1.000,W0.020Al0.980,700.0,3.9361263025379585e-06,0.4299999999999997,0.0,0.0,61.0,156.8584614,482.2497074903957,6.0,0.0,6.0,16.471400000000003,1.625,1.61,0.0,0.0110249999999999,1.63,1.0,6.0,225.08,-27.318972043504417
Fe2V0.96W0.04Al,Fe2.000,V1.000,W0.038Al0.962,400.0,6.573593149835522e-06,0.4299999999999997,0.0,0.0,61.0,156.8584614,899.4449136234135,6.0,0.0,6.0,16.46366,1.6385,1.61,0.0,0.0205627499999999,1.63,1.0,6.0,225.152,-92.1028714028554
Fe2V0.96W0.04Al,Fe2.000,V1.000,W0.038Al0.962,450.0,5.931727812380992e-06,0.4299999999999997,0.0,0.0,61.0,156.8584614,899.4449136234135,6.0,0.0,6.0,16.46366,1.6385,1.61,0.0,0.0205627499999999,1.63,1.0,6.0,225.152,-78.9151802117966
Fe2V0.96W0.04Al,Fe2.000,V1.000,W0.038Al0.962,500.0,5.3557756896416205e-06,0.4299999999999997,0.0,0.0,61.0,156.8584614,899.4449136234135,6.0,0.0,6.0,16.46366,1.6385,1.61,0.0,0.0205627499999999,1.63,1.0,6.0,225.152,-65.39868096486386
Fe2V0.96W0.04Al,Fe2.000,V1.000,W0.038Al0.962,550.0,4.841718067166203e-06,0.4299999999999997,0.0,0.0,61.0,156.8584614,899.4449136234135,6.0,0.0,6.0,16.46366,1.6385,1.61,0.0,0.0205627499999999,1.63,1.0,6.0,225.152,-51.185783596851934
Fe2V0.96W0.04Al,Fe2.000,V1.000,W0.038Al0.962,600.0,4.402787491777804e-06,0.4299999999999997,0.0,0.0,61.0,156.8584614,899.4449136234135,6.0,0.0,6.0,16.46366,1.6385,1.61,0.0,0.0205627499999999,1.63,1.0,6.0,225.152,-39.41755131137408
Fe2V0.96W0.04Al,Fe2.000,V1.000,W0.038Al0.962,650.0,4.05524622543846e-06,0.4299999999999997,0.0,0.0,61.0,156.8584614,899.4449136234135,6.0,0.0,6.0,16.46366,1.6385,1.61,0.0,0.0205627499999999,1.63,1.0,6.0,225.152,-32.944765601527514
Fe2V0.96W0.04Al,Fe2.000,V1.000,W0.038Al0.962,700.0,3.8041646991140334e-06,0.4299999999999997,0.0,0.0,61.0,156.8584614,899.4449136234135,6.0,0.0,6.0,16.46366,1.6385,1.61,0.0,0.0205627499999999,1.63,1.0,6.0,225.152,-30.528991270618693
Fe2V0.94W0.06Al,Fe2.000,V1.000,W0.057Al0.943,350.0,6.008466079478008e-06,0.4299999999999997,0.0,0.0,61.0,156.8584614,1322.5206136385846,6.0,0.0,6.0,16.45549,1.65275,1.61,0.0,0.0302349374999999,1.63,1.0,6.0,225.228,-116.4027479712
Fe2V0.94W0.06Al,Fe2.000,V1.000,W0.057Al0.943,400.0,5.700759609619865e-06,0.4299999999999997,0.0,0.0,61.0,156.8584614,1322.5206136385846,6.0,0.0,6.0,16.45549,1.65275,1.61,0.0,0.0302349374999999,1.63,1.0,6.0,225.228,-110.4200439674
Fe2V0.94W0.06Al,Fe2.000,V1.000,W0.057Al0.943,450.0,5.3516384600382155e-06,0.4299999999999997,0.0,0.0,61.0,156.8584614,1322.5206136385846,6.0,0.0,6.0,16.45549,1.65275,1.61,0.0,0.0302349374999999,1.63,1.0,6.0,225.228,-95.90113301306825
Fe2V0.94W0.06Al,Fe2.000,V1.000,W0.057Al0.943,500.0,4.990897612552571e-06,0.4299999999999997,0.0,0.0,61.0,156.8584614,1322.5206136385846,6.0,0.0,6.0,16.45549,1.65275,1.61,0.0,0.0302349374999999,1.63,1.0,6.0,225.228,-80.95686736187685
Fe2V0.94W0.06Al,Fe2.000,V1.000,W0.057Al0.943,550.0,4.642999335473452e-06,0.4299999999999997,0.0,0.0,61.0,156.8584614,1322.5206136385846,6.0,0.0,6.0,16.45549,1.65275,1.61,0.0,0.0302349374999999,1.63,1.0,6.0,225.228,-68.43972986023388
Fe2V0.94W0.06Al,Fe2.000,V1.000,W0.057Al0.943,600.0,4.325908504740396e-06,0.4299999999999997,0.0,0.0,61.0,156.8584614,1322.5206136385846,6.0,0.0,6.0,16.45549,1.65275,1.61,0.0,0.0302349374999999,1.63,1.0,6.0,225.228,-58.069785849799736
Fe2V0.94W0.06Al,Fe2.000,V1.000,W0.057Al0.943,650.0,4.0499279250599085e-06,0.4299999999999997,0.0,0.0,61.0,156.8584614,1322.5206136385846,6.0,0.0,6.0,16.45549,1.65275,1.61,0.0,0.0302349374999999,1.63,1.0,6.0,225.228,-48.56063506998359
Fe2V0.94W0.06Al,Fe2.000,V1.000,W0.057Al0.943,700.0,3.816533651043436e-06,0.4299999999999997,0.0,0.0,61.0,156.8584614,1322.5206136385846,6.0,0.0,6.0,16.45549,1.65275,1.61,0.0,0.0302349374999999,1.63,1.0,6.0,225.228,-39.74536356045506
Fe2V0.92W0.08Al,Fe2.000,V1.000,W0.074Al0.926,400.0,5.070874293879916e-06,0.4299999999999997,0.0,0.0,61.0,156.8584614,1686.004028371014,6.0,0.0,6.0,16.44818,1.6655,1.61,0.0,0.0385447499999999,1.63,1.0,6.0,225.296,-100.991521576
Fe2V0.92W0.08Al,Fe2.000,V1.000,W0.074Al0.926,450.0,4.876391231564599e-06,0.4299999999999997,0.0,0.0,61.0,156.8584614,1686.004028371014,6.0,0.0,6.0,16.44818,1.6655,1.61,0.0,0.0385447499999999,1.63,1.0,6.0,225.296,-94.5831989044056
Fe2V0.92W0.08Al,Fe2.000,V1.000,W0.074Al0.926,500.0,4.686647649589504e-06,0.4299999999999997,0.0,0.0,61.0,156.8584614,1686.004028371014,6.0,0.0,6.0,16.44818,1.6655,1.61,0.0,0.0385447499999999,1.63,1.0,6.0,225.296,-85.62205319809007
Fe2V0.92W0.08Al,Fe2.000,V1.000,W0.074Al0.926,550.0,4.49474949294907e-06,0.4299999999999997,0.0,0.0,61.0,156.8584614,1686.004028371014,6.0,0.0,6.0,16.44818,1.6655,1.61,0.0,0.0385447499999999,1.63,1.0,6.0,225.296,-74.0827795772574
Fe2V0.92W0.08Al,Fe2.000,V1.000,W0.074Al0.926,600.0,4.287413216762857e-06,0.4299999999999997,0.0,0.0,61.0,156.8584614,1686.004028371014,6.0,0.0,6.0,16.44818,1.6655,1.61,0.0,0.0385447499999999,1.63,1.0,6.0,225.296,-62.41918473071963
Fe2V0.92W0.08Al,Fe2.000,V1.000,W0.074Al0.926,650.0,4.058761744395002e-06,0.4299999999999997,0.0,0.0,61.0,156.8584614,1686.004028371014,6.0,0.0,6.0,16.44818,1.6655,1.61,0.0,0.0385447499999999,1.63,1.0,6.0,225.296,-53.10617433778101
Fe2V0.92W0.08Al,Fe2.000,V1.000,W0.074Al0.926,700.0,3.824120425573642e-06,0.4299999999999997,0.0,0.0,61.0,156.8584614,1686.004028371014,6.0,0.0,6.0,16.44818,1.6655,1.61,0.0,0.0385447499999999,1.63,1.0,6.0,225.296,-46.181740490102136
Fe2V0.90W0.10Al,Fe2.000,V1.000,W0.091Al0.909,400.0,4.495484593279616e-06,0.4299999999999997,0.0,0.0,61.0,156.8584614,2035.2659976478592,6.0,0.0,6.0,16.44087,1.6782500000000002,1.61,0.0,0.0465294374999999,1.63,1.0,6.0,225.364,-110.8266738034
Fe2V0.90W0.10Al,Fe2.000,V1.000,W0.091Al0.909,450.0,4.457254532801206e-06,0.4299999999999997,0.0,0.0,61.0,156.8584614,2035.2659976478592,6.0,0.0,6.0,16.44087,1.6782500000000002,1.61,0.0,0.0465294374999999,1.63,1.0,6.0,225.364,-103.0740042372
Fe2V0.90W0.10Al,Fe2.000,V1.000,W0.091Al0.909,500.0,4.3649119331442e-06,0.4299999999999997,0.0,0.0,61.0,156.8584614,2035.2659976478592,6.0,0.0,6.0,16.44087,1.6782500000000002,1.61,0.0,0.0465294374999999,1.63,1.0,6.0,225.364,-90.68471004742749
Fe2V0.90W0.10Al,Fe2.000,V1.000,W0.091Al0.909,550.0,4.2404256391826114e-06,0.4299999999999997,0.0,0.0,61.0,156.8584614,2035.2659976478592,6.0,0.0,6.0,16.44087,1.6782500000000002,1.61,0.0,0.0465294374999999,1.63,1.0,6.0,225.364,-77.68039562983326
Fe2V0.90W0.10Al,Fe2.000,V1.000,W0.091Al0.909,600.0,4.1081895239539955e-06,0.4299999999999997,0.0,0.0,61.0,156.8584614,2035.2659976478592,6.0,0.0,6.0,16.44087,1.6782500000000002,1.61,0.0,0.0465294374999999,1.63,1.0,6.0,225.364,-66.19771402814915
Fe2V0.90W0.10Al,Fe2.000,V1.000,W0.091Al0.909,650.0,3.986505669542067e-06,0.4299999999999997,0.0,0.0,61.0,156.8584614,2035.2659976478592,6.0,0.0,6.0,16.44087,1.6782500000000002,1.61,0.0,0.0465294374999999,1.63,1.0,6.0,225.364,-56.80596142677765
Fe2V0.90W0.10Al,Fe2.000,V1.000,W0.091Al0.909,700.0,3.879067547959211e-06,0.4299999999999997,0.0,0.0,61.0,156.8584614,2035.2659976478592,6.0,0.0,6.0,16.44087,1.6782500000000002,1.61,0.0,0.0465294374999999,1.63,1.0,6.0,225.364,-48.82467164364938
Fe2.06V1.01Al0.93,Fe2.000,V1.000,Al1.000,350.0,5.94766680365612e-06,0.0,0.0,0.0,0.0,0.0,0.0,0.0,0.0,0.0,16.48,1.61,1.61,0.0,0.0,1.63,0.0,13.0,225.0,21.969067801311866
Fe2.06V1.01Al0.93,Fe2.000,V1.000,Al1.000,400.0,5.250466788730943e-06,0.0,0.0,0.0,0.0,0.0,0.0,0.0,0.0,0.0,16.48,1.61,1.61,0.0,0.0,1.63,0.0,13.0,225.0,18.122992640603936
Fe2.06V1.01Al0.93,Fe2.000,V1.000,Al1.000,450.0,4.650711341706781e-06,0.0,0.0,0.0,0.0,0.0,0.0,0.0,0.0,0.0,16.48,1.61,1.61,0.0,0.0,1.63,0.0,13.0,225.0,14.630186814732548
Fe2.06V1.01Al0.93,Fe2.000,V1.000,Al1.000,500.0,4.165729774493967e-06,0.0,0.0,0.0,0.0,0.0,0.0,0.0,0.0,0.0,16.48,1.61,1.61,0.0,0.0,1.63,0.0,13.0,225.0,11.33494535616436
Fe2.06V1.01Al0.93,Fe2.000,V1.000,Al1.000,550.0,3.7931239103776944e-06,0.0,0.0,0.0,0.0,0.0,0.0,0.0,0.0,0.0,16.48,1.61,1.61,0.0,0.0,1.63,0.0,13.0,225.0,8.227737767526664
Fe2.06V1.01Al0.93,Fe2.000,V1.000,Al1.000,600.0,3.5169865754828575e-06,0.0,0.0,0.0,0.0,0.0,0.0,0.0,0.0,0.0,16.48,1.61,1.61,0.0,0.0,1.63,0.0,13.0,225.0,5.385747178321116
Fe2.06V1.01Al0.93,Fe2.000,V1.000,Al1.000,650.0,3.3141200902387184e-06,0.0,0.0,0.0,0.0,0.0,0.0,0.0,0.0,0.0,16.48,1.61,1.61,0.0,0.0,1.63,0.0,13.0,225.0,2.91340950163825
Fe2.06V1.01Al0.93,Fe2.000,V1.000,Al1.000,700.0,3.160254760843723e-06,0.0,0.0,0.0,0.0,0.0,0.0,0.0,0.0,0.0,16.48,1.61,1.61,0.0,0.0,1.63,0.0,13.0,225.0,0.8829525908709125
Fe2.06V1.01Al0.93,Fe2.000,V1.000,Al1.000,750.0,3.036267370730166e-06,0.0,0.0,0.0,0.0,0.0,0.0,0.0,0.0,0.0,16.48,1.61,1.61,0.0,0.0,1.63,0.0,13.0,225.0,-0.725064603571276
Fe2.06V1.01Al0.93,Fe2.000,V1.000,Al1.000,800.0,2.934399672028983e-06,0.0,0.0,0.0,0.0,0.0,0.0,0.0,0.0,0.0,16.48,1.61,1.61,0.0,0.0,1.63,0.0,13.0,225.0,-2.0812128775476166
Fe2.06V1.01Al0.93,Fe2.000,V1.000,Al1.000,850.0,2.8644768770345447e-06,0.0,0.0,0.0,0.0,0.0,0.0,0.0,0.0,0.0,16.48,1.61,1.61,0.0,0.0,1.63,0.0,13.0,225.0,-3.5666536164723737
Fe2VAl,Fe2.000,V1.000,Al1.000,100.0,1.8727420194424634e-05,0.0,0.0,0.0,0.0,0.0,0.0,0.0,0.0,0.0,16.48,1.61,1.61,0.0,0.0,1.63,0.0,13.0,225.0,17.40736659333346
Fe2VAl,Fe2.000,V1.000,Al1.000,150.0,1.5448535910022205e-05,0.0,0.0,0.0,0.0,0.0,0.0,0.0,0.0,0.0,16.48,1.61,1.61,0.0,0.0,1.63,0.0,13.0,225.0,22.29695837033583
Fe2VAl,Fe2.000,V1.000,Al1.000,200.0,1.2462349900131811e-05,0.0,0.0,0.0,0.0,0.0,0.0,0.0,0.0,0.0,16.48,1.61,1.61,0.0,0.0,1.63,0.0,13.0,225.0,25.52072167536582
Fe2VAl,Fe2.000,V1.000,Al1.000,250.0,9.876911513498415e-06,0.0,0.0,0.0,0.0,0.0,0.0,0.0,0.0,0.0,16.48,1.61,1.61,0.0,0.0,1.63,0.0,13.0,225.0,26.769546152371134
Fe2VAl,Fe2.000,V1.000,Al1.000,300.0,7.748704653749373e-06,0.0,0.0,0.0,0.0,0.0,0.0,0.0,0.0,0.0,16.48,1.61,1.61,0.0,0.0,1.63,0.0,13.0,225.0,27.23506408271046
Fe2VAl,Fe2.000,V1.000,Al1.000,350.0,6.0905781255630685e-06,0.0,0.0,0.0,0.0,0.0,0.0,0.0,0.0,0.0,16.48,1.61,1.61,0.0,0.0,1.63,0.0,13.0,225.0,27.580538950859896
Fe2VAl0.95Ge0.05,Fe2.000,V1.000,Al0.950Ge0.050,100.0,2.1776042481170022e-06,6.524999999999999,0.0069677275,0.0,19.0,45.6584614,99.02301712722628,0.0,0.0,0.0,16.80625,1.63,1.61,0.0,0.0075999999999999,1.63,1.0,13.0,225.0,-80.29770639025833
Fe2VAl0.95Ge0.05,Fe2.000,V1.000,Al0.950Ge0.050,150.0,2.726230653113967e-06,6.524999999999999,0.0069677275,0.0,19.0,45.6584614,99.02301712722628,0.0,0.0,0.0,16.80625,1.63,1.61,0.0,0.0075999999999999,1.63,1.0,13.0,225.0,-103.7397676706
Fe2VAl0.95Ge0.05,Fe2.000,V1.000,Al0.950Ge0.050,200.0,3.2784283386598974e-06,6.524999999999999,0.0069677275,0.0,19.0,45.6584614,99.02301712722628,0.0,0.0,0.0,16.80625,1.63,1.61,0.0,0.0075999999999999,1.63,1.0,13.0,225.0,-125.1166721881
Fe2VAl0.95Ge0.05,Fe2.000,V1.000,Al0.950Ge0.050,250.0,3.737394097288095e-06,6.524999999999999,0.0069677275,0.0,19.0,45.6584614,99.02301712722628,0.0,0.0,0.0,16.80625,1.63,1.61,0.0,0.0075999999999999,1.63,1.0,13.0,225.0,-135.7079211738
Fe2VAl0.95Ge0.05,Fe2.000,V1.000,Al0.950Ge0.050,300.0,4.048189845489574e-06,6.524999999999999,0.0069677275,0.0,19.0,45.6584614,99.02301712722628,0.0,0.0,0.0,16.80625,1.63,1.61,0.0,0.0075999999999999,1.63,1.0,13.0,225.0,-131.3829028885
Fe2VAl0.95Ge0.05,Fe2.000,V1.000,Al0.950Ge0.050,350.0,4.1908225929548835e-06,6.524999999999999,0.0069677275,0.0,19.0,45.6584614,99.02301712722628,0.0,0.0,0.0,16.80625,1.63,1.61,0.0,0.0075999999999999,1.63,1.0,13.0,225.0,-115.0706645224
Fe2VAl0.95Ge0.05,Fe2.000,V1.000,Al0.950Ge0.050,400.0,4.173324411815935e-06,6.524999999999999,0.0069677275,0.0,19.0,45.6584614,99.02301712722628,0.0,0.0,0.0,16.80625,1.63,1.61,0.0,0.0075999999999999,1.63,1.0,13.0,225.0,-99.22968409406349
Fe2VAl0.90Ge0.10,Fe2.000,V1.000,Al0.900Ge0.100,100.0,9.222718892694154e-07,6.524999999999999,0.01320201,0.0,19.0,45.6584614,187.62255876737615,0.0,0.0,0.0,17.1325,1.65,1.61,0.0,0.0143999999999999,1.63,1.0,13.0,225.0,-67.61742554075741
Fe2VAl0.90Ge0.10,Fe2.000,V1.000,Al0.900Ge0.100,150.0,1.30050622832308e-06,6.524999999999999,0.01320201,0.0,19.0,45.6584614,187.62255876737615,0.0,0.0,0.0,17.1325,1.65,1.61,0.0,0.0143999999999999,1.63,1.0,13.0,225.0,-86.83370781362125
Fe2VAl0.90Ge0.10,Fe2.000,V1.000,Al0.900Ge0.100,200.0,1.7562165404423088e-06,6.524999999999999,0.01320201,0.0,19.0,45.6584614,187.62255876737615,0.0,0.0,0.0,17.1325,1.65,1.61,0.0,0.0143999999999999,1.63,1.0,13.0,225.0,-104.4891990024
Fe2VAl0.90Ge0.10,Fe2.000,V1.000,Al0.900Ge0.100,250.0,2.2163371307646146e-06,6.524999999999999,0.01320201,0.0,19.0,45.6584614,187.62255876737615,0.0,0.0,0.0,17.1325,1.65,1.61,0.0,0.0143999999999999,1.63,1.0,13.0,225.0,-117.7448723617
Fe2VAl0.90Ge0.10,Fe2.000,V1.000,Al0.900Ge0.100,300.0,2.6308795980542884e-06,6.524999999999999,0.01320201,0.0,19.0,45.6584614,187.62255876737615,0.0,0.0,0.0,17.1325,1.65,1.61,0.0,0.0143999999999999,1.63,1.0,13.0,225.0,-123.2215890624
Fe2VAl0.90Ge0.10,Fe2.000,V1.000,Al0.900Ge0.100,350.0,2.9696974362521695e-06,6.524999999999999,0.01320201,0.0,19.0,45.6584614,187.62255876737615,0.0,0.0,0.0,17.1325,1.65,1.61,0.0,0.0143999999999999,1.63,1.0,13.0,225.0,-118.9662232536
Fe2VAl0.90Ge0.10,Fe2.000,V1.000,Al0.900Ge0.100,400.0,3.2192506360253944e-06,6.524999999999999,0.01320201,0.0,19.0,45.6584614,187.62255876737615,0.0,0.0,0.0,17.1325,1.65,1.61,0.0,0.0143999999999999,1.63,1.0,13.0,225.0,-106.4177871243
Fe2VAl0.97Ge0.03,Fe2.000,V1.000,Al0.970Ge0.030,150.0,6.180534677464694e-06,6.524999999999999,0.0042686499,0.0,19.0,45.6584614,60.66462733478494,0.0,0.0,0.0,16.67575,1.622,1.61,0.0,0.0046559999999999,1.63,1.0,13.0,225.0,-93.1170792008454
Fe2VAl0.97Ge0.03,Fe2.000,V1.000,Al0.970Ge0.030,200.0,6.3513625878168335e-06,6.524999999999999,0.0042686499,0.0,19.0,45.6584614,60.66462733478494,0.0,0.0,0.0,16.67575,1.622,1.61,0.0,0.0046559999999999,1.63,1.0,13.0,225.0,-113.066858106
Fe2VAl0.97Ge0.03,Fe2.000,V1.000,Al0.970Ge0.030,250.0,6.279564118248828e-06,6.524999999999999,0.0042686499,0.0,19.0,45.6584614,60.66462733478494,0.0,0.0,0.0,16.67575,1.622,1.61,0.0,0.0046559999999999,1.63,1.0,13.0,225.0,-121.3058997159
Fe2VAl0.97Ge0.03,Fe2.000,V1.000,Al0.970Ge0.030,300.0,5.997718905083857e-06,6.524999999999999,0.0042686499,0.0,19.0,45.6584614,60.66462733478494,0.0,0.0,0.0,16.67575,1.622,1.61,0.0,0.0046559999999999,1.63,1.0,13.0,225.0,-113.8263816635
Fe2VAl0.97Ge0.03,Fe2.000,V1.000,Al0.970Ge0.030,350.0,5.554118877983037e-06,6.524999999999999,0.0042686499,0.0,19.0,45.6584614,60.66462733478494,0.0,0.0,0.0,16.67575,1.622,1.61,0.0,0.0046559999999999,1.63,1.0,13.0,225.0,-93.29541559930746
Fe2VAl0.97Ge0.03,Fe2.000,V1.000,Al0.970Ge0.030,400.0,5.007377458352355e-06,6.524999999999999,0.0042686499,0.0,19.0,45.6584614,60.66462733478494,0.0,0.0,0.0,16.67575,1.622,1.61,0.0,0.0046559999999999,1.63,1.0,13.0,225.0,-67.72980282642314
Fe2VAl0.80Ge0.20,Fe2.000,V1.000,Al0.800Ge0.200,150.0,1.0944655929683988e-06,6.524999999999999,0.02347024,0.0,19.0,45.6584614,333.5512155864464,0.0,0.0,0.0,17.785,1.6900000000000002,1.61,0.0,0.0255999999999999,1.63,1.0,13.0,225.0,-63.555851160165346
Fe2VAl0.80Ge0.20,Fe2.000,V1.000,Al0.800Ge0.200,200.0,1.3773623999272643e-06,6.524999999999999,0.02347024,0.0,19.0,45.6584614,333.5512155864464,0.0,0.0,0.0,17.785,1.6900000000000002,1.61,0.0,0.0255999999999999,1.63,1.0,13.0,225.0,-77.3187749789494
Fe2VAl0.80Ge0.20,Fe2.000,V1.000,Al0.800Ge0.200,250.0,1.6835442193484834e-06,6.524999999999999,0.02347024,0.0,19.0,45.6584614,333.5512155864464,0.0,0.0,0.0,17.785,1.6900000000000002,1.61,0.0,0.0255999999999999,1.63,1.0,13.0,225.0,-89.620268224686
Fe2VAl0.80Ge0.20,Fe2.000,V1.000,Al0.800Ge0.200,300.0,1.988121163070349e-06,6.524999999999999,0.02347024,0.0,19.0,45.6584614,333.5512155864464,0.0,0.0,0.0,17.785,1.6900000000000002,1.61,0.0,0.0255999999999999,1.63,1.0,13.0,225.0,-98.64276991645164
Fe2VAl0.80Ge0.20,Fe2.000,V1.000,Al0.800Ge0.200,350.0,2.2722014211229502e-06,6.524999999999999,0.02347024,0.0,19.0,45.6584614,333.5512155864464,0.0,0.0,0.0,17.785,1.6900000000000002,1.61,0.0,0.0255999999999999,1.63,1.0,13.0,225.0,-102.848460887
Fe2VAl0.80Ge0.20,Fe2.000,V1.000,Al0.800Ge0.200,400.0,2.522296360993422e-06,6.524999999999999,0.02347024,0.0,19.0,45.6584614,333.5512155864464,0.0,0.0,0.0,17.785,1.6900000000000002,1.61,0.0,0.0255999999999999,1.63,1.0,13.0,225.0,-104.0504879078
CePd2Pt,Pd2.000,Ce1.000,Pt1.000,100.0,2.1188031104718054e-06,0.0,0.0,0.0,0.0,0.0,0.0,0.0,0.0,1.0,15.02,2.28,2.28,0.0,0.0,1.12,0.0,10.0,225.0,110.793779596
CePd2Pt,Pd2.000,Ce1.000,Pt1.000,150.0,1.761620043669229e-06,0.0,0.0,0.0,0.0,0.0,0.0,0.0,0.0,1.0,15.02,2.28,2.28,0.0,0.0,1.12,0.0,10.0,225.0,112.6811431122
CePd2Pt,Pd2.000,Ce1.000,Pt1.000,200.0,1.4910139134715074e-06,0.0,0.0,0.0,0.0,0.0,0.0,0.0,0.0,1.0,15.02,2.28,2.28,0.0,0.0,1.12,0.0,10.0,225.0,107.0646679922
CePd2Pt,Pd2.000,Ce1.000,Pt1.000,250.0,1.326080172139485e-06,0.0,0.0,0.0,0.0,0.0,0.0,0.0,0.0,1.0,15.02,2.28,2.28,0.0,0.0,1.12,0.0,10.0,225.0,102.5969489308
CePd2Pt,Pd2.000,Ce1.000,Pt1.000,300.0,1.2161140323255696e-06,0.0,0.0,0.0,0.0,0.0,0.0,0.0,0.0,1.0,15.02,2.28,2.28,0.0,0.0,1.12,0.0,10.0,225.0,98.96843804614082
CePd2Pt,Pd2.000,Ce1.000,Pt1.000,100.0,2.0941383580787982e-06,0.0,0.0,0.0,0.0,0.0,0.0,0.0,0.0,1.0,15.02,2.28,2.28,0.0,0.0,1.12,0.0,10.0,225.0,112.8535556194
CePd2Pt,Pd2.000,Ce1.000,Pt1.000,150.0,1.7405111765362055e-06,0.0,0.0,0.0,0.0,0.0,0.0,0.0,0.0,1.0,15.02,2.28,2.28,0.0,0.0,1.12,0.0,10.0,225.0,114.1083205059
CePd2Pt,Pd2.000,Ce1.000,Pt1.000,200.0,1.4851789136444365e-06,0.0,0.0,0.0,0.0,0.0,0.0,0.0,0.0,1.0,15.02,2.28,2.28,0.0,0.0,1.12,0.0,10.0,225.0,109.2279581049
CePd2Pt,Pd2.000,Ce1.000,Pt1.000,250.0,1.33293395285539e-06,0.0,0.0,0.0,0.0,0.0,0.0,0.0,0.0,1.0,15.02,2.28,2.28,0.0,0.0,1.12,0.0,10.0,225.0,104.6088786521
CePd2Pt,Pd2.000,Ce1.000,Pt1.000,300.0,1.2263772322783768e-06,0.0,0.0,0.0,0.0,0.0,0.0,0.0,0.0,1.0,15.02,2.28,2.28,0.0,0.0,1.12,0.0,10.0,225.0,98.81770219420125
Fe2VAl,Fe2.000,V1.000,Al1.000,350.0,3.3663189593729733e-06,0.0,0.0,0.0,0.0,0.0,0.0,0.0,0.0,0.0,16.48,1.61,1.61,0.0,0.0,1.63,0.0,13.0,225.0,6.391506287640826
Fe2VAl,Fe2.000,V1.000,Al1.000,400.0,3.222100950098911e-06,0.0,0.0,0.0,0.0,0.0,0.0,0.0,0.0,0.0,16.48,1.61,1.61,0.0,0.0,1.63,0.0,13.0,225.0,5.864904053103602
Fe2VAl,Fe2.000,V1.000,Al1.000,450.0,3.144043057010874e-06,0.0,0.0,0.0,0.0,0.0,0.0,0.0,0.0,0.0,16.48,1.61,1.61,0.0,0.0,1.63,0.0,13.0,225.0,5.427545680559265
Fe2VAl,Fe2.000,V1.000,Al1.000,500.0,3.00084170082665e-06,0.0,0.0,0.0,0.0,0.0,0.0,0.0,0.0,0.0,16.48,1.61,1.61,0.0,0.0,1.63,0.0,13.0,225.0,5.094730221729549
Fe2VAl,Fe2.000,V1.000,Al1.000,550.0,2.92402615531545e-06,0.0,0.0,0.0,0.0,0.0,0.0,0.0,0.0,0.0,16.48,1.61,1.61,0.0,0.0,1.63,0.0,13.0,225.0,5.016500214983225
Fe2VAl,Fe2.000,V1.000,Al1.000,600.0,3.086541723400178e-06,0.0,0.0,0.0,0.0,0.0,0.0,0.0,0.0,0.0,16.48,1.61,1.61,0.0,0.0,1.63,0.0,13.0,225.0,5.303742620060429
Fe2VAl,Fe2.000,V1.000,Al1.000,650.0,3.4813329132607094e-06,0.0,0.0,0.0,0.0,0.0,0.0,0.0,0.0,0.0,16.48,1.61,1.61,0.0,0.0,1.63,0.0,13.0,225.0,5.854289752795462
Fe2VAl,Fe2.000,V1.000,Al1.000,350.0,3.511284401786925e-06,0.0,0.0,0.0,0.0,0.0,0.0,0.0,0.0,0.0,16.48,1.61,1.61,0.0,0.0,1.63,0.0,13.0,225.0,5.988097770022503
Fe2VAl,Fe2.000,V1.000,Al1.000,400.0,3.427497537609046e-06,0.0,0.0,0.0,0.0,0.0,0.0,0.0,0.0,0.0,16.48,1.61,1.61,0.0,0.0,1.63,0.0,13.0,225.0,5.215026447740628
Fe2VAl,Fe2.000,V1.000,Al1.000,450.0,3.230472942952211e-06,0.0,0.0,0.0,0.0,0.0,0.0,0.0,0.0,0.0,16.48,1.61,1.61,0.0,0.0,1.63,0.0,13.0,225.0,5.199708828261822
Fe2VAl,Fe2.000,V1.000,Al1.000,500.0,3.077518078887148e-06,0.0,0.0,0.0,0.0,0.0,0.0,0.0,0.0,0.0,16.48,1.61,1.61,0.0,0.0,1.63,0.0,13.0,225.0,4.941981806825136
Fe2VAl,Fe2.000,V1.000,Al1.000,550.0,3.0238469113239225e-06,0.0,0.0,0.0,0.0,0.0,0.0,0.0,0.0,0.0,16.48,1.61,1.61,0.0,0.0,1.63,0.0,13.0,225.0,4.645887212395192
Fe2VAl,Fe2.000,V1.000,Al1.000,600.0,3.1168213112672756e-06,0.0,0.0,0.0,0.0,0.0,0.0,0.0,0.0,0.0,16.48,1.61,1.61,0.0,0.0,1.63,0.0,13.0,225.0,4.8785375312089325
Fe2VAl,Fe2.000,V1.000,Al1.000,650.0,3.4901924550710672e-06,0.0,0.0,0.0,0.0,0.0,0.0,0.0,0.0,0.0,16.48,1.61,1.61,0.0,0.0,1.63,0.0,13.0,225.0,5.728981630327896
Fe2VAl,Fe2.000,V1.000,Al1.000,400.0,4.51211624381496e-06,0.0,0.0,0.0,0.0,0.0,0.0,0.0,0.0,0.0,16.48,1.61,1.61,0.0,0.0,1.63,0.0,13.0,225.0,20.307896966982145
Fe2VAl,Fe2.000,V1.000,Al1.000,450.0,4.292144983552108e-06,0.0,0.0,0.0,0.0,0.0,0.0,0.0,0.0,0.0,16.48,1.61,1.61,0.0,0.0,1.63,0.0,13.0,225.0,18.96064347613679
Fe2VAl,Fe2.000,V1.000,Al1.000,500.0,4.0735214026561324e-06,0.0,0.0,0.0,0.0,0.0,0.0,0.0,0.0,0.0,16.48,1.61,1.61,0.0,0.0,1.63,0.0,13.0,225.0,16.72887408618419
Fe2VAl,Fe2.000,V1.000,Al1.000,550.0,3.852887164670067e-06,0.0,0.0,0.0,0.0,0.0,0.0,0.0,0.0,0.0,16.48,1.61,1.61,0.0,0.0,1.63,0.0,13.0,225.0,14.610846866510457
Fe2VAl,Fe2.000,V1.000,Al1.000,600.0,3.6339962211220943e-06,0.0,0.0,0.0,0.0,0.0,0.0,0.0,0.0,0.0,16.48,1.61,1.61,0.0,0.0,1.63,0.0,13.0,225.0,13.288933792991523
Fe2VAl,Fe2.000,V1.000,Al1.000,650.0,3.457229115016763e-06,0.0,0.0,0.0,0.0,0.0,0.0,0.0,0.0,0.0,16.48,1.61,1.61,0.0,0.0,1.63,0.0,13.0,225.0,12.549169499172448
Fe2VAl,Fe2.000,V1.000,Al1.000,400.0,6.965524500040783e-06,0.0,0.0,0.0,0.0,0.0,0.0,0.0,0.0,0.0,16.48,1.61,1.61,0.0,0.0,1.63,0.0,13.0,225.0,25.137495007515664
Fe2VAl,Fe2.000,V1.000,Al1.000,450.0,6.164653451390021e-06,0.0,0.0,0.0,0.0,0.0,0.0,0.0,0.0,0.0,16.48,1.61,1.61,0.0,0.0,1.63,0.0,13.0,225.0,22.591387397832104
Fe2VAl,Fe2.000,V1.000,Al1.000,500.0,5.557676888436037e-06,0.0,0.0,0.0,0.0,0.0,0.0,0.0,0.0,0.0,16.48,1.61,1.61,0.0,0.0,1.63,0.0,13.0,225.0,19.577279552362384
Fe2VAl,Fe2.000,V1.000,Al1.000,550.0,5.225852236161069e-06,0.0,0.0,0.0,0.0,0.0,0.0,0.0,0.0,0.0,16.48,1.61,1.61,0.0,0.0,1.63,0.0,13.0,225.0,16.549044852637046
Fe2VAl,Fe2.000,V1.000,Al1.000,600.0,4.953001304575295e-06,0.0,0.0,0.0,0.0,0.0,0.0,0.0,0.0,0.0,16.48,1.61,1.61,0.0,0.0,1.63,0.0,13.0,225.0,13.689964151132084
Fe2VAl,Fe2.000,V1.000,Al1.000,650.0,4.584853910362689e-06,0.0,0.0,0.0,0.0,0.0,0.0,0.0,0.0,0.0,16.48,1.61,1.61,0.0,0.0,1.63,0.0,13.0,225.0,11.14389442960457
Fe2VAl,Fe2.000,V1.000,Al1.000,350.0,8.52285838644852e-06,0.0,0.0,0.0,0.0,0.0,0.0,0.0,0.0,0.0,16.48,1.61,1.61,0.0,0.0,1.63,0.0,13.0,225.0,71.86585587452919
Fe2VAl,Fe2.000,V1.000,Al1.000,400.0,8.01921652174928e-06,0.0,0.0,0.0,0.0,0.0,0.0,0.0,0.0,0.0,16.48,1.61,1.61,0.0,0.0,1.63,0.0,13.0,225.0,63.67684638082255
Fe2VAl,Fe2.000,V1.000,Al1.000,450.0,7.59497696230711e-06,0.0,0.0,0.0,0.0,0.0,0.0,0.0,0.0,0.0,16.48,1.61,1.61,0.0,0.0,1.63,0.0,13.0,225.0,56.70582514933405
Fe2VAl,Fe2.000,V1.000,Al1.000,500.0,7.0886271637338394e-06,0.0,0.0,0.0,0.0,0.0,0.0,0.0,0.0,0.0,16.48,1.61,1.61,0.0,0.0,1.63,0.0,13.0,225.0,48.465154158133664
Fe2VAl,Fe2.000,V1.000,Al1.000,550.0,6.483192614947035e-06,0.0,0.0,0.0,0.0,0.0,0.0,0.0,0.0,0.0,16.48,1.61,1.61,0.0,0.0,1.63,0.0,13.0,225.0,39.50775329713088
Fe2VAl,Fe2.000,V1.000,Al1.000,600.0,5.843170720166456e-06,0.0,0.0,0.0,0.0,0.0,0.0,0.0,0.0,0.0,16.48,1.61,1.61,0.0,0.0,1.63,0.0,13.0,225.0,31.48132895457699
Fe2VAl,Fe2.000,V1.000,Al1.000,650.0,5.2514646809099694e-06,0.0,0.0,0.0,0.0,0.0,0.0,0.0,0.0,0.0,16.48,1.61,1.61,0.0,0.0,1.63,0.0,13.0,225.0,25.18260260358585
Fe2VAl,Fe2.000,V1.000,Al1.000,400.0,5.022081054742196e-06,0.0,0.0,0.0,0.0,0.0,0.0,0.0,0.0,0.0,16.48,1.61,1.61,0.0,0.0,1.63,0.0,13.0,225.0,70.52880750339715
Fe2VAl,Fe2.000,V1.000,Al1.000,450.0,4.705166889985968e-06,0.0,0.0,0.0,0.0,0.0,0.0,0.0,0.0,0.0,16.48,1.61,1.61,0.0,0.0,1.63,0.0,13.0,225.0,64.7597652212089
Fe2VAl,Fe2.000,V1.000,Al1.000,500.0,4.3704834634920835e-06,0.0,0.0,0.0,0.0,0.0,0.0,0.0,0.0,0.0,16.48,1.61,1.61,0.0,0.0,1.63,0.0,13.0,225.0,56.72207430750626
Fe2VAl,Fe2.000,V1.000,Al1.000,550.0,4.0530410806663785e-06,0.0,0.0,0.0,0.0,0.0,0.0,0.0,0.0,0.0,16.48,1.61,1.61,0.0,0.0,1.63,0.0,13.0,225.0,48.07921600900791
Fe2VAl,Fe2.000,V1.000,Al1.000,600.0,3.753006317127955e-06,0.0,0.0,0.0,0.0,0.0,0.0,0.0,0.0,0.0,16.48,1.61,1.61,0.0,0.0,1.63,0.0,13.0,225.0,40.24895556556255
Fe2VAl,Fe2.000,V1.000,Al1.000,650.0,3.451480262043877e-06,0.0,0.0,0.0,0.0,0.0,0.0,0.0,0.0,0.0,16.48,1.61,1.61,0.0,0.0,1.63,0.0,13.0,225.0,33.549977880778805
PuPd2Sn,Pd2.000,Pu1.000,Sn1.000,50.0,1.1054182853553595e-06,0.0,0.0,0.0,0.0,0.0,0.0,0.0,0.0,0.0,33.285,1.96,1.96,0.0,0.0,1.28,0.0,14.0,141.0,-2.7639569301299627
PuPd2Sn,Pd2.000,Pu1.000,Sn1.000,100.0,1.1272592731605938e-06,0.0,0.0,0.0,0.0,0.0,0.0,0.0,0.0,0.0,33.285,1.96,1.96,0.0,0.0,1.28,0.0,14.0,141.0,-2.5590128696874803
PuPd2Sn,Pd2.000,Pu1.000,Sn1.000,150.0,1.1477263129777977e-06,0.0,0.0,0.0,0.0,0.0,0.0,0.0,0.0,0.0,33.285,1.96,1.96,0.0,0.0,1.28,0.0,14.0,141.0,-1.705513836053404
PuPd2Sn,Pd2.000,Pu1.000,Sn1.000,200.0,1.1873302499514975e-06,0.0,0.0,0.0,0.0,0.0,0.0,0.0,0.0,0.0,33.285,1.96,1.96,0.0,0.0,1.28,0.0,14.0,141.0,-0.945429544399954
PuPd2Sn,Pd2.000,Pu1.000,Sn1.000,250.0,1.1952679583120165e-06,0.0,0.0,0.0,0.0,0.0,0.0,0.0,0.0,0.0,33.285,1.96,1.96,0.0,0.0,1.28,0.0,14.0,141.0,0.000115605305167
Fe2VAl0.9Si0.1,Fe2.000,V1.000,Al0.900Si0.100,350.0,4.708360214793811e-06,3.960000000000001,0.05377761,0.0,1.0,1.103961399999999,0.1096857695420962,0.0,0.0,0.0,16.876,1.639,1.61,0.0,0.0075689999999999,1.63,1.0,13.0,225.2,-142.1583423766
Fe2VAl0.9Si0.1,Fe2.000,V1.000,Al0.900Si0.100,400.0,4.615665675842738e-06,3.960000000000001,0.05377761,0.0,1.0,1.103961399999999,0.1096857695420962,0.0,0.0,0.0,16.876,1.639,1.61,0.0,0.0075689999999999,1.63,1.0,13.0,225.2,-127.7019099638
Fe2VAl0.9Si0.1,Fe2.000,V1.000,Al0.900Si0.100,450.0,4.489193736920145e-06,3.960000000000001,0.05377761,0.0,1.0,1.103961399999999,0.1096857695420962,0.0,0.0,0.0,16.876,1.639,1.61,0.0,0.0075689999999999,1.63,1.0,13.0,225.2,-106.1672669131
Fe2VAl0.9Si0.1,Fe2.000,V1.000,Al0.900Si0.100,500.0,4.310610344712154e-06,3.960000000000001,0.05377761,0.0,1.0,1.103961399999999,0.1096857695420962,0.0,0.0,0.0,16.876,1.639,1.61,0.0,0.0075689999999999,1.63,1.0,13.0,225.2,-84.24966691930233
Fe2VAl0.9Si0.1,Fe2.000,V1.000,Al0.900Si0.100,550.0,4.072543565103578e-06,3.960000000000001,0.05377761,0.0,1.0,1.103961399999999,0.1096857695420962,0.0,0.0,0.0,16.876,1.639,1.61,0.0,0.0075689999999999,1.63,1.0,13.0,225.2,-65.4211041449717
Fe2VAl0.9Si0.1,Fe2.000,V1.000,Al0.900Si0.100,600.0,3.787152604337602e-06,3.960000000000001,0.05377761,0.0,1.0,1.103961399999999,0.1096857695420962,0.0,0.0,0.0,16.876,1.639,1.61,0.0,0.0075689999999999,1.63,1.0,13.0,225.2,-50.83035277108944
Fe2VAl0.9Si0.1,Fe2.000,V1.000,Al0.900Si0.100,650.0,3.4946968301754768e-06,3.960000000000001,0.05377761,0.0,1.0,1.103961399999999,0.1096857695420962,0.0,0.0,0.0,16.876,1.639,1.61,0.0,0.0075689999999999,1.63,1.0,13.0,225.2,-40.20300654753112
Fe2VAl0.9Si0.1,Fe2.000,V1.000,Al0.900Si0.100,700.0,3.2721047930562276e-06,3.960000000000001,0.05377761,0.0,1.0,1.103961399999999,0.1096857695420962,0.0,0.0,0.0,16.876,1.639,1.61,0.0,0.0075689999999999,1.63,1.0,13.0,225.2,-32.7415183435703
Fe2VAl0.9Si0.1,Fe2.000,V1.000,Al0.900Si0.100,350.0,5.3932145542088296e-06,3.960000000000001,0.05377761,0.0,1.0,1.103961399999999,0.1096857695420962,0.0,0.0,0.0,16.876,1.639,1.61,0.0,0.0075689999999999,1.63,1.0,13.0,225.2,-124.6524216676
Fe2VAl0.9Si0.1,Fe2.000,V1.000,Al0.900Si0.100,400.0,5.415389015679088e-06,3.960000000000001,0.05377761,0.0,1.0,1.103961399999999,0.1096857695420962,0.0,0.0,0.0,16.876,1.639,1.61,0.0,0.0075689999999999,1.63,1.0,13.0,225.2,-110.9956588007
Fe2VAl0.9Si0.1,Fe2.000,V1.000,Al0.900Si0.100,450.0,5.311663015982783e-06,3.960000000000001,0.05377761,0.0,1.0,1.103961399999999,0.1096857695420962,0.0,0.0,0.0,16.876,1.639,1.61,0.0,0.0075689999999999,1.63,1.0,13.0,225.2,-91.46727569457266
Fe2VAl0.9Si0.1,Fe2.000,V1.000,Al0.900Si0.100,500.0,5.105976123617765e-06,3.960000000000001,0.05377761,0.0,1.0,1.103961399999999,0.1096857695420962,0.0,0.0,0.0,16.876,1.639,1.61,0.0,0.0075689999999999,1.63,1.0,13.0,225.2,-73.13024663028068
Fe2VAl0.9Si0.1,Fe2.000,V1.000,Al0.900Si0.100,550.0,4.844787346619383e-06,3.960000000000001,0.05377761,0.0,1.0,1.103961399999999,0.1096857695420962,0.0,0.0,0.0,16.876,1.639,1.61,0.0,0.0075689999999999,1.63,1.0,13.0,225.2,-58.59907110940731
Fe2VAl0.9Si0.1,Fe2.000,V1.000,Al0.900Si0.100,600.0,4.5805220710843295e-06,3.960000000000001,0.05377761,0.0,1.0,1.103961399999999,0.1096857695420962,0.0,0.0,0.0,16.876,1.639,1.61,0.0,0.0075689999999999,1.63,1.0,13.0,225.2,-47.68766669236173
Fe2VAl0.9Si0.1,Fe2.000,V1.000,Al0.900Si0.100,650.0,4.355018999694557e-06,3.960000000000001,0.05377761,0.0,1.0,1.103961399999999,0.1096857695420962,0.0,0.0,0.0,16.876,1.639,1.61,0.0,0.0075689999999999,1.63,1.0,13.0,225.2,-39.0572618368056
Fe2VAl0.9Si0.1,Fe2.000,V1.000,Al0.900Si0.100,700.0,4.182977090241192e-06,3.960000000000001,0.05377761,0.0,1.0,1.103961399999999,0.1096857695420962,0.0,0.0,0.0,16.876,1.639,1.61,0.0,0.0075689999999999,1.63,1.0,13.0,225.2,-31.864288736006397
Fe2VAl0.9Si0.1,Fe2.000,V1.000,Al0.900Si0.100,350.0,1.0815531500008865e-05,3.960000000000001,0.05377761,0.0,1.0,1.103961399999999,0.1096857695420962,0.0,0.0,0.0,16.876,1.639,1.61,0.0,0.0075689999999999,1.63,1.0,13.0,225.2,-123.0930192551
Fe2VAl0.9Si0.1,Fe2.000,V1.000,Al0.900Si0.100,400.0,1.0994675874102004e-05,3.960000000000001,0.05377761,0.0,1.0,1.103961399999999,0.1096857695420962,0.0,0.0,0.0,16.876,1.639,1.61,0.0,0.0075689999999999,1.63,1.0,13.0,225.2,-110.2050943554
Fe2VAl0.9Si0.1,Fe2.000,V1.000,Al0.900Si0.100,450.0,1.0616391882293292e-05,3.960000000000001,0.05377761,0.0,1.0,1.103961399999999,0.1096857695420962,0.0,0.0,0.0,16.876,1.639,1.61,0.0,0.0075689999999999,1.63,1.0,13.0,225.2,-97.9039731792378
Fe2VAl0.9Si0.1,Fe2.000,V1.000,Al0.900Si0.100,500.0,1.0127283501298627e-05,3.960000000000001,0.05377761,0.0,1.0,1.103961399999999,0.1096857695420962,0.0,0.0,0.0,16.876,1.639,1.61,0.0,0.0075689999999999,1.63,1.0,13.0,225.2,-83.55608351619748
Fe2VAl0.9Si0.1,Fe2.000,V1.000,Al0.900Si0.100,550.0,9.699846621110108e-06,3.960000000000001,0.05377761,0.0,1.0,1.103961399999999,0.1096857695420962,0.0,0.0,0.0,16.876,1.639,1.61,0.0,0.0075689999999999,1.63,1.0,13.0,225.2,-67.91055008742464
Fe2VAl0.9Si0.1,Fe2.000,V1.000,Al0.900Si0.100,600.0,9.336030027191054e-06,3.960000000000001,0.05377761,0.0,1.0,1.103961399999999,0.1096857695420962,0.0,0.0,0.0,16.876,1.639,1.61,0.0,0.0075689999999999,1.63,1.0,13.0,225.2,-53.39069975825346
Fe2VAl0.9Si0.1,Fe2.000,V1.000,Al0.900Si0.100,650.0,8.970796382668026e-06,3.960000000000001,0.05377761,0.0,1.0,1.103961399999999,0.1096857695420962,0.0,0.0,0.0,16.876,1.639,1.61,0.0,0.0075689999999999,1.63,1.0,13.0,225.2,-42.385566751200486
Fe2VAl0.9Si0.1,Fe2.000,V1.000,Al0.900Si0.100,700.0,8.575683210525919e-06,3.960000000000001,0.05377761,0.0,1.0,1.103961399999999,0.1096857695420962,0.0,0.0,0.0,16.876,1.639,1.61,0.0,0.0075689999999999,1.63,1.0,13.0,225.2,-35.54139785888759
Fe2VAl0.9Si0.1,Fe2.000,V1.000,Al0.900Si0.100,350.0,3.0994202160249866e-06,3.960000000000001,0.05377761,0.0,1.0,1.103961399999999,0.1096857695420962,0.0,0.0,0.0,16.876,1.639,1.61,0.0,0.0075689999999999,1.63,1.0,13.0,225.2,-116.8648700018
Fe2VAl0.9Si0.1,Fe2.000,V1.000,Al0.900Si0.100,400.0,3.4110954510466825e-06,3.960000000000001,0.05377761,0.0,1.0,1.103961399999999,0.1096857695420962,0.0,0.0,0.0,16.876,1.639,1.61,0.0,0.0075689999999999,1.63,1.0,13.0,225.2,-112.0915828873
Fe2VAl0.9Si0.1,Fe2.000,V1.000,Al0.900Si0.100,450.0,3.718447372637288e-06,3.960000000000001,0.05377761,0.0,1.0,1.103961399999999,0.1096857695420962,0.0,0.0,0.0,16.876,1.639,1.61,0.0,0.0075689999999999,1.63,1.0,13.0,225.2,-101.5416039125
Fe2VAl0.9Si0.1,Fe2.000,V1.000,Al0.900Si0.100,500.0,3.882653599983002e-06,3.960000000000001,0.05377761,0.0,1.0,1.103961399999999,0.1096857695420962,0.0,0.0,0.0,16.876,1.639,1.61,0.0,0.0075689999999999,1.63,1.0,13.0,225.2,-87.02092083517823
Fe2VAl0.9Si0.1,Fe2.000,V1.000,Al0.900Si0.100,550.0,3.896889896395076e-06,3.960000000000001,0.05377761,0.0,1.0,1.103961399999999,0.1096857695420962,0.0,0.0,0.0,16.876,1.639,1.61,0.0,0.0075689999999999,1.63,1.0,13.0,225.2,-71.36363679114875
Fe2VAl0.9Si0.1,Fe2.000,V1.000,Al0.900Si0.100,600.0,3.826453011871627e-06,3.960000000000001,0.05377761,0.0,1.0,1.103961399999999,0.1096857695420962,0.0,0.0,0.0,16.876,1.639,1.61,0.0,0.0075689999999999,1.63,1.0,13.0,225.2,-57.43691588347774
Fe2VAl0.9Si0.1,Fe2.000,V1.000,Al0.900Si0.100,650.0,3.7488835256589985e-06,3.960000000000001,0.05377761,0.0,1.0,1.103961399999999,0.1096857695420962,0.0,0.0,0.0,16.876,1.639,1.61,0.0,0.0075689999999999,1.63,1.0,13.0,225.2,-47.14592877070998
Fe2VAl0.9Si0.1,Fe2.000,V1.000,Al0.900Si0.100,700.0,3.69408868881364e-06,3.960000000000001,0.05377761,0.0,1.0,1.103961399999999,0.1096857695420962,0.0,0.0,0.0,16.876,1.639,1.61,0.0,0.0075689999999999,1.63,1.0,13.0,225.2,-40.43879825552907
Fe2(Ti0.7Cr0.3)Al,Fe2.000,Ti0.700Cr0.300,Al1.000,300.0,2.0321566618036573e-06,0.0,0.0,2.25333333333e-05,0.0,0.0,0.0,0.0,0.0,0.0,16.48,1.61,1.61,35.0,0.0,1.5759999999999998,0.0,13.0,225.0,40.84047912956274
Fe2(Ti0.7Cr0.3)Al,Fe2.000,Ti0.700Cr0.300,Al1.000,350.0,2.2703658689162895e-06,0.0,0.0,2.25333333333e-05,0.0,0.0,0.0,0.0,0.0,0.0,16.48,1.61,1.61,35.0,0.0,1.5759999999999998,0.0,13.0,225.0,45.16927496710189
Fe2(Ti0.7Cr0.3)Al,Fe2.000,Ti0.700Cr0.300,Al1.000,400.0,2.4822764513826676e-06,0.0,0.0,2.25333333333e-05,0.0,0.0,0.0,0.0,0.0,0.0,16.48,1.61,1.61,35.0,0.0,1.5759999999999998,0.0,13.0,225.0,48.76438487809811
Fe2(Ti0.7Cr0.3)Al,Fe2.000,Ti0.700Cr0.300,Al1.000,450.0,2.653429439071573e-06,0.0,0.0,2.25333333333e-05,0.0,0.0,0.0,0.0,0.0,0.0,16.48,1.61,1.61,35.0,0.0,1.5759999999999998,0.0,13.0,225.0,51.157244245945975
Fe2(Ti0.7Cr0.3)Al,Fe2.000,Ti0.700Cr0.300,Al1.000,500.0,2.8256639637305953e-06,0.0,0.0,2.25333333333e-05,0.0,0.0,0.0,0.0,0.0,0.0,16.48,1.61,1.61,35.0,0.0,1.5759999999999998,0.0,13.0,225.0,51.71627754940667
Fe2(Ti0.6Cr0.4)Al,Fe2.000,Ti0.600Cr0.400,Al1.000,300.0,2.273757979219548e-06,0.0,0.0,2.25333333333e-05,0.0,0.0,0.0,0.0,0.0,0.0,16.48,1.61,1.61,35.0,0.0,1.588,0.0,13.0,225.0,49.19837200074973
Fe2(Ti0.6Cr0.4)Al,Fe2.000,Ti0.600Cr0.400,Al1.000,350.0,2.516032657942256e-06,0.0,0.0,2.25333333333e-05,0.0,0.0,0.0,0.0,0.0,0.0,16.48,1.61,1.61,35.0,0.0,1.588,0.0,13.0,225.0,52.158485176306094
Fe2(Ti0.6Cr0.4)Al,Fe2.000,Ti0.600Cr0.400,Al1.000,400.0,2.633855224327703e-06,0.0,0.0,2.25333333333e-05,0.0,0.0,0.0,0.0,0.0,0.0,16.48,1.61,1.61,35.0,0.0,1.588,0.0,13.0,225.0,52.534963436182096
Fe2(Ti0.6Cr0.4)Al,Fe2.000,Ti0.600Cr0.400,Al1.000,450.0,2.974993180209721e-06,0.0,0.0,2.25333333333e-05,0.0,0.0,0.0,0.0,0.0,0.0,16.48,1.61,1.61,35.0,0.0,1.588,0.0,13.0,225.0,51.81961920909701
Fe2(Ti0.5Cr0.5)Al,Fe2.000,Ti0.500Cr0.500,Al1.000,300.0,7.381517498897551e-06,0.0,0.0,2.25333333333e-05,0.0,0.0,0.0,0.0,0.0,0.0,16.48,1.61,1.61,35.0,0.0,1.6,0.0,13.0,225.0,48.15040518557504
Fe2(Ti0.5Cr0.5)Al,Fe2.000,Ti0.500Cr0.500,Al1.000,350.0,7.601268601126784e-06,0.0,0.0,2.25333333333e-05,0.0,0.0,0.0,0.0,0.0,0.0,16.48,1.61,1.61,35.0,0.0,1.6,0.0,13.0,225.0,47.96267426103408
Fe2(Ti0.5Cr0.5)Al,Fe2.000,Ti0.500Cr0.500,Al1.000,400.0,7.68719685917559e-06,0.0,0.0,2.25333333333e-05,0.0,0.0,0.0,0.0,0.0,0.0,16.48,1.61,1.61,35.0,0.0,1.6,0.0,13.0,225.0,45.47776258924884
Fe2(Ti0.5Cr0.5)Al,Fe2.000,Ti0.500Cr0.500,Al1.000,450.0,7.682641618589285e-06,0.0,0.0,2.25333333333e-05,0.0,0.0,0.0,0.0,0.0,0.0,16.48,1.61,1.61,35.0,0.0,1.6,0.0,13.0,225.0,41.48488002698428
(Fe0.3Co0.7)2TiAl,Fe0.600Co1.400,Ti1.000,Al1.000,300.0,2.5132064633240792e-06,0.0,0.0,0.0,0.0,0.0,0.0,0.0,0.0,0.0,16.48,1.61,1.61,0.0,0.0,1.54,0.0,13.0,225.0,-33.86950955758196
(Fe0.3Co0.7)2TiAl,Fe0.600Co1.400,Ti1.000,Al1.000,350.0,2.685173655917329e-06,0.0,0.0,0.0,0.0,0.0,0.0,0.0,0.0,0.0,16.48,1.61,1.61,0.0,0.0,1.54,0.0,13.0,225.0,-37.40752300307709
(Fe0.3Co0.7)2TiAl,Fe0.600Co1.400,Ti1.000,Al1.000,400.0,2.672384114234673e-06,0.0,0.0,0.0,0.0,0.0,0.0,0.0,0.0,0.0,16.48,1.61,1.61,0.0,0.0,1.54,0.0,13.0,225.0,-41.72496922664256
(Fe0.3Co0.7)2TiAl,Fe0.600Co1.400,Ti1.000,Al1.000,450.0,3.078787105137903e-06,0.0,0.0,0.0,0.0,0.0,0.0,0.0,0.0,0.0,16.48,1.61,1.61,0.0,0.0,1.54,0.0,13.0,225.0,-45.59536346049027
(Fe0.2Co0.8)2TiAl,Fe0.400Co1.600,Ti1.000,Al1.000,300.0,1.9146507783876087e-06,0.0,0.0,0.0,0.0,0.0,0.0,0.0,0.0,0.0,16.48,1.61,1.61,0.0,0.0,1.54,0.0,13.0,225.0,-34.15088371653283
(Fe0.2Co0.8)2TiAl,Fe0.400Co1.600,Ti1.000,Al1.000,350.0,2.1237160883788944e-06,0.0,0.0,0.0,0.0,0.0,0.0,0.0,0.0,0.0,16.48,1.61,1.61,0.0,0.0,1.54,0.0,13.0,225.0,-38.09807716600652
(Fe0.2Co0.8)2TiAl,Fe0.400Co1.600,Ti1.000,Al1.000,400.0,2.3128451251340737e-06,0.0,0.0,0.0,0.0,0.0,0.0,0.0,0.0,0.0,16.48,1.61,1.61,0.0,0.0,1.54,0.0,13.0,225.0,-42.45680972865496
(Fe0.2Co0.8)2TiAl,Fe0.400Co1.600,Ti1.000,Al1.000,450.0,2.2843479939092088e-06,0.0,0.0,0.0,0.0,0.0,0.0,0.0,0.0,0.0,16.48,1.61,1.61,0.0,0.0,1.54,0.0,13.0,225.0,-45.980265954153815
LaPd2Ge,Pd2.000,La1.000,Ge1.000,50.0,4.477912734326716e-07,0.0,0.0,0.0,0.0,0.0,0.0,0.0,0.0,0.0,23.005,2.01,2.01,0.0,0.0,1.1,0.0,14.0,225.0,-1.327288994084091
LaPd2Ge,Pd2.000,La1.000,Ge1.000,100.0,9.232897501927944e-07,0.0,0.0,0.0,0.0,0.0,0.0,0.0,0.0,0.0,23.005,2.01,2.01,0.0,0.0,1.1,0.0,14.0,225.0,-1.071299819438522
LaPd2Ge,Pd2.000,La1.000,Ge1.000,150.0,1.3658788363570392e-06,0.0,0.0,0.0,0.0,0.0,0.0,0.0,0.0,0.0,23.005,2.01,2.01,0.0,0.0,1.1,0.0,14.0,225.0,-0.0899710033552191
LaPd2Ge,Pd2.000,La1.000,Ge1.000,200.0,1.7546111539518853e-06,0.0,0.0,0.0,0.0,0.0,0.0,0.0,0.0,0.0,23.005,2.01,2.01,0.0,0.0,1.1,0.0,14.0,225.0,1.5770953244305137
LaPd2Ge,Pd2.000,La1.000,Ge1.000,250.0,2.111992393672739e-06,0.0,0.0,0.0,0.0,0.0,0.0,0.0,0.0,0.0,23.005,2.01,2.01,0.0,0.0,1.1,0.0,14.0,225.0,3.755556089211251
Fe2VAl,Fe2.000,V1.000,Al1.000,100.0,2.823400130477549e-05,0.0,0.0,0.0,0.0,0.0,0.0,0.0,0.0,0.0,16.48,1.61,1.61,0.0,0.0,1.63,0.0,13.0,225.0,-8.602681731740578
Fe2VAl,Fe2.000,V1.000,Al1.000,150.0,2.493655959139955e-05,0.0,0.0,0.0,0.0,0.0,0.0,0.0,0.0,0.0,16.48,1.61,1.61,0.0,0.0,1.63,0.0,13.0,225.0,-16.662905180648885
Fe2VAl,Fe2.000,V1.000,Al1.000,200.0,2.10209345413405e-05,0.0,0.0,0.0,0.0,0.0,0.0,0.0,0.0,0.0,16.48,1.61,1.61,0.0,0.0,1.63,0.0,13.0,225.0,-23.431736411272784
Fe2VAl,Fe2.000,V1.000,Al1.000,250.0,1.5809767808848176e-05,0.0,0.0,0.0,0.0,0.0,0.0,0.0,0.0,0.0,16.48,1.61,1.61,0.0,0.0,1.63,0.0,13.0,225.0,-27.43992938784883
Fe2VAl,Fe2.000,V1.000,Al1.000,300.0,1.1096683556336226e-05,0.0,0.0,0.0,0.0,0.0,0.0,0.0,0.0,0.0,16.48,1.61,1.61,0.0,0.0,1.63,0.0,13.0,225.0,-28.278400862955248
Fe2VAl,Fe2.000,V1.000,Al1.000,350.0,8.531033061238294e-06,0.0,0.0,0.0,0.0,0.0,0.0,0.0,0.0,0.0,16.48,1.61,1.61,0.0,0.0,1.63,0.0,13.0,225.0,-26.333057121875125
Fe2VAl,Fe2.000,V1.000,Al1.000,400.0,7.002639322865493e-06,0.0,0.0,0.0,0.0,0.0,0.0,0.0,0.0,0.0,16.48,1.61,1.61,0.0,0.0,1.63,0.0,13.0,225.0,-22.51962072695924
Fe2VAl0.99Sb0.01,Fe2.000,V1.000,Al0.990Sb0.010,150.0,1.7870409262221626e-05,15.079999999999998,0.0,0.0,38.0,94.7784614,88.93127177897777,0.0,0.0,0.0,16.6308,1.6144,1.61,0.0,0.0019166399999999,1.63,2.0,13.0,224.41,-60.82942332257692
Fe2VAl0.99Sb0.01,Fe2.000,V1.000,Al0.990Sb0.010,200.0,1.4913421562932316e-05,15.079999999999998,0.0,0.0,38.0,94.7784614,88.93127177897777,0.0,0.0,0.0,16.6308,1.6144,1.61,0.0,0.0019166399999999,1.63,2.0,13.0,224.41,-72.31489554845633
Fe2VAl0.99Sb0.01,Fe2.000,V1.000,Al0.990Sb0.010,250.0,1.2225099264618947e-05,15.079999999999998,0.0,0.0,38.0,94.7784614,88.93127177897777,0.0,0.0,0.0,16.6308,1.6144,1.61,0.0,0.0019166399999999,1.63,2.0,13.0,224.41,-75.52078530893499
Fe2VAl0.99Sb0.01,Fe2.000,V1.000,Al0.990Sb0.010,300.0,9.9339588187969e-06,15.079999999999998,0.0,0.0,38.0,94.7784614,88.93127177897777,0.0,0.0,0.0,16.6308,1.6144,1.61,0.0,0.0019166399999999,1.63,2.0,13.0,224.41,-71.10227160642292
Fe2VAl0.99Sb0.01,Fe2.000,V1.000,Al0.990Sb0.010,350.0,8.091210285213726e-06,15.079999999999998,0.0,0.0,38.0,94.7784614,88.93127177897777,0.0,0.0,0.0,16.6308,1.6144,1.61,0.0,0.0019166399999999,1.63,2.0,13.0,224.41,-60.95727592087053
Fe2VAl0.99Sb0.01,Fe2.000,V1.000,Al0.990Sb0.010,400.0,6.687535357134043e-06,15.079999999999998,0.0,0.0,38.0,94.7784614,88.93127177897777,0.0,0.0,0.0,16.6308,1.6144,1.61,0.0,0.0019166399999999,1.63,2.0,13.0,224.41,-47.71914461351371
Fe2VAl0.99Sb0.01,Fe2.000,V1.000,Al0.990Sb0.010,450.0,5.669865386624359e-06,15.079999999999998,0.0,0.0,38.0,94.7784614,88.93127177897777,0.0,0.0,0.0,16.6308,1.6144,1.61,0.0,0.0019166399999999,1.63,2.0,13.0,224.41,-34.24933133062014
Fe2VAl0.99Sb0.01,Fe2.000,V1.000,Al0.990Sb0.010,500.0,4.958159409837854e-06,15.079999999999998,0.0,0.0,38.0,94.7784614,88.93127177897777,0.0,0.0,0.0,16.6308,1.6144,1.61,0.0,0.0019166399999999,1.63,2.0,13.0,224.41,-23.130079407234057
Fe2VAl0.99Sb0.01,Fe2.000,V1.000,Al0.990Sb0.010,550.0,4.46218217229937e-06,15.079999999999998,0.0,0.0,38.0,94.7784614,88.93127177897777,0.0,0.0,0.0,16.6308,1.6144,1.61,0.0,0.0019166399999999,1.63,2.0,13.0,224.41,-16.157104270922552
Fe2VAl0.99Sb0.01,Fe2.000,V1.000,Al0.990Sb0.010,600.0,4.098282154190061e-06,15.079999999999998,0.0,0.0,38.0,94.7784614,88.93127177897777,0.0,0.0,0.0,16.6308,1.6144,1.61,0.0,0.0019166399999999,1.63,2.0,13.0,224.41,-13.832275845521018
Fe2VAl0.99Sb0.01,Fe2.000,V1.000,Al0.990Sb0.010,650.0,3.8061695956324295e-06,15.079999999999998,0.0,0.0,38.0,94.7784614,88.93127177897777,0.0,0.0,0.0,16.6308,1.6144,1.61,0.0,0.0019166399999999,1.63,2.0,13.0,224.41,-14.856300954878304
Fe2VAl0.99Sb0.01,Fe2.000,V1.000,Al0.990Sb0.010,700.0,3.5656945219750234e-06,15.079999999999998,0.0,0.0,38.0,94.7784614,88.93127177897777,0.0,0.0,0.0,16.6308,1.6144,1.61,0.0,0.0019166399999999,1.63,2.0,13.0,224.41,-15.621405726602443
Fe2VAl0.98Sb0.02,Fe2.000,V1.000,Al0.980Sb0.020,100.0,1.0846178384185194e-05,15.079999999999998,0.0,0.0,38.0,94.7784614,176.06595220888528,0.0,0.0,0.0,16.7816,1.6188,1.61,0.0,0.0037945599999999,1.63,2.0,13.0,223.82,-79.10682643024377
Fe2VAl0.98Sb0.02,Fe2.000,V1.000,Al0.980Sb0.020,150.0,1.06090285108479e-05,15.079999999999998,0.0,0.0,38.0,94.7784614,176.06595220888528,0.0,0.0,0.0,16.7816,1.6188,1.61,0.0,0.0037945599999999,1.63,2.0,13.0,223.82,-109.5214001723
Fe2VAl0.98Sb0.02,Fe2.000,V1.000,Al0.980Sb0.020,200.0,1.000339893117873e-05,15.079999999999998,0.0,0.0,38.0,94.7784614,176.06595220888528,0.0,0.0,0.0,16.7816,1.6188,1.61,0.0,0.0037945599999999,1.63,2.0,13.0,223.82,-124.3469078678
Fe2VAl0.98Sb0.02,Fe2.000,V1.000,Al0.980Sb0.020,250.0,9.183881720356483e-06,15.079999999999998,0.0,0.0,38.0,94.7784614,176.06595220888528,0.0,0.0,0.0,16.7816,1.6188,1.61,0.0,0.0037945599999999,1.63,2.0,13.0,223.82,-125.45619575819998
Fe2VAl0.98Sb0.02,Fe2.000,V1.000,Al0.980Sb0.020,300.0,8.2713829719357e-06,15.079999999999998,0.0,0.0,38.0,94.7784614,176.06595220888528,0.0,0.0,0.0,16.7816,1.6188,1.61,0.0,0.0037945599999999,1.63,2.0,13.0,223.82,-115.7977723656
Fe2VAl0.98Sb0.02,Fe2.000,V1.000,Al0.980Sb0.020,350.0,7.356702260421442e-06,15.079999999999998,0.0,0.0,38.0,94.7784614,176.06595220888528,0.0,0.0,0.0,16.7816,1.6188,1.61,0.0,0.0037945599999999,1.63,2.0,13.0,223.82,-98.96862571501028
Fe2VAl0.98Sb0.02,Fe2.000,V1.000,Al0.980Sb0.020,400.0,6.5041121038440765e-06,15.079999999999998,0.0,0.0,38.0,94.7784614,176.06595220888528,0.0,0.0,0.0,16.7816,1.6188,1.61,0.0,0.0037945599999999,1.63,2.0,13.0,223.82,-78.78704055595492
Fe2VAl0.98Sb0.02,Fe2.000,V1.000,Al0.980Sb0.020,450.0,5.754937426334052e-06,15.079999999999998,0.0,0.0,38.0,94.7784614,176.06595220888528,0.0,0.0,0.0,16.7816,1.6188,1.61,0.0,0.0037945599999999,1.63,2.0,13.0,223.82,-58.86541558450734
Fe2VAl0.98Sb0.02,Fe2.000,V1.000,Al0.980Sb0.020,500.0,5.1311350206966705e-06,15.079999999999998,0.0,0.0,38.0,94.7784614,176.06595220888528,0.0,0.0,0.0,16.7816,1.6188,1.61,0.0,0.0037945599999999,1.63,2.0,13.0,223.82,-42.18308066503236
Fe2VAl0.98Sb0.02,Fe2.000,V1.000,Al0.980Sb0.020,550.0,4.638873010986872e-06,15.079999999999998,0.0,0.0,38.0,94.7784614,176.06595220888528,0.0,0.0,0.0,16.7816,1.6188,1.61,0.0,0.0037945599999999,1.63,2.0,13.0,223.82,-30.659114052077147
Fe2VAl0.98Sb0.02,Fe2.000,V1.000,Al0.980Sb0.020,600.0,4.272110315084031e-06,15.079999999999998,0.0,0.0,38.0,94.7784614,176.06595220888528,0.0,0.0,0.0,16.7816,1.6188,1.61,0.0,0.0037945599999999,1.63,2.0,13.0,223.82,-24.725159612228204
Fe2VAl0.98Sb0.02,Fe2.000,V1.000,Al0.980Sb0.020,650.0,4.016176107266687e-06,15.079999999999998,0.0,0.0,38.0,94.7784614,176.06595220888528,0.0,0.0,0.0,16.7816,1.6188,1.61,0.0,0.0037945599999999,1.63,2.0,13.0,223.82,-22.898244045970095
Fe2VAl0.98Sb0.02,Fe2.000,V1.000,Al0.980Sb0.020,700.0,3.851349280787348e-06,15.079999999999998,0.0,0.0,38.0,94.7784614,176.06595220888528,0.0,0.0,0.0,16.7816,1.6188,1.61,0.0,0.0037945599999999,1.63,2.0,13.0,223.82,-21.353594109543373
Fe2VAl0.97Sb0.03,Fe2.000,V1.000,Al0.970Sb0.030,100.0,6.467374690240056e-06,15.079999999999998,0.0,0.0,38.0,94.7784614,261.4040412897225,0.0,0.0,0.0,16.9324,1.6232,1.61,0.0,0.0056337599999999,1.63,2.0,13.0,223.23,-74.25183278120645
Fe2VAl0.97Sb0.03,Fe2.000,V1.000,Al0.970Sb0.030,150.0,7.0756792743580974e-06,15.079999999999998,0.0,0.0,38.0,94.7784614,261.4040412897225,0.0,0.0,0.0,16.9324,1.6232,1.61,0.0,0.0056337599999999,1.63,2.0,13.0,223.23,-97.7908693234088
Fe2VAl0.97Sb0.03,Fe2.000,V1.000,Al0.970Sb0.030,200.0,7.383654229862029e-06,15.079999999999998,0.0,0.0,38.0,94.7784614,261.4040412897225,0.0,0.0,0.0,16.9324,1.6232,1.61,0.0,0.0056337599999999,1.63,2.0,13.0,223.23,-115.2651192368
Fe2VAl0.97Sb0.03,Fe2.000,V1.000,Al0.970Sb0.030,250.0,7.402793716011293e-06,15.079999999999998,0.0,0.0,38.0,94.7784614,261.4040412897225,0.0,0.0,0.0,16.9324,1.6232,1.61,0.0,0.0056337599999999,1.63,2.0,13.0,223.23,-123.58018594050002
Fe2VAl0.97Sb0.03,Fe2.000,V1.000,Al0.970Sb0.030,300.0,7.1737013975769755e-06,15.079999999999998,0.0,0.0,38.0,94.7784614,261.4040412897225,0.0,0.0,0.0,16.9324,1.6232,1.61,0.0,0.0056337599999999,1.63,2.0,13.0,223.23,-122.1159685158
Fe2VAl0.97Sb0.03,Fe2.000,V1.000,Al0.970Sb0.030,350.0,6.757041732589119e-06,15.079999999999998,0.0,0.0,38.0,94.7784614,261.4040412897225,0.0,0.0,0.0,16.9324,1.6232,1.61,0.0,0.0056337599999999,1.63,2.0,13.0,223.23,-112.1274508374
Fe2VAl0.97Sb0.03,Fe2.000,V1.000,Al0.970Sb0.030,400.0,6.224491260084029e-06,15.079999999999998,0.0,0.0,38.0,94.7784614,261.4040412897225,0.0,0.0,0.0,16.9324,1.6232,1.61,0.0,0.0056337599999999,1.63,2.0,13.0,223.23,-96.14549070346251
Fe2VAl0.97Sb0.03,Fe2.000,V1.000,Al0.970Sb0.030,450.0,5.649689887851591e-06,15.079999999999998,0.0,0.0,38.0,94.7784614,261.4040412897225,0.0,0.0,0.0,16.9324,1.6232,1.61,0.0,0.0056337599999999,1.63,2.0,13.0,223.23,-77.37760896712739
Fe2VAl0.97Sb0.03,Fe2.000,V1.000,Al0.970Sb0.030,500.0,5.09919218018258e-06,15.079999999999998,0.0,0.0,38.0,94.7784614,261.4040412897225,0.0,0.0,0.0,16.9324,1.6232,1.61,0.0,0.0056337599999999,1.63,2.0,13.0,223.23,-59.10877866711834
Fe2VAl0.97Sb0.03,Fe2.000,V1.000,Al0.970Sb0.030,550.0,4.623418645615959e-06,15.079999999999998,0.0,0.0,38.0,94.7784614,261.4040412897225,0.0,0.0,0.0,16.9324,1.6232,1.61,0.0,0.0056337599999999,1.63,2.0,13.0,223.23,-44.10221415854416
Fe2VAl0.97Sb0.03,Fe2.000,V1.000,Al0.970Sb0.030,600.0,4.247607024686212e-06,15.079999999999998,0.0,0.0,38.0,94.7784614,261.4040412897225,0.0,0.0,0.0,16.9324,1.6232,1.61,0.0,0.0056337599999999,1.63,2.0,13.0,223.23,-34.00016024375653
Fe2VAl0.97Sb0.03,Fe2.000,V1.000,Al0.970Sb0.030,650.0,3.962763577670633e-06,15.079999999999998,0.0,0.0,38.0,94.7784614,261.4040412897225,0.0,0.0,0.0,16.9324,1.6232,1.61,0.0,0.0056337599999999,1.63,2.0,13.0,223.23,-28.724681303180944
Fe2VAl0.97Sb0.03,Fe2.000,V1.000,Al0.970Sb0.030,700.0,3.7166143723366585e-06,15.079999999999998,0.0,0.0,38.0,94.7784614,261.4040412897225,0.0,0.0,0.0,16.9324,1.6232,1.61,0.0,0.0056337599999999,1.63,2.0,13.0,223.23,-25.87845042614816
Fe2VAl0.95Sb0.05,Fe2.000,V1.000,Al0.950Sb0.050,150.0,6.879032066704063e-06,15.079999999999998,0.0,0.0,38.0,94.7784614,426.6904454041863,0.0,0.0,0.0,17.233999999999998,1.632,1.61,0.0,0.0091959999999999,1.63,2.0,13.0,222.05,-96.7707708246441
Fe2VAl0.95Sb0.05,Fe2.000,V1.000,Al0.950Sb0.050,200.0,7.089272557643444e-06,15.079999999999998,0.0,0.0,38.0,94.7784614,426.6904454041863,0.0,0.0,0.0,17.233999999999998,1.632,1.61,0.0,0.0091959999999999,1.63,2.0,13.0,222.05,-110.843108705
Fe2VAl0.95Sb0.05,Fe2.000,V1.000,Al0.950Sb0.050,250.0,7.065086189745942e-06,15.079999999999998,0.0,0.0,38.0,94.7784614,426.6904454041863,0.0,0.0,0.0,17.233999999999998,1.632,1.61,0.0,0.0091959999999999,1.63,2.0,13.0,222.05,-116.0790127781
Fe2VAl0.95Sb0.05,Fe2.000,V1.000,Al0.950Sb0.050,300.0,6.86510884451894e-06,15.079999999999998,0.0,0.0,38.0,94.7784614,426.6904454041863,0.0,0.0,0.0,17.233999999999998,1.632,1.61,0.0,0.0091959999999999,1.63,2.0,13.0,222.05,-113.8560355798
Fe2VAl0.95Sb0.05,Fe2.000,V1.000,Al0.950Sb0.050,350.0,6.540421699282326e-06,15.079999999999998,0.0,0.0,38.0,94.7784614,426.6904454041863,0.0,0.0,0.0,17.233999999999998,1.632,1.61,0.0,0.0091959999999999,1.63,2.0,13.0,222.05,-105.8499857704
Fe2VAl0.95Sb0.05,Fe2.000,V1.000,Al0.950Sb0.050,400.0,6.135376781369918e-06,15.079999999999998,0.0,0.0,38.0,94.7784614,426.6904454041863,0.0,0.0,0.0,17.233999999999998,1.632,1.61,0.0,0.0091959999999999,1.63,2.0,13.0,222.05,-93.89673713178571
Fe2VAl0.95Sb0.05,Fe2.000,V1.000,Al0.950Sb0.050,450.0,5.688422522330873e-06,15.079999999999998,0.0,0.0,38.0,94.7784614,426.6904454041863,0.0,0.0,0.0,17.233999999999998,1.632,1.61,0.0,0.0091959999999999,1.63,2.0,13.0,222.05,-79.85403756256393
Fe2VAl0.95Sb0.05,Fe2.000,V1.000,Al0.950Sb0.050,500.0,5.2329293121311e-06,15.079999999999998,0.0,0.0,38.0,94.7784614,426.6904454041863,0.0,0.0,0.0,17.233999999999998,1.632,1.61,0.0,0.0091959999999999,1.63,2.0,13.0,222.05,-65.46331807531912
Fe2VAl0.95Sb0.05,Fe2.000,V1.000,Al0.950Sb0.050,550.0,4.798015053354684e-06,15.079999999999998,0.0,0.0,38.0,94.7784614,426.6904454041863,0.0,0.0,0.0,17.233999999999998,1.632,1.61,0.0,0.0091959999999999,1.63,2.0,13.0,222.05,-52.21150179243534
Fe2VAl0.95Sb0.05,Fe2.000,V1.000,Al0.950Sb0.050,600.0,4.409370715405274e-06,15.079999999999998,0.0,0.0,38.0,94.7784614,426.6904454041863,0.0,0.0,0.0,17.233999999999998,1.632,1.61,0.0,0.0091959999999999,1.63,2.0,13.0,222.05,-41.19281294248639
Fe2VAl0.95Sb0.05,Fe2.000,V1.000,Al0.950Sb0.050,650.0,4.090085888707512e-06,15.079999999999998,0.0,0.0,38.0,94.7784614,426.6904454041863,0.0,0.0,0.0,17.233999999999998,1.632,1.61,0.0,0.0091959999999999,1.63,2.0,13.0,222.05,-32.9705858565284
Fe2VAl0.95Sb0.05,Fe2.000,V1.000,Al0.950Sb0.050,700.0,3.861474338908455e-06,15.079999999999998,0.0,0.0,38.0,94.7784614,426.6904454041863,0.0,0.0,0.0,17.233999999999998,1.632,1.61,0.0,0.0091959999999999,1.63,2.0,13.0,222.05,-27.43907396439055
Fe2VAl0.9Sb0.1,Fe2.000,V1.000,Al0.900Sb0.100,100.0,7.639356831651056e-06,15.079999999999998,0.0,0.0,38.0,94.7784614,808.4661070816162,0.0,0.0,0.0,17.988,1.654,1.61,0.0,0.0174239999999999,1.63,2.0,13.0,219.1,-68.92727446587317
Fe2VAl0.9Sb0.1,Fe2.000,V1.000,Al0.900Sb0.100,150.0,7.388602161147979e-06,15.079999999999998,0.0,0.0,38.0,94.7784614,808.4661070816162,0.0,0.0,0.0,17.988,1.654,1.61,0.0,0.0174239999999999,1.63,2.0,13.0,219.1,-85.61654514409285
Fe2VAl0.9Sb0.1,Fe2.000,V1.000,Al0.900Sb0.100,200.0,7.125359995256837e-06,15.079999999999998,0.0,0.0,38.0,94.7784614,808.4661070816162,0.0,0.0,0.0,17.988,1.654,1.61,0.0,0.0174239999999999,1.63,2.0,13.0,219.1,-97.79474755855992
Fe2VAl0.9Sb0.1,Fe2.000,V1.000,Al0.900Sb0.100,250.0,6.8387708304688665e-06,15.079999999999998,0.0,0.0,38.0,94.7784614,808.4661070816162,0.0,0.0,0.0,17.988,1.654,1.61,0.0,0.0174239999999999,1.63,2.0,13.0,219.1,-104.4684392445
Fe2VAl0.9Sb0.1,Fe2.000,V1.000,Al0.900Sb0.100,300.0,6.52372876071452e-06,15.079999999999998,0.0,0.0,38.0,94.7784614,808.4661070816162,0.0,0.0,0.0,17.988,1.654,1.61,0.0,0.0174239999999999,1.63,2.0,13.0,219.1,-105.5176749323
Fe2VAl0.9Sb0.1,Fe2.000,V1.000,Al0.900Sb0.100,350.0,6.180282869706384e-06,15.079999999999998,0.0,0.0,38.0,94.7784614,808.4661070816162,0.0,0.0,0.0,17.988,1.654,1.61,0.0,0.0174239999999999,1.63,2.0,13.0,219.1,-101.5053753574
Fe2VAl0.9Sb0.1,Fe2.000,V1.000,Al0.900Sb0.100,400.0,5.8130386232820985e-06,15.079999999999998,0.0,0.0,38.0,94.7784614,808.4661070816162,0.0,0.0,0.0,17.988,1.654,1.61,0.0,0.0174239999999999,1.63,2.0,13.0,219.1,-93.48669607117245
Fe2VAl0.9Sb0.1,Fe2.000,V1.000,Al0.900Sb0.100,450.0,5.43055926174727e-06,15.079999999999998,0.0,0.0,38.0,94.7784614,808.4661070816162,0.0,0.0,0.0,17.988,1.654,1.61,0.0,0.0174239999999999,1.63,2.0,13.0,219.1,-82.81839625101493
Fe2VAl0.9Sb0.1,Fe2.000,V1.000,Al0.900Sb0.100,500.0,5.044767192218392e-06,15.079999999999998,0.0,0.0,38.0,94.7784614,808.4661070816162,0.0,0.0,0.0,17.988,1.654,1.61,0.0,0.0174239999999999,1.63,2.0,13.0,219.1,-70.96820751127292
Fe2VAl0.9Sb0.1,Fe2.000,V1.000,Al0.900Sb0.100,550.0,4.6703453809657665e-06,15.079999999999998,0.0,0.0,38.0,94.7784614,808.4661070816162,0.0,0.0,0.0,17.988,1.654,1.61,0.0,0.0174239999999999,1.63,2.0,13.0,219.1,-59.324202713367725
Fe2VAl0.9Sb0.1,Fe2.000,V1.000,Al0.900Sb0.100,600.0,4.3241387457564115e-06,15.079999999999998,0.0,0.0,38.0,94.7784614,808.4661070816162,0.0,0.0,0.0,17.988,1.654,1.61,0.0,0.0174239999999999,1.63,2.0,13.0,219.1,-49.004164776339536
Fe2VAl0.9Sb0.1,Fe2.000,V1.000,Al0.900Sb0.100,650.0,4.024555548196987e-06,15.079999999999998,0.0,0.0,38.0,94.7784614,808.4661070816162,0.0,0.0,0.0,17.988,1.654,1.61,0.0,0.0174239999999999,1.63,2.0,13.0,219.1,-40.664955487306074
Fe2VAl0.9Sb0.1,Fe2.000,V1.000,Al0.900Sb0.100,700.0,3.7909687860767097e-06,15.079999999999998,0.0,0.0,38.0,94.7784614,808.4661070816162,0.0,0.0,0.0,17.988,1.654,1.61,0.0,0.0174239999999999,1.63,2.0,13.0,219.1,-34.31188431191907
Fe2VAl0.97Sb0.03,Fe2.000,V1.000,Al0.970Sb0.030,100.0,6.671009408148693e-06,15.079999999999998,0.0,0.0,38.0,94.7784614,261.4040412897225,0.0,0.0,0.0,16.9324,1.6232,1.61,0.0,0.0056337599999999,1.63,2.0,13.0,223.23,-73.06853285753125
Fe2VAl0.97Sb0.03,Fe2.000,V1.000,Al0.970Sb0.030,150.0,7.246793548121451e-06,15.079999999999998,0.0,0.0,38.0,94.7784614,261.4040412897225,0.0,0.0,0.0,16.9324,1.6232,1.61,0.0,0.0056337599999999,1.63,2.0,13.0,223.23,-95.68090211959198
Fe2VAl0.97Sb0.03,Fe2.000,V1.000,Al0.970Sb0.030,200.0,7.576919088236053e-06,15.079999999999998,0.0,0.0,38.0,94.7784614,261.4040412897225,0.0,0.0,0.0,16.9324,1.6232,1.61,0.0,0.0056337599999999,1.63,2.0,13.0,223.23,-113.2000589693
Fe2VAl0.97Sb0.03,Fe2.000,V1.000,Al0.970Sb0.030,250.0,7.629153362528515e-06,15.079999999999998,0.0,0.0,38.0,94.7784614,261.4040412897225,0.0,0.0,0.0,16.9324,1.6232,1.61,0.0,0.0056337599999999,1.63,2.0,13.0,223.23,-121.9773628509
Fe2VAl0.97Sb0.03,Fe2.000,V1.000,Al0.970Sb0.030,300.0,7.420223573980657e-06,15.079999999999998,0.0,0.0,38.0,94.7784614,261.4040412897225,0.0,0.0,0.0,16.9324,1.6232,1.61,0.0,0.0056337599999999,1.63,2.0,13.0,223.23,-121.0388878145
Fe2VAl0.97Sb0.03,Fe2.000,V1.000,Al0.970Sb0.030,350.0,7.002517192048698e-06,15.079999999999998,0.0,0.0,38.0,94.7784614,261.4040412897225,0.0,0.0,0.0,16.9324,1.6232,1.61,0.0,0.0056337599999999,1.63,2.0,13.0,223.23,-111.4491360207
Fe2VAl0.97Sb0.03,Fe2.000,V1.000,Al0.970Sb0.030,400.0,6.45078235019181e-06,15.079999999999998,0.0,0.0,38.0,94.7784614,261.4040412897225,0.0,0.0,0.0,16.9324,1.6232,1.61,0.0,0.0056337599999999,1.63,2.0,13.0,223.23,-95.67475124646064
Fe2VAl0.97Sb0.03,Fe2.000,V1.000,Al0.970Sb0.030,450.0,5.848828243400708e-06,15.079999999999998,0.0,0.0,38.0,94.7784614,261.4040412897225,0.0,0.0,0.0,16.9324,1.6232,1.61,0.0,0.0056337599999999,1.63,2.0,13.0,223.23,-76.94823238907014
Fe2VAl0.97Sb0.03,Fe2.000,V1.000,Al0.970Sb0.030,500.0,5.2762255257262195e-06,15.079999999999998,0.0,0.0,38.0,94.7784614,261.4040412897225,0.0,0.0,0.0,16.9324,1.6232,1.61,0.0,0.0056337599999999,1.63,2.0,13.0,223.23,-58.63164697206838
Fe2VAl0.97Sb0.03,Fe2.000,V1.000,Al0.970Sb0.030,550.0,4.795006707807856e-06,15.079999999999998,0.0,0.0,38.0,94.7784614,261.4040412897225,0.0,0.0,0.0,16.9324,1.6232,1.61,0.0,0.0056337599999999,1.63,2.0,13.0,223.23,-43.58034464984386
Fe2VAl0.97Sb0.03,Fe2.000,V1.000,Al0.970Sb0.030,600.0,4.4363665544023805e-06,15.079999999999998,0.0,0.0,38.0,94.7784614,261.4040412897225,0.0,0.0,0.0,16.9324,1.6232,1.61,0.0,0.0056337599999999,1.63,2.0,13.0,223.23,-33.50667071275306
Fe2VAl0.97Sb0.03,Fe2.000,V1.000,Al0.970Sb0.030,650.0,4.187362481912434e-06,15.079999999999998,0.0,0.0,38.0,94.7784614,261.4040412897225,0.0,0.0,0.0,16.9324,1.6232,1.61,0.0,0.0056337599999999,1.63,2.0,13.0,223.23,-28.343679592151723
Fe2VAl0.97Sb0.03,Fe2.000,V1.000,Al0.970Sb0.030,700.0,3.977614955914991e-06,15.079999999999998,0.0,0.0,38.0,94.7784614,261.4040412897225,0.0,0.0,0.0,16.9324,1.6232,1.61,0.0,0.0056337599999999,1.63,2.0,13.0,223.23,-25.608848365427253
Fe2VAl0.96Si0.01Sb0.03,Fe2.000,V1.000,Al0.960Si0.010Sb0.030,100.0,4.742997511066736e-06,15.079999999999998,0.0059155371,0.0,38.0,94.7784614,261.35332766660997,0.0,0.0,0.0,16.972,1.6261,1.61,0.0,0.0063897899999999,1.63,2.0,13.0,223.25,-81.6530819956919
Fe2VAl0.96Si0.01Sb0.03,Fe2.000,V1.000,Al0.960Si0.010Sb0.030,150.0,5.227584360336674e-06,15.079999999999998,0.0059155371,0.0,38.0,94.7784614,261.35332766660997,0.0,0.0,0.0,16.972,1.6261,1.61,0.0,0.0063897899999999,1.63,2.0,13.0,223.25,-111.0791703879
Fe2VAl0.96Si0.01Sb0.03,Fe2.000,V1.000,Al0.960Si0.010Sb0.030,200.0,5.676539090260118e-06,15.079999999999998,0.0059155371,0.0,38.0,94.7784614,261.35332766660997,0.0,0.0,0.0,16.972,1.6261,1.61,0.0,0.0063897899999999,1.63,2.0,13.0,223.25,-130.35554717419998
Fe2VAl0.96Si0.01Sb0.03,Fe2.000,V1.000,Al0.960Si0.010Sb0.030,250.0,5.983664843146111e-06,15.079999999999998,0.0059155371,0.0,38.0,94.7784614,261.35332766660997,0.0,0.0,0.0,16.972,1.6261,1.61,0.0,0.0063897899999999,1.63,2.0,13.0,223.25,-138.22821468360002
Fe2VAl0.96Si0.01Sb0.03,Fe2.000,V1.000,Al0.960Si0.010Sb0.030,300.0,6.100035576909696e-06,15.079999999999998,0.0059155371,0.0,38.0,94.7784614,261.35332766660997,0.0,0.0,0.0,16.972,1.6261,1.61,0.0,0.0063897899999999,1.63,2.0,13.0,223.25,-135.339478848
Fe2VAl0.96Si0.01Sb0.03,Fe2.000,V1.000,Al0.960Si0.010Sb0.030,350.0,6.022074007668866e-06,15.079999999999998,0.0059155371,0.0,38.0,94.7784614,261.35332766660997,0.0,0.0,0.0,16.972,1.6261,1.61,0.0,0.0063897899999999,1.63,2.0,13.0,223.25,-123.7245785558
Fe2VAl0.96Si0.01Sb0.03,Fe2.000,V1.000,Al0.960Si0.010Sb0.030,400.0,5.779629552341505e-06,15.079999999999998,0.0059155371,0.0,38.0,94.7784614,261.35332766660997,0.0,0.0,0.0,16.972,1.6261,1.61,0.0,0.0063897899999999,1.63,2.0,13.0,223.25,-106.3083150064
Fe2VAl0.96Si0.01Sb0.03,Fe2.000,V1.000,Al0.960Si0.010Sb0.030,450.0,5.42405627124235e-06,15.079999999999998,0.0059155371,0.0,38.0,94.7784614,261.35332766660997,0.0,0.0,0.0,16.972,1.6261,1.61,0.0,0.0063897899999999,1.63,2.0,13.0,223.25,-86.4016810639033
Fe2VAl0.96Si0.01Sb0.03,Fe2.000,V1.000,Al0.960Si0.010Sb0.030,500.0,5.0162908106799295e-06,15.079999999999998,0.0059155371,0.0,38.0,94.7784614,261.35332766660997,0.0,0.0,0.0,16.972,1.6261,1.61,0.0,0.0063897899999999,1.63,2.0,13.0,223.25,-67.19849061166344
Fe2VAl0.96Si0.01Sb0.03,Fe2.000,V1.000,Al0.960Si0.010Sb0.030,550.0,4.614930345553508e-06,15.079999999999998,0.0059155371,0.0,38.0,94.7784614,261.35332766660997,0.0,0.0,0.0,16.972,1.6261,1.61,0.0,0.0063897899999999,1.63,2.0,13.0,223.25,-51.27200790619081
Fe2VAl0.96Si0.01Sb0.03,Fe2.000,V1.000,Al0.960Si0.010Sb0.030,600.0,4.264310521950045e-06,15.079999999999998,0.0059155371,0.0,38.0,94.7784614,261.35332766660997,0.0,0.0,0.0,16.972,1.6261,1.61,0.0,0.0063897899999999,1.63,2.0,13.0,223.25,-40.071576931330085
Fe2VAl0.96Si0.01Sb0.03,Fe2.000,V1.000,Al0.960Si0.010Sb0.030,650.0,3.982583399741129e-06,15.079999999999998,0.0059155371,0.0,38.0,94.7784614,261.35332766660997,0.0,0.0,0.0,16.972,1.6261,1.61,0.0,0.0063897899999999,1.63,2.0,13.0,223.25,-33.41925075239428
Fe2VAl0.96Si0.01Sb0.03,Fe2.000,V1.000,Al0.960Si0.010Sb0.030,700.0,3.7497953951799776e-06,15.079999999999998,0.0059155371,0.0,38.0,94.7784614,261.35332766660997,0.0,0.0,0.0,16.972,1.6261,1.61,0.0,0.0063897899999999,1.63,2.0,13.0,223.25,-29.00642087029433
Fe2VAl0.93Si0.04Sb0.03,Fe2.000,V1.000,Al0.930Si0.040Sb0.030,100.0,2.4247332355478823e-06,15.079999999999998,0.0229451136,0.0,38.0,94.7784614,261.19972432034507,0.0,0.0,0.0,17.0908,1.6348,1.61,0.0,0.0085569599999999,1.63,2.0,13.0,223.31,-68.86437370270352
Fe2VAl0.93Si0.04Sb0.03,Fe2.000,V1.000,Al0.930Si0.040Sb0.030,150.0,2.819215302243872e-06,15.079999999999998,0.0229451136,0.0,38.0,94.7784614,261.19972432034507,0.0,0.0,0.0,17.0908,1.6348,1.61,0.0,0.0085569599999999,1.63,2.0,13.0,223.31,-86.17978675022917
Fe2VAl0.93Si0.04Sb0.03,Fe2.000,V1.000,Al0.930Si0.040Sb0.030,200.0,3.308066512424262e-06,15.079999999999998,0.0229451136,0.0,38.0,94.7784614,261.19972432034507,0.0,0.0,0.0,17.0908,1.6348,1.61,0.0,0.0085569599999999,1.63,2.0,13.0,223.31,-104.3001874853
Fe2VAl0.93Si0.04Sb0.03,Fe2.000,V1.000,Al0.930Si0.040Sb0.030,250.0,3.782597595783444e-06,15.079999999999998,0.0229451136,0.0,38.0,94.7784614,261.19972432034507,0.0,0.0,0.0,17.0908,1.6348,1.61,0.0,0.0085569599999999,1.63,2.0,13.0,223.31,-118.0514856412
Fe2VAl0.93Si0.04Sb0.03,Fe2.000,V1.000,Al0.930Si0.040Sb0.030,300.0,4.172497258373303e-06,15.079999999999998,0.0229451136,0.0,38.0,94.7784614,261.19972432034507,0.0,0.0,0.0,17.0908,1.6348,1.61,0.0,0.0085569599999999,1.63,2.0,13.0,223.31,-124.729936809
Fe2VAl0.93Si0.04Sb0.03,Fe2.000,V1.000,Al0.930Si0.040Sb0.030,350.0,4.439900594203886e-06,15.079999999999998,0.0229451136,0.0,38.0,94.7784614,261.19972432034507,0.0,0.0,0.0,17.0908,1.6348,1.61,0.0,0.0085569599999999,1.63,2.0,13.0,223.31,-123.6276620075
Fe2VAl0.93Si0.04Sb0.03,Fe2.000,V1.000,Al0.930Si0.040Sb0.030,400.0,4.573457496844043e-06,15.079999999999998,0.0229451136,0.0,38.0,94.7784614,261.19972432034507,0.0,0.0,0.0,17.0908,1.6348,1.61,0.0,0.0085569599999999,1.63,2.0,13.0,223.31,-115.5581672525
Fe2VAl0.93Si0.04Sb0.03,Fe2.000,V1.000,Al0.930Si0.040Sb0.030,450.0,4.582401071022116e-06,15.079999999999998,0.0229451136,0.0,38.0,94.7784614,261.19972432034507,0.0,0.0,0.0,17.0908,1.6348,1.61,0.0,0.0085569599999999,1.63,2.0,13.0,223.31,-102.3818631261
Fe2VAl0.93Si0.04Sb0.03,Fe2.000,V1.000,Al0.930Si0.040Sb0.030,500.0,4.490616044226558e-06,15.079999999999998,0.0229451136,0.0,38.0,94.7784614,261.19972432034507,0.0,0.0,0.0,17.0908,1.6348,1.61,0.0,0.0085569599999999,1.63,2.0,13.0,223.31,-86.5315843466117
Fe2VAl0.93Si0.04Sb0.03,Fe2.000,V1.000,Al0.930Si0.040Sb0.030,550.0,4.330707178306634e-06,15.079999999999998,0.0229451136,0.0,38.0,94.7784614,261.19972432034507,0.0,0.0,0.0,17.0908,1.6348,1.61,0.0,0.0085569599999999,1.63,2.0,13.0,223.31,-70.53810933762578
Fe2VAl0.93Si0.04Sb0.03,Fe2.000,V1.000,Al0.930Si0.040Sb0.030,600.0,4.138067681073043e-06,15.079999999999998,0.0229451136,0.0,38.0,94.7784614,261.19972432034507,0.0,0.0,0.0,17.0908,1.6348,1.61,0.0,0.0085569599999999,1.63,2.0,13.0,223.31,-56.55567979773359
Fe2VAl0.93Si0.04Sb0.03,Fe2.000,V1.000,Al0.930Si0.040Sb0.030,650.0,3.944947617898619e-06,15.079999999999998,0.0229451136,0.0,38.0,94.7784614,261.19972432034507,0.0,0.0,0.0,17.0908,1.6348,1.61,0.0,0.0085569599999999,1.63,2.0,13.0,223.31,-45.88752026989395
Fe2VAl0.93Si0.04Sb0.03,Fe2.000,V1.000,Al0.930Si0.040Sb0.030,700.0,3.774522323318937e-06,15.079999999999998,0.0229451136,0.0,38.0,94.7784614,261.19972432034507,0.0,0.0,0.0,17.0908,1.6348,1.61,0.0,0.0085569599999999,1.63,2.0,13.0,223.31,-38.51135771093761
Fe2VAl0.9Si0.07Sb0.03 ,Fe2.000,V1.000,Al0.900Si0.070Sb0.030,100.0,1.6358918047765363e-06,15.079999999999998,0.0388991379,0.0,38.0,94.7784614,261.0439272586893,0.0,0.0,0.0,17.209600000000002,1.6435,1.61,0.0,0.0105727499999999,1.63,2.0,13.0,223.37,-52.95845678186107
Fe2VAl0.9Si0.07Sb0.03 ,Fe2.000,V1.000,Al0.900Si0.070Sb0.030,150.0,1.8945885069205157e-06,15.079999999999998,0.0388991379,0.0,38.0,94.7784614,261.0439272586893,0.0,0.0,0.0,17.209600000000002,1.6435,1.61,0.0,0.0105727499999999,1.63,2.0,13.0,223.37,-75.21301533931738
Fe2VAl0.9Si0.07Sb0.03 ,Fe2.000,V1.000,Al0.900Si0.070Sb0.030,200.0,2.2539696337984897e-06,15.079999999999998,0.0388991379,0.0,38.0,94.7784614,261.0439272586893,0.0,0.0,0.0,17.209600000000002,1.6435,1.61,0.0,0.0105727499999999,1.63,2.0,13.0,223.37,-96.65138985519528
Fe2VAl0.9Si0.07Sb0.03 ,Fe2.000,V1.000,Al0.900Si0.070Sb0.030,250.0,2.632041028884658e-06,15.079999999999998,0.0388991379,0.0,38.0,94.7784614,261.0439272586893,0.0,0.0,0.0,17.209600000000002,1.6435,1.61,0.0,0.0105727499999999,1.63,2.0,13.0,223.37,-112.784607573
Fe2VAl0.9Si0.07Sb0.03 ,Fe2.000,V1.000,Al0.900Si0.070Sb0.030,300.0,2.9737987407356662e-06,15.079999999999998,0.0388991379,0.0,38.0,94.7784614,261.0439272586893,0.0,0.0,0.0,17.209600000000002,1.6435,1.61,0.0,0.0105727499999999,1.63,2.0,13.0,223.37,-121.4033971365
Fe2VAl0.9Si0.07Sb0.03 ,Fe2.000,V1.000,Al0.900Si0.070Sb0.030,350.0,3.2469848139695e-06,15.079999999999998,0.0388991379,0.0,38.0,94.7784614,261.0439272586893,0.0,0.0,0.0,17.209600000000002,1.6435,1.61,0.0,0.0105727499999999,1.63,2.0,13.0,223.37,-122.1221220652
Fe2VAl0.9Si0.07Sb0.03 ,Fe2.000,V1.000,Al0.900Si0.070Sb0.030,400.0,3.4378430802443727e-06,15.079999999999998,0.0388991379,0.0,38.0,94.7784614,261.0439272586893,0.0,0.0,0.0,17.209600000000002,1.6435,1.61,0.0,0.0105727499999999,1.63,2.0,13.0,223.37,-115.9227142293
Fe2VAl0.9Si0.07Sb0.03 ,Fe2.000,V1.000,Al0.900Si0.070Sb0.030,450.0,3.546874949237622e-06,15.079999999999998,0.0388991379,0.0,38.0,94.7784614,261.0439272586893,0.0,0.0,0.0,17.209600000000002,1.6435,1.61,0.0,0.0105727499999999,1.63,2.0,13.0,223.37,-104.6986073262
Fe2VAl0.9Si0.07Sb0.03 ,Fe2.000,V1.000,Al0.900Si0.070Sb0.030,500.0,3.5845951996245928e-06,15.079999999999998,0.0388991379,0.0,38.0,94.7784614,261.0439272586893,0.0,0.0,0.0,17.209600000000002,1.6435,1.61,0.0,0.0105727499999999,1.63,2.0,13.0,223.37,-90.79867035492305
Fe2VAl0.9Si0.07Sb0.03 ,Fe2.000,V1.000,Al0.900Si0.070Sb0.030,550.0,3.567287770057554e-06,15.079999999999998,0.0388991379,0.0,38.0,94.7784614,261.0439272586893,0.0,0.0,0.0,17.209600000000002,1.6435,1.61,0.0,0.0105727499999999,1.63,2.0,13.0,223.37,-76.57114109217386
Fe2VAl0.9Si0.07Sb0.03 ,Fe2.000,V1.000,Al0.900Si0.070Sb0.030,600.0,3.5127615501445395e-06,15.079999999999998,0.0388991379,0.0,38.0,94.7784614,261.0439272586893,0.0,0.0,0.0,17.209600000000002,1.6435,1.61,0.0,0.0105727499999999,1.63,2.0,13.0,223.37,-63.90755956774542
Fe2VAl0.9Si0.07Sb0.03 ,Fe2.000,V1.000,Al0.900Si0.070Sb0.030,650.0,3.4361061714283023e-06,15.079999999999998,0.0388991379,0.0,38.0,94.7784614,261.0439272586893,0.0,0.0,0.0,17.209600000000002,1.6435,1.61,0.0,0.0105727499999999,1.63,2.0,13.0,223.37,-53.786701539897386
Fe2VAl0.9Si0.07Sb0.03 ,Fe2.000,V1.000,Al0.900Si0.070Sb0.030,700.0,3.345447798365168e-06,15.079999999999998,0.0388991379,0.0,38.0,94.7784614,261.0439272586893,0.0,0.0,0.0,17.209600000000002,1.6435,1.61,0.0,0.0105727499999999,1.63,2.0,13.0,223.37,-45.818511970868514
Fe2VAl0.87Si0.1Sb0.03,Fe2.000,V1.000,Al0.870Si0.100Sb0.030,150.0,1.648392790695534e-06,15.079999999999998,0.05377761,0.0,38.0,94.7784614,260.8859364816427,0.0,0.0,0.0,17.3284,1.6522,1.61,0.0,0.0124371599999999,1.63,2.0,13.0,223.43,-41.07236278891526
Fe2VAl0.87Si0.1Sb0.03,Fe2.000,V1.000,Al0.870Si0.100Sb0.030,200.0,1.9817293730871116e-06,15.079999999999998,0.05377761,0.0,38.0,94.7784614,260.8859364816427,0.0,0.0,0.0,17.3284,1.6522,1.61,0.0,0.0124371599999999,1.63,2.0,13.0,223.43,-61.271546963934505
Fe2VAl0.87Si0.1Sb0.03,Fe2.000,V1.000,Al0.870Si0.100Sb0.030,250.0,2.33840351027155e-06,15.079999999999998,0.05377761,0.0,38.0,94.7784614,260.8859364816427,0.0,0.0,0.0,17.3284,1.6522,1.61,0.0,0.0124371599999999,1.63,2.0,13.0,223.43,-81.39292575543065
Fe2VAl0.87Si0.1Sb0.03,Fe2.000,V1.000,Al0.870Si0.100Sb0.030,300.0,2.6889093966420353e-06,15.079999999999998,0.05377761,0.0,38.0,94.7784614,260.8859364816427,0.0,0.0,0.0,17.3284,1.6522,1.61,0.0,0.0124371599999999,1.63,2.0,13.0,223.43,-97.05466806504384
Fe2VAl0.87Si0.1Sb0.03,Fe2.000,V1.000,Al0.870Si0.100Sb0.030,350.0,3.0065554458979763e-06,15.079999999999998,0.05377761,0.0,38.0,94.7784614,260.8859364816427,0.0,0.0,0.0,17.3284,1.6522,1.61,0.0,0.0124371599999999,1.63,2.0,13.0,223.43,-106.0762495127
Fe2VAl0.87Si0.1Sb0.03,Fe2.000,V1.000,Al0.870Si0.100Sb0.030,400.0,3.2691049100980424e-06,15.079999999999998,0.05377761,0.0,38.0,94.7784614,260.8859364816427,0.0,0.0,0.0,17.3284,1.6522,1.61,0.0,0.0124371599999999,1.63,2.0,13.0,223.43,-108.0244020436
Fe2VAl0.87Si0.1Sb0.03,Fe2.000,V1.000,Al0.870Si0.100Sb0.030,450.0,3.4604164987132207e-06,15.079999999999998,0.05377761,0.0,38.0,94.7784614,260.8859364816427,0.0,0.0,0.0,17.3284,1.6522,1.61,0.0,0.0124371599999999,1.63,2.0,13.0,223.43,-103.7590635346
Fe2VAl0.87Si0.1Sb0.03,Fe2.000,V1.000,Al0.870Si0.100Sb0.030,500.0,3.572084997679848e-06,15.079999999999998,0.05377761,0.0,38.0,94.7784614,260.8859364816427,0.0,0.0,0.0,17.3284,1.6522,1.61,0.0,0.0124371599999999,1.63,2.0,13.0,223.43,-94.9793274010738
Fe2VAl0.87Si0.1Sb0.03,Fe2.000,V1.000,Al0.870Si0.100Sb0.030,550.0,3.605081888452668e-06,15.079999999999998,0.05377761,0.0,38.0,94.7784614,260.8859364816427,0.0,0.0,0.0,17.3284,1.6522,1.61,0.0,0.0124371599999999,1.63,2.0,13.0,223.43,-83.76939220348268
Fe2VAl0.87Si0.1Sb0.03,Fe2.000,V1.000,Al0.870Si0.100Sb0.030,600.0,3.5713959670578673e-06,15.079999999999998,0.05377761,0.0,38.0,94.7784614,260.8859364816427,0.0,0.0,0.0,17.3284,1.6522,1.61,0.0,0.0124371599999999,1.63,2.0,13.0,223.43,-72.14451125441936
Fe2VAl0.87Si0.1Sb0.03,Fe2.000,V1.000,Al0.870Si0.100Sb0.030,650.0,3.4956739631461292e-06,15.079999999999998,0.05377761,0.0,38.0,94.7784614,260.8859364816427,0.0,0.0,0.0,17.3284,1.6522,1.61,0.0,0.0124371599999999,1.63,2.0,13.0,223.43,-61.59694222505202
Fe2VAl0.87Si0.1Sb0.03,Fe2.000,V1.000,Al0.870Si0.100Sb0.030,700.0,3.4168611590456725e-06,15.079999999999998,0.05377761,0.0,38.0,94.7784614,260.8859364816427,0.0,0.0,0.0,17.3284,1.6522,1.61,0.0,0.0124371599999999,1.63,2.0,13.0,223.43,-52.64189675190893
Fe2VAl,Fe2.000,V1.000,Al1.000,350.0,9.253974475829524e-06,0.0,0.0,0.0,0.0,0.0,0.0,0.0,0.0,0.0,16.48,1.61,1.61,0.0,0.0,1.63,0.0,13.0,225.0,-96.08914010700384
Fe2VAl,Fe2.000,V1.000,Al1.000,400.0,8.193259418081845e-06,0.0,0.0,0.0,0.0,0.0,0.0,0.0,0.0,0.0,16.48,1.61,1.61,0.0,0.0,1.63,0.0,13.0,225.0,-83.45492924777741
Fe2VAl,Fe2.000,V1.000,Al1.000,450.0,7.330464021878531e-06,0.0,0.0,0.0,0.0,0.0,0.0,0.0,0.0,0.0,16.48,1.61,1.61,0.0,0.0,1.63,0.0,13.0,225.0,-68.04466081907347
Fe2VAl,Fe2.000,V1.000,Al1.000,500.0,6.6212450901729354e-06,0.0,0.0,0.0,0.0,0.0,0.0,0.0,0.0,0.0,16.48,1.61,1.61,0.0,0.0,1.63,0.0,13.0,225.0,-53.39763187802013
Fe2VAl,Fe2.000,V1.000,Al1.000,550.0,6.033513065773018e-06,0.0,0.0,0.0,0.0,0.0,0.0,0.0,0.0,0.0,16.48,1.61,1.61,0.0,0.0,1.63,0.0,13.0,225.0,-41.40638671157901
Fe2VAl,Fe2.000,V1.000,Al1.000,600.0,5.544687903409155e-06,0.0,0.0,0.0,0.0,0.0,0.0,0.0,0.0,0.0,16.48,1.61,1.61,0.0,0.0,1.63,0.0,13.0,225.0,-32.68084026318281
Fe2VAl,Fe2.000,V1.000,Al1.000,650.0,5.13895494180185e-06,0.0,0.0,0.0,0.0,0.0,0.0,0.0,0.0,0.0,16.48,1.61,1.61,0.0,0.0,1.63,0.0,13.0,225.0,-26.912401559372046
Fe2VAl,Fe2.000,V1.000,Al1.000,700.0,4.80452077572951e-06,0.0,0.0,0.0,0.0,0.0,0.0,0.0,0.0,0.0,16.48,1.61,1.61,0.0,0.0,1.63,0.0,13.0,225.0,-23.23809713643298
Fe2VAl,Fe2.000,V1.000,Al1.000,750.0,4.530869128096223e-06,0.0,0.0,0.0,0.0,0.0,0.0,0.0,0.0,0.0,16.48,1.61,1.61,0.0,0.0,1.63,0.0,13.0,225.0,-20.60469446702937
Fe2VAl,Fe2.000,V1.000,Al1.000,800.0,4.3060167219994895e-06,0.0,0.0,0.0,0.0,0.0,0.0,0.0,0.0,0.0,16.48,1.61,1.61,0.0,0.0,1.63,0.0,13.0,225.0,-18.13282538684841
Fe2VAl,Fe2.000,V1.000,Al1.000,850.0,4.11376915279794e-06,0.0,0.0,0.0,0.0,0.0,0.0,0.0,0.0,0.0,16.48,1.61,1.61,0.0,0.0,1.63,0.0,13.0,225.0,-15.481109521228698
Fe2VAl,Fe2.000,V1.000,Al1.000,900.0,3.930976760179101e-06,0.0,0.0,0.0,0.0,0.0,0.0,0.0,0.0,0.0,16.48,1.61,1.61,0.0,0.0,1.63,0.0,13.0,225.0,-13.21027771180607
Fe2VAl,Fe2.000,V1.000,Al1.000,950.0,3.7247905002273633e-06,0.0,0.0,0.0,0.0,0.0,0.0,0.0,0.0,0.0,16.48,1.61,1.61,0.0,0.0,1.63,0.0,13.0,225.0,-13.147295443141228
Fe2V0.95Nb0.05Al,Fe2.000,V1.000,Nb0.048Al0.952,350.0,7.143974365659063e-06,1.6999999999999993,0.0,0.0,28.0,65.92484139999999,198.5986870733581,6.0,0.0,6.0,16.5616,1.60952,1.6,0.0,4.569600000000008e-06,1.63,2.0,5.0,225.192,-109.7386680903
Fe2V0.95Nb0.05Al,Fe2.000,V1.000,Nb0.048Al0.952,400.0,6.639697330334296e-06,1.6999999999999993,0.0,0.0,28.0,65.92484139999999,198.5986870733581,6.0,0.0,6.0,16.5616,1.60952,1.6,0.0,4.569600000000008e-06,1.63,2.0,5.0,225.192,-97.22093871094938
Fe2V0.95Nb0.05Al,Fe2.000,V1.000,Nb0.048Al0.952,450.0,6.092308931454542e-06,1.6999999999999993,0.0,0.0,28.0,65.92484139999999,198.5986870733581,6.0,0.0,6.0,16.5616,1.60952,1.6,0.0,4.569600000000008e-06,1.63,2.0,5.0,225.192,-83.21998273368348
Fe2V0.95Nb0.05Al,Fe2.000,V1.000,Nb0.048Al0.952,500.0,5.576850409206681e-06,1.6999999999999993,0.0,0.0,28.0,65.92484139999999,198.5986870733581,6.0,0.0,6.0,16.5616,1.60952,1.6,0.0,4.569600000000008e-06,1.63,2.0,5.0,225.192,-69.63688085259847
Fe2V0.95Nb0.05Al,Fe2.000,V1.000,Nb0.048Al0.952,550.0,5.13173588087945e-06,1.6999999999999993,0.0,0.0,28.0,65.92484139999999,198.5986870733581,6.0,0.0,6.0,16.5616,1.60952,1.6,0.0,4.569600000000008e-06,1.63,2.0,5.0,225.192,-57.6081364610328
Fe2V0.95Nb0.05Al,Fe2.000,V1.000,Nb0.048Al0.952,600.0,4.767200028677548e-06,1.6999999999999993,0.0,0.0,28.0,65.92484139999999,198.5986870733581,6.0,0.0,6.0,16.5616,1.60952,1.6,0.0,4.569600000000008e-06,1.63,2.0,5.0,225.192,-47.652994021759625
Fe2V0.95Nb0.05Al,Fe2.000,V1.000,Nb0.048Al0.952,650.0,4.473745787535539e-06,1.6999999999999993,0.0,0.0,28.0,65.92484139999999,198.5986870733581,6.0,0.0,6.0,16.5616,1.60952,1.6,0.0,4.569600000000008e-06,1.63,2.0,5.0,225.192,-39.82075743715383
Fe2V0.95Nb0.05Al,Fe2.000,V1.000,Nb0.048Al0.952,700.0,4.230592032931616e-06,1.6999999999999993,0.0,0.0,28.0,65.92484139999999,198.5986870733581,6.0,0.0,6.0,16.5616,1.60952,1.6,0.0,4.569600000000008e-06,1.63,2.0,5.0,225.192,-33.83810841935824
Fe2V0.95Nb0.05Al,Fe2.000,V1.000,Nb0.048Al0.952,750.0,4.014121268701826e-06,1.6999999999999993,0.0,0.0,28.0,65.92484139999999,198.5986870733581,6.0,0.0,6.0,16.5616,1.60952,1.6,0.0,4.569600000000008e-06,1.63,2.0,5.0,225.192,-29.25642486044995
Fe2V0.95Nb0.05Al,Fe2.000,V1.000,Nb0.048Al0.952,800.0,3.806327314853693e-06,1.6999999999999993,0.0,0.0,28.0,65.92484139999999,198.5986870733581,6.0,0.0,6.0,16.5616,1.60952,1.6,0.0,4.569600000000008e-06,1.63,2.0,5.0,225.192,-25.59909920260583
Fe2V0.95Nb0.05Al,Fe2.000,V1.000,Nb0.048Al0.952,850.0,3.603262995380276e-06,1.6999999999999993,0.0,0.0,28.0,65.92484139999999,198.5986870733581,6.0,0.0,6.0,16.5616,1.60952,1.6,0.0,4.569600000000008e-06,1.63,2.0,5.0,225.192,-22.50885680827572
Fe2V0.95Nb0.05Al,Fe2.000,V1.000,Nb0.048Al0.952,900.0,3.4234878260741705e-06,1.6999999999999993,0.0,0.0,28.0,65.92484139999999,198.5986870733581,6.0,0.0,6.0,16.5616,1.60952,1.6,0.0,4.569600000000008e-06,1.63,2.0,5.0,225.192,-19.895074330336943
Fe2V0.95Nb0.05Al,Fe2.000,V1.000,Nb0.048Al0.952,950.0,3.3165157023413635e-06,1.6999999999999993,0.0,0.0,28.0,65.92484139999999,198.5986870733581,6.0,0.0,6.0,16.5616,1.60952,1.6,0.0,4.569600000000008e-06,1.63,2.0,5.0,225.192,-18.081098082273943
Fe2V0.9Nb0.1Al,Fe2.000,V1.000,Nb0.091Al0.909,350.0,6.91353078075024e-06,1.6999999999999993,0.0,0.0,28.0,65.92484139999999,359.5037814255319,6.0,0.0,6.0,16.634700000000002,1.60909,1.6,0.0,8.271900000000015e-06,1.63,2.0,5.0,225.364,-80.29912689010696
Fe2V0.9Nb0.1Al,Fe2.000,V1.000,Nb0.091Al0.909,400.0,6.222522935721221e-06,1.6999999999999993,0.0,0.0,28.0,65.92484139999999,359.5037814255319,6.0,0.0,6.0,16.634700000000002,1.60909,1.6,0.0,8.271900000000015e-06,1.63,2.0,5.0,225.364,-72.15437542599948
Fe2V0.9Nb0.1Al,Fe2.000,V1.000,Nb0.091Al0.909,450.0,5.638293657954808e-06,1.6999999999999993,0.0,0.0,28.0,65.92484139999999,359.5037814255319,6.0,0.0,6.0,16.634700000000002,1.60909,1.6,0.0,8.271900000000015e-06,1.63,2.0,5.0,225.364,-62.40127286411608
Fe2V0.9Nb0.1Al,Fe2.000,V1.000,Nb0.091Al0.909,500.0,5.1529323862123975e-06,1.6999999999999993,0.0,0.0,28.0,65.92484139999999,359.5037814255319,6.0,0.0,6.0,16.634700000000002,1.60909,1.6,0.0,8.271900000000015e-06,1.63,2.0,5.0,225.364,-52.83601601575687
Fe2V0.9Nb0.1Al,Fe2.000,V1.000,Nb0.091Al0.909,550.0,4.7547939476740205e-06,1.6999999999999993,0.0,0.0,28.0,65.92484139999999,359.5037814255319,6.0,0.0,6.0,16.634700000000002,1.60909,1.6,0.0,8.271900000000015e-06,1.63,2.0,5.0,225.364,-44.45954779700573
Fe2V0.9Nb0.1Al,Fe2.000,V1.000,Nb0.091Al0.909,600.0,4.429825886176611e-06,1.6999999999999993,0.0,0.0,28.0,65.92484139999999,359.5037814255319,6.0,0.0,6.0,16.634700000000002,1.60909,1.6,0.0,8.271900000000015e-06,1.63,2.0,5.0,225.364,-37.65004679156576
Fe2V0.9Nb0.1Al,Fe2.000,V1.000,Nb0.091Al0.909,650.0,4.162895790452244e-06,1.6999999999999993,0.0,0.0,28.0,65.92484139999999,359.5037814255319,6.0,0.0,6.0,16.634700000000002,1.60909,1.6,0.0,8.271900000000015e-06,1.63,2.0,5.0,225.364,-32.335416813590406
Fe2V0.9Nb0.1Al,Fe2.000,V1.000,Nb0.091Al0.909,700.0,3.939118622366416e-06,1.6999999999999993,0.0,0.0,28.0,65.92484139999999,359.5037814255319,6.0,0.0,6.0,16.634700000000002,1.60909,1.6,0.0,8.271900000000015e-06,1.63,2.0,5.0,225.364,-28.16577647052137
Fe2V0.9Nb0.1Al,Fe2.000,V1.000,Nb0.091Al0.909,750.0,3.7451840451562977e-06,1.6999999999999993,0.0,0.0,28.0,65.92484139999999,359.5037814255319,6.0,0.0,6.0,16.634700000000002,1.60909,1.6,0.0,8.271900000000015e-06,1.63,2.0,5.0,225.364,-24.685948725921538
Fe2V0.9Nb0.1Al,Fe2.000,V1.000,Nb0.091Al0.909,800.0,3.570683751668977e-06,1.6999999999999993,0.0,0.0,28.0,65.92484139999999,359.5037814255319,6.0,0.0,6.0,16.634700000000002,1.60909,1.6,0.0,8.271900000000015e-06,1.63,2.0,5.0,225.364,-21.50795046230384
Fe2V0.9Nb0.1Al,Fe2.000,V1.000,Nb0.091Al0.909,850.0,3.409438792599744e-06,1.6999999999999993,0.0,0.0,28.0,65.92484139999999,359.5037814255319,6.0,0.0,6.0,16.634700000000002,1.60909,1.6,0.0,8.271900000000015e-06,1.63,2.0,5.0,225.364,-18.48348204397865
Fe2V0.9Nb0.1Al,Fe2.000,V1.000,Nb0.091Al0.909,900.0,3.2608269047303283e-06,1.6999999999999993,0.0,0.0,28.0,65.92484139999999,359.5037814255319,6.0,0.0,6.0,16.634700000000002,1.60909,1.6,0.0,8.271900000000015e-06,1.63,2.0,5.0,225.364,-15.876416879874215
Fe2V0.9Nb0.1Al,Fe2.000,V1.000,Nb0.091Al0.909,950.0,3.1311098391671782e-06,1.6999999999999993,0.0,0.0,28.0,65.92484139999999,359.5037814255319,6.0,0.0,6.0,16.634700000000002,1.60909,1.6,0.0,8.271900000000015e-06,1.63,2.0,5.0,225.364,-14.535290986377715
Fe2V0.8Nb0.2Al,Fe2.000,V0.800Nb0.200,Al1.000,350.0,6.2383369411112935e-06,0.0,0.0,0.0,0.0,0.0,0.0,0.0,0.0,0.0,16.48,1.61,1.61,0.0,0.0,1.624,0.0,13.0,225.0,6.457922710209376
Fe2V0.8Nb0.2Al,Fe2.000,V0.800Nb0.200,Al1.000,400.0,5.535944092500585e-06,0.0,0.0,0.0,0.0,0.0,0.0,0.0,0.0,0.0,16.48,1.61,1.61,0.0,0.0,1.624,0.0,13.0,225.0,3.177759573030711
Fe2V0.8Nb0.2Al,Fe2.000,V0.800Nb0.200,Al1.000,450.0,4.9904767693787015e-06,0.0,0.0,0.0,0.0,0.0,0.0,0.0,0.0,0.0,16.48,1.61,1.61,0.0,0.0,1.624,0.0,13.0,225.0,0.191649613739322
Fe2V0.8Nb0.2Al,Fe2.000,V0.800Nb0.200,Al1.000,500.0,4.562155894384124e-06,0.0,0.0,0.0,0.0,0.0,0.0,0.0,0.0,0.0,16.48,1.61,1.61,0.0,0.0,1.624,0.0,13.0,225.0,-2.287231907260956
Fe2V0.8Nb0.2Al,Fe2.000,V0.800Nb0.200,Al1.000,550.0,4.221863496651612e-06,0.0,0.0,0.0,0.0,0.0,0.0,0.0,0.0,0.0,16.48,1.61,1.61,0.0,0.0,1.624,0.0,13.0,225.0,-4.178956137160836
Fe2V0.8Nb0.2Al,Fe2.000,V0.800Nb0.200,Al1.000,600.0,3.949087865672375e-06,0.0,0.0,0.0,0.0,0.0,0.0,0.0,0.0,0.0,16.48,1.61,1.61,0.0,0.0,1.624,0.0,13.0,225.0,-5.507656541506582
Fe2V0.8Nb0.2Al,Fe2.000,V0.800Nb0.200,Al1.000,650.0,3.7298687051541582e-06,0.0,0.0,0.0,0.0,0.0,0.0,0.0,0.0,0.0,16.48,1.61,1.61,0.0,0.0,1.624,0.0,13.0,225.0,-6.372344814962647
Fe2V0.8Nb0.2Al,Fe2.000,V0.800Nb0.200,Al1.000,700.0,3.55474228688125e-06,0.0,0.0,0.0,0.0,0.0,0.0,0.0,0.0,0.0,16.48,1.61,1.61,0.0,0.0,1.624,0.0,13.0,225.0,-6.917726792073134
Fe2V0.8Nb0.2Al,Fe2.000,V0.800Nb0.200,Al1.000,750.0,3.4166866045747457e-06,0.0,0.0,0.0,0.0,0.0,0.0,0.0,0.0,0.0,16.48,1.61,1.61,0.0,0.0,1.624,0.0,13.0,225.0,-7.305018358023411
Fe2V0.8Nb0.2Al,Fe2.000,V0.800Nb0.200,Al1.000,800.0,3.309066527752503e-06,0.0,0.0,0.0,0.0,0.0,0.0,0.0,0.0,0.0,16.48,1.61,1.61,0.0,0.0,1.624,0.0,13.0,225.0,-7.682761359402759
Fe2V0.8Nb0.2Al,Fe2.000,V0.800Nb0.200,Al1.000,850.0,3.223578955589297e-06,0.0,0.0,0.0,0.0,0.0,0.0,0.0,0.0,0.0,16.48,1.61,1.61,0.0,0.0,1.624,0.0,13.0,225.0,-8.157639514965869
Fe2V0.8Nb0.2Al,Fe2.000,V0.800Nb0.200,Al1.000,900.0,3.148197970776983e-06,0.0,0.0,0.0,0.0,0.0,0.0,0.0,0.0,0.0,16.48,1.61,1.61,0.0,0.0,1.624,0.0,13.0,225.0,-8.765294326394198
Fe2V0.8Nb0.2Al,Fe2.000,V0.800Nb0.200,Al1.000,950.0,3.065119993384463e-06,0.0,0.0,0.0,0.0,0.0,0.0,0.0,0.0,0.0,16.48,1.61,1.61,0.0,0.0,1.624,0.0,13.0,225.0,-9.441140989058349
Fe2VGa,Fe2.000,V1.000,Ga1.000,350.0,1.4269780653642343e-06,0.0,0.0,0.0,0.0,0.0,0.0,0.0,0.0,0.0,18.8575,1.81,1.81,0.0,0.0,1.63,0.0,13.0,64.0,24.52785658160338
Fe2VGa,Fe2.000,V1.000,Ga1.000,400.0,1.4830962512897322e-06,0.0,0.0,0.0,0.0,0.0,0.0,0.0,0.0,0.0,18.8575,1.81,1.81,0.0,0.0,1.63,0.0,13.0,64.0,22.013029771184197
Fe2VGa,Fe2.000,V1.000,Ga1.000,450.0,1.58250955749317e-06,0.0,0.0,0.0,0.0,0.0,0.0,0.0,0.0,0.0,18.8575,1.81,1.81,0.0,0.0,1.63,0.0,13.0,64.0,17.823222726421328
Fe2VGa,Fe2.000,V1.000,Ga1.000,500.0,1.7101968367789951e-06,0.0,0.0,0.0,0.0,0.0,0.0,0.0,0.0,0.0,18.8575,1.81,1.81,0.0,0.0,1.63,0.0,13.0,64.0,13.61721022251328
Fe2VGa,Fe2.000,V1.000,Ga1.000,550.0,1.8527577954894472e-06,0.0,0.0,0.0,0.0,0.0,0.0,0.0,0.0,0.0,18.8575,1.81,1.81,0.0,0.0,1.63,0.0,13.0,64.0,9.8065800448005
Fe2VGa,Fe2.000,V1.000,Ga1.000,600.0,1.9968461835224737e-06,0.0,0.0,0.0,0.0,0.0,0.0,0.0,0.0,0.0,18.8575,1.81,1.81,0.0,0.0,1.63,0.0,13.0,64.0,6.247614541582251
Fe2VGa,Fe2.000,V1.000,Ga1.000,650.0,2.127602984349651e-06,0.0,0.0,0.0,0.0,0.0,0.0,0.0,0.0,0.0,18.8575,1.81,1.81,0.0,0.0,1.63,0.0,13.0,64.0,2.9331721769118277
Fe2V0.95Ti0.05Ga,Fe2.000,V1.000,Ti0.048Ga0.952,350.0,1.3193228736413158e-06,2.1675000000000004,0.0,0.0,9.0,21.856,21.828281696256006,8.0,2.25333333333e-05,8.0,18.75346,1.79704,1.54,0.0,0.0033312384,1.63,3.0,4.0,70.24,54.163856941426104
Fe2V0.95Ti0.05Ga,Fe2.000,V1.000,Ti0.048Ga0.952,400.0,1.3790262711607029e-06,2.1675000000000004,0.0,0.0,9.0,21.856,21.828281696256006,8.0,2.25333333333e-05,8.0,18.75346,1.79704,1.54,0.0,0.0033312384,1.63,3.0,4.0,70.24,44.851384344456264
Fe2V0.95Ti0.05Ga,Fe2.000,V1.000,Ti0.048Ga0.952,450.0,1.479086652565884e-06,2.1675000000000004,0.0,0.0,9.0,21.856,21.828281696256006,8.0,2.25333333333e-05,8.0,18.75346,1.79704,1.54,0.0,0.0033312384,1.63,3.0,4.0,70.24,35.360939090204596
Fe2V0.95Ti0.05Ga,Fe2.000,V1.000,Ti0.048Ga0.952,500.0,1.6094323140635725e-06,2.1675000000000004,0.0,0.0,9.0,21.856,21.828281696256006,8.0,2.25333333333e-05,8.0,18.75346,1.79704,1.54,0.0,0.0033312384,1.63,3.0,4.0,70.24,27.91940502247037
Fe2V0.95Ti0.05Ga,Fe2.000,V1.000,Ti0.048Ga0.952,550.0,1.7513473464750488e-06,2.1675000000000004,0.0,0.0,9.0,21.856,21.828281696256006,8.0,2.25333333333e-05,8.0,18.75346,1.79704,1.54,0.0,0.0033312384,1.63,3.0,4.0,70.24,22.16677077022445
Fe2V0.95Ti0.05Ga,Fe2.000,V1.000,Ti0.048Ga0.952,600.0,1.8859616008009595e-06,2.1675000000000004,0.0,0.0,9.0,21.856,21.828281696256006,8.0,2.25333333333e-05,8.0,18.75346,1.79704,1.54,0.0,0.0033312384,1.63,3.0,4.0,70.24,16.85494940690223
Fe2V0.95Ti0.05Ga,Fe2.000,V1.000,Ti0.048Ga0.952,650.0,2.002740653786121e-06,2.1675000000000004,0.0,0.0,9.0,21.856,21.828281696256006,8.0,2.25333333333e-05,8.0,18.75346,1.79704,1.54,0.0,0.0033312384,1.63,3.0,4.0,70.24,11.546598109671033
Fe2V0.9Ti0.1Ga,Fe2.000,V1.000,Ti0.091Ga0.909,350.0,9.392483010420544e-07,2.1675000000000004,0.0,0.0,9.0,21.856,39.51360367718401,8.0,2.25333333333e-05,8.0,18.6602575,1.78543,1.54,0.0,0.0060302151,1.63,3.0,4.0,75.83,55.65505190415989
Fe2V0.9Ti0.1Ga,Fe2.000,V1.000,Ti0.091Ga0.909,400.0,1.0931686381546535e-06,2.1675000000000004,0.0,0.0,9.0,21.856,39.51360367718401,8.0,2.25333333333e-05,8.0,18.6602575,1.78543,1.54,0.0,0.0060302151,1.63,3.0,4.0,75.83,51.313037670724
Fe2V0.9Ti0.1Ga,Fe2.000,V1.000,Ti0.091Ga0.909,450.0,1.267522565442438e-06,2.1675000000000004,0.0,0.0,9.0,21.856,39.51360367718401,8.0,2.25333333333e-05,8.0,18.6602575,1.78543,1.54,0.0,0.0060302151,1.63,3.0,4.0,75.83,45.3931739360952
Fe2V0.9Ti0.1Ga,Fe2.000,V1.000,Ti0.091Ga0.909,500.0,1.4577594411322765e-06,2.1675000000000004,0.0,0.0,9.0,21.856,39.51360367718401,8.0,2.25333333333e-05,8.0,18.6602575,1.78543,1.54,0.0,0.0060302151,1.63,3.0,4.0,75.83,39.128963261485424
Fe2V0.9Ti0.1Ga,Fe2.000,V1.000,Ti0.091Ga0.909,550.0,1.6501218323311764e-06,2.1675000000000004,0.0,0.0,9.0,21.856,39.51360367718401,8.0,2.25333333333e-05,8.0,18.6602575,1.78543,1.54,0.0,0.0060302151,1.63,3.0,4.0,75.83,33.05712075005835
Fe2V0.9Ti0.1Ga,Fe2.000,V1.000,Ti0.091Ga0.909,600.0,1.828509225947708e-06,2.1675000000000004,0.0,0.0,9.0,21.856,39.51360367718401,8.0,2.25333333333e-05,8.0,18.6602575,1.78543,1.54,0.0,0.0060302151,1.63,3.0,4.0,75.83,27.317710473188647
Fe2V0.9Ti0.1Ga,Fe2.000,V1.000,Ti0.091Ga0.909,650.0,1.9813417396132585e-06,2.1675000000000004,0.0,0.0,9.0,21.856,39.51360367718401,8.0,2.25333333333e-05,8.0,18.6602575,1.78543,1.54,0.0,0.0060302151,1.63,3.0,4.0,75.83,21.954281896728535
Fe2V0.9Ti0.1Ga,Fe2.000,V1.000,Ti0.091Ga0.909,700.0,2.1084238326035195e-06,2.1675000000000004,0.0,0.0,9.0,21.856,39.51360367718401,8.0,2.25333333333e-05,8.0,18.6602575,1.78543,1.54,0.0,0.0060302151,1.63,3.0,4.0,75.83,17.214006307262263
Fe2V0.85Ti0.15Ga,Fe2.000,V1.000,Ti0.130Ga0.870,350.0,9.639296250783546e-07,2.1675000000000004,0.0,0.0,9.0,21.856,54.026143641600015,8.0,2.25333333333e-05,8.0,18.575725,1.7749,1.54,0.0,0.00824499,1.63,3.0,4.0,80.9,45.60197318995455
Fe2V0.85Ti0.15Ga,Fe2.000,V1.000,Ti0.130Ga0.870,400.0,1.1224838188358195e-06,2.1675000000000004,0.0,0.0,9.0,21.856,54.026143641600015,8.0,2.25333333333e-05,8.0,18.575725,1.7749,1.54,0.0,0.00824499,1.63,3.0,4.0,80.9,45.26748106628461
Fe2V0.85Ti0.15Ga,Fe2.000,V1.000,Ti0.130Ga0.870,450.0,1.3024324559645765e-06,2.1675000000000004,0.0,0.0,9.0,21.856,54.026143641600015,8.0,2.25333333333e-05,8.0,18.575725,1.7749,1.54,0.0,0.00824499,1.63,3.0,4.0,80.9,42.727744418500585
Fe2V0.85Ti0.15Ga,Fe2.000,V1.000,Ti0.130Ga0.870,500.0,1.4926343284330625e-06,2.1675000000000004,0.0,0.0,9.0,21.856,54.026143641600015,8.0,2.25333333333e-05,8.0,18.575725,1.7749,1.54,0.0,0.00824499,1.63,3.0,4.0,80.9,38.914010519415875
Fe2V0.85Ti0.15Ga,Fe2.000,V1.000,Ti0.130Ga0.870,550.0,1.6797959196594909e-06,2.1675000000000004,0.0,0.0,9.0,21.856,54.026143641600015,8.0,2.25333333333e-05,8.0,18.575725,1.7749,1.54,0.0,0.00824499,1.63,3.0,4.0,80.9,34.239987455419175
Fe2V0.85Ti0.15Ga,Fe2.000,V1.000,Ti0.130Ga0.870,600.0,1.850902859161368e-06,2.1675000000000004,0.0,0.0,9.0,21.856,54.026143641600015,8.0,2.25333333333e-05,8.0,18.575725,1.7749,1.54,0.0,0.00824499,1.63,3.0,4.0,80.9,28.87826166939202
Fe2V0.85Ti0.15Ga,Fe2.000,V1.000,Ti0.130Ga0.870,650.0,1.995651377205054e-06,2.1675000000000004,0.0,0.0,9.0,21.856,54.026143641600015,8.0,2.25333333333e-05,8.0,18.575725,1.7749,1.54,0.0,0.00824499,1.63,3.0,4.0,80.9,23.036715503631427
Fe2V0.8Ti0.2Ga,Fe2.000,V0.800Ti0.200,Ga1.000,350.0,9.275369259770068e-07,0.0,0.0,2.25333333333e-05,0.0,0.0,0.0,0.0,0.0,0.0,18.8575,1.81,1.81,35.0,0.0,1.612,0.0,13.0,64.0,51.74028502878181
Fe2V0.8Ti0.2Ga,Fe2.000,V0.800Ti0.200,Ga1.000,400.0,1.0909008588553978e-06,0.0,0.0,2.25333333333e-05,0.0,0.0,0.0,0.0,0.0,0.0,18.8575,1.81,1.81,35.0,0.0,1.612,0.0,13.0,64.0,53.91020196631358
Fe2V0.8Ti0.2Ga,Fe2.000,V0.800Ti0.200,Ga1.000,450.0,1.2690826621166782e-06,0.0,0.0,2.25333333333e-05,0.0,0.0,0.0,0.0,0.0,0.0,18.8575,1.81,1.81,35.0,0.0,1.612,0.0,13.0,64.0,53.39149226291171
Fe2V0.8Ti0.2Ga,Fe2.000,V0.800Ti0.200,Ga1.000,500.0,1.4474890367741963e-06,0.0,0.0,2.25333333333e-05,0.0,0.0,0.0,0.0,0.0,0.0,18.8575,1.81,1.81,35.0,0.0,1.612,0.0,13.0,64.0,51.00029366578173
Fe2V0.8Ti0.2Ga,Fe2.000,V0.800Ti0.200,Ga1.000,550.0,1.6206792710838123e-06,0.0,0.0,2.25333333333e-05,0.0,0.0,0.0,0.0,0.0,0.0,18.8575,1.81,1.81,35.0,0.0,1.612,0.0,13.0,64.0,46.89324528376487
Fe2V0.8Ti0.2Ga,Fe2.000,V0.800Ti0.200,Ga1.000,600.0,1.7838215768426115e-06,0.0,0.0,2.25333333333e-05,0.0,0.0,0.0,0.0,0.0,0.0,18.8575,1.81,1.81,35.0,0.0,1.612,0.0,13.0,64.0,41.15525259056692
Fe2V0.8Ti0.2Ga,Fe2.000,V0.800Ti0.200,Ga1.000,650.0,1.9241494256876145e-06,0.0,0.0,2.25333333333e-05,0.0,0.0,0.0,0.0,0.0,0.0,18.8575,1.81,1.81,35.0,0.0,1.612,0.0,13.0,64.0,34.387252427971085
Fe2V0.75Ti0.25Ga,Fe2.000,V0.750Ti0.250,Ga1.000,350.0,9.59857464213259e-07,0.0,0.0,2.25333333333e-05,0.0,0.0,0.0,0.0,0.0,0.0,18.8575,1.81,1.81,35.0,0.0,1.6075,0.0,13.0,64.0,40.94354298260689
Fe2V0.75Ti0.25Ga,Fe2.000,V0.750Ti0.250,Ga1.000,400.0,1.1249423364780231e-06,0.0,0.0,2.25333333333e-05,0.0,0.0,0.0,0.0,0.0,0.0,18.8575,1.81,1.81,35.0,0.0,1.6075,0.0,13.0,64.0,44.52665715550571
Fe2V0.75Ti0.25Ga,Fe2.000,V0.750Ti0.250,Ga1.000,450.0,1.3047920779895638e-06,0.0,0.0,2.25333333333e-05,0.0,0.0,0.0,0.0,0.0,0.0,18.8575,1.81,1.81,35.0,0.0,1.6075,0.0,13.0,64.0,46.43210769178323
Fe2V0.75Ti0.25Ga,Fe2.000,V0.750Ti0.250,Ga1.000,500.0,1.4877218605440766e-06,0.0,0.0,2.25333333333e-05,0.0,0.0,0.0,0.0,0.0,0.0,18.8575,1.81,1.81,35.0,0.0,1.6075,0.0,13.0,64.0,46.758734490064946
Fe2V0.75Ti0.25Ga,Fe2.000,V0.750Ti0.250,Ga1.000,550.0,1.6698651765386865e-06,0.0,0.0,2.25333333333e-05,0.0,0.0,0.0,0.0,0.0,0.0,18.8575,1.81,1.81,35.0,0.0,1.6075,0.0,13.0,64.0,44.935760841964154
Fe2V0.75Ti0.25Ga,Fe2.000,V0.750Ti0.250,Ga1.000,600.0,1.8469309490706008e-06,0.0,0.0,2.25333333333e-05,0.0,0.0,0.0,0.0,0.0,0.0,18.8575,1.81,1.81,35.0,0.0,1.6075,0.0,13.0,64.0,40.5485048554044
Fe2V0.75Ti0.25Ga,Fe2.000,V0.750Ti0.250,Ga1.000,650.0,2.005960642036352e-06,0.0,0.0,2.25333333333e-05,0.0,0.0,0.0,0.0,0.0,0.0,18.8575,1.81,1.81,35.0,0.0,1.6075,0.0,13.0,64.0,34.16409087791993
Fe2V0.75Ti0.25Ga,Fe2.000,V0.750Ti0.250,Ga1.000,700.0,2.1170853702309585e-06,0.0,0.0,2.25333333333e-05,0.0,0.0,0.0,0.0,0.0,0.0,18.8575,1.81,1.81,35.0,0.0,1.6075,0.0,13.0,64.0,28.157160919978523
Fe2VAl0.95Si0.05,Fe2.000,V1.000,Al0.950Si0.050,200.0,3.727713801492743e-06,3.960000000000001,0.0283826275,0.0,1.0,1.103961399999999,0.057889711702773,0.0,0.0,0.0,16.677999999999997,1.6245,1.61,0.0,0.0039947499999999,1.63,1.0,13.0,225.1,-103.4919343793
Fe2VAl0.95Si0.05,Fe2.000,V1.000,Al0.950Si0.050,250.0,4.604394822853547e-06,3.960000000000001,0.0283826275,0.0,1.0,1.103961399999999,0.057889711702773,0.0,0.0,0.0,16.677999999999997,1.6245,1.61,0.0,0.0039947499999999,1.63,1.0,13.0,225.1,-120.0160603511
Fe2VAl0.95Si0.05,Fe2.000,V1.000,Al0.950Si0.050,300.0,5.353565276471949e-06,3.960000000000001,0.0283826275,0.0,1.0,1.103961399999999,0.057889711702773,0.0,0.0,0.0,16.677999999999997,1.6245,1.61,0.0,0.0039947499999999,1.63,1.0,13.0,225.1,-127.0439340034
Fe2VAl0.95Si0.05,Fe2.000,V1.000,Al0.950Si0.050,350.0,5.822574464045746e-06,3.960000000000001,0.0283826275,0.0,1.0,1.103961399999999,0.057889711702773,0.0,0.0,0.0,16.677999999999997,1.6245,1.61,0.0,0.0039947499999999,1.63,1.0,13.0,225.1,-117.6322534543
Fe2(V0.975Ta0.025)Al0.95Si0.05,Fe2.000,V1.000,Ta0.024Al0.927Si0.049,250.0,4.523679689556735e-06,3.960000000000001,0.0278442538709999,0.0,60.0,153.9663414,554.9377928504298,7.0,0.0,7.0,16.7134,1.6215700000000002,1.5,0.0,0.0042774350999999,1.63,3.0,5.0,225.194,-131.01749418010002
Fe2(V0.975Ta0.025)Al0.95Si0.05,Fe2.000,V1.000,Ta0.024Al0.927Si0.049,300.0,4.9884230600061424e-06,3.960000000000001,0.0278442538709999,0.0,60.0,153.9663414,554.9377928504298,7.0,0.0,7.0,16.7134,1.6215700000000002,1.5,0.0,0.0042774350999999,1.63,3.0,5.0,225.194,-135.7788881462
Fe2(V0.975Ta0.025)Al0.95Si0.05,Fe2.000,V1.000,Ta0.024Al0.927Si0.049,350.0,5.242807329361463e-06,3.960000000000001,0.0278442538709999,0.0,60.0,153.9663414,554.9377928504298,7.0,0.0,7.0,16.7134,1.6215700000000002,1.5,0.0,0.0042774350999999,1.63,3.0,5.0,225.194,-128.87143657619998
Fe2(V0.95Ta0.05)Al0.95Si0.05,Fe2.000,V1.000,Ta0.048Al0.905Si0.048,200.0,3.2251697637333554e-06,3.960000000000001,0.0272787817337507,0.0,60.0,153.9663414,1081.498969760822,7.0,0.0,7.0,16.748531468531468,1.6186313686313687,1.5,0.0,0.0045384864885364,1.63,3.0,5.0,225.28771228771225,-139.5227144156
Fe2(V0.95Ta0.05)Al0.95Si0.05,Fe2.000,V1.000,Ta0.048Al0.905Si0.048,250.0,3.7027873238785703e-06,3.960000000000001,0.0272787817337507,0.0,60.0,153.9663414,1081.498969760822,7.0,0.0,7.0,16.748531468531468,1.6186313686313687,1.5,0.0,0.0045384864885364,1.63,3.0,5.0,225.28771228771225,-151.9670476756
Fe2(V0.95Ta0.05)Al0.95Si0.05,Fe2.000,V1.000,Ta0.048Al0.905Si0.048,300.0,4.108982286397039e-06,3.960000000000001,0.0272787817337507,0.0,60.0,153.9663414,1081.498969760822,7.0,0.0,7.0,16.748531468531468,1.6186313686313687,1.5,0.0,0.0045384864885364,1.63,3.0,5.0,225.28771228771225,-150.08414581890003
Fe2(V0.95Ta0.05)Al0.95Si0.05,Fe2.000,V1.000,Ta0.048Al0.905Si0.048,350.0,4.353490520422004e-06,3.960000000000001,0.0272787817337507,0.0,60.0,153.9663414,1081.498969760822,7.0,0.0,7.0,16.748531468531468,1.6186313686313687,1.5,0.0,0.0045384864885364,1.63,3.0,5.0,225.28771228771225,-137.3410250372
Fe2(V0.9Ti0.1)Al ,Fe2.000,V1.000,Ti0.091Al0.909,250.0,2.556023044942808e-06,0.2100000000000008,0.0,0.0,9.0,20.885461399999997,36.08223442303651,8.0,2.25333333333e-05,8.0,16.49911,1.60363,1.54,0.0,0.0004053231,1.63,3.0,4.0,222.179,76.30951391754799
Fe2(V0.9Ti0.1)Al ,Fe2.000,V1.000,Ti0.091Al0.909,300.0,2.8571983733044858e-06,0.2100000000000008,0.0,0.0,9.0,20.885461399999997,36.08223442303651,8.0,2.25333333333e-05,8.0,16.49911,1.60363,1.54,0.0,0.0004053231,1.63,3.0,4.0,222.179,83.59173502803206
Fe2(V0.9Ti0.1)Al ,Fe2.000,V1.000,Ti0.091Al0.909,350.0,3.179708855688845e-06,0.2100000000000008,0.0,0.0,9.0,20.885461399999997,36.08223442303651,8.0,2.25333333333e-05,8.0,16.49911,1.60363,1.54,0.0,0.0004053231,1.63,3.0,4.0,222.179,88.47891262349047
Fe2(V0.8Ta0.1Ti0.1)Al ,Fe2.000,V0.889Ta0.111,Ti0.091Al0.909,200.0,2.0164537095260216e-06,0.2100000000000008,0.0,0.0,9.0,20.885461399999997,36.08223442303651,8.0,2.25333333333e-05,8.0,16.49911,1.60363,1.54,0.0,0.0004053231,1.61557,3.0,4.0,222.179,52.13469178464661
Fe2(V0.8Ta0.1Ti0.1)Al ,Fe2.000,V0.889Ta0.111,Ti0.091Al0.909,250.0,2.2199765490523164e-06,0.2100000000000008,0.0,0.0,9.0,20.885461399999997,36.08223442303651,8.0,2.25333333333e-05,8.0,16.49911,1.60363,1.54,0.0,0.0004053231,1.61557,3.0,4.0,222.179,62.48212323353036
Fe2(V0.8Ta0.1Ti0.1)Al ,Fe2.000,V0.889Ta0.111,Ti0.091Al0.909,300.0,2.441134943670096e-06,0.2100000000000008,0.0,0.0,9.0,20.885461399999997,36.08223442303651,8.0,2.25333333333e-05,8.0,16.49911,1.60363,1.54,0.0,0.0004053231,1.61557,3.0,4.0,222.179,71.89702862709616
Fe2(V0.8Ta0.1Ti0.1)Al ,Fe2.000,V0.889Ta0.111,Ti0.091Al0.909,350.0,2.668890096099753e-06,0.2100000000000008,0.0,0.0,9.0,20.885461399999997,36.08223442303651,8.0,2.25333333333e-05,8.0,16.49911,1.60363,1.54,0.0,0.0004053231,1.61557,3.0,4.0,222.179,79.20841391003916
Fe2(V0.7Ta0.2Ti0.1)Al ,Fe2.000,V0.778Ta0.222,Ti0.091Al0.909,200.0,1.8332278939657496e-06,0.2100000000000008,0.0,0.0,9.0,20.885461399999997,36.08223442303651,8.0,2.25333333333e-05,8.0,16.49911,1.60363,1.54,0.0,0.0004053231,1.60114,3.0,4.0,222.179,59.28447682289708
Fe2(V0.7Ta0.2Ti0.1)Al ,Fe2.000,V0.778Ta0.222,Ti0.091Al0.909,250.0,2.063961332348752e-06,0.2100000000000008,0.0,0.0,9.0,20.885461399999997,36.08223442303651,8.0,2.25333333333e-05,8.0,16.49911,1.60363,1.54,0.0,0.0004053231,1.60114,3.0,4.0,222.179,70.57993184803307
Fe2(V0.7Ta0.2Ti0.1)Al ,Fe2.000,V0.778Ta0.222,Ti0.091Al0.909,300.0,2.3223197020002807e-06,0.2100000000000008,0.0,0.0,9.0,20.885461399999997,36.08223442303651,8.0,2.25333333333e-05,8.0,16.49911,1.60363,1.54,0.0,0.0004053231,1.60114,3.0,4.0,222.179,79.28277353745867
Fe2(V0.7Ta0.2Ti0.1)Al ,Fe2.000,V0.778Ta0.222,Ti0.091Al0.909,350.0,2.606909097441519e-06,0.2100000000000008,0.0,0.0,9.0,20.885461399999997,36.08223442303651,8.0,2.25333333333e-05,8.0,16.49911,1.60363,1.54,0.0,0.0004053231,1.60114,3.0,4.0,222.179,88.44403123969879
Fe2(V0.9Ti0.1)Al,Fe2.000,V1.000,Ti0.091Al0.909,350.0,3.2018087298209606e-06,0.2100000000000008,0.0,0.0,9.0,20.885461399999997,36.08223442303651,8.0,2.25333333333e-05,8.0,16.49911,1.60363,1.54,0.0,0.0004053231,1.63,3.0,4.0,222.179,89.34261617715711
Fe2(V0.8W0.05Ti0.15)Al ,Fe2.000,V0.941W0.059,Ti0.130Al0.870,350.0,2.224339982640017e-06,0.2100000000000008,0.0,0.0,9.0,20.885461399999997,49.33450251145964,8.0,2.25333333333e-05,8.0,16.5073,1.6009,1.54,0.0,0.00055419,1.6730699999999998,3.0,4.0,220.97,76.4173359860676
Fe2(V0.7W0.1Ti0.2)Al,Fe2.000,V0.778Ti0.222,W0.091Al0.909,350.0,2.24272692773722e-06,0.4299999999999997,0.0,2.25333333333e-05,61.0,156.8584614,2035.2659976478592,6.0,0.0,6.0,16.44087,1.6782500000000002,1.61,35.0,0.0465294374999999,1.61002,1.0,6.0,225.364,76.46704683815508
Fe2V0.75Ti0.15W0.1Al,Fe2.000,V0.833Ti0.167,W0.091Al0.909,400.0,8.279854163838607e-06,0.4299999999999997,0.0,2.25333333333e-05,61.0,156.8584614,2035.2659976478592,6.0,0.0,6.0,16.44087,1.6782500000000002,1.61,35.0,0.0465294374999999,1.6149699999999998,1.0,6.0,225.364,17.055136449170735
Fe2V0.75Ti0.15W0.1Al,Fe2.000,V0.833Ti0.167,W0.091Al0.909,450.0,7.044223375983609e-06,0.4299999999999997,0.0,2.25333333333e-05,61.0,156.8584614,2035.2659976478592,6.0,0.0,6.0,16.44087,1.6782500000000002,1.61,35.0,0.0465294374999999,1.6149699999999998,1.0,6.0,225.364,12.05415862988576
Fe2V0.75Ti0.15W0.1Al,Fe2.000,V0.833Ti0.167,W0.091Al0.909,500.0,6.111912349363948e-06,0.4299999999999997,0.0,2.25333333333e-05,61.0,156.8584614,2035.2659976478592,6.0,0.0,6.0,16.44087,1.6782500000000002,1.61,35.0,0.0465294374999999,1.6149699999999998,1.0,6.0,225.364,8.145021356001369
Fe2V0.75Ti0.15W0.1Al,Fe2.000,V0.833Ti0.167,W0.091Al0.909,550.0,5.4126101527054345e-06,0.4299999999999997,0.0,2.25333333333e-05,61.0,156.8584614,2035.2659976478592,6.0,0.0,6.0,16.44087,1.6782500000000002,1.61,35.0,0.0465294374999999,1.6149699999999998,1.0,6.0,225.364,4.0666315554310515
Fe2V0.75Ti0.15W0.1Al,Fe2.000,V0.833Ti0.167,W0.091Al0.909,600.0,4.881303624801211e-06,0.4299999999999997,0.0,2.25333333333e-05,61.0,156.8584614,2035.2659976478592,6.0,0.0,6.0,16.44087,1.6782500000000002,1.61,35.0,0.0465294374999999,1.6149699999999998,1.0,6.0,225.364,0.05264761930579
Fe2V0.75Ti0.15W0.1Al,Fe2.000,V0.833Ti0.167,W0.091Al0.909,650.0,4.466666189184683e-06,0.4299999999999997,0.0,2.25333333333e-05,61.0,156.8584614,2035.2659976478592,6.0,0.0,6.0,16.44087,1.6782500000000002,1.61,35.0,0.0465294374999999,1.6149699999999998,1.0,6.0,225.364,-2.9927908388443365
Fe2V0.75Ti0.15W0.1Al,Fe2.000,V0.833Ti0.167,W0.091Al0.909,700.0,4.139446668802489e-06,0.4299999999999997,0.0,2.25333333333e-05,61.0,156.8584614,2035.2659976478592,6.0,0.0,6.0,16.44087,1.6782500000000002,1.61,35.0,0.0465294374999999,1.6149699999999998,1.0,6.0,225.364,-4.319333223887527
Fe2V0.7Ti0.2W0.1Al,Fe2.000,V0.778Ti0.222,W0.091Al0.909,350.0,7.57513980231268e-06,0.4299999999999997,0.0,2.25333333333e-05,61.0,156.8584614,2035.2659976478592,6.0,0.0,6.0,16.44087,1.6782500000000002,1.61,35.0,0.0465294374999999,1.61002,1.0,6.0,225.364,81.4352692546246
Fe2V0.7Ti0.2W0.1Al,Fe2.000,V0.778Ti0.222,W0.091Al0.909,400.0,6.910582440962736e-06,0.4299999999999997,0.0,2.25333333333e-05,61.0,156.8584614,2035.2659976478592,6.0,0.0,6.0,16.44087,1.6782500000000002,1.61,35.0,0.0465294374999999,1.61002,1.0,6.0,225.364,73.79536668558184
Fe2V0.7Ti0.2W0.1Al,Fe2.000,V0.778Ti0.222,W0.091Al0.909,450.0,6.278172687405225e-06,0.4299999999999997,0.0,2.25333333333e-05,61.0,156.8584614,2035.2659976478592,6.0,0.0,6.0,16.44087,1.6782500000000002,1.61,35.0,0.0465294374999999,1.61002,1.0,6.0,225.364,60.58408025365856
Fe2V0.7Ti0.2W0.1Al,Fe2.000,V0.778Ti0.222,W0.091Al0.909,500.0,5.695959115779054e-06,0.4299999999999997,0.0,2.25333333333e-05,61.0,156.8584614,2035.2659976478592,6.0,0.0,6.0,16.44087,1.6782500000000002,1.61,35.0,0.0465294374999999,1.61002,1.0,6.0,225.364,47.47324328709243
Fe2V0.7Ti0.2W0.1Al,Fe2.000,V0.778Ti0.222,W0.091Al0.909,550.0,5.176582588801175e-06,0.4299999999999997,0.0,2.25333333333e-05,61.0,156.8584614,2035.2659976478592,6.0,0.0,6.0,16.44087,1.6782500000000002,1.61,35.0,0.0465294374999999,1.61002,1.0,6.0,225.364,36.41786965216968
Fe2V0.7Ti0.2W0.1Al,Fe2.000,V0.778Ti0.222,W0.091Al0.909,600.0,4.72976305555702e-06,0.4299999999999997,0.0,2.25333333333e-05,61.0,156.8584614,2035.2659976478592,6.0,0.0,6.0,16.44087,1.6782500000000002,1.61,35.0,0.0465294374999999,1.61002,1.0,6.0,225.364,27.208223536931506
Fe2V0.7Ti0.2W0.1Al,Fe2.000,V0.778Ti0.222,W0.091Al0.909,650.0,4.364786349290924e-06,0.4299999999999997,0.0,2.25333333333e-05,61.0,156.8584614,2035.2659976478592,6.0,0.0,6.0,16.44087,1.6782500000000002,1.61,35.0,0.0465294374999999,1.61002,1.0,6.0,225.364,19.0218892348994
Fe2V0.7Ti0.2W0.1Al,Fe2.000,V0.778Ti0.222,W0.091Al0.909,700.0,4.092990985196624e-06,0.4299999999999997,0.0,2.25333333333e-05,61.0,156.8584614,2035.2659976478592,6.0,0.0,6.0,16.44087,1.6782500000000002,1.61,35.0,0.0465294374999999,1.61002,1.0,6.0,225.364,11.97584092877584
Fe2V0.65Ti0.25W0.1Al,Fe2.000,V0.722Ti0.278,W0.091Al0.909,400.0,4.690391858415761e-06,0.4299999999999997,0.0,2.25333333333e-05,61.0,156.8584614,2035.2659976478592,6.0,0.0,6.0,16.44087,1.6782500000000002,1.61,35.0,0.0465294374999999,1.60498,1.0,6.0,225.364,92.46418714308771
Fe2V0.65Ti0.25W0.1Al,Fe2.000,V0.722Ti0.278,W0.091Al0.909,450.0,4.665661628589317e-06,0.4299999999999997,0.0,2.25333333333e-05,61.0,156.8584614,2035.2659976478592,6.0,0.0,6.0,16.44087,1.6782500000000002,1.61,35.0,0.0465294374999999,1.60498,1.0,6.0,225.364,85.948871484016
Fe2V0.65Ti0.25W0.1Al,Fe2.000,V0.722Ti0.278,W0.091Al0.909,500.0,4.594409448939032e-06,0.4299999999999997,0.0,2.25333333333e-05,61.0,156.8584614,2035.2659976478592,6.0,0.0,6.0,16.44087,1.6782500000000002,1.61,35.0,0.0465294374999999,1.60498,1.0,6.0,225.364,76.01442713808997
Fe2V0.65Ti0.25W0.1Al,Fe2.000,V0.722Ti0.278,W0.091Al0.909,550.0,4.454139282451949e-06,0.4299999999999997,0.0,2.25333333333e-05,61.0,156.8584614,2035.2659976478592,6.0,0.0,6.0,16.44087,1.6782500000000002,1.61,35.0,0.0465294374999999,1.60498,1.0,6.0,225.364,63.87241478957164
Fe2V0.65Ti0.25W0.1Al,Fe2.000,V0.722Ti0.278,W0.091Al0.909,600.0,4.235339315135747e-06,0.4299999999999997,0.0,2.25333333333e-05,61.0,156.8584614,2035.2659976478592,6.0,0.0,6.0,16.44087,1.6782500000000002,1.61,35.0,0.0465294374999999,1.60498,1.0,6.0,225.364,50.99677161528058
Fe2V0.65Ti0.25W0.1Al,Fe2.000,V0.722Ti0.278,W0.091Al0.909,650.0,3.965363093126327e-06,0.4299999999999997,0.0,2.25333333333e-05,61.0,156.8584614,2035.2659976478592,6.0,0.0,6.0,16.44087,1.6782500000000002,1.61,35.0,0.0465294374999999,1.60498,1.0,6.0,225.364,38.82865759027889
Fe2V0.65Ti0.25W0.1Al,Fe2.000,V0.722Ti0.278,W0.091Al0.909,700.0,3.73231065979632e-06,0.4299999999999997,0.0,2.25333333333e-05,61.0,156.8584614,2035.2659976478592,6.0,0.0,6.0,16.44087,1.6782500000000002,1.61,35.0,0.0465294374999999,1.60498,1.0,6.0,225.364,28.481301793559936
Fe2V0.6Ti0.3W0.1Al,Fe2.000,V0.667Ti0.333,W0.091Al0.909,350.0,3.2159656755047e-06,0.4299999999999997,0.0,2.25333333333e-05,61.0,156.8584614,2035.2659976478592,6.0,0.0,6.0,16.44087,1.6782500000000002,1.61,35.0,0.0465294374999999,1.60003,1.0,6.0,225.364,80.85503387477007
Fe2V0.6Ti0.3W0.1Al,Fe2.000,V0.667Ti0.333,W0.091Al0.909,400.0,3.428089790843323e-06,0.4299999999999997,0.0,2.25333333333e-05,61.0,156.8584614,2035.2659976478592,6.0,0.0,6.0,16.44087,1.6782500000000002,1.61,35.0,0.0465294374999999,1.60003,1.0,6.0,225.364,88.10036983327883
Fe2V0.6Ti0.3W0.1Al,Fe2.000,V0.667Ti0.333,W0.091Al0.909,450.0,3.616633153040848e-06,0.4299999999999997,0.0,2.25333333333e-05,61.0,156.8584614,2035.2659976478592,6.0,0.0,6.0,16.44087,1.6782500000000002,1.61,35.0,0.0465294374999999,1.60003,1.0,6.0,225.364,87.03659604454269
Fe2V0.6Ti0.3W0.1Al,Fe2.000,V0.667Ti0.333,W0.091Al0.909,500.0,3.7664323143850546e-06,0.4299999999999997,0.0,2.25333333333e-05,61.0,156.8584614,2035.2659976478592,6.0,0.0,6.0,16.44087,1.6782500000000002,1.61,35.0,0.0465294374999999,1.60003,1.0,6.0,225.364,83.166220169688
Fe2V0.6Ti0.3W0.1Al,Fe2.000,V0.667Ti0.333,W0.091Al0.909,550.0,3.84858958992083e-06,0.4299999999999997,0.0,2.25333333333e-05,61.0,156.8584614,2035.2659976478592,6.0,0.0,6.0,16.44087,1.6782500000000002,1.61,35.0,0.0465294374999999,1.60003,1.0,6.0,225.364,77.43125901781998
Fe2V0.6Ti0.3W0.1Al,Fe2.000,V0.667Ti0.333,W0.091Al0.909,600.0,3.843401424655874e-06,0.4299999999999997,0.0,2.25333333333e-05,61.0,156.8584614,2035.2659976478592,6.0,0.0,6.0,16.44087,1.6782500000000002,1.61,35.0,0.0465294374999999,1.60003,1.0,6.0,225.364,68.76829600009626
Fe2V0.6Ti0.3W0.1Al,Fe2.000,V0.667Ti0.333,W0.091Al0.909,650.0,3.763286760766365e-06,0.4299999999999997,0.0,2.25333333333e-05,61.0,156.8584614,2035.2659976478592,6.0,0.0,6.0,16.44087,1.6782500000000002,1.61,35.0,0.0465294374999999,1.60003,1.0,6.0,225.364,56.66353858386867
Fe2V0.6Ti0.3W0.1Al,Fe2.000,V0.667Ti0.333,W0.091Al0.909,700.0,3.675715404802521e-06,0.4299999999999997,0.0,2.25333333333e-05,61.0,156.8584614,2035.2659976478592,6.0,0.0,6.0,16.44087,1.6782500000000002,1.61,35.0,0.0465294374999999,1.60003,1.0,6.0,225.364,43.70787574674686
Fe2V0.9Ti0.1Al,Fe2.000,V1.000,Ti0.091Al0.909,350.0,3.279092477243589e-06,0.2100000000000008,0.0,0.0,9.0,20.885461399999997,36.08223442303651,8.0,2.25333333333e-05,8.0,16.49911,1.60363,1.54,0.0,0.0004053231,1.63,3.0,4.0,222.179,85.75875859367466
Fe2V0.9Ti0.1Al,Fe2.000,V1.000,Ti0.091Al0.909,400.0,3.458200051174043e-06,0.2100000000000008,0.0,0.0,9.0,20.885461399999997,36.08223442303651,8.0,2.25333333333e-05,8.0,16.49911,1.60363,1.54,0.0,0.0004053231,1.63,3.0,4.0,222.179,87.06623324936947
Fe2V0.9Ti0.1Al,Fe2.000,V1.000,Ti0.091Al0.909,450.0,3.6311741551563415e-06,0.2100000000000008,0.0,0.0,9.0,20.885461399999997,36.08223442303651,8.0,2.25333333333e-05,8.0,16.49911,1.60363,1.54,0.0,0.0004053231,1.63,3.0,4.0,222.179,82.83171902891432
Fe2V0.9Ti0.1Al,Fe2.000,V1.000,Ti0.091Al0.909,500.0,3.750202757378566e-06,0.2100000000000008,0.0,0.0,9.0,20.885461399999997,36.08223442303651,8.0,2.25333333333e-05,8.0,16.49911,1.60363,1.54,0.0,0.0004053231,1.63,3.0,4.0,222.179,75.83192056701037
Fe2V0.9Ti0.1Al,Fe2.000,V1.000,Ti0.091Al0.909,550.0,3.795941320916114e-06,0.2100000000000008,0.0,0.0,9.0,20.885461399999997,36.08223442303651,8.0,2.25333333333e-05,8.0,16.49911,1.60363,1.54,0.0,0.0004053231,1.63,3.0,4.0,222.179,67.10292300943611
Fe2V0.9Ti0.1Al,Fe2.000,V1.000,Ti0.091Al0.909,600.0,3.7734696861439743e-06,0.2100000000000008,0.0,0.0,9.0,20.885461399999997,36.08223442303651,8.0,2.25333333333e-05,8.0,16.49911,1.60363,1.54,0.0,0.0004053231,1.63,3.0,4.0,222.179,56.841204403611194
Fe2V0.9Ti0.1Al,Fe2.000,V1.000,Ti0.091Al0.909,650.0,3.708248953148853e-06,0.2100000000000008,0.0,0.0,9.0,20.885461399999997,36.08223442303651,8.0,2.25333333333e-05,8.0,16.49911,1.60363,1.54,0.0,0.0004053231,1.63,3.0,4.0,222.179,45.304648089171
Fe2V0.9Ti0.1Al,Fe2.000,V1.000,Ti0.091Al0.909,700.0,3.642078364141456e-06,0.2100000000000008,0.0,0.0,9.0,20.885461399999997,36.08223442303651,8.0,2.25333333333e-05,8.0,16.49911,1.60363,1.54,0.0,0.0004053231,1.63,3.0,4.0,222.179,33.71355508854337
Fe2VAl,Fe2.000,V1.000,Al1.000,350.0,9.46683339960068e-06,0.0,0.0,0.0,0.0,0.0,0.0,0.0,0.0,0.0,16.48,1.61,1.61,0.0,0.0,1.63,0.0,13.0,225.0,-24.53596436049549
Fe2VAl,Fe2.000,V1.000,Al1.000,400.0,7.668494700939523e-06,0.0,0.0,0.0,0.0,0.0,0.0,0.0,0.0,0.0,16.48,1.61,1.61,0.0,0.0,1.63,0.0,13.0,225.0,-21.791443702840645
Fe2VAl,Fe2.000,V1.000,Al1.000,450.0,6.393029379578304e-06,0.0,0.0,0.0,0.0,0.0,0.0,0.0,0.0,0.0,16.48,1.61,1.61,0.0,0.0,1.63,0.0,13.0,225.0,-17.720194922117496
Fe2VAl,Fe2.000,V1.000,Al1.000,500.0,5.4898821464749415e-06,0.0,0.0,0.0,0.0,0.0,0.0,0.0,0.0,0.0,16.48,1.61,1.61,0.0,0.0,1.63,0.0,13.0,225.0,-14.072401622170698
Fe2VAl,Fe2.000,V1.000,Al1.000,550.0,4.848988577975169e-06,0.0,0.0,0.0,0.0,0.0,0.0,0.0,0.0,0.0,16.48,1.61,1.61,0.0,0.0,1.63,0.0,13.0,225.0,-11.665924280868644
Fe2VAl,Fe2.000,V1.000,Al1.000,600.0,4.392841029729063e-06,0.0,0.0,0.0,0.0,0.0,0.0,0.0,0.0,0.0,16.48,1.61,1.61,0.0,0.0,1.63,0.0,13.0,225.0,-10.57517956846223
Fe2VAl,Fe2.000,V1.000,Al1.000,650.0,4.068554550607626e-06,0.0,0.0,0.0,0.0,0.0,0.0,0.0,0.0,0.0,16.48,1.61,1.61,0.0,0.0,1.63,0.0,13.0,225.0,-10.320019665953948
Fe2VAl,Fe2.000,V1.000,Al1.000,700.0,3.839932796619123e-06,0.0,0.0,0.0,0.0,0.0,0.0,0.0,0.0,0.0,16.48,1.61,1.61,0.0,0.0,1.63,0.0,13.0,225.0,-10.054611583450017
Fe1.98(V0.97Ta0.05)Al,Fe2.000,V1.000,Ta0.048Al0.952,150.0,1.7666682043219682e-05,1.6400000000000006,0.0,0.0,60.0,153.9663414,1083.2526642462954,7.0,0.0,7.0,16.55872,1.60472,1.5,0.0,0.0005529216,1.63,2.0,5.0,225.192,-109.4304387641
Fe1.98(V0.97Ta0.05)Al,Fe2.000,V1.000,Ta0.048Al0.952,200.0,1.6881550683759887e-05,1.6400000000000006,0.0,0.0,60.0,153.9663414,1083.2526642462954,7.0,0.0,7.0,16.55872,1.60472,1.5,0.0,0.0005529216,1.63,2.0,5.0,225.192,-144.6365249339
Fe1.98(V0.97Ta0.05)Al,Fe2.000,V1.000,Ta0.048Al0.952,250.0,1.527771708782106e-05,1.6400000000000006,0.0,0.0,60.0,153.9663414,1083.2526642462954,7.0,0.0,7.0,16.55872,1.60472,1.5,0.0,0.0005529216,1.63,2.0,5.0,225.192,-151.912782063
Fe1.98(V0.97Ta0.05)Al,Fe2.000,V1.000,Ta0.048Al0.952,300.0,1.3105692695486016e-05,1.6400000000000006,0.0,0.0,60.0,153.9663414,1083.2526642462954,7.0,0.0,7.0,16.55872,1.60472,1.5,0.0,0.0005529216,1.63,2.0,5.0,225.192,-137.034711502
Fe1.98(V0.97Ta0.05)Al,Fe2.000,V1.000,Ta0.048Al0.952,350.0,1.083370170119834e-05,1.6400000000000006,0.0,0.0,60.0,153.9663414,1083.2526642462954,7.0,0.0,7.0,16.55872,1.60472,1.5,0.0,0.0005529216,1.63,2.0,5.0,225.192,-116.920530885
Fe1.98(V0.97Ta0.05)(Al0.97Si0.03),Fe2.000,V1.000,Ta0.048Al0.924Si0.029,150.0,7.259299911645334e-06,3.960000000000001,0.0168095116192498,0.0,60.0,153.9663414,1081.7870278846672,7.0,0.0,7.0,16.67336663336663,1.613126873126873,1.5,0.0,0.0030069059811317,1.63,3.0,5.0,225.2497502497502,-125.9618598213
Fe1.98(V0.97Ta0.05)(Al0.97Si0.03),Fe2.000,V1.000,Ta0.048Al0.924Si0.029,200.0,7.476683744666427e-06,3.960000000000001,0.0168095116192498,0.0,60.0,153.9663414,1081.7870278846672,7.0,0.0,7.0,16.67336663336663,1.613126873126873,1.5,0.0,0.0030069059811317,1.63,3.0,5.0,225.2497502497502,-152.7573506011
Fe1.98(V0.97Ta0.05)(Al0.97Si0.03),Fe2.000,V1.000,Ta0.048Al0.924Si0.029,250.0,7.5527059715921e-06,3.960000000000001,0.0168095116192498,0.0,60.0,153.9663414,1081.7870278846672,7.0,0.0,7.0,16.67336663336663,1.613126873126873,1.5,0.0,0.0030069059811317,1.63,3.0,5.0,225.2497502497502,-169.3231945766
Fe1.98(V0.97Ta0.05)(Al0.97Si0.03),Fe2.000,V1.000,Ta0.048Al0.924Si0.029,300.0,7.463299331963101e-06,3.960000000000001,0.0168095116192498,0.0,60.0,153.9663414,1081.7870278846672,7.0,0.0,7.0,16.67336663336663,1.613126873126873,1.5,0.0,0.0030069059811317,1.63,3.0,5.0,225.2497502497502,-171.98672403319998
Fe1.98(V0.97Ta0.05)(Al0.97Si0.03),Fe2.000,V1.000,Ta0.048Al0.924Si0.029,350.0,7.218729946068954e-06,3.960000000000001,0.0168095116192498,0.0,60.0,153.9663414,1081.7870278846672,7.0,0.0,7.0,16.67336663336663,1.613126873126873,1.5,0.0,0.0030069059811317,1.63,3.0,5.0,225.2497502497502,-160.1881861582
Fe1.98(V0.97Ta0.05)(Al0.95Si0.05),Fe2.000,V1.000,Ta0.048Al0.905Si0.048,150.0,4.870731672545164e-06,3.960000000000001,0.0272787817337507,0.0,60.0,153.9663414,1081.498969760822,7.0,0.0,7.0,16.748531468531468,1.6186313686313687,1.5,0.0,0.0045384864885364,1.63,3.0,5.0,225.28771228771225,-113.0210725888
Fe1.98(V0.97Ta0.05)(Al0.95Si0.05),Fe2.000,V1.000,Ta0.048Al0.905Si0.048,200.0,5.339336519523394e-06,3.960000000000001,0.0272787817337507,0.0,60.0,153.9663414,1081.498969760822,7.0,0.0,7.0,16.748531468531468,1.6186313686313687,1.5,0.0,0.0045384864885364,1.63,3.0,5.0,225.28771228771225,-147.2231100448
Fe1.98(V0.97Ta0.05)(Al0.95Si0.05),Fe2.000,V1.000,Ta0.048Al0.905Si0.048,250.0,5.6915386733238135e-06,3.960000000000001,0.0272787817337507,0.0,60.0,153.9663414,1081.498969760822,7.0,0.0,7.0,16.748531468531468,1.6186313686313687,1.5,0.0,0.0045384864885364,1.63,3.0,5.0,225.28771228771225,-168.33017892759997
Fe1.98(V0.97Ta0.05)(Al0.95Si0.05),Fe2.000,V1.000,Ta0.048Al0.905Si0.048,300.0,5.959723931122497e-06,3.960000000000001,0.0272787817337507,0.0,60.0,153.9663414,1081.498969760822,7.0,0.0,7.0,16.748531468531468,1.6186313686313687,1.5,0.0,0.0045384864885364,1.63,3.0,5.0,225.28771228771225,-173.2204765647
Fe1.98(V0.97Ta0.05)(Al0.95Si0.05),Fe2.000,V1.000,Ta0.048Al0.905Si0.048,350.0,6.2112928555812215e-06,3.960000000000001,0.0272787817337507,0.0,60.0,153.9663414,1081.498969760822,7.0,0.0,7.0,16.748531468531468,1.6186313686313687,1.5,0.0,0.0045384864885364,1.63,3.0,5.0,225.28771228771225,-166.42509434689998
Fe1.98(V0.97Ta0.05)(Al0.9Si0.1),Fe2.000,V1.000,Ta0.048Al0.857Si0.095,150.0,2.13300181773177e-06,3.960000000000001,0.0513725557749999,0.0,60.0,153.9663414,1081.807291796497,7.0,0.0,7.0,16.934919999999998,1.63227,1.5,0.0,0.0080743470999999,1.63,3.0,5.0,225.382,-86.6960266416195
Fe1.98(V0.97Ta0.05)(Al0.9Si0.1),Fe2.000,V1.000,Ta0.048Al0.857Si0.095,200.0,2.6102011070518697e-06,3.960000000000001,0.0513725557749999,0.0,60.0,153.9663414,1081.807291796497,7.0,0.0,7.0,16.934919999999998,1.63227,1.5,0.0,0.0080743470999999,1.63,3.0,5.0,225.382,-107.6314757116
Fe1.98(V0.97Ta0.05)(Al0.9Si0.1),Fe2.000,V1.000,Ta0.048Al0.857Si0.095,250.0,3.053939282060919e-06,3.960000000000001,0.0513725557749999,0.0,60.0,153.9663414,1081.807291796497,7.0,0.0,7.0,16.934919999999998,1.63227,1.5,0.0,0.0080743470999999,1.63,3.0,5.0,225.382,-125.2161003492
Fe1.98(V0.97Ta0.05)(Al0.9Si0.1),Fe2.000,V1.000,Ta0.048Al0.857Si0.095,300.0,3.4922623886586036e-06,3.960000000000001,0.0513725557749999,0.0,60.0,153.9663414,1081.807291796497,7.0,0.0,7.0,16.934919999999998,1.63227,1.5,0.0,0.0080743470999999,1.63,3.0,5.0,225.382,-139.03538052789995
Fe1.98(V0.97Ta0.05)(Al0.9Si0.1),Fe2.000,V1.000,Ta0.048Al0.857Si0.095,350.0,3.943065520694599e-06,3.960000000000001,0.0513725557749999,0.0,60.0,153.9663414,1081.807291796497,7.0,0.0,7.0,16.934919999999998,1.63227,1.5,0.0,0.0080743470999999,1.63,3.0,5.0,225.382,-148.2838750729
Fe1.95(V1.00Ta0.05)Al,Fe2.000,V1.000,Ta0.048Al0.952,150.0,3.558681892536467e-05,1.6400000000000006,0.0,0.0,60.0,153.9663414,1083.2526642462954,7.0,0.0,7.0,16.55872,1.60472,1.5,0.0,0.0005529216,1.63,2.0,5.0,225.192,-116.0816501776
Fe1.95(V1.00Ta0.05)Al,Fe2.000,V1.000,Ta0.048Al0.952,200.0,2.7186085961198792e-05,1.6400000000000006,0.0,0.0,60.0,153.9663414,1083.2526642462954,7.0,0.0,7.0,16.55872,1.60472,1.5,0.0,0.0005529216,1.63,2.0,5.0,225.192,-142.40517294920002
Fe1.95(V1.00Ta0.05)Al,Fe2.000,V1.000,Ta0.048Al0.952,250.0,2.092506546807369e-05,1.6400000000000006,0.0,0.0,60.0,153.9663414,1083.2526642462954,7.0,0.0,7.0,16.55872,1.60472,1.5,0.0,0.0005529216,1.63,2.0,5.0,225.192,-149.6273183856
Fe1.95(V1.00Ta0.05)Al,Fe2.000,V1.000,Ta0.048Al0.952,300.0,1.653811129385734e-05,1.6400000000000006,0.0,0.0,60.0,153.9663414,1083.2526642462954,7.0,0.0,7.0,16.55872,1.60472,1.5,0.0,0.0005529216,1.63,2.0,5.0,225.192,-142.1025657053
Fe1.95(V1.00Ta0.05)Al,Fe2.000,V1.000,Ta0.048Al0.952,350.0,1.3452805067084536e-05,1.6400000000000006,0.0,0.0,60.0,153.9663414,1083.2526642462954,7.0,0.0,7.0,16.55872,1.60472,1.5,0.0,0.0005529216,1.63,2.0,5.0,225.192,-127.9135330697
Fe 1.95(V1.00Ta0.05)(Al0.97Si0.03),Fe2.000,V1.000,Ta0.048Al0.924Si0.029,150.0,1.2985656353677028e-05,3.960000000000001,0.0168095116192498,0.0,60.0,153.9663414,1081.7870278846672,7.0,0.0,7.0,16.67336663336663,1.613126873126873,1.5,0.0,0.0030069059811317,1.63,3.0,5.0,225.2497502497502,-155.13540527790002
Fe 1.95(V1.00Ta0.05)(Al0.97Si0.03),Fe2.000,V1.000,Ta0.048Al0.924Si0.029,200.0,1.1537320205232094e-05,3.960000000000001,0.0168095116192498,0.0,60.0,153.9663414,1081.7870278846672,7.0,0.0,7.0,16.67336663336663,1.613126873126873,1.5,0.0,0.0030069059811317,1.63,3.0,5.0,225.2497502497502,-184.9557233607
Fe 1.95(V1.00Ta0.05)(Al0.97Si0.03),Fe2.000,V1.000,Ta0.048Al0.924Si0.029,250.0,1.0312812942285682e-05,3.960000000000001,0.0168095116192498,0.0,60.0,153.9663414,1081.7870278846672,7.0,0.0,7.0,16.67336663336663,1.613126873126873,1.5,0.0,0.0030069059811317,1.63,3.0,5.0,225.2497502497502,-195.0789126573
Fe 1.95(V1.00Ta0.05)(Al0.97Si0.03),Fe2.000,V1.000,Ta0.048Al0.924Si0.029,300.0,9.379409697274408e-06,3.960000000000001,0.0168095116192498,0.0,60.0,153.9663414,1081.7870278846672,7.0,0.0,7.0,16.67336663336663,1.613126873126873,1.5,0.0,0.0030069059811317,1.63,3.0,5.0,225.2497502497502,-190.6597604335
Fe 1.95(V1.00Ta0.05)(Al0.97Si0.03),Fe2.000,V1.000,Ta0.048Al0.924Si0.029,350.0,8.647169634507206e-06,3.960000000000001,0.0168095116192498,0.0,60.0,153.9663414,1081.7870278846672,7.0,0.0,7.0,16.67336663336663,1.613126873126873,1.5,0.0,0.0030069059811317,1.63,3.0,5.0,225.2497502497502,-178.4316907496
Fe1.95(V1.00Ta0.05)(Al0.95Si0.05),Fe2.000,V1.000,Ta0.048Al0.905Si0.048,150.0,1.0082488590416348e-05,3.960000000000001,0.0272787817337507,0.0,60.0,153.9663414,1081.498969760822,7.0,0.0,7.0,16.748531468531468,1.6186313686313687,1.5,0.0,0.0045384864885364,1.63,3.0,5.0,225.28771228771225,-148.7534335212
Fe1.95(V1.00Ta0.05)(Al0.95Si0.05),Fe2.000,V1.000,Ta0.048Al0.905Si0.048,200.0,9.065563237531586e-06,3.960000000000001,0.0272787817337507,0.0,60.0,153.9663414,1081.498969760822,7.0,0.0,7.0,16.748531468531468,1.6186313686313687,1.5,0.0,0.0045384864885364,1.63,3.0,5.0,225.28771228771225,-173.63393734
Fe1.95(V1.00Ta0.05)(Al0.95Si0.05),Fe2.000,V1.000,Ta0.048Al0.905Si0.048,250.0,8.613059649758843e-06,3.960000000000001,0.0272787817337507,0.0,60.0,153.9663414,1081.498969760822,7.0,0.0,7.0,16.748531468531468,1.6186313686313687,1.5,0.0,0.0045384864885364,1.63,3.0,5.0,225.28771228771225,-186.4779871031
Fe1.95(V1.00Ta0.05)(Al0.95Si0.05),Fe2.000,V1.000,Ta0.048Al0.905Si0.048,300.0,8.323751071711848e-06,3.960000000000001,0.0272787817337507,0.0,60.0,153.9663414,1081.498969760822,7.0,0.0,7.0,16.748531468531468,1.6186313686313687,1.5,0.0,0.0045384864885364,1.63,3.0,5.0,225.28771228771225,-190.1664081846
Fe1.95(V1.00Ta0.05)(Al0.95Si0.05),Fe2.000,V1.000,Ta0.048Al0.905Si0.048,350.0,7.803878775244208e-06,3.960000000000001,0.0272787817337507,0.0,60.0,153.9663414,1081.498969760822,7.0,0.0,7.0,16.748531468531468,1.6186313686313687,1.5,0.0,0.0045384864885364,1.63,3.0,5.0,225.28771228771225,-188.5800079663
Fe 1.95(V1.00Ta0.05)(Al0.9Si0.1),Fe2.000,V1.000,Ta0.048Al0.857Si0.095,150.0,5.747106591738977e-06,3.960000000000001,0.0513725557749999,0.0,60.0,153.9663414,1081.807291796497,7.0,0.0,7.0,16.934919999999998,1.63227,1.5,0.0,0.0080743470999999,1.63,3.0,5.0,225.382,-112.7931905897
Fe 1.95(V1.00Ta0.05)(Al0.9Si0.1),Fe2.000,V1.000,Ta0.048Al0.857Si0.095,200.0,5.869548981611288e-06,3.960000000000001,0.0513725557749999,0.0,60.0,153.9663414,1081.807291796497,7.0,0.0,7.0,16.934919999999998,1.63227,1.5,0.0,0.0080743470999999,1.63,3.0,5.0,225.382,-132.96679801710002
Fe 1.95(V1.00Ta0.05)(Al0.9Si0.1),Fe2.000,V1.000,Ta0.048Al0.857Si0.095,250.0,6.035542330972767e-06,3.960000000000001,0.0513725557749999,0.0,60.0,153.9663414,1081.807291796497,7.0,0.0,7.0,16.934919999999998,1.63227,1.5,0.0,0.0080743470999999,1.63,3.0,5.0,225.382,-146.76229476170002
Fe 1.95(V1.00Ta0.05)(Al0.9Si0.1),Fe2.000,V1.000,Ta0.048Al0.857Si0.095,300.0,6.191348391119601e-06,3.960000000000001,0.0513725557749999,0.0,60.0,153.9663414,1081.807291796497,7.0,0.0,7.0,16.934919999999998,1.63227,1.5,0.0,0.0080743470999999,1.63,3.0,5.0,225.382,-154.5943597508
Fe 1.95(V1.00Ta0.05)(Al0.9Si0.1),Fe2.000,V1.000,Ta0.048Al0.857Si0.095,350.0,6.286286059988625e-06,3.960000000000001,0.0513725557749999,0.0,60.0,153.9663414,1081.807291796497,7.0,0.0,7.0,16.934919999999998,1.63227,1.5,0.0,0.0080743470999999,1.63,3.0,5.0,225.382,-157.5631067596
Fe2VGa,Fe2.000,V1.000,Ga1.000,50.0,2.918235103724382e-06,0.0,0.0,0.0,0.0,0.0,0.0,0.0,0.0,0.0,18.8575,1.81,1.81,0.0,0.0,1.63,0.0,13.0,64.0,21.97414060484277
Fe2VGa,Fe2.000,V1.000,Ga1.000,100.0,2.870222382735359e-06,0.0,0.0,0.0,0.0,0.0,0.0,0.0,0.0,0.0,18.8575,1.81,1.81,0.0,0.0,1.63,0.0,13.0,64.0,30.758784832052704
Fe2VGa,Fe2.000,V1.000,Ga1.000,150.0,2.8110720285416698e-06,0.0,0.0,0.0,0.0,0.0,0.0,0.0,0.0,0.0,18.8575,1.81,1.81,0.0,0.0,1.63,0.0,13.0,64.0,33.85674429837757
Fe2VGa,Fe2.000,V1.000,Ga1.000,200.0,2.765198760509873e-06,0.0,0.0,0.0,0.0,0.0,0.0,0.0,0.0,0.0,18.8575,1.81,1.81,0.0,0.0,1.63,0.0,13.0,64.0,34.2882082642624
Fe2VGa,Fe2.000,V1.000,Ga1.000,250.0,2.700949807604714e-06,0.0,0.0,0.0,0.0,0.0,0.0,0.0,0.0,0.0,18.8575,1.81,1.81,0.0,0.0,1.63,0.0,13.0,64.0,33.537643451364985
Fe2VGa0.98Ge0.02,Fe2.000,V1.000,Ga0.980Ge0.020,50.0,2.4592986366827615e-06,4.147499999999997,0.0028751044,0.0,1.0,2.9170000000000016,0.1667742244000002,0.0,0.0,0.0,18.94045,1.814,1.81,0.0,0.0007839999999999,1.63,1.0,13.0,67.22,-12.368107942048896
Fe2VGa0.98Ge0.02,Fe2.000,V1.000,Ga0.980Ge0.020,100.0,2.510652928043826e-06,4.147499999999997,0.0028751044,0.0,1.0,2.9170000000000016,0.1667742244000002,0.0,0.0,0.0,18.94045,1.814,1.81,0.0,0.0007839999999999,1.63,1.0,13.0,67.22,-17.029311406654212
Fe2VGa0.98Ge0.02,Fe2.000,V1.000,Ga0.980Ge0.020,150.0,2.5131279947387066e-06,4.147499999999997,0.0028751044,0.0,1.0,2.9170000000000016,0.1667742244000002,0.0,0.0,0.0,18.94045,1.814,1.81,0.0,0.0007839999999999,1.63,1.0,13.0,67.22,-14.279915783487011
Fe2VGa0.98Ge0.02,Fe2.000,V1.000,Ga0.980Ge0.020,200.0,2.4808386949806833e-06,4.147499999999997,0.0028751044,0.0,1.0,2.9170000000000016,0.1667742244000002,0.0,0.0,0.0,18.94045,1.814,1.81,0.0,0.0007839999999999,1.63,1.0,13.0,67.22,-6.225628913377949
Fe2VGa0.98Ge0.02,Fe2.000,V1.000,Ga0.980Ge0.020,250.0,2.4368904171062067e-06,4.147499999999997,0.0028751044,0.0,1.0,2.9170000000000016,0.1667742244000002,0.0,0.0,0.0,18.94045,1.814,1.81,0.0,0.0007839999999999,1.63,1.0,13.0,67.22,3.422466524061542
Fe2VGa0.95Ge0.05,Fe2.000,V1.000,Ga0.950Ge0.050,50.0,1.2579118368527015e-06,4.147499999999997,0.0069677275,0.0,1.0,2.9170000000000016,0.4041722275000005,0.0,0.0,0.0,19.064875,1.82,1.81,0.0,0.0018999999999999,1.63,1.0,13.0,72.05,-16.674539649223792
Fe2VGa0.95Ge0.05,Fe2.000,V1.000,Ga0.950Ge0.050,100.0,1.4498731541934809e-06,4.147499999999997,0.0069677275,0.0,1.0,2.9170000000000016,0.4041722275000005,0.0,0.0,0.0,19.064875,1.82,1.81,0.0,0.0018999999999999,1.63,1.0,13.0,72.05,-22.316825177339783
Fe2VGa0.95Ge0.05,Fe2.000,V1.000,Ga0.950Ge0.050,150.0,1.649557068115437e-06,4.147499999999997,0.0069677275,0.0,1.0,2.9170000000000016,0.4041722275000005,0.0,0.0,0.0,19.064875,1.82,1.81,0.0,0.0018999999999999,1.63,1.0,13.0,72.05,-18.118051881824087
Fe2VGa0.95Ge0.05,Fe2.000,V1.000,Ga0.950Ge0.050,200.0,1.7736669260255462e-06,4.147499999999997,0.0069677275,0.0,1.0,2.9170000000000016,0.4041722275000005,0.0,0.0,0.0,19.064875,1.82,1.81,0.0,0.0018999999999999,1.63,1.0,13.0,72.05,-7.63702174966459
Fe2VGa0.95Ge0.05,Fe2.000,V1.000,Ga0.950Ge0.050,250.0,1.8544155973049837e-06,4.147499999999997,0.0069677275,0.0,1.0,2.9170000000000016,0.4041722275000005,0.0,0.0,0.0,19.064875,1.82,1.81,0.0,0.0018999999999999,1.63,1.0,13.0,72.05,4.091557875107283
Fe2VGa0.9Ge0.1,Fe2.000,V1.000,Ga0.900Ge0.100,50.0,1.0977518776774526e-06,4.147499999999997,0.01320201,0.0,1.0,2.9170000000000016,0.7658000100000009,0.0,0.0,0.0,19.272250000000003,1.83,1.81,0.0,0.0035999999999999,1.63,1.0,13.0,80.1,-62.09383822566856
Fe2VGa0.9Ge0.1,Fe2.000,V1.000,Ga0.900Ge0.100,100.0,1.1675295748151275e-06,4.147499999999997,0.01320201,0.0,1.0,2.9170000000000016,0.7658000100000009,0.0,0.0,0.0,19.272250000000003,1.83,1.81,0.0,0.0035999999999999,1.63,1.0,13.0,80.1,-82.61336984889476
Fe2VGa0.9Ge0.1,Fe2.000,V1.000,Ga0.900Ge0.100,150.0,1.3037298858402076e-06,4.147499999999997,0.01320201,0.0,1.0,2.9170000000000016,0.7658000100000009,0.0,0.0,0.0,19.272250000000003,1.83,1.81,0.0,0.0035999999999999,1.63,1.0,13.0,80.1,-81.17873040730676
Fe2VGa0.9Ge0.1,Fe2.000,V1.000,Ga0.900Ge0.100,200.0,1.4774044435280757e-06,4.147499999999997,0.01320201,0.0,1.0,2.9170000000000016,0.7658000100000009,0.0,0.0,0.0,19.272250000000003,1.83,1.81,0.0,0.0035999999999999,1.63,1.0,13.0,80.1,-72.99002744450911
Fe2VGa0.9Ge0.1,Fe2.000,V1.000,Ga0.900Ge0.100,250.0,1.6371125497962735e-06,4.147499999999997,0.01320201,0.0,1.0,2.9170000000000016,0.7658000100000009,0.0,0.0,0.0,19.272250000000003,1.83,1.81,0.0,0.0035999999999999,1.63,1.0,13.0,80.1,-60.60192307834054
Fe2VGa0.8Ge0.2,Fe2.000,V1.000,Ga0.800Ge0.200,50.0,8.130582961655839e-07,4.147499999999997,0.02347024,0.0,1.0,2.9170000000000016,1.3614222400000018,0.0,0.0,0.0,19.687,1.85,1.81,0.0,0.0063999999999999,1.63,1.0,13.0,96.2,-20.5881096509312
Fe2VGa0.8Ge0.2,Fe2.000,V1.000,Ga0.800Ge0.200,100.0,9.749407728856694e-07,4.147499999999997,0.02347024,0.0,1.0,2.9170000000000016,1.3614222400000018,0.0,0.0,0.0,19.687,1.85,1.81,0.0,0.0063999999999999,1.63,1.0,13.0,96.2,-33.00514815579186
Fe2VGa0.8Ge0.2,Fe2.000,V1.000,Ga0.800Ge0.200,150.0,1.1667345621866865e-06,4.147499999999997,0.02347024,0.0,1.0,2.9170000000000016,1.3614222400000018,0.0,0.0,0.0,19.687,1.85,1.81,0.0,0.0063999999999999,1.63,1.0,13.0,96.2,-39.77943547722807
Fe2VGa0.8Ge0.2,Fe2.000,V1.000,Ga0.800Ge0.200,200.0,1.3585144549023797e-06,4.147499999999997,0.02347024,0.0,1.0,2.9170000000000016,1.3614222400000018,0.0,0.0,0.0,19.687,1.85,1.81,0.0,0.0063999999999999,1.63,1.0,13.0,96.2,-42.52599946133882
Fe2VGa0.8Ge0.2,Fe2.000,V1.000,Ga0.800Ge0.200,250.0,1.5182611403521715e-06,4.147499999999997,0.02347024,0.0,1.0,2.9170000000000016,1.3614222400000018,0.0,0.0,0.0,19.687,1.85,1.81,0.0,0.0063999999999999,1.63,1.0,13.0,96.2,-41.50145002640408
Fe2VAl,Fe2.000,V1.000,Al1.000,100.0,1.9770926397009176e-05,0.0,0.0,0.0,0.0,0.0,0.0,0.0,0.0,0.0,16.48,1.61,1.61,0.0,0.0,1.63,0.0,13.0,225.0,17.21122456209881
Fe2VAl,Fe2.000,V1.000,Al1.000,150.0,1.6056797038558458e-05,0.0,0.0,0.0,0.0,0.0,0.0,0.0,0.0,0.0,16.48,1.61,1.61,0.0,0.0,1.63,0.0,13.0,225.0,22.2013544357706
Fe2VAl,Fe2.000,V1.000,Al1.000,200.0,1.2846377487898448e-05,0.0,0.0,0.0,0.0,0.0,0.0,0.0,0.0,0.0,16.48,1.61,1.61,0.0,0.0,1.63,0.0,13.0,225.0,24.976769565663332
Fe2VAl,Fe2.000,V1.000,Al1.000,250.0,1.014360752498216e-05,0.0,0.0,0.0,0.0,0.0,0.0,0.0,0.0,0.0,16.48,1.61,1.61,0.0,0.0,1.63,0.0,13.0,225.0,26.403549028057487
Fe2VAl,Fe2.000,V1.000,Al1.000,300.0,7.935680273573395e-06,0.0,0.0,0.0,0.0,0.0,0.0,0.0,0.0,0.0,16.48,1.61,1.61,0.0,0.0,1.63,0.0,13.0,225.0,27.06270320644144
Fe2VAl,Fe2.000,V1.000,Al1.000,350.0,6.1954967301043934e-06,0.0,0.0,0.0,0.0,0.0,0.0,0.0,0.0,0.0,16.48,1.61,1.61,0.0,0.0,1.63,0.0,13.0,225.0,27.11770776940021
(Fe1.97Co0.03)(V0.94Ti0.06)Al ,Fe2.000,V1.000,Co0.028Ti0.055Al0.917,150.0,3.672020729162775e-06,6.445000000000002,0.0,0.0,14.0,31.951656399999997,48.40130512562838,8.0,1.5484712,8.0,16.31697,1.6137100000000002,1.54,0.0,0.0022969358999999,1.63,5.0,4.0,222.427,32.18173313332507
(Fe1.97Co0.03)(V0.94Ti0.06)Al ,Fe2.000,V1.000,Co0.028Ti0.055Al0.917,200.0,3.610240656778613e-06,6.445000000000002,0.0,0.0,14.0,31.951656399999997,48.40130512562838,8.0,1.5484712,8.0,16.31697,1.6137100000000002,1.54,0.0,0.0022969358999999,1.63,5.0,4.0,222.427,43.69624898669392
(Fe1.97Co0.03)(V0.94Ti0.06)Al ,Fe2.000,V1.000,Co0.028Ti0.055Al0.917,250.0,3.557525385181655e-06,6.445000000000002,0.0,0.0,14.0,31.951656399999997,48.40130512562838,8.0,1.5484712,8.0,16.31697,1.6137100000000002,1.54,0.0,0.0022969358999999,1.63,5.0,4.0,222.427,60.45287569709796
(Fe1.97Co0.03)(V0.94Ti0.06)Al ,Fe2.000,V1.000,Co0.028Ti0.055Al0.917,300.0,3.5076423352953134e-06,6.445000000000002,0.0,0.0,14.0,31.951656399999997,48.40130512562838,8.0,1.5484712,8.0,16.31697,1.6137100000000002,1.54,0.0,0.0022969358999999,1.63,5.0,4.0,222.427,75.43758761798493
(Fe1.97Co0.03)(V0.94Ti0.06)Al ,Fe2.000,V1.000,Co0.028Ti0.055Al0.917,350.0,3.456653583113609e-06,6.445000000000002,0.0,0.0,14.0,31.951656399999997,48.40130512562838,8.0,1.5484712,8.0,16.31697,1.6137100000000002,1.54,0.0,0.0022969358999999,1.63,5.0,4.0,222.427,81.55883093029486
(Fe1.97Co0.03)(V0.94Ti0.06)Al ,Fe2.000,V1.000,Co0.028Ti0.055Al0.917,400.0,3.4025679721225793e-06,6.445000000000002,0.0,0.0,14.0,31.951656399999997,48.40130512562838,8.0,1.5484712,8.0,16.31697,1.6137100000000002,1.54,0.0,0.0022969358999999,1.63,5.0,4.0,222.427,81.78402268952588
(Fe1.97Co0.03)(V0.9Ti0.1)Al,Fe2.000,V1.000,Co0.027Ti0.088Al0.885,150.0,1.220310536644183e-06,6.445000000000002,0.0,0.0,14.0,31.951656399999997,58.65702203637106,8.0,1.5484712,8.0,16.330135000000002,1.6111300000000002,1.54,0.0,0.0023982230999999,1.63,5.0,4.0,221.435,34.67233969630851
(Fe1.97Co0.03)(V0.9Ti0.1)Al,Fe2.000,V1.000,Co0.027Ti0.088Al0.885,200.0,1.4168735123284692e-06,6.445000000000002,0.0,0.0,14.0,31.951656399999997,58.65702203637106,8.0,1.5484712,8.0,16.330135000000002,1.6111300000000002,1.54,0.0,0.0023982230999999,1.63,5.0,4.0,221.435,44.98992317985982
(Fe1.97Co0.03)(V0.9Ti0.1)Al,Fe2.000,V1.000,Co0.027Ti0.088Al0.885,250.0,1.6591952249164797e-06,6.445000000000002,0.0,0.0,14.0,31.951656399999997,58.65702203637106,8.0,1.5484712,8.0,16.330135000000002,1.6111300000000002,1.54,0.0,0.0023982230999999,1.63,5.0,4.0,221.435,57.56421766245119
(Fe1.97Co0.03)(V0.9Ti0.1)Al,Fe2.000,V1.000,Co0.027Ti0.088Al0.885,300.0,1.9190845401436087e-06,6.445000000000002,0.0,0.0,14.0,31.951656399999997,58.65702203637106,8.0,1.5484712,8.0,16.330135000000002,1.6111300000000002,1.54,0.0,0.0023982230999999,1.63,5.0,4.0,221.435,69.9471804067126
(Fe1.97Co0.03)(V0.9Ti0.1)Al,Fe2.000,V1.000,Co0.027Ti0.088Al0.885,350.0,2.1748167270516996e-06,6.445000000000002,0.0,0.0,14.0,31.951656399999997,58.65702203637106,8.0,1.5484712,8.0,16.330135000000002,1.6111300000000002,1.54,0.0,0.0023982230999999,1.63,5.0,4.0,221.435,79.52551615047258
(Fe1.97Co0.03)(V0.9Ti0.1)Al,Fe2.000,V1.000,Co0.027Ti0.088Al0.885,400.0,2.410468491572166e-06,6.445000000000002,0.0,0.0,14.0,31.951656399999997,58.65702203637106,8.0,1.5484712,8.0,16.330135000000002,1.6111300000000002,1.54,0.0,0.0023982230999999,1.63,5.0,4.0,221.435,86.1377582161072
Fe2VAl0.97Sb0.03,Fe2.000,V1.000,Al0.970Sb0.030,350.0,6.973613386414624e-06,15.079999999999998,0.0,0.0,38.0,94.7784614,261.4040412897225,0.0,0.0,0.0,16.9324,1.6232,1.61,0.0,0.0056337599999999,1.63,2.0,13.0,223.23,-110.5764493067
Fe2VAl0.97Sb0.03,Fe2.000,V1.000,Al0.970Sb0.030,400.0,6.400826766590729e-06,15.079999999999998,0.0,0.0,38.0,94.7784614,261.4040412897225,0.0,0.0,0.0,16.9324,1.6232,1.61,0.0,0.0056337599999999,1.63,2.0,13.0,223.23,-94.64859478717383
Fe2VAl0.97Sb0.03,Fe2.000,V1.000,Al0.970Sb0.030,450.0,5.8302379735458036e-06,15.079999999999998,0.0,0.0,38.0,94.7784614,261.4040412897225,0.0,0.0,0.0,16.9324,1.6232,1.61,0.0,0.0056337599999999,1.63,2.0,13.0,223.23,-76.00869068600342
Fe2VAl0.97Sb0.03,Fe2.000,V1.000,Al0.970Sb0.030,500.0,5.330438069291127e-06,15.079999999999998,0.0,0.0,38.0,94.7784614,261.4040412897225,0.0,0.0,0.0,16.9324,1.6232,1.61,0.0,0.0056337599999999,1.63,2.0,13.0,223.23,-58.97387851782656
Fe2VAl0.97Sb0.03,Fe2.000,V1.000,Al0.970Sb0.030,550.0,4.90978804372633e-06,15.079999999999998,0.0,0.0,38.0,94.7784614,261.4040412897225,0.0,0.0,0.0,16.9324,1.6232,1.61,0.0,0.0056337599999999,1.63,2.0,13.0,223.23,-45.45298325128212
Fe2VAl0.97Sb0.03,Fe2.000,V1.000,Al0.970Sb0.030,600.0,4.5463034262406526e-06,15.079999999999998,0.0,0.0,38.0,94.7784614,261.4040412897225,0.0,0.0,0.0,16.9324,1.6232,1.61,0.0,0.0056337599999999,1.63,2.0,13.0,223.23,-35.69800971760348
Fe2VAl0.97Sb0.03,Fe2.000,V1.000,Al0.970Sb0.030,650.0,4.217538897315034e-06,15.079999999999998,0.0,0.0,38.0,94.7784614,261.4040412897225,0.0,0.0,0.0,16.9324,1.6232,1.61,0.0,0.0056337599999999,1.63,2.0,13.0,223.23,-29.05563901912868
Fe2VAl0.97Sb0.03,Fe2.000,V1.000,Al0.970Sb0.030,700.0,3.930472900123437e-06,15.079999999999998,0.0,0.0,38.0,94.7784614,261.4040412897225,0.0,0.0,0.0,16.9324,1.6232,1.61,0.0,0.0056337599999999,1.63,2.0,13.0,223.23,-24.718724937802676
Fe2V0.84Ti0.16Al0.97Sb0.03,Fe2.000,V0.840Ti0.160,Al0.970Sb0.030,350.0,4.04135414528267e-06,15.079999999999998,0.0,2.25333333333e-05,38.0,94.7784614,261.4040412897225,0.0,0.0,0.0,16.9324,1.6232,1.61,35.0,0.0056337599999999,1.6155999999999997,2.0,13.0,223.23,89.99041185458069
Fe2V0.84Ti0.16Al0.97Sb0.03,Fe2.000,V0.840Ti0.160,Al0.970Sb0.030,400.0,4.090561205008974e-06,15.079999999999998,0.0,2.25333333333e-05,38.0,94.7784614,261.4040412897225,0.0,0.0,0.0,16.9324,1.6232,1.61,35.0,0.0056337599999999,1.6155999999999997,2.0,13.0,223.23,90.35674940451348
Fe2V0.84Ti0.16Al0.97Sb0.03,Fe2.000,V0.840Ti0.160,Al0.970Sb0.030,450.0,4.121455975851115e-06,15.079999999999998,0.0,2.25333333333e-05,38.0,94.7784614,261.4040412897225,0.0,0.0,0.0,16.9324,1.6232,1.61,35.0,0.0056337599999999,1.6155999999999997,2.0,13.0,223.23,82.75010525327521
Fe2V0.84Ti0.16Al0.97Sb0.03,Fe2.000,V0.840Ti0.160,Al0.970Sb0.030,500.0,4.087755602476641e-06,15.079999999999998,0.0,2.25333333333e-05,38.0,94.7784614,261.4040412897225,0.0,0.0,0.0,16.9324,1.6232,1.61,35.0,0.0056337599999999,1.6155999999999997,2.0,13.0,223.23,72.22384310612392
Fe2V0.84Ti0.16Al0.97Sb0.03,Fe2.000,V0.840Ti0.160,Al0.970Sb0.030,550.0,3.996273569450432e-06,15.079999999999998,0.0,2.25333333333e-05,38.0,94.7784614,261.4040412897225,0.0,0.0,0.0,16.9324,1.6232,1.61,35.0,0.0056337599999999,1.6155999999999997,2.0,13.0,223.23,61.02656039567089
Fe2V0.84Ti0.16Al0.97Sb0.03,Fe2.000,V0.840Ti0.160,Al0.970Sb0.030,600.0,3.87704733872592e-06,15.079999999999998,0.0,2.25333333333e-05,38.0,94.7784614,261.4040412897225,0.0,0.0,0.0,16.9324,1.6232,1.61,35.0,0.0056337599999999,1.6155999999999997,2.0,13.0,223.23,49.7263098654529
Fe2V0.84Ti0.16Al0.97Sb0.03,Fe2.000,V0.840Ti0.160,Al0.970Sb0.030,650.0,3.753465987136359e-06,15.079999999999998,0.0,2.25333333333e-05,38.0,94.7784614,261.4040412897225,0.0,0.0,0.0,16.9324,1.6232,1.61,35.0,0.0056337599999999,1.6155999999999997,2.0,13.0,223.23,38.3348211534869
Fe2V0.84Ti0.16Al0.97Sb0.03,Fe2.000,V0.840Ti0.160,Al0.970Sb0.030,700.0,3.612397843886089e-06,15.079999999999998,0.0,2.25333333333e-05,38.0,94.7784614,261.4040412897225,0.0,0.0,0.0,16.9324,1.6232,1.61,35.0,0.0056337599999999,1.6155999999999997,2.0,13.0,223.23,27.4317223758556
Fe2V0.90Ti0.10Al,Fe2.000,V1.000,Ti0.091Al0.909,350.0,4.240435830999687e-06,0.2100000000000008,0.0,0.0,9.0,20.885461399999997,36.08223442303651,8.0,2.25333333333e-05,8.0,16.49911,1.60363,1.54,0.0,0.0004053231,1.63,3.0,4.0,222.179,85.32785184727572
Fe2V0.90Ti0.10Al,Fe2.000,V1.000,Ti0.091Al0.909,400.0,4.28133323101216e-06,0.2100000000000008,0.0,0.0,9.0,20.885461399999997,36.08223442303651,8.0,2.25333333333e-05,8.0,16.49911,1.60363,1.54,0.0,0.0004053231,1.63,3.0,4.0,222.179,86.9736215120924
Fe2V0.90Ti0.10Al,Fe2.000,V1.000,Ti0.091Al0.909,450.0,4.253189408331846e-06,0.2100000000000008,0.0,0.0,9.0,20.885461399999997,36.08223442303651,8.0,2.25333333333e-05,8.0,16.49911,1.60363,1.54,0.0,0.0004053231,1.63,3.0,4.0,222.179,79.49872882115154
Fe2V0.90Ti0.10Al,Fe2.000,V1.000,Ti0.091Al0.909,500.0,4.167289212355258e-06,0.2100000000000008,0.0,0.0,9.0,20.885461399999997,36.08223442303651,8.0,2.25333333333e-05,8.0,16.49911,1.60363,1.54,0.0,0.0004053231,1.63,3.0,4.0,222.179,68.04179122888019
Fe2V0.90Ti0.10Al,Fe2.000,V1.000,Ti0.091Al0.909,550.0,4.034318591926362e-06,0.2100000000000008,0.0,0.0,9.0,20.885461399999997,36.08223442303651,8.0,2.25333333333e-05,8.0,16.49911,1.60363,1.54,0.0,0.0004053231,1.63,3.0,4.0,222.179,55.44399068892767
Fe2V0.90Ti0.10Al,Fe2.000,V1.000,Ti0.091Al0.909,600.0,3.867878408000615e-06,0.2100000000000008,0.0,0.0,9.0,20.885461399999997,36.08223442303651,8.0,2.25333333333e-05,8.0,16.49911,1.60363,1.54,0.0,0.0004053231,1.63,3.0,4.0,222.179,43.034172251198505
Fe2V0.90Ti0.10Al,Fe2.000,V1.000,Ti0.091Al0.909,650.0,3.687998246308974e-06,0.2100000000000008,0.0,0.0,9.0,20.885461399999997,36.08223442303651,8.0,2.25333333333e-05,8.0,16.49911,1.60363,1.54,0.0,0.0004053231,1.63,3.0,4.0,222.179,31.413942658876188
Fe2V0.90Ti0.10Al,Fe2.000,V1.000,Ti0.091Al0.909,700.0,3.5246502300218797e-06,0.2100000000000008,0.0,0.0,9.0,20.885461399999997,36.08223442303651,8.0,2.25333333333e-05,8.0,16.49911,1.60363,1.54,0.0,0.0004053231,1.63,3.0,4.0,222.179,21.24276894545558
Fe2VAl0.90Si0.07Sb0.03,Fe2.000,V1.000,Al0.900Si0.070Sb0.030,400.0,4.241714182068203e-06,15.079999999999998,0.0388991379,0.0,38.0,94.7784614,261.0439272586893,0.0,0.0,0.0,17.209600000000002,1.6435,1.61,0.0,0.0105727499999999,1.63,2.0,13.0,223.37,-111.7996198985
Fe2VAl0.90Si0.07Sb0.03,Fe2.000,V1.000,Al0.900Si0.070Sb0.030,450.0,4.310442483689332e-06,15.079999999999998,0.0388991379,0.0,38.0,94.7784614,261.0439272586893,0.0,0.0,0.0,17.209600000000002,1.6435,1.61,0.0,0.0105727499999999,1.63,2.0,13.0,223.37,-103.4118306857
Fe2VAl0.90Si0.07Sb0.03,Fe2.000,V1.000,Al0.900Si0.070Sb0.030,500.0,4.330737671149422e-06,15.079999999999998,0.0388991379,0.0,38.0,94.7784614,261.0439272586893,0.0,0.0,0.0,17.209600000000002,1.6435,1.61,0.0,0.0105727499999999,1.63,2.0,13.0,223.37,-91.51240627368892
Fe2VAl0.90Si0.07Sb0.03,Fe2.000,V1.000,Al0.900Si0.070Sb0.030,550.0,4.303589471661136e-06,15.079999999999998,0.0388991379,0.0,38.0,94.7784614,261.0439272586893,0.0,0.0,0.0,17.209600000000002,1.6435,1.61,0.0,0.0105727499999999,1.63,2.0,13.0,223.37,-78.4560782776055
Fe2VAl0.90Si0.07Sb0.03,Fe2.000,V1.000,Al0.900Si0.070Sb0.030,600.0,4.2157428046382054e-06,15.079999999999998,0.0388991379,0.0,38.0,94.7784614,261.0439272586893,0.0,0.0,0.0,17.209600000000002,1.6435,1.61,0.0,0.0105727499999999,1.63,2.0,13.0,223.37,-65.81662929481071
Fe2VAl0.90Si0.07Sb0.03,Fe2.000,V1.000,Al0.900Si0.070Sb0.030,650.0,4.0666161473944696e-06,15.079999999999998,0.0388991379,0.0,38.0,94.7784614,261.0439272586893,0.0,0.0,0.0,17.209600000000002,1.6435,1.61,0.0,0.0105727499999999,1.63,2.0,13.0,223.37,-54.563655843834844
Fe2VAl0.90Si0.07Sb0.03,Fe2.000,V1.000,Al0.900Si0.070Sb0.030,700.0,3.895219900842218e-06,15.079999999999998,0.0388991379,0.0,38.0,94.7784614,261.0439272586893,0.0,0.0,0.0,17.209600000000002,1.6435,1.61,0.0,0.0105727499999999,1.63,2.0,13.0,223.37,-45.23933130381021
Fe2VAl0.90Si0.10,Fe2.000,V1.000,Al0.900Si0.100,400.0,4.246566619795984e-06,3.960000000000001,0.05377761,0.0,1.0,1.103961399999999,0.1096857695420962,0.0,0.0,0.0,16.876,1.639,1.61,0.0,0.0075689999999999,1.63,1.0,13.0,225.2,-113.5986206256
Fe2VAl0.90Si0.10,Fe2.000,V1.000,Al0.900Si0.100,450.0,4.344047840360213e-06,3.960000000000001,0.05377761,0.0,1.0,1.103961399999999,0.1096857695420962,0.0,0.0,0.0,16.876,1.639,1.61,0.0,0.0075689999999999,1.63,1.0,13.0,225.2,-106.3886453637
Fe2VAl0.90Si0.10,Fe2.000,V1.000,Al0.900Si0.100,500.0,4.356580279137758e-06,3.960000000000001,0.05377761,0.0,1.0,1.103961399999999,0.1096857695420962,0.0,0.0,0.0,16.876,1.639,1.61,0.0,0.0075689999999999,1.63,1.0,13.0,225.2,-95.53390174638596
Fe2VAl0.90Si0.10,Fe2.000,V1.000,Al0.900Si0.100,550.0,4.268292088937496e-06,3.960000000000001,0.05377761,0.0,1.0,1.103961399999999,0.1096857695420962,0.0,0.0,0.0,16.876,1.639,1.61,0.0,0.0075689999999999,1.63,1.0,13.0,225.2,-81.40556328444566
Fe2VAl0.90Si0.10,Fe2.000,V1.000,Al0.900Si0.100,600.0,4.092374563068064e-06,3.960000000000001,0.05377761,0.0,1.0,1.103961399999999,0.1096857695420962,0.0,0.0,0.0,16.876,1.639,1.61,0.0,0.0075689999999999,1.63,1.0,13.0,225.2,-66.94071287220108
Fe2VAl0.90Si0.10,Fe2.000,V1.000,Al0.900Si0.100,650.0,3.870611632498958e-06,3.960000000000001,0.05377761,0.0,1.0,1.103961399999999,0.1096857695420962,0.0,0.0,0.0,16.876,1.639,1.61,0.0,0.0075689999999999,1.63,1.0,13.0,225.2,-55.17670122150891
Fe2VAl0.90Si0.10,Fe2.000,V1.000,Al0.900Si0.100,700.0,3.6729093630213903e-06,3.960000000000001,0.05377761,0.0,1.0,1.103961399999999,0.1096857695420962,0.0,0.0,0.0,16.876,1.639,1.61,0.0,0.0075689999999999,1.63,1.0,13.0,225.2,-46.785505295994426
(Fe0.5Co0.5)2TiAl,Ti1.000Al1.000,Fe1.000,Co1.000,100.0,2.5377821057930328e-06,0.0,0.0,0.0,0.0,0.0,0.0,0.0,0.0,3.0,10.245,1.88,1.88,0.0,0.0,1.83,0.0,9.0,194.0,-5.799129616216134
(Fe0.5Co0.5)2TiAl,Ti1.000Al1.000,Fe1.000,Co1.000,150.0,2.654322158032418e-06,0.0,0.0,0.0,0.0,0.0,0.0,0.0,0.0,3.0,10.245,1.88,1.88,0.0,0.0,1.83,0.0,9.0,194.0,-7.102880345766438
(Fe0.5Co0.5)2TiAl,Ti1.000Al1.000,Fe1.000,Co1.000,200.0,2.7678928674211243e-06,0.0,0.0,0.0,0.0,0.0,0.0,0.0,0.0,3.0,10.245,1.88,1.88,0.0,0.0,1.83,0.0,9.0,194.0,-9.874263791751096
(Fe0.5Co0.5)2TiAl,Ti1.000Al1.000,Fe1.000,Co1.000,250.0,2.8709761694860944e-06,0.0,0.0,0.0,0.0,0.0,0.0,0.0,0.0,3.0,10.245,1.88,1.88,0.0,0.0,1.83,0.0,9.0,194.0,-13.275555022998349
(Fe0.5Co0.5)2TiAl,Ti1.000Al1.000,Fe1.000,Co1.000,300.0,2.9582079790681664e-06,0.0,0.0,0.0,0.0,0.0,0.0,0.0,0.0,3.0,10.245,1.88,1.88,0.0,0.0,1.83,0.0,9.0,194.0,-16.835505535443886
(Fe0.5Co0.5)2TiAl,Ti1.000Al1.000,Fe1.000,Co1.000,350.0,3.02614373727607e-06,0.0,0.0,0.0,0.0,0.0,0.0,0.0,0.0,3.0,10.245,1.88,1.88,0.0,0.0,1.83,0.0,9.0,194.0,-20.360666185789825
(Fe0.5Co0.5)2TiAl,Ti1.000Al1.000,Fe1.000,Co1.000,400.0,3.0730239584404206e-06,0.0,0.0,0.0,0.0,0.0,0.0,0.0,0.0,3.0,10.245,1.88,1.88,0.0,0.0,1.83,0.0,9.0,194.0,-23.84671012516368
(Fe0.5Co0.5)2TiAl,Ti1.000Al1.000,Fe1.000,Co1.000,450.0,3.0985397770677163e-06,0.0,0.0,0.0,0.0,0.0,0.0,0.0,0.0,3.0,10.245,1.88,1.88,0.0,0.0,1.83,0.0,9.0,194.0,-27.389755732777523
(Fe0.5Co0.5)2TiAl,Ti1.000Al1.000,Fe1.000,Co1.000,500.0,3.1035984947943323e-06,0.0,0.0,0.0,0.0,0.0,0.0,0.0,0.0,3.0,10.245,1.88,1.88,0.0,0.0,1.83,0.0,9.0,194.0,-31.097689549586896
(Fe0.5Co0.5)2TiAl,Ti1.000Al1.000,Fe1.000,Co1.000,550.0,3.0900891273405173e-06,0.0,0.0,0.0,0.0,0.0,0.0,0.0,0.0,3.0,10.245,1.88,1.88,0.0,0.0,1.83,0.0,9.0,194.0,-35.00148921194969
(Fe0.5Co0.5)2TiAl,Ti1.000Al1.000,Fe1.000,Co1.000,600.0,3.0606479514643883e-06,0.0,0.0,0.0,0.0,0.0,0.0,0.0,0.0,3.0,10.245,1.88,1.88,0.0,0.0,1.83,0.0,9.0,194.0,-38.96654638528552
(Fe0.5Co0.5)2TiAl,Ti1.000Al1.000,Fe1.000,Co1.000,650.0,3.018424051915927e-06,0.0,0.0,0.0,0.0,0.0,0.0,0.0,0.0,3.0,10.245,1.88,1.88,0.0,0.0,1.83,0.0,9.0,194.0,-42.60398969773434
(Fe0.5Co0.5)2TiAl,Ti1.000Al1.000,Fe1.000,Co1.000,700.0,2.966844868390973e-06,0.0,0.0,0.0,0.0,0.0,0.0,0.0,0.0,3.0,10.245,1.88,1.88,0.0,0.0,1.83,0.0,9.0,194.0,-45.18200767381584
(Fe0.55Co0.45)2TiAl,Ti1.000Al1.000,Fe1.000,Co1.000,150.0,2.538961025600662e-06,0.0,0.0,0.0,0.0,0.0,0.0,0.0,0.0,3.0,10.245,1.88,1.88,0.0,0.0,1.83,0.0,9.0,194.0,-1.393410303850891
(Fe0.55Co0.45)2TiAl,Ti1.000Al1.000,Fe1.000,Co1.000,200.0,2.6779315833706613e-06,0.0,0.0,0.0,0.0,0.0,0.0,0.0,0.0,3.0,10.245,1.88,1.88,0.0,0.0,1.83,0.0,9.0,194.0,-1.5330925199016008
(Fe0.55Co0.45)2TiAl,Ti1.000Al1.000,Fe1.000,Co1.000,250.0,2.805182186728301e-06,0.0,0.0,0.0,0.0,0.0,0.0,0.0,0.0,3.0,10.245,1.88,1.88,0.0,0.0,1.83,0.0,9.0,194.0,-1.8508363578031184
(Fe0.55Co0.45)2TiAl,Ti1.000Al1.000,Fe1.000,Co1.000,300.0,2.914228876161139e-06,0.0,0.0,0.0,0.0,0.0,0.0,0.0,0.0,3.0,10.245,1.88,1.88,0.0,0.0,1.83,0.0,9.0,194.0,-2.4464546712780715
(Fe0.55Co0.45)2TiAl,Ti1.000Al1.000,Fe1.000,Co1.000,350.0,3.000917499330611e-06,0.0,0.0,0.0,0.0,0.0,0.0,0.0,0.0,3.0,10.245,1.88,1.88,0.0,0.0,1.83,0.0,9.0,194.0,-3.3986373830257173
(Fe0.55Co0.45)2TiAl,Ti1.000Al1.000,Fe1.000,Co1.000,400.0,3.0631327872528927e-06,0.0,0.0,0.0,0.0,0.0,0.0,0.0,0.0,3.0,10.245,1.88,1.88,0.0,0.0,1.83,0.0,9.0,194.0,-4.76551909155855
(Fe0.55Co0.45)2TiAl,Ti1.000Al1.000,Fe1.000,Co1.000,450.0,3.100507430479763e-06,0.0,0.0,0.0,0.0,0.0,0.0,0.0,0.0,3.0,10.245,1.88,1.88,0.0,0.0,1.83,0.0,9.0,194.0,-6.58524667803893
(Fe0.55Co0.45)2TiAl,Ti1.000Al1.000,Fe1.000,Co1.000,500.0,3.114131155279466e-06,0.0,0.0,0.0,0.0,0.0,0.0,0.0,0.0,3.0,10.245,1.88,1.88,0.0,0.0,1.83,0.0,9.0,194.0,-8.876546913115689
(Fe0.55Co0.45)2TiAl,Ti1.000Al1.000,Fe1.000,Co1.000,550.0,3.106259799817572e-06,0.0,0.0,0.0,0.0,0.0,0.0,0.0,0.0,3.0,10.245,1.88,1.88,0.0,0.0,1.83,0.0,9.0,194.0,-11.639294063760744
(Fe0.55Co0.45)2TiAl,Ti1.000Al1.000,Fe1.000,Co1.000,600.0,3.080024390337845e-06,0.0,0.0,0.0,0.0,0.0,0.0,0.0,0.0,3.0,10.245,1.88,1.88,0.0,0.0,1.83,0.0,9.0,194.0,-14.85507750010573
(Fe0.55Co0.45)2TiAl,Ti1.000Al1.000,Fe1.000,Co1.000,650.0,3.0391402173430974e-06,0.0,0.0,0.0,0.0,0.0,0.0,0.0,0.0,3.0,10.245,1.88,1.88,0.0,0.0,1.83,0.0,9.0,194.0,-18.48776930227863
(Fe0.55Co0.45)2TiAl,Ti1.000Al1.000,Fe1.000,Co1.000,700.0,2.987615911776062e-06,0.0,0.0,0.0,0.0,0.0,0.0,0.0,0.0,3.0,10.245,1.88,1.88,0.0,0.0,1.83,0.0,9.0,194.0,-22.48409186724031
(Fe0.65Co0.35)2TiAl,Fe1.300Co0.700,Ti1.000,Al1.000,100.0,1.9308486745530257e-06,0.0,0.0,0.0,0.0,0.0,0.0,0.0,0.0,0.0,16.48,1.61,1.61,0.0,0.0,1.54,0.0,13.0,225.0,6.754929837741742
(Fe0.65Co0.35)2TiAl,Fe1.300Co0.700,Ti1.000,Al1.000,150.0,2.0857726794749052e-06,0.0,0.0,0.0,0.0,0.0,0.0,0.0,0.0,0.0,16.48,1.61,1.61,0.0,0.0,1.54,0.0,13.0,225.0,9.516772636404417
(Fe0.65Co0.35)2TiAl,Fe1.300Co0.700,Ti1.000,Al1.000,200.0,2.247786073341948e-06,0.0,0.0,0.0,0.0,0.0,0.0,0.0,0.0,0.0,16.48,1.61,1.61,0.0,0.0,1.54,0.0,13.0,225.0,13.38297371832484
(Fe0.65Co0.35)2TiAl,Fe1.300Co0.700,Ti1.000,Al1.000,250.0,2.406223448648166e-06,0.0,0.0,0.0,0.0,0.0,0.0,0.0,0.0,0.0,16.48,1.61,1.61,0.0,0.0,1.54,0.0,13.0,225.0,17.303606420543908
(Fe0.65Co0.35)2TiAl,Fe1.300Co0.700,Ti1.000,Al1.000,300.0,2.552873025220069e-06,0.0,0.0,0.0,0.0,0.0,0.0,0.0,0.0,0.0,16.48,1.61,1.61,0.0,0.0,1.54,0.0,13.0,225.0,20.550924109136147
(Fe0.65Co0.35)2TiAl,Fe1.300Co0.700,Ti1.000,Al1.000,350.0,2.6817472774185685e-06,0.0,0.0,0.0,0.0,0.0,0.0,0.0,0.0,0.0,16.48,1.61,1.61,0.0,0.0,1.54,0.0,13.0,225.0,22.672513227210963
(Fe0.65Co0.35)2TiAl,Fe1.300Co0.700,Ti1.000,Al1.000,400.0,2.788853561340879e-06,0.0,0.0,0.0,0.0,0.0,0.0,0.0,0.0,0.0,16.48,1.61,1.61,0.0,0.0,1.54,0.0,13.0,225.0,23.44444634291372
(Fe0.65Co0.35)2TiAl,Fe1.300Co0.700,Ti1.000,Al1.000,450.0,2.8719647420224184e-06,0.0,0.0,0.0,0.0,0.0,0.0,0.0,0.0,0.0,16.48,1.61,1.61,0.0,0.0,1.54,0.0,13.0,225.0,22.82443519742691
(Fe0.65Co0.35)2TiAl,Fe1.300Co0.700,Ti1.000,Al1.000,500.0,2.9303898206387093e-06,0.0,0.0,0.0,0.0,0.0,0.0,0.0,0.0,0.0,16.48,1.61,1.61,0.0,0.0,1.54,0.0,13.0,225.0,20.9049837529714
(Fe0.65Co0.35)2TiAl,Fe1.300Co0.700,Ti1.000,Al1.000,550.0,2.9647445617072818e-06,0.0,0.0,0.0,0.0,0.0,0.0,0.0,0.0,0.0,16.48,1.61,1.61,0.0,0.0,1.54,0.0,13.0,225.0,17.866541240807607
(Fe0.65Co0.35)2TiAl,Fe1.300Co0.700,Ti1.000,Al1.000,600.0,2.976722120289577e-06,0.0,0.0,0.0,0.0,0.0,0.0,0.0,0.0,0.0,16.48,1.61,1.61,0.0,0.0,1.54,0.0,13.0,225.0,13.93065520923659
(Fe0.65Co0.35)2TiAl,Fe1.300Co0.700,Ti1.000,Al1.000,650.0,2.968863669192843e-06,0.0,0.0,0.0,0.0,0.0,0.0,0.0,0.0,0.0,16.48,1.61,1.61,0.0,0.0,1.54,0.0,13.0,225.0,9.31312457160113
(Fe0.65Co0.35)2TiAl,Fe1.300Co0.700,Ti1.000,Al1.000,700.0,2.9443290261720417e-06,0.0,0.0,0.0,0.0,0.0,0.0,0.0,0.0,0.0,16.48,1.61,1.61,0.0,0.0,1.54,0.0,13.0,225.0,4.177152654287363
(Fe0.75Co0.25)2TiAl,Fe1.500Co0.500,Ti1.000,Al1.000,100.0,1.3413397381136705e-06,0.0,0.0,0.0,0.0,0.0,0.0,0.0,0.0,0.0,16.48,1.61,1.61,0.0,0.0,1.54,0.0,13.0,225.0,9.788023295758824
(Fe0.75Co0.25)2TiAl,Fe1.500Co0.500,Ti1.000,Al1.000,150.0,1.4856331455504262e-06,0.0,0.0,0.0,0.0,0.0,0.0,0.0,0.0,0.0,16.48,1.61,1.61,0.0,0.0,1.54,0.0,13.0,225.0,14.341826896590328
(Fe0.75Co0.25)2TiAl,Fe1.500Co0.500,Ti1.000,Al1.000,200.0,1.6490862718397022e-06,0.0,0.0,0.0,0.0,0.0,0.0,0.0,0.0,0.0,16.48,1.61,1.61,0.0,0.0,1.54,0.0,13.0,225.0,19.422590726742506
(Fe0.75Co0.25)2TiAl,Fe1.500Co0.500,Ti1.000,Al1.000,250.0,1.819817022456957e-06,0.0,0.0,0.0,0.0,0.0,0.0,0.0,0.0,0.0,16.48,1.61,1.61,0.0,0.0,1.54,0.0,13.0,225.0,24.358667910680836
(Fe0.75Co0.25)2TiAl,Fe1.500Co0.500,Ti1.000,Al1.000,300.0,1.9882672945440012e-06,0.0,0.0,0.0,0.0,0.0,0.0,0.0,0.0,0.0,16.48,1.61,1.61,0.0,0.0,1.54,0.0,13.0,225.0,28.695951373940304
(Fe0.75Co0.25)2TiAl,Fe1.500Co0.500,Ti1.000,Al1.000,350.0,2.1470081890038903e-06,0.0,0.0,0.0,0.0,0.0,0.0,0.0,0.0,0.0,16.48,1.61,1.61,0.0,0.0,1.54,0.0,13.0,225.0,32.15426093976532
(Fe0.75Co0.25)2TiAl,Fe1.500Co0.500,Ti1.000,Al1.000,400.0,2.290545222595815e-06,0.0,0.0,0.0,0.0,0.0,0.0,0.0,0.0,0.0,16.48,1.61,1.61,0.0,0.0,1.54,0.0,13.0,225.0,34.58373042574973
(Fe0.75Co0.25)2TiAl,Fe1.500Co0.500,Ti1.000,Al1.000,450.0,2.4151235400299954e-06,0.0,0.0,0.0,0.0,0.0,0.0,0.0,0.0,0.0,16.48,1.61,1.61,0.0,0.0,1.54,0.0,13.0,225.0,35.92119474047672
(Fe0.75Co0.25)2TiAl,Fe1.500Co0.500,Ti1.000,Al1.000,500.0,2.51853312606257e-06,0.0,0.0,0.0,0.0,0.0,0.0,0.0,0.0,0.0,16.48,1.61,1.61,0.0,0.0,1.54,0.0,13.0,225.0,36.1465769801587
(Fe0.75Co0.25)2TiAl,Fe1.500Co0.500,Ti1.000,Al1.000,550.0,2.59991401759049e-06,0.0,0.0,0.0,0.0,0.0,0.0,0.0,0.0,0.0,16.48,1.61,1.61,0.0,0.0,1.54,0.0,13.0,225.0,35.23927552527742
(Fe0.75Co0.25)2TiAl,Fe1.500Co0.500,Ti1.000,Al1.000,600.0,2.659561515746412e-06,0.0,0.0,0.0,0.0,0.0,0.0,0.0,0.0,0.0,16.48,1.61,1.61,0.0,0.0,1.54,0.0,13.0,225.0,33.134551137223795
(Fe0.75Co0.25)2TiAl,Fe1.500Co0.500,Ti1.000,Al1.000,650.0,2.698731397993584e-06,0.0,0.0,0.0,0.0,0.0,0.0,0.0,0.0,0.0,16.48,1.61,1.61,0.0,0.0,1.54,0.0,13.0,225.0,29.679914054937782
(Fe0.75Co0.25)2TiAl,Fe1.500Co0.500,Ti1.000,Al1.000,700.0,2.7194451302207476e-06,0.0,0.0,0.0,0.0,0.0,0.0,0.0,0.0,0.0,16.48,1.61,1.61,0.0,0.0,1.54,0.0,13.0,225.0,24.591511091548593
(Fe0.3Co0.7)2TiAl,Fe0.600Co1.400,Ti1.000,Al1.000,100.0,1.1280466911827528e-06,0.0,0.0,0.0,0.0,0.0,0.0,0.0,0.0,0.0,16.48,1.61,1.61,0.0,0.0,1.54,0.0,13.0,225.0,-6.99019557337252
(Fe0.3Co0.7)2TiAl,Fe0.600Co1.400,Ti1.000,Al1.000,150.0,1.271092028369568e-06,0.0,0.0,0.0,0.0,0.0,0.0,0.0,0.0,0.0,16.48,1.61,1.61,0.0,0.0,1.54,0.0,13.0,225.0,-11.505958277899236
(Fe0.3Co0.7)2TiAl,Fe0.600Co1.400,Ti1.000,Al1.000,200.0,1.4179919297196515e-06,0.0,0.0,0.0,0.0,0.0,0.0,0.0,0.0,0.0,16.48,1.61,1.61,0.0,0.0,1.54,0.0,13.0,225.0,-19.017704376880772
(Fe0.3Co0.7)2TiAl,Fe0.600Co1.400,Ti1.000,Al1.000,250.0,1.5626522443435338e-06,0.0,0.0,0.0,0.0,0.0,0.0,0.0,0.0,0.0,16.48,1.61,1.61,0.0,0.0,1.54,0.0,13.0,225.0,-27.303460337017448
(Fe0.3Co0.7)2TiAl,Fe0.600Co1.400,Ti1.000,Al1.000,300.0,1.7003409255920089e-06,0.0,0.0,0.0,0.0,0.0,0.0,0.0,0.0,0.0,16.48,1.61,1.61,0.0,0.0,1.54,0.0,13.0,225.0,-35.02454327740847
(Fe0.3Co0.7)2TiAl,Fe0.600Co1.400,Ti1.000,Al1.000,350.0,1.827558936680428e-06,0.0,0.0,0.0,0.0,0.0,0.0,0.0,0.0,0.0,16.48,1.61,1.61,0.0,0.0,1.54,0.0,13.0,225.0,-41.54564867142541
(Fe0.3Co0.7)2TiAl,Fe0.600Co1.400,Ti1.000,Al1.000,400.0,1.941911156312995e-06,0.0,0.0,0.0,0.0,0.0,0.0,0.0,0.0,0.0,16.48,1.61,1.61,0.0,0.0,1.54,0.0,13.0,225.0,-46.75493804858631
(Fe0.3Co0.7)2TiAl,Fe0.600Co1.400,Ti1.000,Al1.000,450.0,2.041977284307058e-06,0.0,0.0,0.0,0.0,0.0,0.0,0.0,0.0,0.0,16.48,1.61,1.61,0.0,0.0,1.54,0.0,13.0,225.0,-50.88412669642898
(Fe0.3Co0.7)2TiAl,Fe0.600Co1.400,Ti1.000,Al1.000,500.0,2.127182747217406e-06,0.0,0.0,0.0,0.0,0.0,0.0,0.0,0.0,0.0,16.48,1.61,1.61,0.0,0.0,1.54,0.0,13.0,225.0,-54.32857136238483
(Fe0.3Co0.7)2TiAl,Fe0.600Co1.400,Ti1.000,Al1.000,550.0,2.1976696039605617e-06,0.0,0.0,0.0,0.0,0.0,0.0,0.0,0.0,0.0,16.48,1.61,1.61,0.0,0.0,1.54,0.0,13.0,225.0,-57.46735795565285
(Fe0.3Co0.7)2TiAl,Fe0.600Co1.400,Ti1.000,Al1.000,600.0,2.2541674514390732e-06,0.0,0.0,0.0,0.0,0.0,0.0,0.0,0.0,0.0,16.48,1.61,1.61,0.0,0.0,1.54,0.0,13.0,225.0,-60.48338924907265
(Fe0.3Co0.7)2TiAl,Fe0.600Co1.400,Ti1.000,Al1.000,650.0,2.2978643301658127e-06,0.0,0.0,0.0,0.0,0.0,0.0,0.0,0.0,0.0,16.48,1.61,1.61,0.0,0.0,1.54,0.0,13.0,225.0,-63.183472580999485
(Fe0.3Co0.7)2TiAl,Fe0.600Co1.400,Ti1.000,Al1.000,700.0,2.3302776298882686e-06,0.0,0.0,0.0,0.0,0.0,0.0,0.0,0.0,0.0,16.48,1.61,1.61,0.0,0.0,1.54,0.0,13.0,225.0,-64.81840755717518
Fe2(V0.90Ta0.10)Al ,Fe2.000,V1.000,Ta0.091Al0.909,300.0,8.755711924844103e-06,1.6400000000000006,0.0,0.0,60.0,153.9663414,1960.9063623465795,7.0,0.0,7.0,16.62924,1.5999900000000002,1.5,0.0,0.0010008999,1.63,2.0,5.0,225.364,32.894249549746625
Fe2(V0.90Ta0.10)Al ,Fe2.000,V1.000,Ta0.091Al0.909,350.0,6.73336322781327e-06,1.6400000000000006,0.0,0.0,60.0,153.9663414,1960.9063623465795,7.0,0.0,7.0,16.62924,1.5999900000000002,1.5,0.0,0.0010008999,1.63,2.0,5.0,225.364,38.193953964281505
Fe2(V0.90Ta0.10)Al ,Fe2.000,V1.000,Ta0.091Al0.909,400.0,5.388436814181841e-06,1.6400000000000006,0.0,0.0,60.0,153.9663414,1960.9063623465795,7.0,0.0,7.0,16.62924,1.5999900000000002,1.5,0.0,0.0010008999,1.63,2.0,5.0,225.364,38.930752322018584
Fe2(V0.90Ta0.10)Al ,Fe2.000,V1.000,Ta0.091Al0.909,450.0,4.528531715494342e-06,1.6400000000000006,0.0,0.0,60.0,153.9663414,1960.9063623465795,7.0,0.0,7.0,16.62924,1.5999900000000002,1.5,0.0,0.0010008999,1.63,2.0,5.0,225.364,35.35849572299958
Fe2(V0.90Ta0.10)Al ,Fe2.000,V1.000,Ta0.091Al0.909,500.0,4.000840938295577e-06,1.6400000000000006,0.0,0.0,60.0,153.9663414,1960.9063623465795,7.0,0.0,7.0,16.62924,1.5999900000000002,1.5,0.0,0.0010008999,1.63,2.0,5.0,225.364,28.691203732530685
Fe2(V0.90Ta0.10)Al ,Fe2.000,V1.000,Ta0.091Al0.909,550.0,3.6877862640670586e-06,1.6400000000000006,0.0,0.0,60.0,153.9663414,1960.9063623465795,7.0,0.0,7.0,16.62924,1.5999900000000002,1.5,0.0,0.0010008999,1.63,2.0,5.0,225.364,20.867686300119267
Fe2(V0.87Ti0.03Ta0.10)Al ,Fe2.000,V1.000,Ti0.027Ta0.088Al0.885,150.0,1.7727538427865788e-06,1.6400000000000006,0.0,0.0,60.0,153.9663414,1898.6980537297768,8.0,2.25333333333e-05,8.0,16.62999,1.5984300000000002,1.5,0.0,0.0010632351,1.63,3.0,4.0,224.515,51.63906297238172
Fe2(V0.87Ti0.03Ta0.10)Al ,Fe2.000,V1.000,Ti0.027Ta0.088Al0.885,200.0,1.94539656008153e-06,1.6400000000000006,0.0,0.0,60.0,153.9663414,1898.6980537297768,8.0,2.25333333333e-05,8.0,16.62999,1.5984300000000002,1.5,0.0,0.0010632351,1.63,3.0,4.0,224.515,64.25318025302148
Fe2(V0.87Ti0.03Ta0.10)Al ,Fe2.000,V1.000,Ti0.027Ta0.088Al0.885,250.0,2.146142776826658e-06,1.6400000000000006,0.0,0.0,60.0,153.9663414,1898.6980537297768,8.0,2.25333333333e-05,8.0,16.62999,1.5984300000000002,1.5,0.0,0.0010632351,1.63,3.0,4.0,224.515,75.39675117545222
Fe2(V0.87Ti0.03Ta0.10)Al ,Fe2.000,V1.000,Ti0.027Ta0.088Al0.885,300.0,2.350795225951035e-06,1.6400000000000006,0.0,0.0,60.0,153.9663414,1898.6980537297768,8.0,2.25333333333e-05,8.0,16.62999,1.5984300000000002,1.5,0.0,0.0010632351,1.63,3.0,4.0,224.515,84.10416874358445
Fe2(V0.87Ti0.03Ta0.10)Al ,Fe2.000,V1.000,Ti0.027Ta0.088Al0.885,350.0,2.5416301904082694e-06,1.6400000000000006,0.0,0.0,60.0,153.9663414,1898.6980537297768,8.0,2.25333333333e-05,8.0,16.62999,1.5984300000000002,1.5,0.0,0.0010632351,1.63,3.0,4.0,224.515,88.86255056184034
Fe2(V0.87Ti0.03Ta0.10)Al ,Fe2.000,V1.000,Ti0.027Ta0.088Al0.885,400.0,2.7066431994061643e-06,1.6400000000000006,0.0,0.0,60.0,153.9663414,1898.6980537297768,8.0,2.25333333333e-05,8.0,16.62999,1.5984300000000002,1.5,0.0,0.0010632351,1.63,3.0,4.0,224.515,88.30660506420037
Fe2(V0.87Ti0.03Ta0.10)Al ,Fe2.000,V1.000,Ti0.027Ta0.088Al0.885,450.0,2.838794724636385e-06,1.6400000000000006,0.0,0.0,60.0,153.9663414,1898.6980537297768,8.0,2.25333333333e-05,8.0,16.62999,1.5984300000000002,1.5,0.0,0.0010632351,1.63,3.0,4.0,224.515,81.91349774324976
Fe2(V0.87Ti0.03Ta0.10)Al ,Fe2.000,V1.000,Ti0.027Ta0.088Al0.885,500.0,2.935255876504116e-06,1.6400000000000006,0.0,0.0,60.0,153.9663414,1898.6980537297768,8.0,2.25333333333e-05,8.0,16.62999,1.5984300000000002,1.5,0.0,0.0010632351,1.63,3.0,4.0,224.515,70.69771737922493
Fe2(V0.87Ti0.03Ta0.10)Al ,Fe2.000,V1.000,Ti0.027Ta0.088Al0.885,550.0,2.996654100357733e-06,1.6400000000000006,0.0,0.0,60.0,153.9663414,1898.6980537297768,8.0,2.25333333333e-05,8.0,16.62999,1.5984300000000002,1.5,0.0,0.0010632351,1.63,3.0,4.0,224.515,57.90594226906072
Fe2(V0.8Ti0.1Ta0.10)Al,Fe2.000,V0.889Ti0.111,Ta0.091Al0.909,150.0,6.407564175964639e-07,1.6400000000000006,0.0,2.25333333333e-05,60.0,153.9663414,1960.9063623465795,7.0,0.0,7.0,16.62924,1.5999900000000002,1.5,35.0,0.0010008999,1.62001,2.0,5.0,225.364,32.68670437415278
Fe2(V0.8Ti0.1Ta0.10)Al,Fe2.000,V0.889Ti0.111,Ta0.091Al0.909,200.0,8.213541880526208e-07,1.6400000000000006,0.0,2.25333333333e-05,60.0,153.9663414,1960.9063623465795,7.0,0.0,7.0,16.62924,1.5999900000000002,1.5,35.0,0.0010008999,1.62001,2.0,5.0,225.364,39.34960506876225
Fe2(V0.8Ti0.1Ta0.10)Al,Fe2.000,V0.889Ti0.111,Ta0.091Al0.909,250.0,1.0550151021170735e-06,1.6400000000000006,0.0,2.25333333333e-05,60.0,153.9663414,1960.9063623465795,7.0,0.0,7.0,16.62924,1.5999900000000002,1.5,35.0,0.0010008999,1.62001,2.0,5.0,225.364,46.57810289267681
Fe2(V0.8Ti0.1Ta0.10)Al,Fe2.000,V0.889Ti0.111,Ta0.091Al0.909,300.0,1.3185361108645295e-06,1.6400000000000006,0.0,2.25333333333e-05,60.0,153.9663414,1960.9063623465795,7.0,0.0,7.0,16.62924,1.5999900000000002,1.5,35.0,0.0010008999,1.62001,2.0,5.0,225.364,54.32256794135101
Fe2(V0.8Ti0.1Ta0.10)Al,Fe2.000,V0.889Ti0.111,Ta0.091Al0.909,350.0,1.592676691779507e-06,1.6400000000000006,0.0,2.25333333333e-05,60.0,153.9663414,1960.9063623465795,7.0,0.0,7.0,16.62924,1.5999900000000002,1.5,35.0,0.0010008999,1.62001,2.0,5.0,225.364,61.94952499956968
Fe2(V0.8Ti0.1Ta0.10)Al,Fe2.000,V0.889Ti0.111,Ta0.091Al0.909,400.0,1.8618680137872123e-06,1.6400000000000006,0.0,2.25333333333e-05,60.0,153.9663414,1960.9063623465795,7.0,0.0,7.0,16.62924,1.5999900000000002,1.5,35.0,0.0010008999,1.62001,2.0,5.0,225.364,68.47671610348739
Fe2(V0.8Ti0.1Ta0.10)Al,Fe2.000,V0.889Ti0.111,Ta0.091Al0.909,450.0,2.1139221022844075e-06,1.6400000000000006,0.0,2.25333333333e-05,60.0,153.9663414,1960.9063623465795,7.0,0.0,7.0,16.62924,1.5999900000000002,1.5,35.0,0.0010008999,1.62001,2.0,5.0,225.364,72.80816310266812
Fe2(V0.8Ti0.1Ta0.10)Al,Fe2.000,V0.889Ti0.111,Ta0.091Al0.909,500.0,2.339741004170288e-06,1.6400000000000006,0.0,2.25333333333e-05,60.0,153.9663414,1960.9063623465795,7.0,0.0,7.0,16.62924,1.5999900000000002,1.5,35.0,0.0010008999,1.62001,2.0,5.0,225.364,73.96923022212515
Fe2(V0.8Ti0.1Ta0.10)Al,Fe2.000,V0.889Ti0.111,Ta0.091Al0.909,550.0,2.5330259528773536e-06,1.6400000000000006,0.0,2.25333333333e-05,60.0,153.9663414,1960.9063623465795,7.0,0.0,7.0,16.62924,1.5999900000000002,1.5,35.0,0.0010008999,1.62001,2.0,5.0,225.364,71.34168662436012
(Fe1.98)V1.02Al ,Fe2.000,V1.000,Al1.000,100.0,5.667952418725244e-06,0.0,0.0,0.0,0.0,0.0,0.0,0.0,0.0,0.0,16.48,1.61,1.61,0.0,0.0,1.63,0.0,13.0,225.0,-60.16378805383463
(Fe1.98)V1.02Al ,Fe2.000,V1.000,Al1.000,150.0,6.197048984064848e-06,0.0,0.0,0.0,0.0,0.0,0.0,0.0,0.0,0.0,16.48,1.61,1.61,0.0,0.0,1.63,0.0,13.0,225.0,-92.7415608893456
(Fe1.98)V1.02Al ,Fe2.000,V1.000,Al1.000,200.0,6.574654539027119e-06,0.0,0.0,0.0,0.0,0.0,0.0,0.0,0.0,0.0,16.48,1.61,1.61,0.0,0.0,1.63,0.0,13.0,225.0,-107.180055541
(Fe1.98)V1.02Al ,Fe2.000,V1.000,Al1.000,250.0,6.725507548715349e-06,0.0,0.0,0.0,0.0,0.0,0.0,0.0,0.0,0.0,16.48,1.61,1.61,0.0,0.0,1.63,0.0,13.0,225.0,-100.6084936186
(Fe1.98)V1.02Al ,Fe2.000,V1.000,Al1.000,300.0,6.626060245368138e-06,0.0,0.0,0.0,0.0,0.0,0.0,0.0,0.0,0.0,16.48,1.61,1.61,0.0,0.0,1.63,0.0,13.0,225.0,-79.06894666914587
(Fe1.98)V1.02Al ,Fe2.000,V1.000,Al1.000,350.0,6.294285597861935e-06,0.0,0.0,0.0,0.0,0.0,0.0,0.0,0.0,0.0,16.48,1.61,1.61,0.0,0.0,1.63,0.0,13.0,225.0,-53.583277929128634
(Fe1.98)V1.02Al ,Fe2.000,V1.000,Al1.000,400.0,5.7794842812135755e-06,0.0,0.0,0.0,0.0,0.0,0.0,0.0,0.0,0.0,16.48,1.61,1.61,0.0,0.0,1.63,0.0,13.0,225.0,-36.22008407748414
(Fe1.9Ir0.03)V1.02Al ,Fe2.000,V1.000,Ir0.029Al0.971,100.0,2.2038035674728416e-06,2.2699999999999996,0.0,0.0,64.0,165.23546140000002,768.8183541889322,3.0,0.0,3.0,16.41417,1.62711,1.61,0.0,0.0098021479,1.63,2.0,9.0,225.0,-84.71315278530537
(Fe1.9Ir0.03)V1.02Al ,Fe2.000,V1.000,Ir0.029Al0.971,150.0,2.7061422642647328e-06,2.2699999999999996,0.0,0.0,64.0,165.23546140000002,768.8183541889322,3.0,0.0,3.0,16.41417,1.62711,1.61,0.0,0.0098021479,1.63,2.0,9.0,225.0,-114.6314181685
(Fe1.9Ir0.03)V1.02Al ,Fe2.000,V1.000,Ir0.029Al0.971,200.0,3.248839222320997e-06,2.2699999999999996,0.0,0.0,64.0,165.23546140000002,768.8183541889322,3.0,0.0,3.0,16.41417,1.62711,1.61,0.0,0.0098021479,1.63,2.0,9.0,225.0,-140.6361114787
(Fe1.9Ir0.03)V1.02Al ,Fe2.000,V1.000,Ir0.029Al0.971,250.0,3.7361648338099305e-06,2.2699999999999996,0.0,0.0,64.0,165.23546140000002,768.8183541889322,3.0,0.0,3.0,16.41417,1.62711,1.61,0.0,0.0098021479,1.63,2.0,9.0,225.0,-156.77685062380002
(Fe1.9Ir0.03)V1.02Al ,Fe2.000,V1.000,Ir0.029Al0.971,300.0,4.108318891934773e-06,2.2699999999999996,0.0,0.0,64.0,165.23546140000002,768.8183541889322,3.0,0.0,3.0,16.41417,1.62711,1.61,0.0,0.0098021479,1.63,2.0,9.0,225.0,-156.9506186075
(Fe1.9Ir0.03)V1.02Al ,Fe2.000,V1.000,Ir0.029Al0.971,350.0,4.336007828838999e-06,2.2699999999999996,0.0,0.0,64.0,165.23546140000002,768.8183541889322,3.0,0.0,3.0,16.41417,1.62711,1.61,0.0,0.0098021479,1.63,2.0,9.0,225.0,-141.5013471616
(Fe1.88Ir0.1)V1.02Al,Fe2.000,V1.000,Ir0.091Al0.909,100.0,9.46113587859548e-07,2.2699999999999996,0.0,0.0,64.0,165.23546140000002,2258.45681452304,3.0,0.0,3.0,16.27343,1.66369,1.61,0.0,0.0287944839,1.63,2.0,9.0,225.0,-58.27027755404677
(Fe1.88Ir0.1)V1.02Al,Fe2.000,V1.000,Ir0.091Al0.909,150.0,1.2683524903327658e-06,2.2699999999999996,0.0,0.0,64.0,165.23546140000002,2258.45681452304,3.0,0.0,3.0,16.27343,1.66369,1.61,0.0,0.0287944839,1.63,2.0,9.0,225.0,-78.12026624737541
(Fe1.88Ir0.1)V1.02Al,Fe2.000,V1.000,Ir0.091Al0.909,200.0,1.6637399543730692e-06,2.2699999999999996,0.0,0.0,64.0,165.23546140000002,2258.45681452304,3.0,0.0,3.0,16.27343,1.66369,1.61,0.0,0.0287944839,1.63,2.0,9.0,225.0,-96.74085682719812
(Fe1.88Ir0.1)V1.02Al,Fe2.000,V1.000,Ir0.091Al0.909,250.0,2.081665218630243e-06,2.2699999999999996,0.0,0.0,64.0,165.23546140000002,2258.45681452304,3.0,0.0,3.0,16.27343,1.66369,1.61,0.0,0.0287944839,1.63,2.0,9.0,225.0,-113.3542460408
(Fe1.88Ir0.1)V1.02Al,Fe2.000,V1.000,Ir0.091Al0.909,300.0,2.4836362829053854e-06,2.2699999999999996,0.0,0.0,64.0,165.23546140000002,2258.45681452304,3.0,0.0,3.0,16.27343,1.66369,1.61,0.0,0.0287944839,1.63,2.0,9.0,225.0,-125.1547655493
(Fe1.88Ir0.1)V1.02Al,Fe2.000,V1.000,Ir0.091Al0.909,350.0,2.8420323736601433e-06,2.2699999999999996,0.0,0.0,64.0,165.23546140000002,2258.45681452304,3.0,0.0,3.0,16.27343,1.66369,1.61,0.0,0.0287944839,1.63,2.0,9.0,225.0,-130.4172818899
(Fe1.88Ir0.1)V1.02Al,Fe2.000,V1.000,Ir0.091Al0.909,400.0,3.138856409525936e-06,2.2699999999999996,0.0,0.0,64.0,165.23546140000002,2258.45681452304,3.0,0.0,3.0,16.27343,1.66369,1.61,0.0,0.0287944839,1.63,2.0,9.0,225.0,-131.6055964384
Fe2VAl0.95Si0.05,Fe2.000,V1.000,Al0.950Si0.050,200.0,3.7738826672794983e-06,3.960000000000001,0.0283826275,0.0,1.0,1.103961399999999,0.057889711702773,0.0,0.0,0.0,16.677999999999997,1.6245,1.61,0.0,0.0039947499999999,1.63,1.0,13.0,225.1,-103.5799557972
Fe2VAl0.95Si0.05,Fe2.000,V1.000,Al0.950Si0.050,250.0,4.622328869032965e-06,3.960000000000001,0.0283826275,0.0,1.0,1.103961399999999,0.057889711702773,0.0,0.0,0.0,16.677999999999997,1.6245,1.61,0.0,0.0039947499999999,1.63,1.0,13.0,225.1,-119.4598199917
Fe2VAl0.95Si0.05,Fe2.000,V1.000,Al0.950Si0.050,300.0,5.317659492776969e-06,3.960000000000001,0.0283826275,0.0,1.0,1.103961399999999,0.057889711702773,0.0,0.0,0.0,16.677999999999997,1.6245,1.61,0.0,0.0039947499999999,1.63,1.0,13.0,225.1,-127.3437352476
Fe2VAl0.95Si0.05,Fe2.000,V1.000,Al0.950Si0.050,350.0,5.7585466493252955e-06,3.960000000000001,0.0283826275,0.0,1.0,1.103961399999999,0.057889711702773,0.0,0.0,0.0,16.677999999999997,1.6245,1.61,0.0,0.0039947499999999,1.63,1.0,13.0,225.1,-117.5125747914
Fe2(V0.975Ta0.025)Al0.95Si0.05,Fe2.000,V1.000,Ta0.024Al0.927Si0.049,200.0,3.228010564285982e-06,3.960000000000001,0.0278442538709999,0.0,60.0,153.9663414,554.9377928504298,7.0,0.0,7.0,16.7134,1.6215700000000002,1.5,0.0,0.0042774350999999,1.63,3.0,5.0,225.194,-116.5437543629
Fe2(V0.975Ta0.025)Al0.95Si0.05,Fe2.000,V1.000,Ta0.024Al0.927Si0.049,250.0,3.706422400076574e-06,3.960000000000001,0.0278442538709999,0.0,60.0,153.9663414,554.9377928504298,7.0,0.0,7.0,16.7134,1.6215700000000002,1.5,0.0,0.0042774350999999,1.63,3.0,5.0,225.194,-130.04989271730005
Fe2(V0.975Ta0.025)Al0.95Si0.05,Fe2.000,V1.000,Ta0.024Al0.927Si0.049,300.0,4.1043251661765215e-06,3.960000000000001,0.0278442538709999,0.0,60.0,153.9663414,554.9377928504298,7.0,0.0,7.0,16.7134,1.6215700000000002,1.5,0.0,0.0042774350999999,1.63,3.0,5.0,225.194,-134.8470280032
Fe2(V0.975Ta0.025)Al0.95Si0.05,Fe2.000,V1.000,Ta0.024Al0.927Si0.049,350.0,4.347353948284386e-06,3.960000000000001,0.0278442538709999,0.0,60.0,153.9663414,554.9377928504298,7.0,0.0,7.0,16.7134,1.6215700000000002,1.5,0.0,0.0042774350999999,1.63,3.0,5.0,225.194,-127.5302667739
Fe2(V0.95Ta0.05)Al0.95Si0.05,Fe2.000,V1.000,Ta0.048Al0.905Si0.048,250.0,4.540125909639898e-06,3.960000000000001,0.0272787817337507,0.0,60.0,153.9663414,1081.498969760822,7.0,0.0,7.0,16.748531468531468,1.6186313686313687,1.5,0.0,0.0045384864885364,1.63,3.0,5.0,225.28771228771225,-152.76198267520002
Fe2(V0.95Ta0.05)Al0.95Si0.05,Fe2.000,V1.000,Ta0.048Al0.905Si0.048,300.0,4.998298767805151e-06,3.960000000000001,0.0272787817337507,0.0,60.0,153.9663414,1081.498969760822,7.0,0.0,7.0,16.748531468531468,1.6186313686313687,1.5,0.0,0.0045384864885364,1.63,3.0,5.0,225.28771228771225,-150.103820043
Fe2(V0.95Ta0.05)Al0.95Si0.05,Fe2.000,V1.000,Ta0.048Al0.905Si0.048,350.0,5.257770463471418e-06,3.960000000000001,0.0272787817337507,0.0,60.0,153.9663414,1081.498969760822,7.0,0.0,7.0,16.748531468531468,1.6186313686313687,1.5,0.0,0.0045384864885364,1.63,3.0,5.0,225.28771228771225,-136.64521108120002
Fe2(V0.9Ti0.1)Al ,Fe2.000,V1.000,Ti0.091Al0.909,350.0,3.0876180966347905e-06,0.2100000000000008,0.0,0.0,9.0,20.885461399999997,36.08223442303651,8.0,2.25333333333e-05,8.0,16.49911,1.60363,1.54,0.0,0.0004053231,1.63,3.0,4.0,222.179,89.75150185041441
Fe2(V0.8W0.05Ti0.15)Al,Fe2.000,V0.941W0.059,Ti0.130Al0.870,350.0,2.135828553551704e-06,0.2100000000000008,0.0,0.0,9.0,20.885461399999997,49.33450251145964,8.0,2.25333333333e-05,8.0,16.5073,1.6009,1.54,0.0,0.00055419,1.6730699999999998,3.0,4.0,220.97,76.81277968407673
Fe2(V0.9Ti0.1)Al,Fe2.000,V1.000,Ti0.091Al0.909,250.0,2.5830905562694005e-06,0.2100000000000008,0.0,0.0,9.0,20.885461399999997,36.08223442303651,8.0,2.25333333333e-05,8.0,16.49911,1.60363,1.54,0.0,0.0004053231,1.63,3.0,4.0,222.179,76.77341756496028
Fe2(V0.9Ti0.1)Al,Fe2.000,V1.000,Ti0.091Al0.909,300.0,2.883652375872396e-06,0.2100000000000008,0.0,0.0,9.0,20.885461399999997,36.08223442303651,8.0,2.25333333333e-05,8.0,16.49911,1.60363,1.54,0.0,0.0004053231,1.63,3.0,4.0,222.179,83.61417724690452
Fe2(V0.9Ti0.1)Al,Fe2.000,V1.000,Ti0.091Al0.909,350.0,3.1947881232330087e-06,0.2100000000000008,0.0,0.0,9.0,20.885461399999997,36.08223442303651,8.0,2.25333333333e-05,8.0,16.49911,1.60363,1.54,0.0,0.0004053231,1.63,3.0,4.0,222.179,88.73437683700575
Fe2(V0.8Ta0.1Ti0.1)Al,Fe2.000,V0.889Ta0.111,Ti0.091Al0.909,250.0,2.238234438148974e-06,0.2100000000000008,0.0,0.0,9.0,20.885461399999997,36.08223442303651,8.0,2.25333333333e-05,8.0,16.49911,1.60363,1.54,0.0,0.0004053231,1.61557,3.0,4.0,222.179,62.49324470989975
Fe2(V0.8Ta0.1Ti0.1)Al,Fe2.000,V0.889Ta0.111,Ti0.091Al0.909,300.0,2.462705173311268e-06,0.2100000000000008,0.0,0.0,9.0,20.885461399999997,36.08223442303651,8.0,2.25333333333e-05,8.0,16.49911,1.60363,1.54,0.0,0.0004053231,1.61557,3.0,4.0,222.179,71.7146704604407
Fe2(V0.8Ta0.1Ti0.1)Al,Fe2.000,V0.889Ta0.111,Ti0.091Al0.909,350.0,2.6974805109319067e-06,0.2100000000000008,0.0,0.0,9.0,20.885461399999997,36.08223442303651,8.0,2.25333333333e-05,8.0,16.49911,1.60363,1.54,0.0,0.0004053231,1.61557,3.0,4.0,222.179,79.06227487231563
Fe2(V0.7Ta0.2Ti0.1)Al ,Fe2.000,V0.778Ta0.222,Ti0.091Al0.909,250.0,2.0828910267180813e-06,0.2100000000000008,0.0,0.0,9.0,20.885461399999997,36.08223442303651,8.0,2.25333333333e-05,8.0,16.49911,1.60363,1.54,0.0,0.0004053231,1.60114,3.0,4.0,222.179,70.3978037446489
Fe2(V0.7Ta0.2Ti0.1)Al ,Fe2.000,V0.778Ta0.222,Ti0.091Al0.909,300.0,2.342363580096367e-06,0.2100000000000008,0.0,0.0,9.0,20.885461399999997,36.08223442303651,8.0,2.25333333333e-05,8.0,16.49911,1.60363,1.54,0.0,0.0004053231,1.60114,3.0,4.0,222.179,79.58842485236315
Fe2(V0.7Ta0.2Ti0.1)Al ,Fe2.000,V0.778Ta0.222,Ti0.091Al0.909,350.0,2.620749783889007e-06,0.2100000000000008,0.0,0.0,9.0,20.885461399999997,36.08223442303651,8.0,2.25333333333e-05,8.0,16.49911,1.60363,1.54,0.0,0.0004053231,1.60114,3.0,4.0,222.179,89.23295501011441
Fe2(V0.7W0.1Ti0.2)Al ,Fe2.000,V0.778Ti0.222,W0.091Al0.909,300.0,1.8830344632932536e-06,0.4299999999999997,0.0,2.25333333333e-05,61.0,156.8584614,2035.2659976478592,6.0,0.0,6.0,16.44087,1.6782500000000002,1.61,35.0,0.0465294374999999,1.61002,1.0,6.0,225.364,70.33456054191673
Fe2(V0.7W0.1Ti0.2)Al ,Fe2.000,V0.778Ti0.222,W0.091Al0.909,350.0,2.11822122683472e-06,0.4299999999999997,0.0,2.25333333333e-05,61.0,156.8584614,2035.2659976478592,6.0,0.0,6.0,16.44087,1.6782500000000002,1.61,35.0,0.0465294374999999,1.61002,1.0,6.0,225.364,76.25260146354451
Fe2V1.09Al0.91,Fe2.000,V1.000,Al1.000,350.0,2.3695347636301984e-06,0.0,0.0,0.0,0.0,0.0,0.0,0.0,0.0,0.0,16.48,1.61,1.61,0.0,0.0,1.63,0.0,13.0,225.0,-103.5750607563
Fe2V1.09Al0.91,Fe2.000,V1.000,Al1.000,400.0,2.6740786385485916e-06,0.0,0.0,0.0,0.0,0.0,0.0,0.0,0.0,0.0,16.48,1.61,1.61,0.0,0.0,1.63,0.0,13.0,225.0,-109.8824670096
Fe2V1.09Al0.91,Fe2.000,V1.000,Al1.000,450.0,2.965366493770431e-06,0.0,0.0,0.0,0.0,0.0,0.0,0.0,0.0,0.0,16.48,1.61,1.61,0.0,0.0,1.63,0.0,13.0,225.0,-111.8546030787
Fe2V1.09Al0.91,Fe2.000,V1.000,Al1.000,500.0,3.211361356282023e-06,0.0,0.0,0.0,0.0,0.0,0.0,0.0,0.0,0.0,16.48,1.61,1.61,0.0,0.0,1.63,0.0,13.0,225.0,-109.5253660624
Fe2V1.09Al0.91,Fe2.000,V1.000,Al1.000,550.0,3.3907094393452985e-06,0.0,0.0,0.0,0.0,0.0,0.0,0.0,0.0,0.0,16.48,1.61,1.61,0.0,0.0,1.63,0.0,13.0,225.0,-103.4714126905
Fe2V1.09Al0.91,Fe2.000,V1.000,Al1.000,600.0,3.4937971265556624e-06,0.0,0.0,0.0,0.0,0.0,0.0,0.0,0.0,0.0,16.48,1.61,1.61,0.0,0.0,1.63,0.0,13.0,225.0,-94.61343829169402
Fe2V1.09Al0.91,Fe2.000,V1.000,Al1.000,650.0,3.52380795589983e-06,0.0,0.0,0.0,0.0,0.0,0.0,0.0,0.0,0.0,16.48,1.61,1.61,0.0,0.0,1.63,0.0,13.0,225.0,-84.01745575943305
Fe2V1.09Al0.91,Fe2.000,V1.000,Al1.000,700.0,3.4977796038136976e-06,0.0,0.0,0.0,0.0,0.0,0.0,0.0,0.0,0.0,16.48,1.61,1.61,0.0,0.0,1.63,0.0,13.0,225.0,-72.69607451971844
Fe1.99V1.1Al0.91,Fe2.000,V1.000,Al1.000,350.0,2.206261217628998e-06,0.0,0.0,0.0,0.0,0.0,0.0,0.0,0.0,0.0,16.48,1.61,1.61,0.0,0.0,1.63,0.0,13.0,225.0,-99.38683191786404
Fe1.99V1.1Al0.91,Fe2.000,V1.000,Al1.000,400.0,2.521035634612884e-06,0.0,0.0,0.0,0.0,0.0,0.0,0.0,0.0,0.0,16.48,1.61,1.61,0.0,0.0,1.63,0.0,13.0,225.0,-106.5063766587
Fe1.99V1.1Al0.91,Fe2.000,V1.000,Al1.000,450.0,2.8108690329388098e-06,0.0,0.0,0.0,0.0,0.0,0.0,0.0,0.0,0.0,16.48,1.61,1.61,0.0,0.0,1.63,0.0,13.0,225.0,-110.5187705005
Fe1.99V1.1Al0.91,Fe2.000,V1.000,Al1.000,500.0,3.0751978571969385e-06,0.0,0.0,0.0,0.0,0.0,0.0,0.0,0.0,0.0,16.48,1.61,1.61,0.0,0.0,1.63,0.0,13.0,225.0,-110.0690834901
Fe1.99V1.1Al0.91,Fe2.000,V1.000,Al1.000,550.0,3.29123109458567e-06,0.0,0.0,0.0,0.0,0.0,0.0,0.0,0.0,0.0,16.48,1.61,1.61,0.0,0.0,1.63,0.0,13.0,225.0,-105.2735854252
Fe1.99V1.1Al0.91,Fe2.000,V1.000,Al1.000,600.0,3.431574227417855e-06,0.0,0.0,0.0,0.0,0.0,0.0,0.0,0.0,0.0,16.48,1.61,1.61,0.0,0.0,1.63,0.0,13.0,225.0,-97.09179900513202
Fe1.99V1.1Al0.91,Fe2.000,V1.000,Al1.000,650.0,3.481853185627148e-06,0.0,0.0,0.0,0.0,0.0,0.0,0.0,0.0,0.0,16.48,1.61,1.61,0.0,0.0,1.63,0.0,13.0,225.0,-86.69855298112266
Fe1.99V1.1Al0.91,Fe2.000,V1.000,Al1.000,700.0,3.45833829927418e-06,0.0,0.0,0.0,0.0,0.0,0.0,0.0,0.0,0.0,16.48,1.61,1.61,0.0,0.0,1.63,0.0,13.0,225.0,-74.85603530700449
Fe2.03V0.89Al1.08,Fe2.000,V1.000,Al1.000,350.0,1.4517982447937836e-06,0.0,0.0,0.0,0.0,0.0,0.0,0.0,0.0,0.0,16.48,1.61,1.61,0.0,0.0,1.63,0.0,13.0,225.0,68.6676962068218
Fe2.03V0.89Al1.08,Fe2.000,V1.000,Al1.000,400.0,1.691768290648948e-06,0.0,0.0,0.0,0.0,0.0,0.0,0.0,0.0,0.0,16.48,1.61,1.61,0.0,0.0,1.63,0.0,13.0,225.0,73.52050769809482
Fe2.03V0.89Al1.08,Fe2.000,V1.000,Al1.000,450.0,1.924354608469e-06,0.0,0.0,0.0,0.0,0.0,0.0,0.0,0.0,0.0,16.48,1.61,1.61,0.0,0.0,1.63,0.0,13.0,225.0,75.20919322146533
Fe2.03V0.89Al1.08,Fe2.000,V1.000,Al1.000,500.0,2.1232341346456227e-06,0.0,0.0,0.0,0.0,0.0,0.0,0.0,0.0,0.0,16.48,1.61,1.61,0.0,0.0,1.63,0.0,13.0,225.0,73.01654431112966
Fe2.03V0.89Al1.08,Fe2.000,V1.000,Al1.000,550.0,2.2855127058345555e-06,0.0,0.0,0.0,0.0,0.0,0.0,0.0,0.0,0.0,16.48,1.61,1.61,0.0,0.0,1.63,0.0,13.0,225.0,67.61040710529225
Fe2.03V0.89Al1.08,Fe2.000,V1.000,Al1.000,600.0,2.4164688890072453e-06,0.0,0.0,0.0,0.0,0.0,0.0,0.0,0.0,0.0,16.48,1.61,1.61,0.0,0.0,1.63,0.0,13.0,225.0,60.255424737849765
Fe2.03V0.89Al1.08,Fe2.000,V1.000,Al1.000,650.0,2.5142978115024993e-06,0.0,0.0,0.0,0.0,0.0,0.0,0.0,0.0,0.0,16.48,1.61,1.61,0.0,0.0,1.63,0.0,13.0,225.0,52.024779730076744
Fe2.03V0.89Al1.08,Fe2.000,V1.000,Al1.000,700.0,2.554854991078075e-06,0.0,0.0,0.0,0.0,0.0,0.0,0.0,0.0,0.0,16.48,1.61,1.61,0.0,0.0,1.63,0.0,13.0,225.0,43.01193638230744
Fe2.01V0.91Al1.08 ,Fe2.000,V1.000,Al1.000,350.0,1.24079815822213e-06,0.0,0.0,0.0,0.0,0.0,0.0,0.0,0.0,0.0,16.48,1.61,1.61,0.0,0.0,1.63,0.0,13.0,225.0,53.68320150293837
Fe2.01V0.91Al1.08 ,Fe2.000,V1.000,Al1.000,400.0,1.4423806103059594e-06,0.0,0.0,0.0,0.0,0.0,0.0,0.0,0.0,0.0,16.48,1.61,1.61,0.0,0.0,1.63,0.0,13.0,225.0,60.35541737871032
Fe2.01V0.91Al1.08 ,Fe2.000,V1.000,Al1.000,450.0,1.6488134019742645e-06,0.0,0.0,0.0,0.0,0.0,0.0,0.0,0.0,0.0,16.48,1.61,1.61,0.0,0.0,1.63,0.0,13.0,225.0,64.61789815886027
Fe2.01V0.91Al1.08 ,Fe2.000,V1.000,Al1.000,500.0,1.85317853133017e-06,0.0,0.0,0.0,0.0,0.0,0.0,0.0,0.0,0.0,16.48,1.61,1.61,0.0,0.0,1.63,0.0,13.0,225.0,65.5131708097881
Fe2.01V0.91Al1.08 ,Fe2.000,V1.000,Al1.000,550.0,2.043297341780167e-06,0.0,0.0,0.0,0.0,0.0,0.0,0.0,0.0,0.0,16.48,1.61,1.61,0.0,0.0,1.63,0.0,13.0,225.0,63.13294058740319
Fe2.01V0.91Al1.08 ,Fe2.000,V1.000,Al1.000,600.0,2.206279836826463e-06,0.0,0.0,0.0,0.0,0.0,0.0,0.0,0.0,0.0,16.48,1.61,1.61,0.0,0.0,1.63,0.0,13.0,225.0,58.2314808642802
Fe2.01V0.91Al1.08 ,Fe2.000,V1.000,Al1.000,650.0,2.3330739948593984e-06,0.0,0.0,0.0,0.0,0.0,0.0,0.0,0.0,0.0,16.48,1.61,1.61,0.0,0.0,1.63,0.0,13.0,225.0,51.83902295680646
Fe2.01V0.91Al1.08 ,Fe2.000,V1.000,Al1.000,700.0,2.4230150839497743e-06,0.0,0.0,0.0,0.0,0.0,0.0,0.0,0.0,0.0,16.48,1.61,1.61,0.0,0.0,1.63,0.0,13.0,225.0,44.87514595233463
Fe2.02V0.9Al1.08,Fe2.000,V1.000,Al1.000,350.0,1.5473321401719957e-06,0.0,0.0,0.0,0.0,0.0,0.0,0.0,0.0,0.0,16.48,1.61,1.61,0.0,0.0,1.63,0.0,13.0,225.0,69.45314489245301
Fe2.02V0.9Al1.08,Fe2.000,V1.000,Al1.000,400.0,1.7725973614705546e-06,0.0,0.0,0.0,0.0,0.0,0.0,0.0,0.0,0.0,16.48,1.61,1.61,0.0,0.0,1.63,0.0,13.0,225.0,74.90330561457954
Fe2.02V0.9Al1.08,Fe2.000,V1.000,Al1.000,450.0,2.002623540100925e-06,0.0,0.0,0.0,0.0,0.0,0.0,0.0,0.0,0.0,16.48,1.61,1.61,0.0,0.0,1.63,0.0,13.0,225.0,76.17611092712114
Fe2.02V0.9Al1.08,Fe2.000,V1.000,Al1.000,500.0,2.223739365734779e-06,0.0,0.0,0.0,0.0,0.0,0.0,0.0,0.0,0.0,16.48,1.61,1.61,0.0,0.0,1.63,0.0,13.0,225.0,73.61827740354758
Fe2.02V0.9Al1.08,Fe2.000,V1.000,Al1.000,550.0,2.4147176172622124e-06,0.0,0.0,0.0,0.0,0.0,0.0,0.0,0.0,0.0,16.48,1.61,1.61,0.0,0.0,1.63,0.0,13.0,225.0,68.18435733812618
Fe2.02V0.9Al1.08,Fe2.000,V1.000,Al1.000,600.0,2.559240337903971e-06,0.0,0.0,0.0,0.0,0.0,0.0,0.0,0.0,0.0,16.48,1.61,1.61,0.0,0.0,1.63,0.0,13.0,225.0,60.946706892140455
Fe2.02V0.9Al1.08,Fe2.000,V1.000,Al1.000,650.0,2.658364010323677e-06,0.0,0.0,0.0,0.0,0.0,0.0,0.0,0.0,0.0,16.48,1.61,1.61,0.0,0.0,1.63,0.0,13.0,225.0,52.605454240111264
Fe2.02V0.9Al1.08,Fe2.000,V1.000,Al1.000,700.0,2.7429847317401616e-06,0.0,0.0,0.0,0.0,0.0,0.0,0.0,0.0,0.0,16.48,1.61,1.61,0.0,0.0,1.63,0.0,13.0,225.0,42.998467716016805
Fe2V0.96Al1.04,Fe2.000,V1.000,Al1.000,400.0,3.307045860003785e-06,0.0,0.0,0.0,0.0,0.0,0.0,0.0,0.0,0.0,16.48,1.61,1.61,0.0,0.0,1.63,0.0,13.0,225.0,85.8740225791715
Fe2V0.96Al1.04,Fe2.000,V1.000,Al1.000,450.0,3.420558993972019e-06,0.0,0.0,0.0,0.0,0.0,0.0,0.0,0.0,0.0,16.48,1.61,1.61,0.0,0.0,1.63,0.0,13.0,225.0,81.1854966669117
Fe2V0.96Al1.04,Fe2.000,V1.000,Al1.000,500.0,3.464479890942388e-06,0.0,0.0,0.0,0.0,0.0,0.0,0.0,0.0,0.0,16.48,1.61,1.61,0.0,0.0,1.63,0.0,13.0,225.0,72.55467676096613
Fe2V0.96Al1.04,Fe2.000,V1.000,Al1.000,550.0,3.4559790062854415e-06,0.0,0.0,0.0,0.0,0.0,0.0,0.0,0.0,0.0,16.48,1.61,1.61,0.0,0.0,1.63,0.0,13.0,225.0,60.67831472507368
Fe2V0.96Al1.04,Fe2.000,V1.000,Al1.000,600.0,3.42258631497436e-06,0.0,0.0,0.0,0.0,0.0,0.0,0.0,0.0,0.0,16.48,1.61,1.61,0.0,0.0,1.63,0.0,13.0,225.0,47.99075691202712
Fe2V0.96Al1.04,Fe2.000,V1.000,Al1.000,650.0,3.384474311656132e-06,0.0,0.0,0.0,0.0,0.0,0.0,0.0,0.0,0.0,16.48,1.61,1.61,0.0,0.0,1.63,0.0,13.0,225.0,36.96804296183967
Fe2V0.96Al1.04,Fe2.000,V1.000,Al1.000,700.0,3.3367410107231544e-06,0.0,0.0,0.0,0.0,0.0,0.0,0.0,0.0,0.0,16.48,1.61,1.61,0.0,0.0,1.63,0.0,13.0,225.0,28.4320045999052
Fe2V0.94Al1.06,Fe2.000,V1.000,Al1.000,350.0,2.0515007595342326e-06,0.0,0.0,0.0,0.0,0.0,0.0,0.0,0.0,0.0,16.48,1.61,1.61,0.0,0.0,1.63,0.0,13.0,225.0,67.774349344134
Fe2V0.94Al1.06,Fe2.000,V1.000,Al1.000,400.0,2.230683688985553e-06,0.0,0.0,0.0,0.0,0.0,0.0,0.0,0.0,0.0,16.48,1.61,1.61,0.0,0.0,1.63,0.0,13.0,225.0,78.51026023110438
Fe2V0.94Al1.06,Fe2.000,V1.000,Al1.000,450.0,2.3939100349310644e-06,0.0,0.0,0.0,0.0,0.0,0.0,0.0,0.0,0.0,16.48,1.61,1.61,0.0,0.0,1.63,0.0,13.0,225.0,80.20968731974902
Fe2V0.94Al1.06,Fe2.000,V1.000,Al1.000,500.0,2.554694682485523e-06,0.0,0.0,0.0,0.0,0.0,0.0,0.0,0.0,0.0,16.48,1.61,1.61,0.0,0.0,1.63,0.0,13.0,225.0,75.03131294442814
Fe2V0.94Al1.06,Fe2.000,V1.000,Al1.000,550.0,2.6932371194179824e-06,0.0,0.0,0.0,0.0,0.0,0.0,0.0,0.0,0.0,16.48,1.61,1.61,0.0,0.0,1.63,0.0,13.0,225.0,65.54465560268945
Fe2V0.94Al1.06,Fe2.000,V1.000,Al1.000,600.0,2.780107998956475e-06,0.0,0.0,0.0,0.0,0.0,0.0,0.0,0.0,0.0,16.48,1.61,1.61,0.0,0.0,1.63,0.0,13.0,225.0,54.338861791730174
Fe2V0.94Al1.06,Fe2.000,V1.000,Al1.000,650.0,2.7999357025919416e-06,0.0,0.0,0.0,0.0,0.0,0.0,0.0,0.0,0.0,16.48,1.61,1.61,0.0,0.0,1.63,0.0,13.0,225.0,43.631497844860014
Fe2V0.94Al1.06,Fe2.000,V1.000,Al1.000,700.0,2.7750929028832582e-06,0.0,0.0,0.0,0.0,0.0,0.0,0.0,0.0,0.0,16.48,1.61,1.61,0.0,0.0,1.63,0.0,13.0,225.0,34.877341767963024
Fe2V0.9Al1.1,Fe2.000,V1.000,Al1.000,400.0,1.9178392629952434e-06,0.0,0.0,0.0,0.0,0.0,0.0,0.0,0.0,0.0,16.48,1.61,1.61,0.0,0.0,1.63,0.0,13.0,225.0,66.53873925933831
Fe2V0.9Al1.1,Fe2.000,V1.000,Al1.000,450.0,2.1494128498138916e-06,0.0,0.0,0.0,0.0,0.0,0.0,0.0,0.0,0.0,16.48,1.61,1.61,0.0,0.0,1.63,0.0,13.0,225.0,71.92041974785101
Fe2V0.9Al1.1,Fe2.000,V1.000,Al1.000,500.0,2.344759986826912e-06,0.0,0.0,0.0,0.0,0.0,0.0,0.0,0.0,0.0,16.48,1.61,1.61,0.0,0.0,1.63,0.0,13.0,225.0,72.76496488654516
Fe2V0.9Al1.1,Fe2.000,V1.000,Al1.000,550.0,2.507476343710097e-06,0.0,0.0,0.0,0.0,0.0,0.0,0.0,0.0,0.0,16.48,1.61,1.61,0.0,0.0,1.63,0.0,13.0,225.0,69.93084800678437
Fe2V0.9Al1.1,Fe2.000,V1.000,Al1.000,600.0,2.65221025326253e-06,0.0,0.0,0.0,0.0,0.0,0.0,0.0,0.0,0.0,16.48,1.61,1.61,0.0,0.0,1.63,0.0,13.0,225.0,64.67028732556722
Fe2V0.9Al1.1,Fe2.000,V1.000,Al1.000,650.0,2.7845572917266253e-06,0.0,0.0,0.0,0.0,0.0,0.0,0.0,0.0,0.0,16.48,1.61,1.61,0.0,0.0,1.63,0.0,13.0,225.0,58.171490311581685
Fe2V0.9Al1.1,Fe2.000,V1.000,Al1.000,700.0,2.8809548591084497e-06,0.0,0.0,0.0,0.0,0.0,0.0,0.0,0.0,0.0,16.48,1.61,1.61,0.0,0.0,1.63,0.0,13.0,225.0,51.100898051269496
 Fe2VAl,Fe2.000,V1.000,Al1.000,400.0,7.281396763212888e-06,0.0,0.0,0.0,0.0,0.0,0.0,0.0,0.0,0.0,16.48,1.61,1.61,0.0,0.0,1.63,0.0,13.0,225.0,-7.763946367415734
 Fe2VAl,Fe2.000,V1.000,Al1.000,450.0,6.041460311031146e-06,0.0,0.0,0.0,0.0,0.0,0.0,0.0,0.0,0.0,16.48,1.61,1.61,0.0,0.0,1.63,0.0,13.0,225.0,-5.833433431855737
 Fe2VAl,Fe2.000,V1.000,Al1.000,500.0,5.193317105548826e-06,0.0,0.0,0.0,0.0,0.0,0.0,0.0,0.0,0.0,16.48,1.61,1.61,0.0,0.0,1.63,0.0,13.0,225.0,-4.797951624917988
 Fe2VAl,Fe2.000,V1.000,Al1.000,550.0,4.601548481717664e-06,0.0,0.0,0.0,0.0,0.0,0.0,0.0,0.0,0.0,16.48,1.61,1.61,0.0,0.0,1.63,0.0,13.0,225.0,-4.628119133779187
 Fe2VAl,Fe2.000,V1.000,Al1.000,600.0,4.182235254755748e-06,0.0,0.0,0.0,0.0,0.0,0.0,0.0,0.0,0.0,16.48,1.61,1.61,0.0,0.0,1.63,0.0,13.0,225.0,-4.9757267771327784
 Fe2VAl,Fe2.000,V1.000,Al1.000,650.0,3.883451913082141e-06,0.0,0.0,0.0,0.0,0.0,0.0,0.0,0.0,0.0,16.48,1.61,1.61,0.0,0.0,1.63,0.0,13.0,225.0,-5.495928927031976
 Fe2VAl,Fe2.000,V1.000,Al1.000,700.0,3.665760811252282e-06,0.0,0.0,0.0,0.0,0.0,0.0,0.0,0.0,0.0,16.48,1.61,1.61,0.0,0.0,1.63,0.0,13.0,225.0,-6.169434430728738
Fe2V1.04Al0.96,Fe2.000,V1.000,Al1.000,400.0,5.070487542589243e-06,0.0,0.0,0.0,0.0,0.0,0.0,0.0,0.0,0.0,16.48,1.61,1.61,0.0,0.0,1.63,0.0,13.0,225.0,-131.7324758521
Fe2V1.04Al0.96,Fe2.000,V1.000,Al1.000,450.0,5.028012829810294e-06,0.0,0.0,0.0,0.0,0.0,0.0,0.0,0.0,0.0,16.48,1.61,1.61,0.0,0.0,1.63,0.0,13.0,225.0,-115.4767385609
Fe2V1.04Al0.96,Fe2.000,V1.000,Al1.000,500.0,4.86250697824699e-06,0.0,0.0,0.0,0.0,0.0,0.0,0.0,0.0,0.0,16.48,1.61,1.61,0.0,0.0,1.63,0.0,13.0,225.0,-97.38211993331656
Fe2V1.04Al0.96,Fe2.000,V1.000,Al1.000,550.0,4.617778229207399e-06,0.0,0.0,0.0,0.0,0.0,0.0,0.0,0.0,0.0,16.48,1.61,1.61,0.0,0.0,1.63,0.0,13.0,225.0,-80.01951039838812
Fe2V1.04Al0.96,Fe2.000,V1.000,Al1.000,600.0,4.343110498913057e-06,0.0,0.0,0.0,0.0,0.0,0.0,0.0,0.0,0.0,16.48,1.61,1.61,0.0,0.0,1.63,0.0,13.0,225.0,-64.75511489357642
Fe2V1.04Al0.96,Fe2.000,V1.000,Al1.000,650.0,4.0833582565148325e-06,0.0,0.0,0.0,0.0,0.0,0.0,0.0,0.0,0.0,16.48,1.61,1.61,0.0,0.0,1.63,0.0,13.0,225.0,-52.14444540981001
Fe2V1.04Al0.96,Fe2.000,V1.000,Al1.000,700.0,3.869041402108613e-06,0.0,0.0,0.0,0.0,0.0,0.0,0.0,0.0,0.0,16.48,1.61,1.61,0.0,0.0,1.63,0.0,13.0,225.0,-42.32631353681606
Fe2V1.06Al0.94,Fe2.000,V1.000,Al1.000,400.0,4.017103424533703e-06,0.0,0.0,0.0,0.0,0.0,0.0,0.0,0.0,0.0,16.48,1.61,1.61,0.0,0.0,1.63,0.0,13.0,225.0,-135.3157068995
Fe2V1.06Al0.94,Fe2.000,V1.000,Al1.000,450.0,4.216854282470176e-06,0.0,0.0,0.0,0.0,0.0,0.0,0.0,0.0,0.0,16.48,1.61,1.61,0.0,0.0,1.63,0.0,13.0,225.0,-128.93512860759998
Fe2V1.06Al0.94,Fe2.000,V1.000,Al1.000,500.0,4.2868127347900115e-06,0.0,0.0,0.0,0.0,0.0,0.0,0.0,0.0,0.0,16.48,1.61,1.61,0.0,0.0,1.63,0.0,13.0,225.0,-118.4583517328
Fe2V1.06Al0.94,Fe2.000,V1.000,Al1.000,550.0,4.254019202716447e-06,0.0,0.0,0.0,0.0,0.0,0.0,0.0,0.0,0.0,16.48,1.61,1.61,0.0,0.0,1.63,0.0,13.0,225.0,-104.2967677242
Fe2V1.06Al0.94,Fe2.000,V1.000,Al1.000,600.0,4.156906067565178e-06,0.0,0.0,0.0,0.0,0.0,0.0,0.0,0.0,0.0,16.48,1.61,1.61,0.0,0.0,1.63,0.0,13.0,225.0,-88.3447251800362
Fe2V1.06Al0.94,Fe2.000,V1.000,Al1.000,650.0,4.022576213310747e-06,0.0,0.0,0.0,0.0,0.0,0.0,0.0,0.0,0.0,16.48,1.61,1.61,0.0,0.0,1.63,0.0,13.0,225.0,-72.95895642531451
Fe2V1.06Al0.94,Fe2.000,V1.000,Al1.000,700.0,3.844081569153051e-06,0.0,0.0,0.0,0.0,0.0,0.0,0.0,0.0,0.0,16.48,1.61,1.61,0.0,0.0,1.63,0.0,13.0,225.0,-59.93800409030237
Fe2V1.1Al0.9,Fe2.000,V1.000,Al1.000,400.0,3.0280324769299644e-06,0.0,0.0,0.0,0.0,0.0,0.0,0.0,0.0,0.0,16.48,1.61,1.61,0.0,0.0,1.63,0.0,13.0,225.0,-106.5716721295
Fe2V1.1Al0.9,Fe2.000,V1.000,Al1.000,450.0,3.298961156545585e-06,0.0,0.0,0.0,0.0,0.0,0.0,0.0,0.0,0.0,16.48,1.61,1.61,0.0,0.0,1.63,0.0,13.0,225.0,-112.7285491048
Fe2V1.1Al0.9,Fe2.000,V1.000,Al1.000,500.0,3.5117401538711904e-06,0.0,0.0,0.0,0.0,0.0,0.0,0.0,0.0,0.0,16.48,1.61,1.61,0.0,0.0,1.63,0.0,13.0,225.0,-112.5238469582
Fe2V1.1Al0.9,Fe2.000,V1.000,Al1.000,550.0,3.649811486342139e-06,0.0,0.0,0.0,0.0,0.0,0.0,0.0,0.0,0.0,16.48,1.61,1.61,0.0,0.0,1.63,0.0,13.0,225.0,-106.0396742005
Fe2V1.1Al0.9,Fe2.000,V1.000,Al1.000,600.0,3.716152896111051e-06,0.0,0.0,0.0,0.0,0.0,0.0,0.0,0.0,0.0,16.48,1.61,1.61,0.0,0.0,1.63,0.0,13.0,225.0,-95.93731260294564
Fe2V1.1Al0.9,Fe2.000,V1.000,Al1.000,650.0,3.7248997871847496e-06,0.0,0.0,0.0,0.0,0.0,0.0,0.0,0.0,0.0,16.48,1.61,1.61,0.0,0.0,1.63,0.0,13.0,225.0,-85.38944349372086
Fe2V1.1Al0.9,Fe2.000,V1.000,Al1.000,700.0,3.69296716256082e-06,0.0,0.0,0.0,0.0,0.0,0.0,0.0,0.0,0.0,16.48,1.61,1.61,0.0,0.0,1.63,0.0,13.0,225.0,-76.01237405418897
Fe2VAl,Fe2.000,V1.000,Al1.000,50.0,2.248551395312322e-05,0.0,0.0,0.0,0.0,0.0,0.0,0.0,0.0,0.0,16.48,1.61,1.61,0.0,0.0,1.63,0.0,13.0,225.0,11.339872355133735
Fe2VAl,Fe2.000,V1.000,Al1.000,100.0,1.9928934919806872e-05,0.0,0.0,0.0,0.0,0.0,0.0,0.0,0.0,0.0,16.48,1.61,1.61,0.0,0.0,1.63,0.0,13.0,225.0,17.497694003888842
Fe2VAl,Fe2.000,V1.000,Al1.000,150.0,1.750715970407819e-05,0.0,0.0,0.0,0.0,0.0,0.0,0.0,0.0,0.0,16.48,1.61,1.61,0.0,0.0,1.63,0.0,13.0,225.0,23.71910602315858
Fe2VAl,Fe2.000,V1.000,Al1.000,200.0,1.5097235921000568e-05,0.0,0.0,0.0,0.0,0.0,0.0,0.0,0.0,0.0,16.48,1.61,1.61,0.0,0.0,1.63,0.0,13.0,225.0,30.560615252516563
Fe2VAl,Fe2.000,V1.000,Al1.000,250.0,1.2578157552240896e-05,0.0,0.0,0.0,0.0,0.0,0.0,0.0,0.0,0.0,16.48,1.61,1.61,0.0,0.0,1.63,0.0,13.0,225.0,36.714827453096795
Fe2VAl0.98Si0.02,Fe2.000,V1.000,Al0.980Si0.020,50.0,7.82989820131809e-06,3.960000000000001,0.0117115683999999,0.0,1.0,1.103961399999999,0.0238871231447231,0.0,0.0,0.0,16.5592,1.6158,1.61,0.0,0.0016483599999999,1.63,1.0,13.0,225.04,-49.36889947796097
Fe2VAl0.98Si0.02,Fe2.000,V1.000,Al0.980Si0.020,100.0,8.406169517627639e-06,3.960000000000001,0.0117115683999999,0.0,1.0,1.103961399999999,0.0238871231447231,0.0,0.0,0.0,16.5592,1.6158,1.61,0.0,0.0016483599999999,1.63,1.0,13.0,225.04,-71.61545212705795
Fe2VAl0.98Si0.02,Fe2.000,V1.000,Al0.980Si0.020,150.0,9.341510957257014e-06,3.960000000000001,0.0117115683999999,0.0,1.0,1.103961399999999,0.0238871231447231,0.0,0.0,0.0,16.5592,1.6158,1.61,0.0,0.0016483599999999,1.63,1.0,13.0,225.04,-97.38346652628044
Fe2VAl0.98Si0.02,Fe2.000,V1.000,Al0.980Si0.020,200.0,1.0210524687063708e-05,3.960000000000001,0.0117115683999999,0.0,1.0,1.103961399999999,0.0238871231447231,0.0,0.0,0.0,16.5592,1.6158,1.61,0.0,0.0016483599999999,1.63,1.0,13.0,225.04,-116.0651580948
Fe2VAl0.98Si0.02,Fe2.000,V1.000,Al0.980Si0.020,250.0,1.0461016968876046e-05,3.960000000000001,0.0117115683999999,0.0,1.0,1.103961399999999,0.0238871231447231,0.0,0.0,0.0,16.5592,1.6158,1.61,0.0,0.0016483599999999,1.63,1.0,13.0,225.04,-111.5597527558
Fe2VAl0.95Si0.05,Fe2.000,V1.000,Al0.950Si0.050,50.0,3.623128599226906e-06,3.960000000000001,0.0283826275,0.0,1.0,1.103961399999999,0.057889711702773,0.0,0.0,0.0,16.677999999999997,1.6245,1.61,0.0,0.0039947499999999,1.63,1.0,13.0,225.1,-46.29093052791814
Fe2VAl0.95Si0.05,Fe2.000,V1.000,Al0.950Si0.050,100.0,4.277714784660058e-06,3.960000000000001,0.0283826275,0.0,1.0,1.103961399999999,0.057889711702773,0.0,0.0,0.0,16.677999999999997,1.6245,1.61,0.0,0.0039947499999999,1.63,1.0,13.0,225.1,-70.77782951588905
Fe2VAl0.95Si0.05,Fe2.000,V1.000,Al0.950Si0.050,150.0,5.181408663051693e-06,3.960000000000001,0.0283826275,0.0,1.0,1.103961399999999,0.057889711702773,0.0,0.0,0.0,16.677999999999997,1.6245,1.61,0.0,0.0039947499999999,1.63,1.0,13.0,225.1,-92.00451179405876
Fe2VAl0.95Si0.05,Fe2.000,V1.000,Al0.950Si0.050,200.0,6.19000664374162e-06,3.960000000000001,0.0283826275,0.0,1.0,1.103961399999999,0.057889711702773,0.0,0.0,0.0,16.677999999999997,1.6245,1.61,0.0,0.0039947499999999,1.63,1.0,13.0,225.1,-111.8827711907
Fe2VAl0.95Si0.05,Fe2.000,V1.000,Al0.950Si0.050,250.0,7.132736165366529e-06,3.960000000000001,0.0283826275,0.0,1.0,1.103961399999999,0.057889711702773,0.0,0.0,0.0,16.677999999999997,1.6245,1.61,0.0,0.0039947499999999,1.63,1.0,13.0,225.1,-124.4926900309
Fe2VAl0.9Si0.1,Fe2.000,V1.000,Al0.900Si0.100,50.0,2.025062200848439e-06,3.960000000000001,0.05377761,0.0,1.0,1.103961399999999,0.1096857695420962,0.0,0.0,0.0,16.876,1.639,1.61,0.0,0.0075689999999999,1.63,1.0,13.0,225.2,-37.44071943624103
Fe2VAl0.9Si0.1,Fe2.000,V1.000,Al0.900Si0.100,100.0,2.508735087154515e-06,3.960000000000001,0.05377761,0.0,1.0,1.103961399999999,0.1096857695420962,0.0,0.0,0.0,16.876,1.639,1.61,0.0,0.0075689999999999,1.63,1.0,13.0,225.2,-60.09540168761164
Fe2VAl0.9Si0.1,Fe2.000,V1.000,Al0.900Si0.100,150.0,3.1897541949534745e-06,3.960000000000001,0.05377761,0.0,1.0,1.103961399999999,0.1096857695420962,0.0,0.0,0.0,16.876,1.639,1.61,0.0,0.0075689999999999,1.63,1.0,13.0,225.2,-80.76459380121642
Fe2VAl0.9Si0.1,Fe2.000,V1.000,Al0.900Si0.100,200.0,4.052029758303652e-06,3.960000000000001,0.05377761,0.0,1.0,1.103961399999999,0.1096857695420962,0.0,0.0,0.0,16.876,1.639,1.61,0.0,0.0075689999999999,1.63,1.0,13.0,225.2,-97.40408088409905
Fe2VAl0.9Si0.1,Fe2.000,V1.000,Al0.900Si0.100,250.0,5.068156852248934e-06,3.960000000000001,0.05377761,0.0,1.0,1.103961399999999,0.1096857695420962,0.0,0.0,0.0,16.876,1.639,1.61,0.0,0.0075689999999999,1.63,1.0,13.0,225.2,-108.5374353146
Fe2VAl0.8Si0.2,Fe2.000,V1.000,Al0.800Si0.200,50.0,1.136050977696824e-06,3.960000000000001,0.09560464,0.0,1.0,1.103961399999999,0.1949969236303933,0.0,0.0,0.0,17.272000000000002,1.668,1.61,0.0,0.0134559999999999,1.63,1.0,13.0,225.4,-15.228185006326363
Fe2VAl0.8Si0.2,Fe2.000,V1.000,Al0.800Si0.200,100.0,1.7306818752910725e-06,3.960000000000001,0.09560464,0.0,1.0,1.103961399999999,0.1949969236303933,0.0,0.0,0.0,17.272000000000002,1.668,1.61,0.0,0.0134559999999999,1.63,1.0,13.0,225.4,-31.144738957764694
Fe2VAl0.8Si0.2,Fe2.000,V1.000,Al0.800Si0.200,150.0,2.5205843039824904e-06,3.960000000000001,0.09560464,0.0,1.0,1.103961399999999,0.1949969236303933,0.0,0.0,0.0,17.272000000000002,1.668,1.61,0.0,0.0134559999999999,1.63,1.0,13.0,225.4,-42.33401665729205
Fe2VAl0.8Si0.2,Fe2.000,V1.000,Al0.800Si0.200,200.0,3.3894461120323898e-06,3.960000000000001,0.09560464,0.0,1.0,1.103961399999999,0.1949969236303933,0.0,0.0,0.0,17.272000000000002,1.668,1.61,0.0,0.0134559999999999,1.63,1.0,13.0,225.4,-50.951860060620376
Fe2VAl0.8Si0.2,Fe2.000,V1.000,Al0.800Si0.200,250.0,4.321886203776497e-06,3.960000000000001,0.09560464,0.0,1.0,1.103961399999999,0.1949969236303933,0.0,0.0,0.0,17.272000000000002,1.668,1.61,0.0,0.0134559999999999,1.63,1.0,13.0,225.4,-59.00783514866648
Fe2VAl0.7Si0.3,Fe2.000,V1.000,Al0.700Si0.300,50.0,9.422484880139862e-07,3.960000000000001,0.12548109,0.0,1.0,1.103961399999999,0.2559334622648913,0.0,0.0,0.0,17.668,1.697,1.61,0.0,0.0176609999999999,1.63,1.0,13.0,225.6,-15.22815476603266
Fe2VAl0.7Si0.3,Fe2.000,V1.000,Al0.700Si0.300,100.0,1.4638273929732232e-06,3.960000000000001,0.12548109,0.0,1.0,1.103961399999999,0.2559334622648913,0.0,0.0,0.0,17.668,1.697,1.61,0.0,0.0176609999999999,1.63,1.0,13.0,225.6,-30.146671180376725
Fe2VAl0.7Si0.3,Fe2.000,V1.000,Al0.700Si0.300,150.0,2.138655400479505e-06,3.960000000000001,0.12548109,0.0,1.0,1.103961399999999,0.2559334622648913,0.0,0.0,0.0,17.668,1.697,1.61,0.0,0.0176609999999999,1.63,1.0,13.0,225.6,-38.54607898312451
Fe2VAl0.7Si0.3,Fe2.000,V1.000,Al0.700Si0.300,200.0,2.8792298629164155e-06,3.960000000000001,0.12548109,0.0,1.0,1.103961399999999,0.2559334622648913,0.0,0.0,0.0,17.668,1.697,1.61,0.0,0.0176609999999999,1.63,1.0,13.0,225.6,-44.36596477491854
Fe2VAl0.7Si0.3,Fe2.000,V1.000,Al0.700Si0.300,250.0,3.6836252789225648e-06,3.960000000000001,0.12548109,0.0,1.0,1.103961399999999,0.2559334622648913,0.0,0.0,0.0,17.668,1.697,1.61,0.0,0.0176609999999999,1.63,1.0,13.0,225.6,-51.46945980500205
Fe2VAl0.6Si0.4,Fe2.000,V1.000,Al0.600Si0.400,50.0,8.573709793766169e-07,3.960000000000001,0.14340696,0.0,1.0,1.103961399999999,0.29249538544559,0.0,0.0,0.0,18.064,1.726,1.61,0.0,0.0201839999999999,1.63,1.0,13.0,225.8,-15.218264031123065
Fe2VAl0.6Si0.4,Fe2.000,V1.000,Al0.600Si0.400,100.0,1.175207438158618e-06,3.960000000000001,0.14340696,0.0,1.0,1.103961399999999,0.29249538544559,0.0,0.0,0.0,18.064,1.726,1.61,0.0,0.0201839999999999,1.63,1.0,13.0,225.8,-29.1623196781929
Fe2VAl0.6Si0.4,Fe2.000,V1.000,Al0.600Si0.400,150.0,1.5747210095721051e-06,3.960000000000001,0.14340696,0.0,1.0,1.103961399999999,0.29249538544559,0.0,0.0,0.0,18.064,1.726,1.61,0.0,0.0201839999999999,1.63,1.0,13.0,225.8,-37.76699770787221
Fe2VAl0.6Si0.4,Fe2.000,V1.000,Al0.600Si0.400,200.0,1.99985692875412e-06,3.960000000000001,0.14340696,0.0,1.0,1.103961399999999,0.29249538544559,0.0,0.0,0.0,18.064,1.726,1.61,0.0,0.0201839999999999,1.63,1.0,13.0,225.8,-43.46408956453865
Fe2VAl0.6Si0.4,Fe2.000,V1.000,Al0.600Si0.400,250.0,2.426811071388119e-06,3.960000000000001,0.14340696,0.0,1.0,1.103961399999999,0.29249538544559,0.0,0.0,0.0,18.064,1.726,1.61,0.0,0.0201839999999999,1.63,1.0,13.0,225.8,-48.46845516371886
Fe2VAl0.5Si0.5,Fe2.000,V1.000,Al0.500Si0.500,50.0,8.283508566255803e-07,3.960000000000001,0.14938225,0.0,1.0,1.103961399999999,0.3046826931724896,0.0,0.0,0.0,18.46,1.755,1.61,0.0,0.0210249999999999,1.63,1.0,13.0,226.0,-17.374276183687808
Fe2VAl0.5Si0.5,Fe2.000,V1.000,Al0.500Si0.500,100.0,1.1209796236045177e-06,3.960000000000001,0.14938225,0.0,1.0,1.103961399999999,0.3046826931724896,0.0,0.0,0.0,18.46,1.755,1.61,0.0,0.0210249999999999,1.63,1.0,13.0,226.0,-31.207939866224073
Fe2VAl0.5Si0.5,Fe2.000,V1.000,Al0.500Si0.500,150.0,1.4517123935508645e-06,3.960000000000001,0.14938225,0.0,1.0,1.103961399999999,0.3046826931724896,0.0,0.0,0.0,18.46,1.755,1.61,0.0,0.0210249999999999,1.63,1.0,13.0,226.0,-37.54822039227809
Fe2VAl0.5Si0.5,Fe2.000,V1.000,Al0.500Si0.500,200.0,1.7903185588290418e-06,3.960000000000001,0.14938225,0.0,1.0,1.103961399999999,0.3046826931724896,0.0,0.0,0.0,18.46,1.755,1.61,0.0,0.0210249999999999,1.63,1.0,13.0,226.0,-41.79400949890001
Fe2VAl0.5Si0.5,Fe2.000,V1.000,Al0.500Si0.500,250.0,2.14425668127466e-06,3.960000000000001,0.14938225,0.0,1.0,1.103961399999999,0.3046826931724896,0.0,0.0,0.0,18.46,1.755,1.61,0.0,0.0210249999999999,1.63,1.0,13.0,226.0,-47.77640369380683
Co2TiAl0.25Si0.75,Co2.000,Ti1.000,Al0.250Si0.750,50.0,1.3605698852296792e-06,3.960000000000001,0.1120366875,0.0,1.0,1.103961399999999,0.2285120198793672,0.0,0.0,0.0,19.450000000000003,1.8275,1.61,0.0,0.0157687499999999,1.54,1.0,13.0,226.5,-1.1447340857967516
Co2TiAl0.25Si0.75,Co2.000,Ti1.000,Al0.250Si0.750,100.0,1.524396250389732e-06,3.960000000000001,0.1120366875,0.0,1.0,1.103961399999999,0.2285120198793672,0.0,0.0,0.0,19.450000000000003,1.8275,1.61,0.0,0.0157687499999999,1.54,1.0,13.0,226.5,-2.694838644826806
Co2TiAl0.25Si0.75,Co2.000,Ti1.000,Al0.250Si0.750,150.0,1.797393389139963e-06,3.960000000000001,0.1120366875,0.0,1.0,1.103961399999999,0.2285120198793672,0.0,0.0,0.0,19.450000000000003,1.8275,1.61,0.0,0.0157687499999999,1.54,1.0,13.0,226.5,-7.681396646105466
Co2TiAl0.25Si0.75,Co2.000,Ti1.000,Al0.250Si0.750,200.0,2.1142221677345525e-06,3.960000000000001,0.1120366875,0.0,1.0,1.103961399999999,0.2285120198793672,0.0,0.0,0.0,19.450000000000003,1.8275,1.61,0.0,0.0157687499999999,1.54,1.0,13.0,226.5,-14.266324644346923
Co2TiAl0.25Si0.75,Co2.000,Ti1.000,Al0.250Si0.750,250.0,2.427294413440813e-06,3.960000000000001,0.1120366875,0.0,1.0,1.103961399999999,0.2285120198793672,0.0,0.0,0.0,19.450000000000003,1.8275,1.61,0.0,0.0157687499999999,1.54,1.0,13.0,226.5,-21.11043237734296
Co2TiAl0.25Si0.75,Co2.000,Ti1.000,Al0.250Si0.750,300.0,2.704603949651588e-06,3.960000000000001,0.1120366875,0.0,1.0,1.103961399999999,0.2285120198793672,0.0,0.0,0.0,19.450000000000003,1.8275,1.61,0.0,0.0157687499999999,1.54,1.0,13.0,226.5,-27.310179177847026
Co2TiAl0.25Si0.75,Co2.000,Ti1.000,Al0.250Si0.750,350.0,2.9275576309976485e-06,3.960000000000001,0.1120366875,0.0,1.0,1.103961399999999,0.2285120198793672,0.0,0.0,0.0,19.450000000000003,1.8275,1.61,0.0,0.0157687499999999,1.54,1.0,13.0,226.5,-32.334430385458376
Co2TiAl0.25Si0.75,Co2.000,Ti1.000,Al0.250Si0.750,400.0,3.0888063784600948e-06,3.960000000000001,0.1120366875,0.0,1.0,1.103961399999999,0.2285120198793672,0.0,0.0,0.0,19.450000000000003,1.8275,1.61,0.0,0.0157687499999999,1.54,1.0,13.0,226.5,-35.961213758506084
Co2TiAl0.25Si0.75,Co2.000,Ti1.000,Al0.250Si0.750,450.0,3.1900762144827542e-06,3.960000000000001,0.1120366875,0.0,1.0,1.103961399999999,0.2285120198793672,0.0,0.0,0.0,19.450000000000003,1.8275,1.61,0.0,0.0157687499999999,1.54,1.0,13.0,226.5,-38.214475885933226
Co2TiAl0.25Si0.75,Co2.000,Ti1.000,Al0.250Si0.750,500.0,3.239999298084577e-06,3.960000000000001,0.1120366875,0.0,1.0,1.103961399999999,0.2285120198793672,0.0,0.0,0.0,19.450000000000003,1.8275,1.61,0.0,0.0157687499999999,1.54,1.0,13.0,226.5,-39.30083859918115
Co2TiAl0.25Si0.75,Co2.000,Ti1.000,Al0.250Si0.750,550.0,3.2519449599720375e-06,3.960000000000001,0.1120366875,0.0,1.0,1.103961399999999,0.2285120198793672,0.0,0.0,0.0,19.450000000000003,1.8275,1.61,0.0,0.0157687499999999,1.54,1.0,13.0,226.5,-39.54635538407303
Co2TiAl0.25Si0.75,Co2.000,Ti1.000,Al0.250Si0.750,600.0,3.2418507376515375e-06,3.960000000000001,0.1120366875,0.0,1.0,1.103961399999999,0.2285120198793672,0.0,0.0,0.0,19.450000000000003,1.8275,1.61,0.0,0.0157687499999999,1.54,1.0,13.0,226.5,-39.33326779269862
Co2TiAl0.25Si0.75,Co2.000,Ti1.000,Al0.250Si0.750,650.0,3.226053410541791e-06,3.960000000000001,0.1120366875,0.0,1.0,1.103961399999999,0.2285120198793672,0.0,0.0,0.0,19.450000000000003,1.8275,1.61,0.0,0.0157687499999999,1.54,1.0,13.0,226.5,-39.03676185529823
Co2TiAl0.25Si0.75,Co2.000,Ti1.000,Al0.250Si0.750,700.0,3.219120035086235e-06,3.960000000000001,0.1120366875,0.0,1.0,1.103961399999999,0.2285120198793672,0.0,0.0,0.0,19.450000000000003,1.8275,1.61,0.0,0.0157687499999999,1.54,1.0,13.0,226.5,-38.961724492146224
Co2TiAl0.25Si0.75,Co2.000,Ti1.000,Al0.250Si0.750,750.0,3.231678979865429e-06,3.960000000000001,0.1120366875,0.0,1.0,1.103961399999999,0.2285120198793672,0.0,0.0,0.0,19.450000000000003,1.8275,1.61,0.0,0.0157687499999999,1.54,1.0,13.0,226.5,-39.27949992543591
Co2TiAl0.25Si0.75,Co2.000,Ti1.000,Al0.250Si0.750,800.0,3.2682509607094546e-06,3.960000000000001,0.1120366875,0.0,1.0,1.103961399999999,0.2285120198793672,0.0,0.0,0.0,19.450000000000003,1.8275,1.61,0.0,0.0157687499999999,1.54,1.0,13.0,226.5,-39.96464609116319
Co2TiAl0.25Si0.75,Co2.000,Ti1.000,Al0.250Si0.750,850.0,3.325080075810297e-06,3.960000000000001,0.1120366875,0.0,1.0,1.103961399999999,0.2285120198793672,0.0,0.0,0.0,19.450000000000003,1.8275,1.61,0.0,0.0157687499999999,1.54,1.0,13.0,226.5,-40.731691051010976
Co2TiAl0.5Si0.5,Co2.000,Ti1.000,Al0.500Si0.500,50.0,6.883435291165553e-07,3.960000000000001,0.14938225,0.0,1.0,1.103961399999999,0.3046826931724896,0.0,0.0,0.0,18.46,1.755,1.61,0.0,0.0210249999999999,1.54,1.0,13.0,226.0,-4.616059702465129
Co2TiAl0.5Si0.5,Co2.000,Ti1.000,Al0.500Si0.500,100.0,8.759385743832472e-07,3.960000000000001,0.14938225,0.0,1.0,1.103961399999999,0.3046826931724896,0.0,0.0,0.0,18.46,1.755,1.61,0.0,0.0210249999999999,1.54,1.0,13.0,226.0,-5.943302325578496
Co2TiAl0.5Si0.5,Co2.000,Ti1.000,Al0.500Si0.500,150.0,1.1146417871726166e-06,3.960000000000001,0.14938225,0.0,1.0,1.103961399999999,0.3046826931724896,0.0,0.0,0.0,18.46,1.755,1.61,0.0,0.0210249999999999,1.54,1.0,13.0,226.0,-10.406831164376156
Co2TiAl0.5Si0.5,Co2.000,Ti1.000,Al0.500Si0.500,200.0,1.3669672144569498e-06,3.960000000000001,0.14938225,0.0,1.0,1.103961399999999,0.3046826931724896,0.0,0.0,0.0,18.46,1.755,1.61,0.0,0.0210249999999999,1.54,1.0,13.0,226.0,-16.20332006317774
Co2TiAl0.5Si0.5,Co2.000,Ti1.000,Al0.500Si0.500,250.0,1.6062128935747303e-06,3.960000000000001,0.14938225,0.0,1.0,1.103961399999999,0.3046826931724896,0.0,0.0,0.0,18.46,1.755,1.61,0.0,0.0210249999999999,1.54,1.0,13.0,226.0,-22.05945180380728
Co2TiAl0.5Si0.5,Co2.000,Ti1.000,Al0.500Si0.500,300.0,1.815098925587265e-06,3.960000000000001,0.14938225,0.0,1.0,1.103961399999999,0.3046826931724896,0.0,0.0,0.0,18.46,1.755,1.61,0.0,0.0210249999999999,1.54,1.0,13.0,226.0,-27.158797094754892
Co2TiAl0.5Si0.5,Co2.000,Ti1.000,Al0.500Si0.500,350.0,1.9844055486353084e-06,3.960000000000001,0.14938225,0.0,1.0,1.103961399999999,0.3046826931724896,0.0,0.0,0.0,18.46,1.755,1.61,0.0,0.0210249999999999,1.54,1.0,13.0,226.0,-31.068693560338517
Co2TiAl0.5Si0.5,Co2.000,Ti1.000,Al0.500Si0.500,400.0,2.1116112112956902e-06,3.960000000000001,0.14938225,0.0,1.0,1.103961399999999,0.3046826931724896,0.0,0.0,0.0,18.46,1.755,1.61,0.0,0.0210249999999999,1.54,1.0,13.0,226.0,-33.66712472986557
Co2TiAl0.5Si0.5,Co2.000,Ti1.000,Al0.500Si0.500,450.0,2.199530645937942e-06,3.960000000000001,0.14938225,0.0,1.0,1.103961399999999,0.3046826931724896,0.0,0.0,0.0,18.46,1.755,1.61,0.0,0.0210249999999999,1.54,1.0,13.0,226.0,-35.06959902679482
Co2TiAl0.5Si0.5,Co2.000,Ti1.000,Al0.500Si0.500,500.0,2.2549529420809194e-06,3.960000000000001,0.14938225,0.0,1.0,1.103961399999999,0.3046826931724896,0.0,0.0,0.0,18.46,1.755,1.61,0.0,0.0210249999999999,1.54,1.0,13.0,226.0,-35.556028757897856
Co2TiAl0.5Si0.5,Co2.000,Ti1.000,Al0.500Si0.500,550.0,2.2872796197494297e-06,3.960000000000001,0.14938225,0.0,1.0,1.103961399999999,0.3046826931724896,0.0,0.0,0.0,18.46,1.755,1.61,0.0,0.0210249999999999,1.54,1.0,13.0,226.0,-35.49760910242098
Co2TiAl0.5Si0.5,Co2.000,Ti1.000,Al0.500Si0.500,600.0,2.3071627028308573e-06,3.960000000000001,0.14938225,0.0,1.0,1.103961399999999,0.3046826931724896,0.0,0.0,0.0,18.46,1.755,1.61,0.0,0.0210249999999999,1.54,1.0,13.0,226.0,-35.28369710124685
Co2TiAl0.5Si0.5,Co2.000,Ti1.000,Al0.500Si0.500,650.0,2.3251427924317896e-06,3.960000000000001,0.14938225,0.0,1.0,1.103961399999999,0.3046826931724896,0.0,0.0,0.0,18.46,1.755,1.61,0.0,0.0210249999999999,1.54,1.0,13.0,226.0,-35.24869064605619
Co2TiAl0.5Si0.5,Co2.000,Ti1.000,Al0.500Si0.500,700.0,2.3502871402346465e-06,3.960000000000001,0.14938225,0.0,1.0,1.103961399999999,0.3046826931724896,0.0,0.0,0.0,18.46,1.755,1.61,0.0,0.0210249999999999,1.54,1.0,13.0,226.0,-35.598907468489465
Co2TiAl0.5Si0.5,Co2.000,Ti1.000,Al0.500Si0.500,750.0,2.3888277218543026e-06,3.960000000000001,0.14938225,0.0,1.0,1.103961399999999,0.3046826931724896,0.0,0.0,0.0,18.46,1.755,1.61,0.0,0.0210249999999999,1.54,1.0,13.0,226.0,-36.33946412930871
Co2TiAl0.5Si0.5,Co2.000,Ti1.000,Al0.500Si0.500,800.0,2.4427993101947057e-06,3.960000000000001,0.14938225,0.0,1.0,1.103961399999999,0.3046826931724896,0.0,0.0,0.0,18.46,1.755,1.61,0.0,0.0210249999999999,1.54,1.0,13.0,226.0,-37.201155007559144
Co2TiAl0.5Si0.5,Co2.000,Ti1.000,Al0.500Si0.500,850.0,2.5086775488055102e-06,3.960000000000001,0.14938225,0.0,1.0,1.103961399999999,0.3046826931724896,0.0,0.0,0.0,18.46,1.755,1.61,0.0,0.0210249999999999,1.54,1.0,13.0,226.0,-37.56733128973072
Co2TiAl0.75Si0.25,Co2.000,Ti1.000,Al0.750Si0.250,50.0,9.335967993780892e-07,3.960000000000001,0.1120366875,0.0,1.0,1.103961399999999,0.2285120198793672,0.0,0.0,0.0,17.47,1.6825,1.61,0.0,0.0157687499999999,1.54,1.0,13.0,225.5,-4.483343590160017
Co2TiAl0.75Si0.25,Co2.000,Ti1.000,Al0.750Si0.250,100.0,1.2981812159197345e-06,3.960000000000001,0.1120366875,0.0,1.0,1.103961399999999,0.2285120198793672,0.0,0.0,0.0,17.47,1.6825,1.61,0.0,0.0157687499999999,1.54,1.0,13.0,225.5,-12.206539994013587
Co2TiAl0.75Si0.25,Co2.000,Ti1.000,Al0.750Si0.250,150.0,1.7292571706942756e-06,3.960000000000001,0.1120366875,0.0,1.0,1.103961399999999,0.2285120198793672,0.0,0.0,0.0,17.47,1.6825,1.61,0.0,0.0157687499999999,1.54,1.0,13.0,225.5,-22.33054492814688
Co2TiAl0.75Si0.25,Co2.000,Ti1.000,Al0.750Si0.250,200.0,2.1649628359955737e-06,3.960000000000001,0.1120366875,0.0,1.0,1.103961399999999,0.2285120198793672,0.0,0.0,0.0,17.47,1.6825,1.61,0.0,0.0157687499999999,1.54,1.0,13.0,225.5,-32.776793596961724
Co2TiAl0.75Si0.25,Co2.000,Ti1.000,Al0.750Si0.250,250.0,2.5624411866989325e-06,3.960000000000001,0.1120366875,0.0,1.0,1.103961399999999,0.2285120198793672,0.0,0.0,0.0,17.47,1.6825,1.61,0.0,0.0157687499999999,1.54,1.0,13.0,225.5,-42.16503323223351
Co2TiAl0.75Si0.25,Co2.000,Ti1.000,Al0.750Si0.250,300.0,2.8953402067012145e-06,3.960000000000001,0.1120366875,0.0,1.0,1.103961399999999,0.2285120198793672,0.0,0.0,0.0,17.47,1.6825,1.61,0.0,0.0157687499999999,1.54,1.0,13.0,225.5,-49.70822672097038
Co2TiAl0.75Si0.25,Co2.000,Ti1.000,Al0.750Si0.250,350.0,3.151313095360957e-06,3.960000000000001,0.1120366875,0.0,1.0,1.103961399999999,0.2285120198793672,0.0,0.0,0.0,17.47,1.6825,1.61,0.0,0.0157687499999999,1.54,1.0,13.0,225.5,-55.107456233272366
Co2TiAl0.75Si0.25,Co2.000,Ti1.000,Al0.750Si0.250,400.0,3.329518473938484e-06,3.960000000000001,0.1120366875,0.0,1.0,1.103961399999999,0.2285120198793672,0.0,0.0,0.0,17.47,1.6825,1.61,0.0,0.0157687499999999,1.54,1.0,13.0,225.5,-58.4468268501906
Co2TiAl0.75Si0.25,Co2.000,Ti1.000,Al0.750Si0.250,450.0,3.438120592036026e-06,3.960000000000001,0.1120366875,0.0,1.0,1.103961399999999,0.2285120198793672,0.0,0.0,0.0,17.47,1.6825,1.61,0.0,0.0157687499999999,1.54,1.0,13.0,225.5,-60.08837019158634
Co2TiAl0.75Si0.25,Co2.000,Ti1.000,Al0.750Si0.250,500.0,3.49178953403783e-06,3.960000000000001,0.1120366875,0.0,1.0,1.103961399999999,0.2285120198793672,0.0,0.0,0.0,17.47,1.6825,1.61,0.0,0.0157687499999999,1.54,1.0,13.0,225.5,-60.56694804399059
Co2TiAl0.75Si0.25,Co2.000,Ti1.000,Al0.750Si0.250,550.0,3.5092014255502853e-06,3.960000000000001,0.1120366875,0.0,1.0,1.103961399999999,0.2285120198793672,0.0,0.0,0.0,17.47,1.6825,1.61,0.0,0.0157687499999999,1.54,1.0,13.0,225.5,-60.48515598846249
Co2TiAl0.75Si0.25,Co2.000,Ti1.000,Al0.750Si0.250,600.0,3.5105386398420234e-06,3.960000000000001,0.1120366875,0.0,1.0,1.103961399999999,0.2285120198793672,0.0,0.0,0.0,17.47,1.6825,1.61,0.0,0.0157687499999999,1.54,1.0,13.0,225.5,-60.40822702844932
Co2TiAl0.75Si0.25,Co2.000,Ti1.000,Al0.750Si0.250,650.0,3.5149900042840474e-06,3.960000000000001,0.1120366875,0.0,1.0,1.103961399999999,0.2285120198793672,0.0,0.0,0.0,17.47,1.6825,1.61,0.0,0.0157687499999999,1.54,1.0,13.0,225.5,-60.75893521764502
Co2TiAl0.75Si0.25,Co2.000,Ti1.000,Al0.750Si0.250,700.0,3.5382510067898337e-06,3.960000000000001,0.1120366875,0.0,1.0,1.103961399999999,0.2285120198793672,0.0,0.0,0.0,17.47,1.6825,1.61,0.0,0.0157687499999999,1.54,1.0,13.0,225.5,-61.71249928784972
Co2TiAl0.75Si0.25,Co2.000,Ti1.000,Al0.750Si0.250,750.0,3.5900240022554634e-06,3.960000000000001,0.1120366875,0.0,1.0,1.103961399999999,0.2285120198793672,0.0,0.0,0.0,17.47,1.6825,1.61,0.0,0.0157687499999999,1.54,1.0,13.0,225.5,-63.091486276828626
Co2TiAl0.75Si0.25,Co2.000,Ti1.000,Al0.750Si0.250,800.0,3.671518418999724e-06,3.960000000000001,0.1120366875,0.0,1.0,1.103961399999999,0.2285120198793672,0.0,0.0,0.0,17.47,1.6825,1.61,0.0,0.0157687499999999,1.54,1.0,13.0,225.5,-64.26071515617187
Co2TiAl0.75Si0.25,Co2.000,Ti1.000,Al0.750Si0.250,850.0,3.772950965204221e-06,3.960000000000001,0.1120366875,0.0,1.0,1.103961399999999,0.2285120198793672,0.0,0.0,0.0,17.47,1.6825,1.61,0.0,0.0157687499999999,1.54,1.0,13.0,225.5,-64.02216045915297
Co2Dy0.5Mn0.5Sn,Co2.000,Dy0.500Mn0.500,Sn1.000,50.0,2.359915079554443e-06,0.0,0.0,0.000310120689655,0.0,0.0,0.0,0.0,0.0,0.0,33.285,1.96,1.96,23.0,0.0,1.385,0.0,14.0,141.0,-3.701919187402877
Co2Dy0.5Mn0.5Sn,Co2.000,Dy0.500Mn0.500,Sn1.000,100.0,2.38191495726616e-06,0.0,0.0,0.000310120689655,0.0,0.0,0.0,0.0,0.0,0.0,33.285,1.96,1.96,23.0,0.0,1.385,0.0,14.0,141.0,-5.048026987414541
Co2Dy0.5Mn0.5Sn,Co2.000,Dy0.500Mn0.500,Sn1.000,150.0,2.4450358344977852e-06,0.0,0.0,0.000310120689655,0.0,0.0,0.0,0.0,0.0,0.0,33.285,1.96,1.96,23.0,0.0,1.385,0.0,14.0,141.0,-6.316319778890984
Co2Dy0.5Mn0.5Sn,Co2.000,Dy0.500Mn0.500,Sn1.000,200.0,2.534547954414254e-06,0.0,0.0,0.000310120689655,0.0,0.0,0.0,0.0,0.0,0.0,33.285,1.96,1.96,23.0,0.0,1.385,0.0,14.0,141.0,-8.115395613982859
Co2Dy0.5Mn0.5Sn,Co2.000,Dy0.500Mn0.500,Sn1.000,250.0,2.6114598149749324e-06,0.0,0.0,0.000310120689655,0.0,0.0,0.0,0.0,0.0,0.0,33.285,1.96,1.96,23.0,0.0,1.385,0.0,14.0,141.0,-10.18656618285357
Co2Dy0.5Mn0.5Sn,Co2.000,Dy0.500Mn0.500,Sn1.000,300.0,2.6696818742274395e-06,0.0,0.0,0.000310120689655,0.0,0.0,0.0,0.0,0.0,0.0,33.285,1.96,1.96,23.0,0.0,1.385,0.0,14.0,141.0,-12.08678065061796
Co2Dy0.5Mn0.5Sn,Co2.000,Dy0.500Mn0.500,Sn1.000,350.0,2.7931902556014685e-06,0.0,0.0,0.000310120689655,0.0,0.0,0.0,0.0,0.0,0.0,33.285,1.96,1.96,23.0,0.0,1.385,0.0,14.0,141.0,-13.871549494281217
Co2MnSn,Co2.000,Mn1.000,Sn1.000,50.0,8.455474816092231e-07,0.0,0.0,0.0,0.0,0.0,0.0,0.0,0.0,0.0,33.285,1.96,1.96,0.0,0.0,1.55,0.0,14.0,141.0,-3.568239375682463
Co2MnSn,Co2.000,Mn1.000,Sn1.000,100.0,9.136583402675788e-07,0.0,0.0,0.0,0.0,0.0,0.0,0.0,0.0,0.0,33.285,1.96,1.96,0.0,0.0,1.55,0.0,14.0,141.0,-4.630561236603718
Co2MnSn,Co2.000,Mn1.000,Sn1.000,150.0,9.981828184026968e-07,0.0,0.0,0.0,0.0,0.0,0.0,0.0,0.0,0.0,33.285,1.96,1.96,0.0,0.0,1.55,0.0,14.0,141.0,-5.299664501143917
Co2MnSn,Co2.000,Mn1.000,Sn1.000,200.0,1.0853001200003289e-06,0.0,0.0,0.0,0.0,0.0,0.0,0.0,0.0,0.0,33.285,1.96,1.96,0.0,0.0,1.55,0.0,14.0,141.0,-7.065427638138443
Co2MnSn,Co2.000,Mn1.000,Sn1.000,250.0,1.1660305639757103e-06,0.0,0.0,0.0,0.0,0.0,0.0,0.0,0.0,0.0,33.285,1.96,1.96,0.0,0.0,1.55,0.0,14.0,141.0,-10.502371553742934
Co2MnSn,Co2.000,Mn1.000,Sn1.000,300.0,1.247090023755894e-06,0.0,0.0,0.0,0.0,0.0,0.0,0.0,0.0,0.0,33.285,1.96,1.96,0.0,0.0,1.55,0.0,14.0,141.0,-15.955636615024522
Co2MnSn,Co2.000,Mn1.000,Sn1.000,350.0,1.3617443668620765e-06,0.0,0.0,0.0,0.0,0.0,0.0,0.0,0.0,0.0,33.285,1.96,1.96,0.0,0.0,1.55,0.0,14.0,141.0,-24.226959673553058
DyPd2Bi,Pd2.000,Dy1.000,Bi1.000,50.0,2.4357014784879396e-06,0.0,0.0,0.0,0.0,0.0,0.0,0.0,0.0,0.0,32.95,2.02,2.02,0.0,0.0,1.22,0.0,15.0,12.0,10.571676398244232
DyPd2Bi,Pd2.000,Dy1.000,Bi1.000,100.0,2.0918705525137595e-06,0.0,0.0,0.0,0.0,0.0,0.0,0.0,0.0,0.0,32.95,2.02,2.02,0.0,0.0,1.22,0.0,15.0,12.0,10.424939253968056
DyPd2Bi,Pd2.000,Dy1.000,Bi1.000,150.0,1.4921017770030585e-06,0.0,0.0,0.0,0.0,0.0,0.0,0.0,0.0,0.0,32.95,2.02,2.02,0.0,0.0,1.22,0.0,15.0,12.0,5.623813856977568
DyPd2Bi,Pd2.000,Dy1.000,Bi1.000,200.0,1.0762832622411626e-06,0.0,0.0,0.0,0.0,0.0,0.0,0.0,0.0,0.0,32.95,2.02,2.02,0.0,0.0,1.22,0.0,15.0,12.0,2.512287038791579
DyPd2Bi,Pd2.000,Dy1.000,Bi1.000,250.0,1.0786658571455167e-06,0.0,0.0,0.0,0.0,0.0,0.0,0.0,0.0,0.0,32.95,2.02,2.02,0.0,0.0,1.22,0.0,15.0,12.0,3.028137204374178
Fe2VAl0.9Si0.1,Fe2.000,V1.000,Al0.900Si0.100,350.0,4.70455916406954e-06,3.960000000000001,0.05377761,0.0,1.0,1.103961399999999,0.1096857695420962,0.0,0.0,0.0,16.876,1.639,1.61,0.0,0.0075689999999999,1.63,1.0,13.0,225.2,-142.7146128824
Fe2VAl0.9Si0.1,Fe2.000,V1.000,Al0.900Si0.100,400.0,4.6724201769970085e-06,3.960000000000001,0.05377761,0.0,1.0,1.103961399999999,0.1096857695420962,0.0,0.0,0.0,16.876,1.639,1.61,0.0,0.0075689999999999,1.63,1.0,13.0,225.2,-130.44454112030002
Fe2VAl0.9Si0.1,Fe2.000,V1.000,Al0.900Si0.100,450.0,4.531311130140194e-06,3.960000000000001,0.05377761,0.0,1.0,1.103961399999999,0.1096857695420962,0.0,0.0,0.0,16.876,1.639,1.61,0.0,0.0075689999999999,1.63,1.0,13.0,225.2,-107.3944992234
Fe2VAl0.9Si0.1,Fe2.000,V1.000,Al0.900Si0.100,500.0,4.380282980498784e-06,3.960000000000001,0.05377761,0.0,1.0,1.103961399999999,0.1096857695420962,0.0,0.0,0.0,16.876,1.639,1.61,0.0,0.0075689999999999,1.63,1.0,13.0,225.2,-84.41591954405897
Fe2VAl0.9Si0.1,Fe2.000,V1.000,Al0.900Si0.100,550.0,4.204445614208147e-06,3.960000000000001,0.05377761,0.0,1.0,1.103961399999999,0.1096857695420962,0.0,0.0,0.0,16.876,1.639,1.61,0.0,0.0075689999999999,1.63,1.0,13.0,225.2,-66.03604371041875
Fe2VAl0.9Si0.1,Fe2.000,V1.000,Al0.900Si0.100,600.0,3.951863478641307e-06,3.960000000000001,0.05377761,0.0,1.0,1.103961399999999,0.1096857695420962,0.0,0.0,0.0,16.876,1.639,1.61,0.0,0.0075689999999999,1.63,1.0,13.0,225.2,-52.631841099101855
Fe2VAl0.9Si0.1,Fe2.000,V1.000,Al0.900Si0.100,650.0,3.610451214511163e-06,3.960000000000001,0.05377761,0.0,1.0,1.103961399999999,0.1096857695420962,0.0,0.0,0.0,16.876,1.639,1.61,0.0,0.0075689999999999,1.63,1.0,13.0,225.2,-42.60392730784075
Fe2VAl0.9Si0.1,Fe2.000,V1.000,Al0.900Si0.100,700.0,3.284869287971688e-06,3.960000000000001,0.05377761,0.0,1.0,1.103961399999999,0.1096857695420962,0.0,0.0,0.0,16.876,1.639,1.61,0.0,0.0075689999999999,1.63,1.0,13.0,225.2,-34.55048262810366
Fe2VAl0.9Si0.1,Fe2.000,V1.000,Al0.900Si0.100,350.0,5.426226259994334e-06,3.960000000000001,0.05377761,0.0,1.0,1.103961399999999,0.1096857695420962,0.0,0.0,0.0,16.876,1.639,1.61,0.0,0.0075689999999999,1.63,1.0,13.0,225.2,-125.9667218997
Fe2VAl0.9Si0.1,Fe2.000,V1.000,Al0.900Si0.100,400.0,5.485852029553084e-06,3.960000000000001,0.05377761,0.0,1.0,1.103961399999999,0.1096857695420962,0.0,0.0,0.0,16.876,1.639,1.61,0.0,0.0075689999999999,1.63,1.0,13.0,225.2,-112.9019203273
Fe2VAl0.9Si0.1,Fe2.000,V1.000,Al0.900Si0.100,450.0,5.418253359390394e-06,3.960000000000001,0.05377761,0.0,1.0,1.103961399999999,0.1096857695420962,0.0,0.0,0.0,16.876,1.639,1.61,0.0,0.0075689999999999,1.63,1.0,13.0,225.2,-93.65270835583932
Fe2VAl0.9Si0.1,Fe2.000,V1.000,Al0.900Si0.100,500.0,5.19925384217617e-06,3.960000000000001,0.05377761,0.0,1.0,1.103961399999999,0.1096857695420962,0.0,0.0,0.0,16.876,1.639,1.61,0.0,0.0075689999999999,1.63,1.0,13.0,225.2,-75.41202283839823
Fe2VAl0.9Si0.1,Fe2.000,V1.000,Al0.900Si0.100,550.0,4.886077414682785e-06,3.960000000000001,0.05377761,0.0,1.0,1.103961399999999,0.1096857695420962,0.0,0.0,0.0,16.876,1.639,1.61,0.0,0.0075689999999999,1.63,1.0,13.0,225.2,-60.70071032684196
Fe2VAl0.9Si0.1,Fe2.000,V1.000,Al0.900Si0.100,600.0,4.570487172071854e-06,3.960000000000001,0.05377761,0.0,1.0,1.103961399999999,0.1096857695420962,0.0,0.0,0.0,16.876,1.639,1.61,0.0,0.0075689999999999,1.63,1.0,13.0,225.2,-49.25826642781985
Fe2VAl0.9Si0.1,Fe2.000,V1.000,Al0.900Si0.100,650.0,4.331924182180426e-06,3.960000000000001,0.05377761,0.0,1.0,1.103961399999999,0.1096857695420962,0.0,0.0,0.0,16.876,1.639,1.61,0.0,0.0075689999999999,1.63,1.0,13.0,225.2,-39.93357515867397
Fe2VAl0.9Si0.1,Fe2.000,V1.000,Al0.900Si0.100,700.0,4.1906462998079005e-06,3.960000000000001,0.05377761,0.0,1.0,1.103961399999999,0.1096857695420962,0.0,0.0,0.0,16.876,1.639,1.61,0.0,0.0075689999999999,1.63,1.0,13.0,225.2,-32.575648303372326
Fe2VAl0.9Si0.1,Fe2.000,V1.000,Al0.900Si0.100,350.0,1.088787855649026e-05,3.960000000000001,0.05377761,0.0,1.0,1.103961399999999,0.1096857695420962,0.0,0.0,0.0,16.876,1.639,1.61,0.0,0.0075689999999999,1.63,1.0,13.0,225.2,-125.1078554797
Fe2VAl0.9Si0.1,Fe2.000,V1.000,Al0.900Si0.100,400.0,1.1075406948954987e-05,3.960000000000001,0.05377761,0.0,1.0,1.103961399999999,0.1096857695420962,0.0,0.0,0.0,16.876,1.639,1.61,0.0,0.0075689999999999,1.63,1.0,13.0,225.2,-113.5383846787
Fe2VAl0.9Si0.1,Fe2.000,V1.000,Al0.900Si0.100,450.0,1.0703223450146308e-05,3.960000000000001,0.05377761,0.0,1.0,1.103961399999999,0.1096857695420962,0.0,0.0,0.0,16.876,1.639,1.61,0.0,0.0075689999999999,1.63,1.0,13.0,225.2,-99.98892423087214
Fe2VAl0.9Si0.1,Fe2.000,V1.000,Al0.900Si0.100,500.0,1.021272263476594e-05,3.960000000000001,0.05377761,0.0,1.0,1.103961399999999,0.1096857695420962,0.0,0.0,0.0,16.876,1.639,1.61,0.0,0.0075689999999999,1.63,1.0,13.0,225.2,-84.51654771504408
Fe2VAl0.9Si0.1,Fe2.000,V1.000,Al0.900Si0.100,550.0,9.77335447360298e-06,3.960000000000001,0.05377761,0.0,1.0,1.103961399999999,0.1096857695420962,0.0,0.0,0.0,16.876,1.639,1.61,0.0,0.0075689999999999,1.63,1.0,13.0,225.2,-68.76309670843706
Fe2VAl0.9Si0.1,Fe2.000,V1.000,Al0.900Si0.100,600.0,9.3868555992196e-06,3.960000000000001,0.05377761,0.0,1.0,1.103961399999999,0.1096857695420962,0.0,0.0,0.0,16.876,1.639,1.61,0.0,0.0075689999999999,1.63,1.0,13.0,225.2,-54.87039142863586
Fe2VAl0.9Si0.1,Fe2.000,V1.000,Al0.900Si0.100,650.0,8.991480571633184e-06,3.960000000000001,0.05377761,0.0,1.0,1.103961399999999,0.1096857695420962,0.0,0.0,0.0,16.876,1.639,1.61,0.0,0.0075689999999999,1.63,1.0,13.0,225.2,-44.3954413755479
Fe2VAl0.9Si0.1,Fe2.000,V1.000,Al0.900Si0.100,700.0,8.566233144002042e-06,3.960000000000001,0.05377761,0.0,1.0,1.103961399999999,0.1096857695420962,0.0,0.0,0.0,16.876,1.639,1.61,0.0,0.0075689999999999,1.63,1.0,13.0,225.2,-37.22565597335387
Fe2VAl0.9Si0.1,Fe2.000,V1.000,Al0.900Si0.100,400.0,3.4545842748535876e-06,3.960000000000001,0.05377761,0.0,1.0,1.103961399999999,0.1096857695420962,0.0,0.0,0.0,16.876,1.639,1.61,0.0,0.0075689999999999,1.63,1.0,13.0,225.2,-114.3010937918
Fe2VAl0.9Si0.1,Fe2.000,V1.000,Al0.900Si0.100,450.0,3.713857342015784e-06,3.960000000000001,0.05377761,0.0,1.0,1.103961399999999,0.1096857695420962,0.0,0.0,0.0,16.876,1.639,1.61,0.0,0.0075689999999999,1.63,1.0,13.0,225.2,-103.2638004847
Fe2VAl0.9Si0.1,Fe2.000,V1.000,Al0.900Si0.100,500.0,3.846109899109537e-06,3.960000000000001,0.05377761,0.0,1.0,1.103961399999999,0.1096857695420962,0.0,0.0,0.0,16.876,1.639,1.61,0.0,0.0075689999999999,1.63,1.0,13.0,225.2,-88.11727298472074
Fe2VAl0.9Si0.1,Fe2.000,V1.000,Al0.900Si0.100,550.0,3.871734925250164e-06,3.960000000000001,0.05377761,0.0,1.0,1.103961399999999,0.1096857695420962,0.0,0.0,0.0,16.876,1.639,1.61,0.0,0.0075689999999999,1.63,1.0,13.0,225.2,-72.61421145349851
Fe2VAl0.9Si0.1,Fe2.000,V1.000,Al0.900Si0.100,600.0,3.844908770744826e-06,3.960000000000001,0.05377761,0.0,1.0,1.103961399999999,0.1096857695420962,0.0,0.0,0.0,16.876,1.639,1.61,0.0,0.0075689999999999,1.63,1.0,13.0,225.2,-59.05066988810891
Fe2VAl0.9Si0.1,Fe2.000,V1.000,Al0.900Si0.100,650.0,3.815457335195637e-06,3.960000000000001,0.05377761,0.0,1.0,1.103961399999999,0.1096857695420962,0.0,0.0,0.0,16.876,1.639,1.61,0.0,0.0075689999999999,1.63,1.0,13.0,225.2,-48.43990388670675
Fe2VAl0.9Si0.1,Fe2.000,V1.000,Al0.900Si0.100,700.0,3.79072224560334e-06,3.960000000000001,0.05377761,0.0,1.0,1.103961399999999,0.1096857695420962,0.0,0.0,0.0,16.876,1.639,1.61,0.0,0.0075689999999999,1.63,1.0,13.0,225.2,-40.68621841444588
Fe2VAl0.9Si0.1,Fe2.000,V1.000,Al0.900Si0.100,750.0,3.69742703447026e-06,3.960000000000001,0.05377761,0.0,1.0,1.103961399999999,0.1096857695420962,0.0,0.0,0.0,16.876,1.639,1.61,0.0,0.0075689999999999,1.63,1.0,13.0,225.2,-34.75881556934336
Fe2V0.9Ti0.1Al,Fe2.000,V1.000,Ti0.091Al0.909,400.0,5.021952926805906e-06,0.2100000000000008,0.0,0.0,9.0,20.885461399999997,36.08223442303651,8.0,2.25333333333e-05,8.0,16.49911,1.60363,1.54,0.0,0.0004053231,1.63,3.0,4.0,222.179,90.07771525855496
Fe2V0.9Ti0.1Al,Fe2.000,V1.000,Ti0.091Al0.909,450.0,4.824265636522554e-06,0.2100000000000008,0.0,0.0,9.0,20.885461399999997,36.08223442303651,8.0,2.25333333333e-05,8.0,16.49911,1.60363,1.54,0.0,0.0004053231,1.63,3.0,4.0,222.179,80.94595546974816
Fe2V0.9Ti0.1Al,Fe2.000,V1.000,Ti0.091Al0.909,500.0,4.598492824641936e-06,0.2100000000000008,0.0,0.0,9.0,20.885461399999997,36.08223442303651,8.0,2.25333333333e-05,8.0,16.49911,1.60363,1.54,0.0,0.0004053231,1.63,3.0,4.0,222.179,67.44781192519197
Fe2V0.9Ti0.1Al,Fe2.000,V1.000,Ti0.091Al0.909,550.0,4.353017268086829e-06,0.2100000000000008,0.0,0.0,9.0,20.885461399999997,36.08223442303651,8.0,2.25333333333e-05,8.0,16.49911,1.60363,1.54,0.0,0.0004053231,1.63,3.0,4.0,222.179,52.42315844373121
Fe2V0.9Ti0.1Al,Fe2.000,V1.000,Ti0.091Al0.909,600.0,4.1054890248245145e-06,0.2100000000000008,0.0,0.0,9.0,20.885461399999997,36.08223442303651,8.0,2.25333333333e-05,8.0,16.49911,1.60363,1.54,0.0,0.0004053231,1.63,3.0,4.0,222.179,38.512046536592976
Fe2V0.9Ti0.1Al,Fe2.000,V1.000,Ti0.091Al0.909,650.0,3.875222639467159e-06,0.2100000000000008,0.0,0.0,9.0,20.885461399999997,36.08223442303651,8.0,2.25333333333e-05,8.0,16.49911,1.60363,1.54,0.0,0.0004053231,1.63,3.0,4.0,222.179,27.407496303967665
Fe2V0.9Ti0.1Al,Fe2.000,V1.000,Ti0.091Al0.909,700.0,3.675594348872184e-06,0.2100000000000008,0.0,0.0,9.0,20.885461399999997,36.08223442303651,8.0,2.25333333333e-05,8.0,16.49911,1.60363,1.54,0.0,0.0004053231,1.63,3.0,4.0,222.179,19.108287331592596
Fe2VAl,Fe2.000,V1.000,Al1.000,100.0,1.8989592276998104e-05,0.0,0.0,0.0,0.0,0.0,0.0,0.0,0.0,0.0,16.48,1.61,1.61,0.0,0.0,1.63,0.0,13.0,225.0,18.0265462681098
Fe2VAl,Fe2.000,V1.000,Al1.000,150.0,1.56416931222636e-05,0.0,0.0,0.0,0.0,0.0,0.0,0.0,0.0,0.0,16.48,1.61,1.61,0.0,0.0,1.63,0.0,13.0,225.0,22.672024798983088
Fe2VAl,Fe2.000,V1.000,Al1.000,200.0,1.2557123327816331e-05,0.0,0.0,0.0,0.0,0.0,0.0,0.0,0.0,0.0,16.48,1.61,1.61,0.0,0.0,1.63,0.0,13.0,225.0,25.32225453909961
Fe2VAl,Fe2.000,V1.000,Al1.000,250.0,9.870156027409024e-06,0.0,0.0,0.0,0.0,0.0,0.0,0.0,0.0,0.0,16.48,1.61,1.61,0.0,0.0,1.63,0.0,13.0,225.0,26.83481353464996
Fe2VAl,Fe2.000,V1.000,Al1.000,300.0,7.654346986288784e-06,0.0,0.0,0.0,0.0,0.0,0.0,0.0,0.0,0.0,16.48,1.61,1.61,0.0,0.0,1.63,0.0,13.0,225.0,27.40377434803691
Fe2VAl,Fe2.000,V1.000,Al1.000,350.0,5.931981732245124e-06,0.0,0.0,0.0,0.0,0.0,0.0,0.0,0.0,0.0,16.48,1.61,1.61,0.0,0.0,1.63,0.0,13.0,225.0,27.09140784629185
Fe2V(Al0.97Si0.03),Fe2.000,V1.000,Al0.970Si0.030,100.0,7.035838617421928e-06,3.960000000000001,0.0173880939,0.0,1.0,1.103961399999999,0.0354650654852777,0.0,0.0,0.0,16.5988,1.6187,1.61,0.0,0.0024473099999999,1.63,1.0,13.0,225.06,-59.83533576599983
Fe2V(Al0.97Si0.03),Fe2.000,V1.000,Al0.970Si0.030,150.0,7.2940263049316385e-06,3.960000000000001,0.0173880939,0.0,1.0,1.103961399999999,0.0354650654852777,0.0,0.0,0.0,16.5988,1.6187,1.61,0.0,0.0024473099999999,1.63,1.0,13.0,225.06,-85.88376938225157
Fe2V(Al0.97Si0.03),Fe2.000,V1.000,Al0.970Si0.030,200.0,7.304044455204008e-06,3.960000000000001,0.0173880939,0.0,1.0,1.103961399999999,0.0354650654852777,0.0,0.0,0.0,16.5988,1.6187,1.61,0.0,0.0024473099999999,1.63,1.0,13.0,225.06,-105.9345663971
Fe2V(Al0.97Si0.03),Fe2.000,V1.000,Al0.970Si0.030,250.0,7.057264637329503e-06,3.960000000000001,0.0173880939,0.0,1.0,1.103961399999999,0.0354650654852777,0.0,0.0,0.0,16.5988,1.6187,1.61,0.0,0.0024473099999999,1.63,1.0,13.0,225.06,-106.5219145172
Fe2V(Al0.97Si0.03),Fe2.000,V1.000,Al0.970Si0.030,300.0,6.583665684157165e-06,3.960000000000001,0.0173880939,0.0,1.0,1.103961399999999,0.0354650654852777,0.0,0.0,0.0,16.5988,1.6187,1.61,0.0,0.0024473099999999,1.63,1.0,13.0,225.06,-87.92199401650228
Fe2V(Al0.97Si0.03),Fe2.000,V1.000,Al0.970Si0.030,350.0,5.941646257467082e-06,3.960000000000001,0.0173880939,0.0,1.0,1.103961399999999,0.0354650654852777,0.0,0.0,0.0,16.5988,1.6187,1.61,0.0,0.0024473099999999,1.63,1.0,13.0,225.06,-59.67699918872584
Fe2V(Al0.9Si0.1),Fe2.000,V1.000,Al0.900Si0.100,100.0,7.52244724363097e-07,3.960000000000001,0.05377761,0.0,1.0,1.103961399999999,0.1096857695420962,0.0,0.0,0.0,16.876,1.639,1.61,0.0,0.0075689999999999,1.63,1.0,13.0,225.2,-60.77866281285639
Fe2V(Al0.9Si0.1),Fe2.000,V1.000,Al0.900Si0.100,150.0,1.1395821380250553e-06,3.960000000000001,0.05377761,0.0,1.0,1.103961399999999,0.1096857695420962,0.0,0.0,0.0,16.876,1.639,1.61,0.0,0.0075689999999999,1.63,1.0,13.0,225.2,-77.54559321631983
Fe2V(Al0.9Si0.1),Fe2.000,V1.000,Al0.900Si0.100,200.0,1.6282254350423643e-06,3.960000000000001,0.05377761,0.0,1.0,1.103961399999999,0.1096857695420962,0.0,0.0,0.0,16.876,1.639,1.61,0.0,0.0075689999999999,1.63,1.0,13.0,225.2,-93.58067440374911
Fe2V(Al0.9Si0.1),Fe2.000,V1.000,Al0.900Si0.100,250.0,2.1299207667627564e-06,3.960000000000001,0.05377761,0.0,1.0,1.103961399999999,0.1096857695420962,0.0,0.0,0.0,16.876,1.639,1.61,0.0,0.0075689999999999,1.63,1.0,13.0,225.2,-107.7816256041
Fe2V(Al0.9Si0.1),Fe2.000,V1.000,Al0.900Si0.100,300.0,2.5834732105484864e-06,3.960000000000001,0.05377761,0.0,1.0,1.103961399999999,0.1096857695420962,0.0,0.0,0.0,16.876,1.639,1.61,0.0,0.0075689999999999,1.63,1.0,13.0,225.2,-119.6134582102
Fe2V(Al0.9Si0.1),Fe2.000,V1.000,Al0.900Si0.100,350.0,2.9510970597550914e-06,3.960000000000001,0.05377761,0.0,1.0,1.103961399999999,0.1096857695420962,0.0,0.0,0.0,16.876,1.639,1.61,0.0,0.0075689999999999,1.63,1.0,13.0,225.2,-127.3465066572
Fe2V(Al0.8Si0.2),Fe2.000,V1.000,Al0.800Si0.200,100.0,4.677493042237305e-07,3.960000000000001,0.09560464,0.0,1.0,1.103961399999999,0.1949969236303933,0.0,0.0,0.0,17.272000000000002,1.668,1.61,0.0,0.0134559999999999,1.63,1.0,13.0,225.4,-42.28941581203449
Fe2V(Al0.8Si0.2),Fe2.000,V1.000,Al0.800Si0.200,150.0,6.889827581447221e-07,3.960000000000001,0.09560464,0.0,1.0,1.103961399999999,0.1949969236303933,0.0,0.0,0.0,17.272000000000002,1.668,1.61,0.0,0.0134559999999999,1.63,1.0,13.0,225.4,-54.7590052288903
Fe2V(Al0.8Si0.2),Fe2.000,V1.000,Al0.800Si0.200,200.0,9.648978279068376e-07,3.960000000000001,0.09560464,0.0,1.0,1.103961399999999,0.1949969236303933,0.0,0.0,0.0,17.272000000000002,1.668,1.61,0.0,0.0134559999999999,1.63,1.0,13.0,225.4,-66.44869645026297
Fe2V(Al0.8Si0.2),Fe2.000,V1.000,Al0.800Si0.200,250.0,1.2779487471089248e-06,3.960000000000001,0.09560464,0.0,1.0,1.103961399999999,0.1949969236303933,0.0,0.0,0.0,17.272000000000002,1.668,1.61,0.0,0.0134559999999999,1.63,1.0,13.0,225.4,-76.76129411301743
Fe2V(Al0.8Si0.2),Fe2.000,V1.000,Al0.800Si0.200,300.0,1.6099217462403845e-06,3.960000000000001,0.09560464,0.0,1.0,1.103961399999999,0.1949969236303933,0.0,0.0,0.0,17.272000000000002,1.668,1.61,0.0,0.0134559999999999,1.63,1.0,13.0,225.4,-85.92692991082141
Fe2V(Al0.8Si0.2),Fe2.000,V1.000,Al0.800Si0.200,350.0,1.942712688296571e-06,3.960000000000001,0.09560464,0.0,1.0,1.103961399999999,0.1949969236303933,0.0,0.0,0.0,17.272000000000002,1.668,1.61,0.0,0.0134559999999999,1.63,1.0,13.0,225.4,-94.20740659141832
Fe2V(Al0.95Si0.05),Fe2.000,V1.000,Al0.950Si0.050,100.0,2.179793568574611e-06,3.960000000000001,0.0283826275,0.0,1.0,1.103961399999999,0.057889711702773,0.0,0.0,0.0,16.677999999999997,1.6245,1.61,0.0,0.0039947499999999,1.63,1.0,13.0,225.1,-69.70051438858668
Fe2V(Al0.95Si0.05),Fe2.000,V1.000,Al0.950Si0.050,150.0,2.7550324920904644e-06,3.960000000000001,0.0283826275,0.0,1.0,1.103961399999999,0.057889711702773,0.0,0.0,0.0,16.677999999999997,1.6245,1.61,0.0,0.0039947499999999,1.63,1.0,13.0,225.1,-89.54968436361077
Fe2V(Al0.95Si0.05),Fe2.000,V1.000,Al0.950Si0.050,200.0,3.344723555268222e-06,3.960000000000001,0.0283826275,0.0,1.0,1.103961399999999,0.057889711702773,0.0,0.0,0.0,16.677999999999997,1.6245,1.61,0.0,0.0039947499999999,1.63,1.0,13.0,225.1,-110.026945466
Fe2V(Al0.95Si0.05),Fe2.000,V1.000,Al0.950Si0.050,250.0,3.834193481439818e-06,3.960000000000001,0.0283826275,0.0,1.0,1.103961399999999,0.057889711702773,0.0,0.0,0.0,16.677999999999997,1.6245,1.61,0.0,0.0039947499999999,1.63,1.0,13.0,225.1,-126.5086509404
Fe2V(Al0.95Si0.05),Fe2.000,V1.000,Al0.950Si0.050,300.0,4.160136050266706e-06,3.960000000000001,0.0283826275,0.0,1.0,1.103961399999999,0.057889711702773,0.0,0.0,0.0,16.677999999999997,1.6245,1.61,0.0,0.0039947499999999,1.63,1.0,13.0,225.1,-132.4349883923
Fe2V(Al0.95Si0.05),Fe2.000,V1.000,Al0.950Si0.050,350.0,4.301544157848525e-06,3.960000000000001,0.0283826275,0.0,1.0,1.103961399999999,0.057889711702773,0.0,0.0,0.0,16.677999999999997,1.6245,1.61,0.0,0.0039947499999999,1.63,1.0,13.0,225.1,-124.3313160439
Fe2V0.9Ti0.1Al,Fe2.000,V1.000,Ti0.091Al0.909,400.0,5.047630276080775e-06,0.2100000000000008,0.0,0.0,9.0,20.885461399999997,36.08223442303651,8.0,2.25333333333e-05,8.0,16.49911,1.60363,1.54,0.0,0.0004053231,1.63,3.0,4.0,222.179,90.07608068572908
Fe2V0.9Ti0.1Al,Fe2.000,V1.000,Ti0.091Al0.909,450.0,4.860472042311954e-06,0.2100000000000008,0.0,0.0,9.0,20.885461399999997,36.08223442303651,8.0,2.25333333333e-05,8.0,16.49911,1.60363,1.54,0.0,0.0004053231,1.63,3.0,4.0,222.179,81.11344790558307
Fe2V0.9Ti0.1Al,Fe2.000,V1.000,Ti0.091Al0.909,500.0,4.64345173435777e-06,0.2100000000000008,0.0,0.0,9.0,20.885461399999997,36.08223442303651,8.0,2.25333333333e-05,8.0,16.49911,1.60363,1.54,0.0,0.0004053231,1.63,3.0,4.0,222.179,67.91701498982746
Fe2V0.9Ti0.1Al,Fe2.000,V1.000,Ti0.091Al0.909,550.0,4.400016350842508e-06,0.2100000000000008,0.0,0.0,9.0,20.885461399999997,36.08223442303651,8.0,2.25333333333e-05,8.0,16.49911,1.60363,1.54,0.0,0.0004053231,1.63,3.0,4.0,222.179,53.0982487146762
Fe2V0.9Ti0.1Al,Fe2.000,V1.000,Ti0.091Al0.909,600.0,4.147718675560907e-06,0.2100000000000008,0.0,0.0,9.0,20.885461399999997,36.08223442303651,8.0,2.25333333333e-05,8.0,16.49911,1.60363,1.54,0.0,0.0004053231,1.63,3.0,4.0,222.179,39.20811284629835
Fe2V0.9Ti0.1Al,Fe2.000,V1.000,Ti0.091Al0.909,650.0,3.910038475801194e-06,0.2100000000000008,0.0,0.0,9.0,20.885461399999997,36.08223442303651,8.0,2.25333333333e-05,8.0,16.49911,1.60363,1.54,0.0,0.0004053231,1.63,3.0,4.0,222.179,27.98059029360673
Fe2V0.9Ti0.1Al,Fe2.000,V1.000,Ti0.091Al0.909,700.0,3.70820370066812e-06,0.2100000000000008,0.0,0.0,9.0,20.885461399999997,36.08223442303651,8.0,2.25333333333e-05,8.0,16.49911,1.60363,1.54,0.0,0.0004053231,1.63,3.0,4.0,222.179,19.576205261052124
Fe2V0.9Ti0.1Al,Fe2.000,V1.000,Ti0.091Al0.909,750.0,3.5530116794061873e-06,0.2100000000000008,0.0,0.0,9.0,20.885461399999997,36.08223442303651,8.0,2.25333333333e-05,8.0,16.49911,1.60363,1.54,0.0,0.0004053231,1.63,3.0,4.0,222.179,11.82554540140105
Fe2VAl,Fe2.000,V1.000,Al1.000,100.0,5.2008570636624215e-06,0.0,0.0,0.0,0.0,0.0,0.0,0.0,0.0,0.0,16.48,1.61,1.61,0.0,0.0,1.63,0.0,13.0,225.0,58.37039900502973
Fe2VAl,Fe2.000,V1.000,Al1.000,150.0,5.102793624732541e-06,0.0,0.0,0.0,0.0,0.0,0.0,0.0,0.0,0.0,16.48,1.61,1.61,0.0,0.0,1.63,0.0,13.0,225.0,70.65606587799579
Fe2VAl,Fe2.000,V1.000,Al1.000,200.0,5.014267276614563e-06,0.0,0.0,0.0,0.0,0.0,0.0,0.0,0.0,0.0,16.48,1.61,1.61,0.0,0.0,1.63,0.0,13.0,225.0,78.07090637579914
Fe2VAl,Fe2.000,V1.000,Al1.000,250.0,4.941650553293432e-06,0.0,0.0,0.0,0.0,0.0,0.0,0.0,0.0,0.0,16.48,1.61,1.61,0.0,0.0,1.63,0.0,13.0,225.0,83.09501351760302
Fe2VAl,Fe2.000,V1.000,Al1.000,300.0,4.897031884126967e-06,0.0,0.0,0.0,0.0,0.0,0.0,0.0,0.0,0.0,16.48,1.61,1.61,0.0,0.0,1.63,0.0,13.0,225.0,86.7772782540565
Fe2VAl0.94Si0.06,Fe2.000,V1.000,Al0.940Si0.060,100.0,7.367279932630318e-06,3.960000000000001,0.0337006356,0.0,1.0,1.103961399999999,0.0687364155797136,0.0,0.0,0.0,16.717599999999997,1.6274000000000002,1.61,0.0,0.0047432399999999,1.63,1.0,13.0,225.12,-106.1441832437
Fe2VAl0.94Si0.06,Fe2.000,V1.000,Al0.940Si0.060,150.0,7.2503119579987695e-06,3.960000000000001,0.0337006356,0.0,1.0,1.103961399999999,0.0687364155797136,0.0,0.0,0.0,16.717599999999997,1.6274000000000002,1.61,0.0,0.0047432399999999,1.63,1.0,13.0,225.12,-134.32757185390005
Fe2VAl0.94Si0.06,Fe2.000,V1.000,Al0.940Si0.060,200.0,7.615577975532625e-06,3.960000000000001,0.0337006356,0.0,1.0,1.103961399999999,0.0687364155797136,0.0,0.0,0.0,16.717599999999997,1.6274000000000002,1.61,0.0,0.0047432399999999,1.63,1.0,13.0,225.12,-150.9455362449
Fe2VAl0.94Si0.06,Fe2.000,V1.000,Al0.940Si0.060,250.0,7.821396520919943e-06,3.960000000000001,0.0337006356,0.0,1.0,1.103961399999999,0.0687364155797136,0.0,0.0,0.0,16.717599999999997,1.6274000000000002,1.61,0.0,0.0047432399999999,1.63,1.0,13.0,225.12,-149.9428419406
Fe2VAl0.9Si0.1,Fe2.000,V1.000,Al0.900Si0.100,100.0,1.5345403495046445e-06,3.960000000000001,0.05377761,0.0,1.0,1.103961399999999,0.1096857695420962,0.0,0.0,0.0,16.876,1.639,1.61,0.0,0.0075689999999999,1.63,1.0,13.0,225.2,-67.63805365859677
Fe2VAl0.9Si0.1,Fe2.000,V1.000,Al0.900Si0.100,150.0,1.7924625566113218e-06,3.960000000000001,0.05377761,0.0,1.0,1.103961399999999,0.1096857695420962,0.0,0.0,0.0,16.876,1.639,1.61,0.0,0.0075689999999999,1.63,1.0,13.0,225.2,-86.53533187513091
Fe2VAl0.9Si0.1,Fe2.000,V1.000,Al0.900Si0.100,200.0,2.180146905063019e-06,3.960000000000001,0.05377761,0.0,1.0,1.103961399999999,0.1096857695420962,0.0,0.0,0.0,16.876,1.639,1.61,0.0,0.0075689999999999,1.63,1.0,13.0,225.2,-104.0528995361
Fe2VAl0.9Si0.1,Fe2.000,V1.000,Al0.900Si0.100,250.0,2.823897905625829e-06,3.960000000000001,0.05377761,0.0,1.0,1.103961399999999,0.1096857695420962,0.0,0.0,0.0,16.876,1.639,1.61,0.0,0.0075689999999999,1.63,1.0,13.0,225.2,-117.4411121754
Fe2VAl0.95Sn0.05,Fe2.000,V1.000,Al0.950Sn0.050,100.0,8.759012182775859e-06,16.804999999999996,0.0,0.0,37.0,91.7284614,399.6702549635362,0.0,0.0,0.0,17.320249999999998,1.6275000000000002,1.61,0.0,0.0058187499999999,1.63,1.0,13.0,220.8,-98.02874814918964
Fe2VAl0.95Sn0.05,Fe2.000,V1.000,Al0.950Sn0.050,150.0,9.205063340458003e-06,16.804999999999996,0.0,0.0,37.0,91.7284614,399.6702549635362,0.0,0.0,0.0,17.320249999999998,1.6275000000000002,1.61,0.0,0.0058187499999999,1.63,1.0,13.0,220.8,-126.32411025609998
Fe2VAl0.95Sn0.05,Fe2.000,V1.000,Al0.950Sn0.050,200.0,9.430322456586278e-06,16.804999999999996,0.0,0.0,37.0,91.7284614,399.6702549635362,0.0,0.0,0.0,17.320249999999998,1.6275000000000002,1.61,0.0,0.0058187499999999,1.63,1.0,13.0,220.8,-139.98027085310002
Fe2VAl0.95Sn0.05,Fe2.000,V1.000,Al0.950Sn0.050,250.0,9.200433708955136e-06,16.804999999999996,0.0,0.0,37.0,91.7284614,399.6702549635362,0.0,0.0,0.0,17.320249999999998,1.6275000000000002,1.61,0.0,0.0058187499999999,1.63,1.0,13.0,220.8,-136.19390958809998
Fe2VAl0.9Si0.1,Fe2.000,V1.000,Al0.900Si0.100,400.0,4.091959018287953e-06,3.960000000000001,0.05377761,0.0,1.0,1.103961399999999,0.1096857695420962,0.0,0.0,0.0,16.876,1.639,1.61,0.0,0.0075689999999999,1.63,1.0,13.0,225.2,-124.5226966847
Fe2VAl0.9Si0.1,Fe2.000,V1.000,Al0.900Si0.100,450.0,4.205740085771191e-06,3.960000000000001,0.05377761,0.0,1.0,1.103961399999999,0.1096857695420962,0.0,0.0,0.0,16.876,1.639,1.61,0.0,0.0075689999999999,1.63,1.0,13.0,225.2,-116.6277774165
Fe2VAl0.9Si0.1,Fe2.000,V1.000,Al0.900Si0.100,500.0,4.247470185760539e-06,3.960000000000001,0.05377761,0.0,1.0,1.103961399999999,0.1096857695420962,0.0,0.0,0.0,16.876,1.639,1.61,0.0,0.0075689999999999,1.63,1.0,13.0,225.2,-104.198727264
Fe2VAl0.9Si0.1,Fe2.000,V1.000,Al0.900Si0.100,550.0,4.21120644641055e-06,3.960000000000001,0.05377761,0.0,1.0,1.103961399999999,0.1096857695420962,0.0,0.0,0.0,16.876,1.639,1.61,0.0,0.0075689999999999,1.63,1.0,13.0,225.2,-89.60117916061944
Fe2VAl0.9Si0.1,Fe2.000,V1.000,Al0.900Si0.100,600.0,4.103668813773297e-06,3.960000000000001,0.05377761,0.0,1.0,1.103961399999999,0.1096857695420962,0.0,0.0,0.0,16.876,1.639,1.61,0.0,0.0075689999999999,1.63,1.0,13.0,225.2,-75.14288148944219
Fe2VAl0.9Si0.1,Fe2.000,V1.000,Al0.900Si0.100,650.0,3.945526915091652e-06,3.960000000000001,0.05377761,0.0,1.0,1.103961399999999,0.1096857695420962,0.0,0.0,0.0,16.876,1.639,1.61,0.0,0.0075689999999999,1.63,1.0,13.0,225.2,-62.598295165214616
Fe2VAl0.9Si0.1,Fe2.000,V1.000,Al0.900Si0.100,700.0,3.77268692209255e-06,3.960000000000001,0.05377761,0.0,1.0,1.103961399999999,0.1096857695420962,0.0,0.0,0.0,16.876,1.639,1.61,0.0,0.0075689999999999,1.63,1.0,13.0,225.2,-52.73319071587339
Fe2VAl0.9Si0.1,Fe2.000,V1.000,Al0.900Si0.100,400.0,4.636304213800039e-06,3.960000000000001,0.05377761,0.0,1.0,1.103961399999999,0.1096857695420962,0.0,0.0,0.0,16.876,1.639,1.61,0.0,0.0075689999999999,1.63,1.0,13.0,225.2,-54.83829291448823
Fe2VAl0.9Si0.1,Fe2.000,V1.000,Al0.900Si0.100,450.0,4.455212531841175e-06,3.960000000000001,0.05377761,0.0,1.0,1.103961399999999,0.1096857695420962,0.0,0.0,0.0,16.876,1.639,1.61,0.0,0.0075689999999999,1.63,1.0,13.0,225.2,-52.675500454486915
Fe2VAl0.9Si0.1,Fe2.000,V1.000,Al0.900Si0.100,500.0,4.265492785044239e-06,3.960000000000001,0.05377761,0.0,1.0,1.103961399999999,0.1096857695420962,0.0,0.0,0.0,16.876,1.639,1.61,0.0,0.0075689999999999,1.63,1.0,13.0,225.2,-48.62603489368376
Fe2VAl0.9Si0.1,Fe2.000,V1.000,Al0.900Si0.100,550.0,4.08056967002342e-06,3.960000000000001,0.05377761,0.0,1.0,1.103961399999999,0.1096857695420962,0.0,0.0,0.0,16.876,1.639,1.61,0.0,0.0075689999999999,1.63,1.0,13.0,225.2,-43.5168540270336
Fe2VAl0.9Si0.1,Fe2.000,V1.000,Al0.900Si0.100,600.0,3.909907180812016e-06,3.960000000000001,0.05377761,0.0,1.0,1.103961399999999,0.1096857695420962,0.0,0.0,0.0,16.876,1.639,1.61,0.0,0.0075689999999999,1.63,1.0,13.0,225.2,-38.11903047269662
Fe2VAl0.9Si0.1,Fe2.000,V1.000,Al0.900Si0.100,650.0,3.757847998361607e-06,3.960000000000001,0.05377761,0.0,1.0,1.103961399999999,0.1096857695420962,0.0,0.0,0.0,16.876,1.639,1.61,0.0,0.0075689999999999,1.63,1.0,13.0,225.2,-33.1084017427251
Fe2VAl0.9Si0.1,Fe2.000,V1.000,Al0.900Si0.100,700.0,3.622452880041201e-06,3.960000000000001,0.05377761,0.0,1.0,1.103961399999999,0.1096857695420962,0.0,0.0,0.0,16.876,1.639,1.61,0.0,0.0075689999999999,1.63,1.0,13.0,225.2,-29.026220313750848
Fe2VAl0.9Si0.1,Fe2.000,V1.000,Al0.900Si0.100,350.0,3.936616225894118e-06,3.960000000000001,0.05377761,0.0,1.0,1.103961399999999,0.1096857695420962,0.0,0.0,0.0,16.876,1.639,1.61,0.0,0.0075689999999999,1.63,1.0,13.0,225.2,-116.4295798444
Fe2VAl0.9Si0.1,Fe2.000,V1.000,Al0.900Si0.100,400.0,4.0323368951812295e-06,3.960000000000001,0.05377761,0.0,1.0,1.103961399999999,0.1096857695420962,0.0,0.0,0.0,16.876,1.639,1.61,0.0,0.0075689999999999,1.63,1.0,13.0,225.2,-116.7629482685
Fe2VAl0.9Si0.1,Fe2.000,V1.000,Al0.900Si0.100,450.0,4.105758432832915e-06,3.960000000000001,0.05377761,0.0,1.0,1.103961399999999,0.1096857695420962,0.0,0.0,0.0,16.876,1.639,1.61,0.0,0.0075689999999999,1.63,1.0,13.0,225.2,-109.2920086354
Fe2VAl0.9Si0.1,Fe2.000,V1.000,Al0.900Si0.100,500.0,4.122820306214903e-06,3.960000000000001,0.05377761,0.0,1.0,1.103961399999999,0.1096857695420962,0.0,0.0,0.0,16.876,1.639,1.61,0.0,0.0075689999999999,1.63,1.0,13.0,225.2,-97.4138972576573
Fe2VAl0.9Si0.1,Fe2.000,V1.000,Al0.900Si0.100,550.0,4.064864368017799e-06,3.960000000000001,0.05377761,0.0,1.0,1.103961399999999,0.1096857695420962,0.0,0.0,0.0,16.876,1.639,1.61,0.0,0.0075689999999999,1.63,1.0,13.0,225.2,-84.00522478758113
Fe2VAl0.9Si0.1,Fe2.000,V1.000,Al0.900Si0.100,600.0,3.932922990682431e-06,3.960000000000001,0.05377761,0.0,1.0,1.103961399999999,0.1096857695420962,0.0,0.0,0.0,16.876,1.639,1.61,0.0,0.0075689999999999,1.63,1.0,13.0,225.2,-71.17738588471764
Fe2VAl0.9Si0.1,Fe2.000,V1.000,Al0.900Si0.100,650.0,3.7520072008252376e-06,3.960000000000001,0.05377761,0.0,1.0,1.103961399999999,0.1096857695420962,0.0,0.0,0.0,16.876,1.639,1.61,0.0,0.0075689999999999,1.63,1.0,13.0,225.2,-60.031868882182614
Fe2VAl0.9Si0.1,Fe2.000,V1.000,Al0.900Si0.100,700.0,3.5753948136636023e-06,3.960000000000001,0.05377761,0.0,1.0,1.103961399999999,0.1096857695420962,0.0,0.0,0.0,16.876,1.639,1.61,0.0,0.0075689999999999,1.63,1.0,13.0,225.2,-50.41556545347668
Fe2VAl0.9Si0.1,Fe2.000,V1.000,Al0.900Si0.100,400.0,3.988235666037154e-06,3.960000000000001,0.05377761,0.0,1.0,1.103961399999999,0.1096857695420962,0.0,0.0,0.0,16.876,1.639,1.61,0.0,0.0075689999999999,1.63,1.0,13.0,225.2,-112.0349041019
Fe2VAl0.9Si0.1,Fe2.000,V1.000,Al0.900Si0.100,450.0,4.03817903878753e-06,3.960000000000001,0.05377761,0.0,1.0,1.103961399999999,0.1096857695420962,0.0,0.0,0.0,16.876,1.639,1.61,0.0,0.0075689999999999,1.63,1.0,13.0,225.2,-107.2187642679
Fe2VAl0.9Si0.1,Fe2.000,V1.000,Al0.900Si0.100,500.0,4.004437512303136e-06,3.960000000000001,0.05377761,0.0,1.0,1.103961399999999,0.1096857695420962,0.0,0.0,0.0,16.876,1.639,1.61,0.0,0.0075689999999999,1.63,1.0,13.0,225.2,-96.86077298884604
Fe2VAl0.9Si0.1,Fe2.000,V1.000,Al0.900Si0.100,550.0,3.9210216067171464e-06,3.960000000000001,0.05377761,0.0,1.0,1.103961399999999,0.1096857695420962,0.0,0.0,0.0,16.876,1.639,1.61,0.0,0.0075689999999999,1.63,1.0,13.0,225.2,-84.4770465696957
Fe2VAl0.9Si0.1,Fe2.000,V1.000,Al0.900Si0.100,600.0,3.814449642559235e-06,3.960000000000001,0.05377761,0.0,1.0,1.103961399999999,0.1096857695420962,0.0,0.0,0.0,16.876,1.639,1.61,0.0,0.0075689999999999,1.63,1.0,13.0,225.2,-72.62638551756385
Fe2VAl0.9Si0.1,Fe2.000,V1.000,Al0.900Si0.100,650.0,3.7010696784811066e-06,3.960000000000001,0.05377761,0.0,1.0,1.103961399999999,0.1096857695420962,0.0,0.0,0.0,16.876,1.639,1.61,0.0,0.0075689999999999,1.63,1.0,13.0,225.2,-62.60612072498761
Fe2VAl0.9Si0.1,Fe2.000,V1.000,Al0.900Si0.100,700.0,3.584381448982031e-06,3.960000000000001,0.05377761,0.0,1.0,1.103961399999999,0.1096857695420962,0.0,0.0,0.0,16.876,1.639,1.61,0.0,0.0075689999999999,1.63,1.0,13.0,225.2,-54.147959653613135
Fe2V0.9Ti0.1Al ,Fe2.000,V1.000,Ti0.091Al0.909,350.0,4.738406662578104e-06,0.2100000000000008,0.0,0.0,9.0,20.885461399999997,36.08223442303651,8.0,2.25333333333e-05,8.0,16.49911,1.60363,1.54,0.0,0.0004053231,1.63,3.0,4.0,222.179,97.42610960036764
Fe2V0.9Ti0.1Al ,Fe2.000,V1.000,Ti0.091Al0.909,400.0,4.7502666229724865e-06,0.2100000000000008,0.0,0.0,9.0,20.885461399999997,36.08223442303651,8.0,2.25333333333e-05,8.0,16.49911,1.60363,1.54,0.0,0.0004053231,1.63,3.0,4.0,222.179,97.78003603454076
Fe2V0.9Ti0.1Al ,Fe2.000,V1.000,Ti0.091Al0.909,450.0,4.60463956682778e-06,0.2100000000000008,0.0,0.0,9.0,20.885461399999997,36.08223442303651,8.0,2.25333333333e-05,8.0,16.49911,1.60363,1.54,0.0,0.0004053231,1.63,3.0,4.0,222.179,89.81266730570205
Fe2V0.9Ti0.1Al ,Fe2.000,V1.000,Ti0.091Al0.909,500.0,4.4208629141516005e-06,0.2100000000000008,0.0,0.0,9.0,20.885461399999997,36.08223442303651,8.0,2.25333333333e-05,8.0,16.49911,1.60363,1.54,0.0,0.0004053231,1.63,3.0,4.0,222.179,76.83134682670588
Fe2V0.9Ti0.1Al ,Fe2.000,V1.000,Ti0.091Al0.909,550.0,4.240962046632374e-06,0.2100000000000008,0.0,0.0,9.0,20.885461399999997,36.08223442303651,8.0,2.25333333333e-05,8.0,16.49911,1.60363,1.54,0.0,0.0004053231,1.63,3.0,4.0,222.179,61.89750351380096
Fe2V0.9Ti0.1Al ,Fe2.000,V1.000,Ti0.091Al0.909,600.0,4.063349818355379e-06,0.2100000000000008,0.0,0.0,9.0,20.885461399999997,36.08223442303651,8.0,2.25333333333e-05,8.0,16.49911,1.60363,1.54,0.0,0.0004053231,1.63,3.0,4.0,222.179,47.50488695817246
Fe2V0.9Ti0.1Al ,Fe2.000,V1.000,Ti0.091Al0.909,650.0,3.876526066518955e-06,0.2100000000000008,0.0,0.0,9.0,20.885461399999997,36.08223442303651,8.0,2.25333333333e-05,8.0,16.49911,1.60363,1.54,0.0,0.0004053231,1.63,3.0,4.0,222.179,35.25780259748578
Fe2V0.9Ti0.1Al ,Fe2.000,V1.000,Ti0.091Al0.909,700.0,3.6927771221502046e-06,0.2100000000000008,0.0,0.0,9.0,20.885461399999997,36.08223442303651,8.0,2.25333333333e-05,8.0,16.49911,1.60363,1.54,0.0,0.0004053231,1.63,3.0,4.0,222.179,25.549346887427728
Fe2V0.9Ti0.1Al,Fe2.000,V1.000,Ti0.091Al0.909,350.0,4.255924909405865e-06,0.2100000000000008,0.0,0.0,9.0,20.885461399999997,36.08223442303651,8.0,2.25333333333e-05,8.0,16.49911,1.60363,1.54,0.0,0.0004053231,1.63,3.0,4.0,222.179,82.04044244643596
Fe2V0.9Ti0.1Al,Fe2.000,V1.000,Ti0.091Al0.909,400.0,4.155640624772248e-06,0.2100000000000008,0.0,0.0,9.0,20.885461399999997,36.08223442303651,8.0,2.25333333333e-05,8.0,16.49911,1.60363,1.54,0.0,0.0004053231,1.63,3.0,4.0,222.179,81.97587770914645
Fe2V0.9Ti0.1Al,Fe2.000,V1.000,Ti0.091Al0.909,450.0,4.143972368750726e-06,0.2100000000000008,0.0,0.0,9.0,20.885461399999997,36.08223442303651,8.0,2.25333333333e-05,8.0,16.49911,1.60363,1.54,0.0,0.0004053231,1.63,3.0,4.0,222.179,75.86708006502728
Fe2V0.9Ti0.1Al,Fe2.000,V1.000,Ti0.091Al0.909,500.0,4.124753756110367e-06,0.2100000000000008,0.0,0.0,9.0,20.885461399999997,36.08223442303651,8.0,2.25333333333e-05,8.0,16.49911,1.60363,1.54,0.0,0.0004053231,1.63,3.0,4.0,222.179,66.01366661932785
Fe2V0.9Ti0.1Al,Fe2.000,V1.000,Ti0.091Al0.909,550.0,4.034781962426547e-06,0.2100000000000008,0.0,0.0,9.0,20.885461399999997,36.08223442303651,8.0,2.25333333333e-05,8.0,16.49911,1.60363,1.54,0.0,0.0004053231,1.63,3.0,4.0,222.179,54.473191260510774
Fe2V0.9Ti0.1Al,Fe2.000,V1.000,Ti0.091Al0.909,600.0,3.854175544529802e-06,0.2100000000000008,0.0,0.0,9.0,20.885461399999997,36.08223442303651,8.0,2.25333333333e-05,8.0,16.49911,1.60363,1.54,0.0,0.0004053231,1.63,3.0,4.0,222.179,42.91610836896186
Fe2V0.9Ti0.1Al,Fe2.000,V1.000,Ti0.091Al0.909,650.0,3.6167322609545775e-06,0.2100000000000008,0.0,0.0,9.0,20.885461399999997,36.08223442303651,8.0,2.25333333333e-05,8.0,16.49911,1.60363,1.54,0.0,0.0004053231,1.63,3.0,4.0,222.179,32.48073652569876
Fe2V0.9Ti0.1Al,Fe2.000,V1.000,Ti0.091Al0.909,700.0,3.4202868923880787e-06,0.2100000000000008,0.0,0.0,9.0,20.885461399999997,36.08223442303651,8.0,2.25333333333e-05,8.0,16.49911,1.60363,1.54,0.0,0.0004053231,1.63,3.0,4.0,222.179,23.628222221079195
Fe2V0.9Ti0.1Al,Fe2.000,V1.000,Ti0.091Al0.909,400.0,5.024659639824017e-06,0.2100000000000008,0.0,0.0,9.0,20.885461399999997,36.08223442303651,8.0,2.25333333333e-05,8.0,16.49911,1.60363,1.54,0.0,0.0004053231,1.63,3.0,4.0,222.179,83.57405900182333
Fe2V0.9Ti0.1Al,Fe2.000,V1.000,Ti0.091Al0.909,450.0,4.82530914560058e-06,0.2100000000000008,0.0,0.0,9.0,20.885461399999997,36.08223442303651,8.0,2.25333333333e-05,8.0,16.49911,1.60363,1.54,0.0,0.0004053231,1.63,3.0,4.0,222.179,74.1258619312001
Fe2V0.9Ti0.1Al,Fe2.000,V1.000,Ti0.091Al0.909,500.0,4.655899833264082e-06,0.2100000000000008,0.0,0.0,9.0,20.885461399999997,36.08223442303651,8.0,2.25333333333e-05,8.0,16.49911,1.60363,1.54,0.0,0.0004053231,1.63,3.0,4.0,222.179,61.7374746347824
Fe2V0.9Ti0.1Al,Fe2.000,V1.000,Ti0.091Al0.909,550.0,4.447486915395438e-06,0.2100000000000008,0.0,0.0,9.0,20.885461399999997,36.08223442303651,8.0,2.25333333333e-05,8.0,16.49911,1.60363,1.54,0.0,0.0004053231,1.63,3.0,4.0,222.179,48.84798700364925
Fe2V0.9Ti0.1Al,Fe2.000,V1.000,Ti0.091Al0.909,600.0,4.176282168954376e-06,0.2100000000000008,0.0,0.0,9.0,20.885461399999997,36.08223442303651,8.0,2.25333333333e-05,8.0,16.49911,1.60363,1.54,0.0,0.0004053231,1.63,3.0,4.0,222.179,37.18885328161562
Fe2V0.9Ti0.1Al,Fe2.000,V1.000,Ti0.091Al0.909,650.0,3.874679257216775e-06,0.2100000000000008,0.0,0.0,9.0,20.885461399999997,36.08223442303651,8.0,2.25333333333e-05,8.0,16.49911,1.60363,1.54,0.0,0.0004053231,1.63,3.0,4.0,222.179,27.567113823065167
Fe2V0.9Ti0.1Al,Fe2.000,V1.000,Ti0.091Al0.909,700.0,3.6422790517121135e-06,0.2100000000000008,0.0,0.0,9.0,20.885461399999997,36.08223442303651,8.0,2.25333333333e-05,8.0,16.49911,1.60363,1.54,0.0,0.0004053231,1.63,3.0,4.0,222.179,19.648616850782737
Fe2V0.9Ti0.1Al,Fe2.000,V1.000,Ti0.091Al0.909,400.0,7.1298034687942715e-06,0.2100000000000008,0.0,0.0,9.0,20.885461399999997,36.08223442303651,8.0,2.25333333333e-05,8.0,16.49911,1.60363,1.54,0.0,0.0004053231,1.63,3.0,4.0,222.179,41.31086189854646
Fe2V0.9Ti0.1Al,Fe2.000,V1.000,Ti0.091Al0.909,450.0,6.209540885316236e-06,0.2100000000000008,0.0,0.0,9.0,20.885461399999997,36.08223442303651,8.0,2.25333333333e-05,8.0,16.49911,1.60363,1.54,0.0,0.0004053231,1.63,3.0,4.0,222.179,32.5590889246393
Fe2V0.9Ti0.1Al,Fe2.000,V1.000,Ti0.091Al0.909,500.0,5.446419854161673e-06,0.2100000000000008,0.0,0.0,9.0,20.885461399999997,36.08223442303651,8.0,2.25333333333e-05,8.0,16.49911,1.60363,1.54,0.0,0.0004053231,1.63,3.0,4.0,222.179,24.207597323550015
Fe2V0.9Ti0.1Al,Fe2.000,V1.000,Ti0.091Al0.909,550.0,4.838838144878014e-06,0.2100000000000008,0.0,0.0,9.0,20.885461399999997,36.08223442303651,8.0,2.25333333333e-05,8.0,16.49911,1.60363,1.54,0.0,0.0004053231,1.63,3.0,4.0,222.179,16.631746700821168
Fe2V0.9Ti0.1Al,Fe2.000,V1.000,Ti0.091Al0.909,600.0,4.377303085599611e-06,0.2100000000000008,0.0,0.0,9.0,20.885461399999997,36.08223442303651,8.0,2.25333333333e-05,8.0,16.49911,1.60363,1.54,0.0,0.0004053231,1.63,3.0,4.0,222.179,10.265072784056068
Ti2NiCu,Ti2.000,Ni1.000,Cu1.000,50.0,5.775924174592456e-07,0.0,0.0,0.0,0.0,0.0,0.0,0.0,0.0,0.0,11.07,1.9,1.9,0.0,0.0,1.91,0.0,11.0,225.0,1.7450249451102422
Ti2NiCu,Ti2.000,Ni1.000,Cu1.000,100.0,6.227877044733217e-07,0.0,0.0,0.0,0.0,0.0,0.0,0.0,0.0,0.0,11.07,1.9,1.9,0.0,0.0,1.91,0.0,11.0,225.0,1.7408492836810563
Ti2NiCu,Ti2.000,Ni1.000,Cu1.000,150.0,6.71676159869574e-07,0.0,0.0,0.0,0.0,0.0,0.0,0.0,0.0,0.0,11.07,1.9,1.9,0.0,0.0,1.91,0.0,11.0,225.0,1.5622570934628217
Ti2NiCu,Ti2.000,Ni1.000,Cu1.000,200.0,7.202552170374873e-07,0.0,0.0,0.0,0.0,0.0,0.0,0.0,0.0,0.0,11.07,1.9,1.9,0.0,0.0,1.91,0.0,11.0,225.0,1.7459620920519665
Ti2NiCu,Ti2.000,Ni1.000,Cu1.000,250.0,7.684231193221322e-07,0.0,0.0,0.0,0.0,0.0,0.0,0.0,0.0,0.0,11.07,1.9,1.9,0.0,0.0,1.91,0.0,11.0,225.0,1.8972009946981063
Ti2NiCu,Ti2.000,Ni1.000,Cu1.000,300.0,8.089506721398566e-07,0.0,0.0,0.0,0.0,0.0,0.0,0.0,0.0,0.0,11.07,1.9,1.9,0.0,0.0,1.91,0.0,11.0,225.0,2.336709774608512
Ti2NiCu,Ti2.000,Ni1.000,Cu1.000,350.0,8.164529950939753e-07,0.0,0.0,0.0,0.0,0.0,0.0,0.0,0.0,0.0,11.07,1.9,1.9,0.0,0.0,1.91,0.0,11.0,225.0,5.747699923252452
Ti2NiCu,Ti2.000,Ni1.000,Cu1.000,350.0,8.146600529137447e-07,0.0,0.0,0.0,0.0,0.0,0.0,0.0,0.0,0.0,11.07,1.9,1.9,0.0,0.0,1.91,0.0,11.0,225.0,6.658716697693912
Fe2.04V0.96Al,Fe2.000,V1.000,Al1.000,100.0,1.5691827623054642e-05,0.0,0.0,0.0,0.0,0.0,0.0,0.0,0.0,0.0,16.48,1.61,1.61,0.0,0.0,1.63,0.0,13.0,225.0,37.84765463073377
Fe2.04V0.96Al,Fe2.000,V1.000,Al1.000,150.0,1.286363893461642e-05,0.0,0.0,0.0,0.0,0.0,0.0,0.0,0.0,0.0,16.48,1.61,1.61,0.0,0.0,1.63,0.0,13.0,225.0,47.64067908846527
Fe2.04V0.96Al,Fe2.000,V1.000,Al1.000,200.0,1.0593978216247808e-05,0.0,0.0,0.0,0.0,0.0,0.0,0.0,0.0,0.0,16.48,1.61,1.61,0.0,0.0,1.63,0.0,13.0,225.0,56.4203186798241
Fe2.04V0.96Al,Fe2.000,V1.000,Al1.000,250.0,8.794122902577285e-06,0.0,0.0,0.0,0.0,0.0,0.0,0.0,0.0,0.0,16.48,1.61,1.61,0.0,0.0,1.63,0.0,13.0,225.0,57.748271470445275
Fe2.04V0.96Al,Fe2.000,V1.000,Al1.000,300.0,7.3846611246083795e-06,0.0,0.0,0.0,0.0,0.0,0.0,0.0,0.0,0.0,16.48,1.61,1.61,0.0,0.0,1.63,0.0,13.0,225.0,53.85663788248404
Fe2.04V0.96Al,Fe2.000,V1.000,Al1.000,350.0,6.295085980337277e-06,0.0,0.0,0.0,0.0,0.0,0.0,0.0,0.0,0.0,16.48,1.61,1.61,0.0,0.0,1.63,0.0,13.0,225.0,48.25063606000578
Fe2.04(V0.95Ti0.01)Al,Fe2.000,V1.000,Ti0.010Al0.990,100.0,1.0137005519093511e-05,0.2100000000000008,0.0,0.0,9.0,20.885461399999997,4.318404729119809,8.0,2.25333333333e-05,8.0,16.4821,1.6093000000000002,1.54,0.0,4.851000000000009e-05,1.63,3.0,4.0,224.69,52.57351728329277
Fe2.04(V0.95Ti0.01)Al,Fe2.000,V1.000,Ti0.010Al0.990,150.0,8.613535926908985e-06,0.2100000000000008,0.0,0.0,9.0,20.885461399999997,4.318404729119809,8.0,2.25333333333e-05,8.0,16.4821,1.6093000000000002,1.54,0.0,4.851000000000009e-05,1.63,3.0,4.0,224.69,66.37731013775434
Fe2.04(V0.95Ti0.01)Al,Fe2.000,V1.000,Ti0.010Al0.990,200.0,7.419453696941996e-06,0.2100000000000008,0.0,0.0,9.0,20.885461399999997,4.318404729119809,8.0,2.25333333333e-05,8.0,16.4821,1.6093000000000002,1.54,0.0,4.851000000000009e-05,1.63,3.0,4.0,224.69,75.36140883237141
Fe2.04(V0.95Ti0.01)Al,Fe2.000,V1.000,Ti0.010Al0.990,250.0,6.484072610056364e-06,0.2100000000000008,0.0,0.0,9.0,20.885461399999997,4.318404729119809,8.0,2.25333333333e-05,8.0,16.4821,1.6093000000000002,1.54,0.0,4.851000000000009e-05,1.63,3.0,4.0,224.69,78.42757113558508
Fe2.04(V0.95Ti0.01)Al,Fe2.000,V1.000,Ti0.010Al0.990,300.0,5.749458318657042e-06,0.2100000000000008,0.0,0.0,9.0,20.885461399999997,4.318404729119809,8.0,2.25333333333e-05,8.0,16.4821,1.6093000000000002,1.54,0.0,4.851000000000009e-05,1.63,3.0,4.0,224.69,74.941185616128
Fe2.04(V0.95Ti0.01)Al,Fe2.000,V1.000,Ti0.010Al0.990,350.0,5.1690706394322436e-06,0.2100000000000008,0.0,0.0,9.0,20.885461399999997,4.318404729119809,8.0,2.25333333333e-05,8.0,16.4821,1.6093000000000002,1.54,0.0,4.851000000000009e-05,1.63,3.0,4.0,224.69,66.52350127229454
Fe2.04(V0.93Ti0.03)Al,Fe2.000,V1.000,Ti0.029Al0.971,150.0,4.818248491087604e-06,0.2100000000000008,0.0,0.0,9.0,20.885461399999997,12.283026138109568,8.0,2.25333333333e-05,8.0,16.48609,1.60797,1.54,0.0,0.0001379791,1.63,3.0,4.0,224.101,77.34475978022019
Fe2.04(V0.93Ti0.03)Al,Fe2.000,V1.000,Ti0.029Al0.971,200.0,4.523075578487338e-06,0.2100000000000008,0.0,0.0,9.0,20.885461399999997,12.283026138109568,8.0,2.25333333333e-05,8.0,16.48609,1.60797,1.54,0.0,0.0001379791,1.63,3.0,4.0,224.101,92.508785738526
Fe2.04(V0.93Ti0.03)Al,Fe2.000,V1.000,Ti0.029Al0.971,250.0,4.275325198007007e-06,0.2100000000000008,0.0,0.0,9.0,20.885461399999997,12.283026138109568,8.0,2.25333333333e-05,8.0,16.48609,1.60797,1.54,0.0,0.0001379791,1.63,3.0,4.0,224.101,104.4530313952
Fe2.04(V0.93Ti0.03)Al,Fe2.000,V1.000,Ti0.029Al0.971,300.0,4.071245530958274e-06,0.2100000000000008,0.0,0.0,9.0,20.885461399999997,12.283026138109568,8.0,2.25333333333e-05,8.0,16.48609,1.60797,1.54,0.0,0.0001379791,1.63,3.0,4.0,224.101,110.2179653092
Fe2.04(V0.93Ti0.03)Al,Fe2.000,V1.000,Ti0.029Al0.971,350.0,3.905685643298931e-06,0.2100000000000008,0.0,0.0,9.0,20.885461399999997,12.283026138109568,8.0,2.25333333333e-05,8.0,16.48609,1.60797,1.54,0.0,0.0001379791,1.63,3.0,4.0,224.101,107.3757257959
Fe2.04(V0.91Ti0.05)Al,Fe2.000,V1.000,Ti0.048Al0.952,100.0,3.7389281059348e-06,0.2100000000000008,0.0,0.0,9.0,20.885461399999997,19.9327093436221,8.0,2.25333333333e-05,8.0,16.49008,1.60664,1.54,0.0,0.0002239104,1.63,3.0,4.0,223.512,43.382621549224496
Fe2.04(V0.91Ti0.05)Al,Fe2.000,V1.000,Ti0.048Al0.952,150.0,3.6191706024893113e-06,0.2100000000000008,0.0,0.0,9.0,20.885461399999997,19.9327093436221,8.0,2.25333333333e-05,8.0,16.49008,1.60664,1.54,0.0,0.0002239104,1.63,3.0,4.0,223.512,60.97016278877142
Fe2.04(V0.91Ti0.05)Al,Fe2.000,V1.000,Ti0.048Al0.952,200.0,3.5508002571544128e-06,0.2100000000000008,0.0,0.0,9.0,20.885461399999997,19.9327093436221,8.0,2.25333333333e-05,8.0,16.49008,1.60664,1.54,0.0,0.0002239104,1.63,3.0,4.0,223.512,76.19212864412971
Fe2.04(V0.91Ti0.05)Al,Fe2.000,V1.000,Ti0.048Al0.952,250.0,3.5196736977813364e-06,0.2100000000000008,0.0,0.0,9.0,20.885461399999997,19.9327093436221,8.0,2.25333333333e-05,8.0,16.49008,1.60664,1.54,0.0,0.0002239104,1.63,3.0,4.0,223.512,90.2356462262888
Fe2.04(V0.91Ti0.05)Al,Fe2.000,V1.000,Ti0.048Al0.952,300.0,3.5128983420733827e-06,0.2100000000000008,0.0,0.0,9.0,20.885461399999997,19.9327093436221,8.0,2.25333333333e-05,8.0,16.49008,1.60664,1.54,0.0,0.0002239104,1.63,3.0,4.0,223.512,99.63590753922756
Fe2.04(V0.91Ti0.05)Al,Fe2.000,V1.000,Ti0.048Al0.952,350.0,3.518962620246109e-06,0.2100000000000008,0.0,0.0,9.0,20.885461399999997,19.9327093436221,8.0,2.25333333333e-05,8.0,16.49008,1.60664,1.54,0.0,0.0002239104,1.63,3.0,4.0,223.512,101.6670582141
Fe2.04(V0.86Ti0.10)Al,Fe2.000,V1.000,Ti0.091Al0.909,100.0,1.2765769569975738e-06,0.2100000000000008,0.0,0.0,9.0,20.885461399999997,36.08223442303651,8.0,2.25333333333e-05,8.0,16.49911,1.60363,1.54,0.0,0.0004053231,1.63,3.0,4.0,222.179,38.97526493576317
Fe2.04(V0.86Ti0.10)Al,Fe2.000,V1.000,Ti0.091Al0.909,150.0,1.3591649668278265e-06,0.2100000000000008,0.0,0.0,9.0,20.885461399999997,36.08223442303651,8.0,2.25333333333e-05,8.0,16.49911,1.60363,1.54,0.0,0.0004053231,1.63,3.0,4.0,222.179,48.95403041323773
Fe2.04(V0.86Ti0.10)Al,Fe2.000,V1.000,Ti0.091Al0.909,200.0,1.4959769714034034e-06,0.2100000000000008,0.0,0.0,9.0,20.885461399999997,36.08223442303651,8.0,2.25333333333e-05,8.0,16.49911,1.60363,1.54,0.0,0.0004053231,1.63,3.0,4.0,222.179,60.43545687533986
Fe2.04(V0.86Ti0.10)Al,Fe2.000,V1.000,Ti0.091Al0.909,250.0,1.676641725431806e-06,0.2100000000000008,0.0,0.0,9.0,20.885461399999997,36.08223442303651,8.0,2.25333333333e-05,8.0,16.49911,1.60363,1.54,0.0,0.0004053231,1.63,3.0,4.0,222.179,72.82022529342527
Fe2.04(V0.86Ti0.10)Al,Fe2.000,V1.000,Ti0.091Al0.909,300.0,1.8888567013290824e-06,0.2100000000000008,0.0,0.0,9.0,20.885461399999997,36.08223442303651,8.0,2.25333333333e-05,8.0,16.49911,1.60363,1.54,0.0,0.0004053231,1.63,3.0,4.0,222.179,83.34936864746004
Fe2.04(V0.86Ti0.10)Al,Fe2.000,V1.000,Ti0.091Al0.909,350.0,2.119108671581581e-06,0.2100000000000008,0.0,0.0,9.0,20.885461399999997,36.08223442303651,8.0,2.25333333333e-05,8.0,16.49911,1.60363,1.54,0.0,0.0004053231,1.63,3.0,4.0,222.179,89.92523283142594
Fe2.04(V0.86Ti0.10)Al,Fe2.000,V1.000,Ti0.091Al0.909,400.0,2.353394291107701e-06,0.2100000000000008,0.0,0.0,9.0,20.885461399999997,36.08223442303651,8.0,2.25333333333e-05,8.0,16.49911,1.60363,1.54,0.0,0.0004053231,1.63,3.0,4.0,222.179,93.9324375587255
TiNi2Sn,Ni2.000,Ti1.000,Sn1.000,350.0,1.0041072888086756e-07,0.0,0.0,0.0,0.0,0.0,0.0,0.0,0.0,0.0,33.285,1.96,1.96,0.0,0.0,1.54,0.0,14.0,141.0,-8.780867298184125
TiNi2Sn,Ni2.000,Ti1.000,Sn1.000,400.0,2.908404134832838e-07,0.0,0.0,0.0,0.0,0.0,0.0,0.0,0.0,0.0,33.285,1.96,1.96,0.0,0.0,1.54,0.0,14.0,141.0,-7.082397522063279
TiNi2Sn,Ni2.000,Ti1.000,Sn1.000,450.0,6.553368915421286e-07,0.0,0.0,0.0,0.0,0.0,0.0,0.0,0.0,0.0,33.285,1.96,1.96,0.0,0.0,1.54,0.0,14.0,141.0,-5.85320084204948
TiNi2Sn,Ni2.000,Ti1.000,Sn1.000,500.0,4.154791044101453e-07,0.0,0.0,0.0,0.0,0.0,0.0,0.0,0.0,0.0,33.285,1.96,1.96,0.0,0.0,1.54,0.0,14.0,141.0,-6.594312263229771
TiNi2Sn,Ni2.000,Ti1.000,Sn1.000,550.0,-1.935482399548477e-07,0.0,0.0,0.0,0.0,0.0,0.0,0.0,0.0,0.0,33.285,1.96,1.96,0.0,0.0,1.54,0.0,14.0,141.0,-8.849903061349018
TiNi2Sn,Ni2.000,Ti1.000,Sn1.000,600.0,-5.379962008105355e-07,0.0,0.0,0.0,0.0,0.0,0.0,0.0,0.0,0.0,33.285,1.96,1.96,0.0,0.0,1.54,0.0,14.0,141.0,-11.276431188006692
TiNi2Sn,Ni2.000,Ti1.000,Sn1.000,650.0,-2.0059313843203818e-07,0.0,0.0,0.0,0.0,0.0,0.0,0.0,0.0,0.0,33.285,1.96,1.96,0.0,0.0,1.54,0.0,14.0,141.0,-12.711791675855183
TiNi2Sn,Ni2.000,Ti1.000,Sn1.000,700.0,4.044137520654509e-07,0.0,0.0,0.0,0.0,0.0,0.0,0.0,0.0,0.0,33.285,1.96,1.96,0.0,0.0,1.54,0.0,14.0,141.0,-13.24446704378487
 TiNiCo0.75Sn,Co0.857Sn1.143,Ti1.000,Ni1.000,350.0,0.0001371253617038,0.0,0.0,0.0,0.0,0.0,0.0,0.0,0.0,2.0,10.32,1.91,1.91,0.0,0.0,1.54,0.0,10.0,225.0,-71.89981340282941
 TiNiCo0.75Sn,Co0.857Sn1.143,Ti1.000,Ni1.000,400.0,0.000139074502286,0.0,0.0,0.0,0.0,0.0,0.0,0.0,0.0,2.0,10.32,1.91,1.91,0.0,0.0,1.54,0.0,10.0,225.0,-79.32066473791166
 TiNiCo0.75Sn,Co0.857Sn1.143,Ti1.000,Ni1.000,450.0,0.0001396756625796,0.0,0.0,0.0,0.0,0.0,0.0,0.0,0.0,2.0,10.32,1.91,1.91,0.0,0.0,1.54,0.0,10.0,225.0,-86.55621844202565
 TiNiCo0.75Sn,Co0.857Sn1.143,Ti1.000,Ni1.000,500.0,0.0001376569562299,0.0,0.0,0.0,0.0,0.0,0.0,0.0,0.0,2.0,10.32,1.91,1.91,0.0,0.0,1.54,0.0,10.0,225.0,-93.87529857635624
 TiNiCo0.75Sn,Co0.857Sn1.143,Ti1.000,Ni1.000,550.0,0.0001267246806103,0.0,0.0,0.0,0.0,0.0,0.0,0.0,0.0,2.0,10.32,1.91,1.91,0.0,0.0,1.54,0.0,10.0,225.0,-100.7936867728
 TiNiCo0.75Sn,Co0.857Sn1.143,Ti1.000,Ni1.000,600.0,0.0001024456055936,0.0,0.0,0.0,0.0,0.0,0.0,0.0,0.0,2.0,10.32,1.91,1.91,0.0,0.0,1.54,0.0,10.0,225.0,-106.6962529305
 TiNiCo0.75Sn,Co0.857Sn1.143,Ti1.000,Ni1.000,650.0,6.912926232355461e-05,0.0,0.0,0.0,0.0,0.0,0.0,0.0,0.0,2.0,10.32,1.91,1.91,0.0,0.0,1.54,0.0,10.0,225.0,-111.4590859115
 TiNiCo0.75Sn,Co0.857Sn1.143,Ti1.000,Ni1.000,700.0,4.6710231985642656e-05,0.0,0.0,0.0,0.0,0.0,0.0,0.0,0.0,2.0,10.32,1.91,1.91,0.0,0.0,1.54,0.0,10.0,225.0,-116.0716242376
Ru2VGa,Ru2.000,V1.000,Ga1.000,50.0,2.4669557338205484e-06,0.0,0.0,0.0,0.0,0.0,0.0,0.0,0.0,0.0,18.8575,1.81,1.81,0.0,0.0,1.63,0.0,13.0,64.0,2.573320207783226
Ru2VGa,Ru2.000,V1.000,Ga1.000,100.0,2.5571418431738936e-06,0.0,0.0,0.0,0.0,0.0,0.0,0.0,0.0,0.0,18.8575,1.81,1.81,0.0,0.0,1.63,0.0,13.0,64.0,3.497356446312627
Ru2VGa,Ru2.000,V1.000,Ga1.000,150.0,2.621180190365445e-06,0.0,0.0,0.0,0.0,0.0,0.0,0.0,0.0,0.0,18.8575,1.81,1.81,0.0,0.0,1.63,0.0,13.0,64.0,4.318921375661137
Ru2VGa,Ru2.000,V1.000,Ga1.000,200.0,2.672969252920712e-06,0.0,0.0,0.0,0.0,0.0,0.0,0.0,0.0,0.0,18.8575,1.81,1.81,0.0,0.0,1.63,0.0,13.0,64.0,5.673142497597484
Ru2VGa,Ru2.000,V1.000,Ga1.000,250.0,2.710722420500615e-06,0.0,0.0,0.0,0.0,0.0,0.0,0.0,0.0,0.0,18.8575,1.81,1.81,0.0,0.0,1.63,0.0,13.0,64.0,7.098740151279913
Fe2V0.9Ti0.1Al,Fe2.000,V1.000,Ti0.091Al0.909,350.0,6.085024931352827e-06,0.2100000000000008,0.0,0.0,9.0,20.885461399999997,36.08223442303651,8.0,2.25333333333e-05,8.0,16.49911,1.60363,1.54,0.0,0.0004053231,1.63,3.0,4.0,222.179,-0.8819926623077068
Fe2V0.9Ti0.1Al,Fe2.000,V1.000,Ti0.091Al0.909,400.0,5.882892205732643e-06,0.2100000000000008,0.0,0.0,9.0,20.885461399999997,36.08223442303651,8.0,2.25333333333e-05,8.0,16.49911,1.60363,1.54,0.0,0.0004053231,1.63,3.0,4.0,222.179,-7.028504563875992
Fe2V0.9Ti0.1Al,Fe2.000,V1.000,Ti0.091Al0.909,450.0,5.692300913719011e-06,0.2100000000000008,0.0,0.0,9.0,20.885461399999997,36.08223442303651,8.0,2.25333333333e-05,8.0,16.49911,1.60363,1.54,0.0,0.0004053231,1.63,3.0,4.0,222.179,1.5547103030602585
Fe2V0.9Ti0.1Al,Fe2.000,V1.000,Ti0.091Al0.909,500.0,5.557230924300435e-06,0.2100000000000008,0.0,0.0,9.0,20.885461399999997,36.08223442303651,8.0,2.25333333333e-05,8.0,16.49911,1.60363,1.54,0.0,0.0004053231,1.63,3.0,4.0,222.179,-0.7878922387780096
Fe2V0.9Ti0.1Al,Fe2.000,V1.000,Ti0.091Al0.909,350.0,5.558483063312985e-06,0.2100000000000008,0.0,0.0,9.0,20.885461399999997,36.08223442303651,8.0,2.25333333333e-05,8.0,16.49911,1.60363,1.54,0.0,0.0004053231,1.63,3.0,4.0,222.179,-0.9728101141429948
Fe2V0.9Ti0.1Al,Fe2.000,V1.000,Ti0.091Al0.909,400.0,5.344272289999642e-06,0.2100000000000008,0.0,0.0,9.0,20.885461399999997,36.08223442303651,8.0,2.25333333333e-05,8.0,16.49911,1.60363,1.54,0.0,0.0004053231,1.63,3.0,4.0,222.179,-1.375245528489541
Fe2V0.9Ti0.1Al,Fe2.000,V1.000,Ti0.091Al0.909,450.0,5.1203506211020205e-06,0.2100000000000008,0.0,0.0,9.0,20.885461399999997,36.08223442303651,8.0,2.25333333333e-05,8.0,16.49911,1.60363,1.54,0.0,0.0004053231,1.63,3.0,4.0,222.179,-2.6939226428716183
Fe2V0.9Ti0.1Al,Fe2.000,V1.000,Ti0.091Al0.909,500.0,4.89665657444901e-06,0.2100000000000008,0.0,0.0,9.0,20.885461399999997,36.08223442303651,8.0,2.25333333333e-05,8.0,16.49911,1.60363,1.54,0.0,0.0004053231,1.63,3.0,4.0,222.179,-3.4510613338028553
Fe2V0.9Ti0.1Al,Fe2.000,V1.000,Ti0.091Al0.909,350.0,4.816870455152987e-06,0.2100000000000008,0.0,0.0,9.0,20.885461399999997,36.08223442303651,8.0,2.25333333333e-05,8.0,16.49911,1.60363,1.54,0.0,0.0004053231,1.63,3.0,4.0,222.179,-9.910633678259298
Fe2V0.9Ti0.1Al,Fe2.000,V1.000,Ti0.091Al0.909,400.0,4.58203567557666e-06,0.2100000000000008,0.0,0.0,9.0,20.885461399999997,36.08223442303651,8.0,2.25333333333e-05,8.0,16.49911,1.60363,1.54,0.0,0.0004053231,1.63,3.0,4.0,222.179,-11.855308765542931
Fe2V0.9Ti0.1Al,Fe2.000,V1.000,Ti0.091Al0.909,450.0,4.348159354934714e-06,0.2100000000000008,0.0,0.0,9.0,20.885461399999997,36.08223442303651,8.0,2.25333333333e-05,8.0,16.49911,1.60363,1.54,0.0,0.0004053231,1.63,3.0,4.0,222.179,-12.540170839717492
Fe2V0.9Ti0.1Al,Fe2.000,V1.000,Ti0.091Al0.909,500.0,4.124013900030822e-06,0.2100000000000008,0.0,0.0,9.0,20.885461399999997,36.08223442303651,8.0,2.25333333333e-05,8.0,16.49911,1.60363,1.54,0.0,0.0004053231,1.63,3.0,4.0,222.179,-13.30547742265471
Fe2V0.9Ti0.1Al,Fe2.000,V1.000,Ti0.091Al0.909,350.0,5.433524755339639e-06,0.2100000000000008,0.0,0.0,9.0,20.885461399999997,36.08223442303651,8.0,2.25333333333e-05,8.0,16.49911,1.60363,1.54,0.0,0.0004053231,1.63,3.0,4.0,222.179,-12.982445620032337
Fe2V0.9Ti0.1Al,Fe2.000,V1.000,Ti0.091Al0.909,400.0,5.043439252564049e-06,0.2100000000000008,0.0,0.0,9.0,20.885461399999997,36.08223442303651,8.0,2.25333333333e-05,8.0,16.49911,1.60363,1.54,0.0,0.0004053231,1.63,3.0,4.0,222.179,-13.57987614330862
Fe2V0.9Ti0.1Al,Fe2.000,V1.000,Ti0.091Al0.909,450.0,4.698368975718524e-06,0.2100000000000008,0.0,0.0,9.0,20.885461399999997,36.08223442303651,8.0,2.25333333333e-05,8.0,16.49911,1.60363,1.54,0.0,0.0004053231,1.63,3.0,4.0,222.179,-14.29466791239703
Fe2V0.9Ti0.1Al,Fe2.000,V1.000,Ti0.091Al0.909,500.0,4.383928697809507e-06,0.2100000000000008,0.0,0.0,9.0,20.885461399999997,36.08223442303651,8.0,2.25333333333e-05,8.0,16.49911,1.60363,1.54,0.0,0.0004053231,1.63,3.0,4.0,222.179,-14.647697414068348
Fe2V0.9Ti0.1Al,Fe2.000,V1.000,Ti0.091Al0.909,350.0,6.129387834980143e-06,0.2100000000000008,0.0,0.0,9.0,20.885461399999997,36.08223442303651,8.0,2.25333333333e-05,8.0,16.49911,1.60363,1.54,0.0,0.0004053231,1.63,3.0,4.0,222.179,-17.366780146758387
Fe2V0.9Ti0.1Al,Fe2.000,V1.000,Ti0.091Al0.909,400.0,5.7944050389788506e-06,0.2100000000000008,0.0,0.0,9.0,20.885461399999997,36.08223442303651,8.0,2.25333333333e-05,8.0,16.49911,1.60363,1.54,0.0,0.0004053231,1.63,3.0,4.0,222.179,-18.090656314096503
Fe2V0.9Ti0.1Al,Fe2.000,V1.000,Ti0.091Al0.909,450.0,5.473404587688811e-06,0.2100000000000008,0.0,0.0,9.0,20.885461399999997,36.08223442303651,8.0,2.25333333333e-05,8.0,16.49911,1.60363,1.54,0.0,0.0004053231,1.63,3.0,4.0,222.179,-17.831747434417146
Fe2V0.9Ti0.1Al,Fe2.000,V1.000,Ti0.091Al0.909,500.0,5.144233777099489e-06,0.2100000000000008,0.0,0.0,9.0,20.885461399999997,36.08223442303651,8.0,2.25333333333e-05,8.0,16.49911,1.60363,1.54,0.0,0.0004053231,1.63,3.0,4.0,222.179,-18.026724464003525
Fe2V0.9Ti0.1Al,Fe2.000,V1.000,Ti0.091Al0.909,350.0,6.826390763479834e-06,0.2100000000000008,0.0,0.0,9.0,20.885461399999997,36.08223442303651,8.0,2.25333333333e-05,8.0,16.49911,1.60363,1.54,0.0,0.0004053231,1.63,3.0,4.0,222.179,-18.249748104078165
Fe2V0.9Ti0.1Al,Fe2.000,V1.000,Ti0.091Al0.909,400.0,6.431214185851204e-06,0.2100000000000008,0.0,0.0,9.0,20.885461399999997,36.08223442303651,8.0,2.25333333333e-05,8.0,16.49911,1.60363,1.54,0.0,0.0004053231,1.63,3.0,4.0,222.179,-18.83320643955599
Fe2V0.9Ti0.1Al,Fe2.000,V1.000,Ti0.091Al0.909,450.0,6.003674088563184e-06,0.2100000000000008,0.0,0.0,9.0,20.885461399999997,36.08223442303651,8.0,2.25333333333e-05,8.0,16.49911,1.60363,1.54,0.0,0.0004053231,1.63,3.0,4.0,222.179,-19.355302274619376
Fe2V0.9Ti0.1Al,Fe2.000,V1.000,Ti0.091Al0.909,500.0,5.5911862654756534e-06,0.2100000000000008,0.0,0.0,9.0,20.885461399999997,36.08223442303651,8.0,2.25333333333e-05,8.0,16.49911,1.60363,1.54,0.0,0.0004053231,1.63,3.0,4.0,222.179,-18.963518658439423
Fe1.99Ti0.66Cr0.45Al0.90,Fe2.000,Ti0.595Cr0.405,Al1.000,50.0,2.570419518923975e-06,0.0,0.0,2.25333333333e-05,0.0,0.0,0.0,0.0,0.0,0.0,16.48,1.61,1.61,35.0,0.0,1.5886,0.0,13.0,225.0,2.8200080176823485
Fe1.99Ti0.66Cr0.45Al0.90,Fe2.000,Ti0.595Cr0.405,Al1.000,100.0,2.677816783877856e-06,0.0,0.0,2.25333333333e-05,0.0,0.0,0.0,0.0,0.0,0.0,16.48,1.61,1.61,35.0,0.0,1.5886,0.0,13.0,225.0,9.456394569525893
Fe1.99Ti0.66Cr0.45Al0.90,Fe2.000,Ti0.595Cr0.405,Al1.000,150.0,2.7804165165105502e-06,0.0,0.0,2.25333333333e-05,0.0,0.0,0.0,0.0,0.0,0.0,16.48,1.61,1.61,35.0,0.0,1.5886,0.0,13.0,225.0,16.570309142386385
Fe1.99Ti0.66Cr0.45Al0.90,Fe2.000,Ti0.595Cr0.405,Al1.000,200.0,2.897771705004691e-06,0.0,0.0,2.25333333333e-05,0.0,0.0,0.0,0.0,0.0,0.0,16.48,1.61,1.61,35.0,0.0,1.5886,0.0,13.0,225.0,23.66787504676134
Fe1.99Ti0.66Cr0.45Al0.90,Fe2.000,Ti0.595Cr0.405,Al1.000,250.0,3.030313026396049e-06,0.0,0.0,2.25333333333e-05,0.0,0.0,0.0,0.0,0.0,0.0,16.48,1.61,1.61,35.0,0.0,1.5886,0.0,13.0,225.0,30.31085651474023
Fe1.99Ti0.66Cr0.45Al0.90,Fe2.000,Ti0.595Cr0.405,Al1.000,300.0,3.1655172907993385e-06,0.0,0.0,2.25333333333e-05,0.0,0.0,0.0,0.0,0.0,0.0,16.48,1.61,1.61,35.0,0.0,1.5886,0.0,13.0,225.0,36.09968672603414
Fe1.99Ti0.66Cr0.45Al0.90,Fe2.000,Ti0.595Cr0.405,Al1.000,350.0,3.284075885634021e-06,0.0,0.0,2.25333333333e-05,0.0,0.0,0.0,0.0,0.0,0.0,16.48,1.61,1.61,35.0,0.0,1.5886,0.0,13.0,225.0,40.65649583400535
Fe1.99Ti0.66Cr0.45Al0.90,Fe2.000,Ti0.595Cr0.405,Al1.000,400.0,3.366063219850107e-06,0.0,0.0,2.25333333333e-05,0.0,0.0,0.0,0.0,0.0,0.0,16.48,1.61,1.61,35.0,0.0,1.5886,0.0,13.0,225.0,43.60813899169698
Fe1.99Ti0.66Cr0.45Al0.90,Fe2.000,Ti0.595Cr0.405,Al1.000,450.0,3.397105168153969e-06,0.0,0.0,2.25333333333e-05,0.0,0.0,0.0,0.0,0.0,0.0,16.48,1.61,1.61,35.0,0.0,1.5886,0.0,13.0,225.0,44.56922437786255
Fe1.99Ti0.66Cr0.45Al0.90,Fe2.000,Ti0.595Cr0.405,Al1.000,500.0,3.3745475152341353e-06,0.0,0.0,2.25333333333e-05,0.0,0.0,0.0,0.0,0.0,0.0,16.48,1.61,1.61,35.0,0.0,1.5886,0.0,13.0,225.0,43.125141222995744
Fe1.99Ti0.66Cr0.45Al0.90,Fe2.000,Ti0.595Cr0.405,Al1.000,550.0,3.3136243999871e-06,0.0,0.0,2.25333333333e-05,0.0,0.0,0.0,0.0,0.0,0.0,16.48,1.61,1.61,35.0,0.0,1.5886,0.0,13.0,225.0,38.81508783535985
Fe2V1.05Al0.95,Fe2.000,V1.000,Al1.000,150.0,3.2837810818659647e-06,0.0,0.0,0.0,0.0,0.0,0.0,0.0,0.0,0.0,16.48,1.61,1.61,0.0,0.0,1.63,0.0,13.0,225.0,-4.950748386923259
Fe2V1.05Al0.95,Fe2.000,V1.000,Al1.000,200.0,3.2205540361124574e-06,0.0,0.0,0.0,0.0,0.0,0.0,0.0,0.0,0.0,16.48,1.61,1.61,0.0,0.0,1.63,0.0,13.0,225.0,-5.798506902098548
Fe2V1.05Al0.95,Fe2.000,V1.000,Al1.000,250.0,3.0524924855549914e-06,0.0,0.0,0.0,0.0,0.0,0.0,0.0,0.0,0.0,16.48,1.61,1.61,0.0,0.0,1.63,0.0,13.0,225.0,-6.045913066177219
Fe2V1.05Al0.95,Fe2.000,V1.000,Al1.000,300.0,2.9126242726595513e-06,0.0,0.0,0.0,0.0,0.0,0.0,0.0,0.0,0.0,16.48,1.61,1.61,0.0,0.0,1.63,0.0,13.0,225.0,-5.924645304493078
Fe2V1.05Al0.95,Fe2.000,V1.000,Al1.000,350.0,2.87525873645544e-06,0.0,0.0,0.0,0.0,0.0,0.0,0.0,0.0,0.0,16.48,1.61,1.61,0.0,0.0,1.63,0.0,13.0,225.0,-5.630259887322536
Fe2V1.05Al0.95,Fe2.000,V1.000,Al1.000,400.0,2.9664690038182057e-06,0.0,0.0,0.0,0.0,0.0,0.0,0.0,0.0,0.0,16.48,1.61,1.61,0.0,0.0,1.63,0.0,13.0,225.0,-5.320270643960545
Fe2V1.05Al0.95,Fe2.000,V1.000,Al1.000,450.0,3.174574280752629e-06,0.0,0.0,0.0,0.0,0.0,0.0,0.0,0.0,0.0,16.48,1.61,1.61,0.0,0.0,1.63,0.0,13.0,225.0,-5.112228676796635
Fe2V1.05Al0.95,Fe2.000,V1.000,Al1.000,500.0,3.460622143675622e-06,0.0,0.0,0.0,0.0,0.0,0.0,0.0,0.0,0.0,16.48,1.61,1.61,0.0,0.0,1.63,0.0,13.0,225.0,-5.081802075390829
Fe2V1.05Al0.95,Fe2.000,V1.000,Al1.000,550.0,3.7688708306992336e-06,0.0,0.0,0.0,0.0,0.0,0.0,0.0,0.0,0.0,16.48,1.61,1.61,0.0,0.0,1.63,0.0,13.0,225.0,-5.260855630549679
Fe2V1.05Al0.95,Fe2.000,V1.000,Al1.000,600.0,4.037271532913507e-06,0.0,0.0,0.0,0.0,0.0,0.0,0.0,0.0,0.0,16.48,1.61,1.61,0.0,0.0,1.63,0.0,13.0,225.0,-5.635530548402199
Fe2V1.05Al0.95,Fe2.000,V1.000,Al1.000,650.0,4.207950685669549e-06,0.0,0.0,0.0,0.0,0.0,0.0,0.0,0.0,0.0,16.48,1.61,1.61,0.0,0.0,1.63,0.0,13.0,225.0,-6.144324164475874
Fe2V1.05Al0.95,Fe2.000,V1.000,Al1.000,150.0,1.81392269564564e-06,0.0,0.0,0.0,0.0,0.0,0.0,0.0,0.0,0.0,16.48,1.61,1.61,0.0,0.0,1.63,0.0,13.0,225.0,-65.73537114926835
Fe2V1.05Al0.95,Fe2.000,V1.000,Al1.000,200.0,2.305991187955619e-06,0.0,0.0,0.0,0.0,0.0,0.0,0.0,0.0,0.0,16.48,1.61,1.61,0.0,0.0,1.63,0.0,13.0,225.0,-83.9352752841025
Fe2V1.05Al0.95,Fe2.000,V1.000,Al1.000,250.0,2.8935252963986495e-06,0.0,0.0,0.0,0.0,0.0,0.0,0.0,0.0,0.0,16.48,1.61,1.61,0.0,0.0,1.63,0.0,13.0,225.0,-102.8671220346
Fe2V1.05Al0.95,Fe2.000,V1.000,Al1.000,300.0,3.4507689990728126e-06,0.0,0.0,0.0,0.0,0.0,0.0,0.0,0.0,0.0,16.48,1.61,1.61,0.0,0.0,1.63,0.0,13.0,225.0,-118.5686198719
Fe2V1.05Al0.95,Fe2.000,V1.000,Al1.000,350.0,3.897641201772378e-06,0.0,0.0,0.0,0.0,0.0,0.0,0.0,0.0,0.0,16.48,1.61,1.61,0.0,0.0,1.63,0.0,13.0,225.0,-128.610480015
Fe2V1.05Al0.95,Fe2.000,V1.000,Al1.000,400.0,4.192677253313116e-06,0.0,0.0,0.0,0.0,0.0,0.0,0.0,0.0,0.0,16.48,1.61,1.61,0.0,0.0,1.63,0.0,13.0,225.0,-131.89761312599998
Fe2V1.05Al0.95,Fe2.000,V1.000,Al1.000,450.0,4.325970460857573e-06,0.0,0.0,0.0,0.0,0.0,0.0,0.0,0.0,0.0,16.48,1.61,1.61,0.0,0.0,1.63,0.0,13.0,225.0,-128.4703260046
Fe2V1.05Al0.95,Fe2.000,V1.000,Al1.000,500.0,4.312113605240417e-06,0.0,0.0,0.0,0.0,0.0,0.0,0.0,0.0,0.0,16.48,1.61,1.61,0.0,0.0,1.63,0.0,13.0,225.0,-119.305518283
Fe2V1.05Al0.95,Fe2.000,V1.000,Al1.000,550.0,4.1831404562937095e-06,0.0,0.0,0.0,0.0,0.0,0.0,0.0,0.0,0.0,16.48,1.61,1.61,0.0,0.0,1.63,0.0,13.0,225.0,-106.11787912
Fe2V1.05Al0.95,Fe2.000,V1.000,Al1.000,600.0,3.9814672881722186e-06,0.0,0.0,0.0,0.0,0.0,0.0,0.0,0.0,0.0,16.48,1.61,1.61,0.0,0.0,1.63,0.0,13.0,225.0,-91.161083896622
Fe2V1.05Al0.95,Fe2.000,V1.000,Al1.000,650.0,3.752834394678705e-06,0.0,0.0,0.0,0.0,0.0,0.0,0.0,0.0,0.0,16.48,1.61,1.61,0.0,0.0,1.63,0.0,13.0,225.0,-77.02899090973355
Fe2V1.05Al0.95,Fe2.000,V1.000,Al1.000,150.0,1.537799330553503e-06,0.0,0.0,0.0,0.0,0.0,0.0,0.0,0.0,0.0,16.48,1.61,1.61,0.0,0.0,1.63,0.0,13.0,225.0,-73.9353026525084
Fe2V1.05Al0.95,Fe2.000,V1.000,Al1.000,200.0,1.9425230016107247e-06,0.0,0.0,0.0,0.0,0.0,0.0,0.0,0.0,0.0,16.48,1.61,1.61,0.0,0.0,1.63,0.0,13.0,225.0,-92.8188723851598
Fe2V1.05Al0.95,Fe2.000,V1.000,Al1.000,250.0,2.37618396800588e-06,0.0,0.0,0.0,0.0,0.0,0.0,0.0,0.0,0.0,16.48,1.61,1.61,0.0,0.0,1.63,0.0,13.0,225.0,-107.834930434
Fe2V1.05Al0.95,Fe2.000,V1.000,Al1.000,300.0,2.792674842308687e-06,0.0,0.0,0.0,0.0,0.0,0.0,0.0,0.0,0.0,16.48,1.61,1.61,0.0,0.0,1.63,0.0,13.0,225.0,-118.6435802643
Fe2V1.05Al0.95,Fe2.000,V1.000,Al1.000,350.0,3.1587955153083684e-06,0.0,0.0,0.0,0.0,0.0,0.0,0.0,0.0,0.0,16.48,1.61,1.61,0.0,0.0,1.63,0.0,13.0,225.0,-125.184735909
Fe2V1.05Al0.95,Fe2.000,V1.000,Al1.000,400.0,3.4528336656168177e-06,0.0,0.0,0.0,0.0,0.0,0.0,0.0,0.0,0.0,16.48,1.61,1.61,0.0,0.0,1.63,0.0,13.0,225.0,-127.5811383913
Fe2V1.05Al0.95,Fe2.000,V1.000,Al1.000,450.0,3.663145269271764e-06,0.0,0.0,0.0,0.0,0.0,0.0,0.0,0.0,0.0,16.48,1.61,1.61,0.0,0.0,1.63,0.0,13.0,225.0,-126.0413721475
Fe2V1.05Al0.95,Fe2.000,V1.000,Al1.000,500.0,3.786735109339957e-06,0.0,0.0,0.0,0.0,0.0,0.0,0.0,0.0,0.0,16.48,1.61,1.61,0.0,0.0,1.63,0.0,13.0,225.0,-120.7628814486
Fe2V1.05Al0.95,Fe2.000,V1.000,Al1.000,550.0,3.82783728552031e-06,0.0,0.0,0.0,0.0,0.0,0.0,0.0,0.0,0.0,16.48,1.61,1.61,0.0,0.0,1.63,0.0,13.0,225.0,-111.8349868234
Fe2V1.05Al0.95,Fe2.000,V1.000,Al1.000,600.0,3.7964957237470943e-06,0.0,0.0,0.0,0.0,0.0,0.0,0.0,0.0,0.0,16.48,1.61,1.61,0.0,0.0,1.63,0.0,13.0,225.0,-99.14190148081516
Fe2V1.05Al0.95,Fe2.000,V1.000,Al1.000,650.0,3.7071446857930992e-06,0.0,0.0,0.0,0.0,0.0,0.0,0.0,0.0,0.0,16.48,1.61,1.61,0.0,0.0,1.63,0.0,13.0,225.0,-82.26574773200213
Fe2VTa0.05Al0.95,Fe2.000,V1.000,Ta0.050Al0.950,150.0,2.7309342664355862e-06,1.6400000000000006,0.0,0.0,60.0,153.9663414,1126.0176284948143,7.0,0.0,7.0,16.561999999999998,1.6045,1.5,0.0,0.00057475,1.63,2.0,5.0,225.2,-92.28834792042974
Fe2VTa0.05Al0.95,Fe2.000,V1.000,Ta0.050Al0.950,200.0,3.2280227737265143e-06,1.6400000000000006,0.0,0.0,60.0,153.9663414,1126.0176284948143,7.0,0.0,7.0,16.561999999999998,1.6045,1.5,0.0,0.00057475,1.63,2.0,5.0,225.2,-110.9618318263
Fe2VTa0.05Al0.95,Fe2.000,V1.000,Ta0.050Al0.950,250.0,3.687041194570292e-06,1.6400000000000006,0.0,0.0,60.0,153.9663414,1126.0176284948143,7.0,0.0,7.0,16.561999999999998,1.6045,1.5,0.0,0.00057475,1.63,2.0,5.0,225.2,-124.3299759164
Fe2VTa0.05Al0.95,Fe2.000,V1.000,Ta0.050Al0.950,300.0,4.042971029341452e-06,1.6400000000000006,0.0,0.0,60.0,153.9663414,1126.0176284948143,7.0,0.0,7.0,16.561999999999998,1.6045,1.5,0.0,0.00057475,1.63,2.0,5.0,225.2,-132.7577314196
Fe2VTa0.05Al0.95,Fe2.000,V1.000,Ta0.050Al0.950,350.0,4.26172846645411e-06,1.6400000000000006,0.0,0.0,60.0,153.9663414,1126.0176284948143,7.0,0.0,7.0,16.561999999999998,1.6045,1.5,0.0,0.00057475,1.63,2.0,5.0,225.2,-136.7342761745
Fe2VTa0.05Al0.95,Fe2.000,V1.000,Ta0.050Al0.950,400.0,4.33486493703606e-06,1.6400000000000006,0.0,0.0,60.0,153.9663414,1126.0176284948143,7.0,0.0,7.0,16.561999999999998,1.6045,1.5,0.0,0.00057475,1.63,2.0,5.0,225.2,-136.8408139209
Fe2VTa0.05Al0.95,Fe2.000,V1.000,Ta0.050Al0.950,450.0,4.274267669602869e-06,1.6400000000000006,0.0,0.0,60.0,153.9663414,1126.0176284948143,7.0,0.0,7.0,16.561999999999998,1.6045,1.5,0.0,0.00057475,1.63,2.0,5.0,225.2,-133.7183735905
Fe2VTa0.05Al0.95,Fe2.000,V1.000,Ta0.050Al0.950,500.0,4.106860244731986e-06,1.6400000000000006,0.0,0.0,60.0,153.9663414,1126.0176284948143,7.0,0.0,7.0,16.561999999999998,1.6045,1.5,0.0,0.00057475,1.63,2.0,5.0,225.2,-128.0356085988
Fe2VTa0.05Al0.95,Fe2.000,V1.000,Ta0.050Al0.950,550.0,3.869303149736814e-06,1.6400000000000006,0.0,0.0,60.0,153.9663414,1126.0176284948143,7.0,0.0,7.0,16.561999999999998,1.6045,1.5,0.0,0.00057475,1.63,2.0,5.0,225.2,-120.4565961361
Fe2VTa0.05Al0.95,Fe2.000,V1.000,Ta0.050Al0.950,600.0,3.6026943333408375e-06,1.6400000000000006,0.0,0.0,60.0,153.9663414,1126.0176284948143,7.0,0.0,7.0,16.561999999999998,1.6045,1.5,0.0,0.00057475,1.63,2.0,5.0,225.2,-111.6086364586
Fe2VTa0.05Al0.95,Fe2.000,V1.000,Ta0.050Al0.950,650.0,3.347269760351688e-06,1.6400000000000006,0.0,0.0,60.0,153.9663414,1126.0176284948143,7.0,0.0,7.0,16.561999999999998,1.6045,1.5,0.0,0.00057475,1.63,2.0,5.0,225.2,-102.0500521799
Fe2VTa0.05Al0.95,Fe2.000,V1.000,Ta0.050Al0.950,150.0,1.8953855333684875e-06,1.6400000000000006,0.0,0.0,60.0,153.9663414,1126.0176284948143,7.0,0.0,7.0,16.561999999999998,1.6045,1.5,0.0,0.00057475,1.63,2.0,5.0,225.2,-60.39608331154256
Fe2VTa0.05Al0.95,Fe2.000,V1.000,Ta0.050Al0.950,200.0,2.3105510008916704e-06,1.6400000000000006,0.0,0.0,60.0,153.9663414,1126.0176284948143,7.0,0.0,7.0,16.561999999999998,1.6045,1.5,0.0,0.00057475,1.63,2.0,5.0,225.2,-88.53082120335024
Fe2VTa0.05Al0.95,Fe2.000,V1.000,Ta0.050Al0.950,250.0,2.7397589299572777e-06,1.6400000000000006,0.0,0.0,60.0,153.9663414,1126.0176284948143,7.0,0.0,7.0,16.561999999999998,1.6045,1.5,0.0,0.00057475,1.63,2.0,5.0,225.2,-109.0859786837
Fe2VTa0.05Al0.95,Fe2.000,V1.000,Ta0.050Al0.950,300.0,3.1382834122198907e-06,1.6400000000000006,0.0,0.0,60.0,153.9663414,1126.0176284948143,7.0,0.0,7.0,16.561999999999998,1.6045,1.5,0.0,0.00057475,1.63,2.0,5.0,225.2,-122.7695855712
Fe2VTa0.05Al0.95,Fe2.000,V1.000,Ta0.050Al0.950,350.0,3.4753610803343972e-06,1.6400000000000006,0.0,0.0,60.0,153.9663414,1126.0176284948143,7.0,0.0,7.0,16.561999999999998,1.6045,1.5,0.0,0.00057475,1.63,2.0,5.0,225.2,-130.3258443943
Fe2VTa0.05Al0.95,Fe2.000,V1.000,Ta0.050Al0.950,400.0,3.7324586599397033e-06,1.6400000000000006,0.0,0.0,60.0,153.9663414,1126.0176284948143,7.0,0.0,7.0,16.561999999999998,1.6045,1.5,0.0,0.00057475,1.63,2.0,5.0,225.2,-132.52400957740002
Fe2VTa0.05Al0.95,Fe2.000,V1.000,Ta0.050Al0.950,450.0,3.901540521642453e-06,1.6400000000000006,0.0,0.0,60.0,153.9663414,1126.0176284948143,7.0,0.0,7.0,16.561999999999998,1.6045,1.5,0.0,0.00057475,1.63,2.0,5.0,225.2,-130.1472666265
Fe2VTa0.05Al0.95,Fe2.000,V1.000,Ta0.050Al0.950,500.0,3.983336233000739e-06,1.6400000000000006,0.0,0.0,60.0,153.9663414,1126.0176284948143,7.0,0.0,7.0,16.561999999999998,1.6045,1.5,0.0,0.00057475,1.63,2.0,5.0,225.2,-123.9816113156
Fe2VTa0.05Al0.95,Fe2.000,V1.000,Ta0.050Al0.950,550.0,3.985608110507825e-06,1.6400000000000006,0.0,0.0,60.0,153.9663414,1126.0176284948143,7.0,0.0,7.0,16.561999999999998,1.6045,1.5,0.0,0.00057475,1.63,2.0,5.0,225.2,-114.8047288718
Fe2VTa0.05Al0.95,Fe2.000,V1.000,Ta0.050Al0.950,600.0,3.921418771575854e-06,1.6400000000000006,0.0,0.0,60.0,153.9663414,1126.0176284948143,7.0,0.0,7.0,16.561999999999998,1.6045,1.5,0.0,0.00057475,1.63,2.0,5.0,225.2,-103.3748731622
Fe2VTa0.05Al0.95,Fe2.000,V1.000,Ta0.050Al0.950,650.0,3.8073986865195872e-06,1.6400000000000006,0.0,0.0,60.0,153.9663414,1126.0176284948143,7.0,0.0,7.0,16.561999999999998,1.6045,1.5,0.0,0.00057475,1.63,2.0,5.0,225.2,-90.41974587910288
Fe2VTa0.05Al0.95,Fe2.000,V1.000,Ta0.050Al0.950,150.0,3.4814853028514493e-06,1.6400000000000006,0.0,0.0,60.0,153.9663414,1126.0176284948143,7.0,0.0,7.0,16.561999999999998,1.6045,1.5,0.0,0.00057475,1.63,2.0,5.0,225.2,-35.326764700978494
Fe2VTa0.05Al0.95,Fe2.000,V1.000,Ta0.050Al0.950,200.0,3.411788068015909e-06,1.6400000000000006,0.0,0.0,60.0,153.9663414,1126.0176284948143,7.0,0.0,7.0,16.561999999999998,1.6045,1.5,0.0,0.00057475,1.63,2.0,5.0,225.2,-41.711480180498114
Fe2VTa0.05Al0.95,Fe2.000,V1.000,Ta0.050Al0.950,250.0,3.297378367603434e-06,1.6400000000000006,0.0,0.0,60.0,153.9663414,1126.0176284948143,7.0,0.0,7.0,16.561999999999998,1.6045,1.5,0.0,0.00057475,1.63,2.0,5.0,225.2,-45.57290160959631
Fe2VTa0.05Al0.95,Fe2.000,V1.000,Ta0.050Al0.950,300.0,3.2059128050526315e-06,1.6400000000000006,0.0,0.0,60.0,153.9663414,1126.0176284948143,7.0,0.0,7.0,16.561999999999998,1.6045,1.5,0.0,0.00057475,1.63,2.0,5.0,225.2,-46.95192391718293
Fe2VTa0.05Al0.95,Fe2.000,V1.000,Ta0.050Al0.950,350.0,3.1746900894699595e-06,1.6400000000000006,0.0,0.0,60.0,153.9663414,1126.0176284948143,7.0,0.0,7.0,16.561999999999998,1.6045,1.5,0.0,0.00057475,1.63,2.0,5.0,225.2,-46.38284265552989
Fe2VTa0.05Al0.95,Fe2.000,V1.000,Ta0.050Al0.950,400.0,3.215995188170003e-06,1.6400000000000006,0.0,0.0,60.0,153.9663414,1126.0176284948143,7.0,0.0,7.0,16.561999999999998,1.6045,1.5,0.0,0.00057475,1.63,2.0,5.0,225.2,-44.67535450831716
Fe2VTa0.05Al0.95,Fe2.000,V1.000,Ta0.050Al0.950,450.0,3.3224434792157685e-06,1.6400000000000006,0.0,0.0,60.0,153.9663414,1126.0176284948143,7.0,0.0,7.0,16.561999999999998,1.6045,1.5,0.0,0.00057475,1.63,2.0,5.0,225.2,-42.69655779867876
Fe2VTa0.05Al0.95,Fe2.000,V1.000,Ta0.050Al0.950,500.0,3.472324903958972e-06,1.6400000000000006,0.0,0.0,60.0,153.9663414,1126.0176284948143,7.0,0.0,7.0,16.561999999999998,1.6045,1.5,0.0,0.00057475,1.63,2.0,5.0,225.2,-41.15295299724867
Fe2VTa0.05Al0.95,Fe2.000,V1.000,Ta0.050Al0.950,550.0,3.634948119580328e-06,1.6400000000000006,0.0,0.0,60.0,153.9663414,1126.0176284948143,7.0,0.0,7.0,16.561999999999998,1.6045,1.5,0.0,0.00057475,1.63,2.0,5.0,225.2,-40.3724432302073
Fe2VTa0.05Al0.95,Fe2.000,V1.000,Ta0.050Al0.950,600.0,3.775984651629819e-06,1.6400000000000006,0.0,0.0,60.0,153.9663414,1126.0176284948143,7.0,0.0,7.0,16.561999999999998,1.6045,1.5,0.0,0.00057475,1.63,2.0,5.0,225.2,-40.08633478732695
Fe2VTa0.05Al0.95,Fe2.000,V1.000,Ta0.050Al0.950,650.0,3.862813046567029e-06,1.6400000000000006,0.0,0.0,60.0,153.9663414,1126.0176284948143,7.0,0.0,7.0,16.561999999999998,1.6045,1.5,0.0,0.00057475,1.63,2.0,5.0,225.2,-39.21133763001773
Fe2V0.95Ta0.05Al0.9Si0.1,Fe2.000,V1.000,Ta0.048Al0.857Si0.095,50.0,7.873283997764559e-07,3.960000000000001,0.0513725557749999,0.0,60.0,153.9663414,1081.807291796497,7.0,0.0,7.0,16.934919999999998,1.63227,1.5,0.0,0.0080743470999999,1.63,3.0,5.0,225.382,-43.484600020374096
Fe2V0.95Ta0.05Al0.9Si0.1,Fe2.000,V1.000,Ta0.048Al0.857Si0.095,100.0,1.0057500424028457e-06,3.960000000000001,0.0513725557749999,0.0,60.0,153.9663414,1081.807291796497,7.0,0.0,7.0,16.934919999999998,1.63227,1.5,0.0,0.0080743470999999,1.63,3.0,5.0,225.382,-78.53267471671958
Fe2V0.95Ta0.05Al0.9Si0.1,Fe2.000,V1.000,Ta0.048Al0.857Si0.095,150.0,1.3438535204031158e-06,3.960000000000001,0.0513725557749999,0.0,60.0,153.9663414,1081.807291796497,7.0,0.0,7.0,16.934919999999998,1.63227,1.5,0.0,0.0080743470999999,1.63,3.0,5.0,225.382,-105.4133602524
Fe2V0.95Ta0.05Al0.9Si0.1,Fe2.000,V1.000,Ta0.048Al0.857Si0.095,200.0,1.7368209444428496e-06,3.960000000000001,0.0513725557749999,0.0,60.0,153.9663414,1081.807291796497,7.0,0.0,7.0,16.934919999999998,1.63227,1.5,0.0,0.0080743470999999,1.63,3.0,5.0,225.382,-123.0763879286
Fe2V0.95Ta0.05Al0.9Si0.1,Fe2.000,V1.000,Ta0.048Al0.857Si0.095,250.0,2.1329559182141923e-06,3.960000000000001,0.0513725557749999,0.0,60.0,153.9663414,1081.807291796497,7.0,0.0,7.0,16.934919999999998,1.63227,1.5,0.0,0.0080743470999999,1.63,3.0,5.0,225.382,-131.44513101360002
Fe2V0.95Ta0.05Al0.9Si0.1,Fe2.000,V1.000,Ta0.048Al0.857Si0.095,300.0,2.49298549430093e-06,3.960000000000001,0.0513725557749999,0.0,60.0,153.9663414,1081.807291796497,7.0,0.0,7.0,16.934919999999998,1.63227,1.5,0.0,0.0080743470999999,1.63,3.0,5.0,225.382,-131.2384548293
Fe2V0.95Ta0.05Al0.9Si0.1,Fe2.000,V1.000,Ta0.048Al0.857Si0.095,350.0,2.789362130043566e-06,3.960000000000001,0.0513725557749999,0.0,60.0,153.9663414,1081.807291796497,7.0,0.0,7.0,16.934919999999998,1.63227,1.5,0.0,0.0080743470999999,1.63,3.0,5.0,225.382,-123.792566838
Fe2V0.95Ta0.05Al0.9Si0.1,Fe2.000,V1.000,Ta0.048Al0.857Si0.095,400.0,3.005565643404396e-06,3.960000000000001,0.0513725557749999,0.0,60.0,153.9663414,1081.807291796497,7.0,0.0,7.0,16.934919999999998,1.63227,1.5,0.0,0.0080743470999999,1.63,3.0,5.0,225.382,-110.8828667298
Fe2V0.95Ta0.05Al0.9Si0.1,Fe2.000,V1.000,Ta0.048Al0.857Si0.095,450.0,3.1354051688325925e-06,3.960000000000001,0.0513725557749999,0.0,60.0,153.9663414,1081.807291796497,7.0,0.0,7.0,16.934919999999998,1.63227,1.5,0.0,0.0080743470999999,1.63,3.0,5.0,225.382,-94.54579650881746
Fe2V0.95Ta0.05Al0.9Si0.1,Fe2.000,V1.000,Ta0.048Al0.857Si0.095,500.0,3.1823211131292782e-06,3.960000000000001,0.0513725557749999,0.0,60.0,153.9663414,1081.807291796497,7.0,0.0,7.0,16.934919999999998,1.63227,1.5,0.0,0.0080743470999999,1.63,3.0,5.0,225.382,-76.90069058035347
Fe2V0.95Ta0.05Al0.9Si0.1,Fe2.000,V1.000,Ta0.048Al0.857Si0.095,550.0,3.158687111312592e-06,3.960000000000001,0.0513725557749999,0.0,60.0,153.9663414,1081.807291796497,7.0,0.0,7.0,16.934919999999998,1.63227,1.5,0.0,0.0080743470999999,1.63,3.0,5.0,225.382,-59.97162583770256
Fe2V0.95Ta0.05Al0.9Si0.1,Fe2.000,V1.000,Ta0.048Al0.857Si0.095,600.0,3.085111982482792e-06,3.960000000000001,0.0513725557749999,0.0,60.0,153.9663414,1081.807291796497,7.0,0.0,7.0,16.934919999999998,1.63227,1.5,0.0,0.0080743470999999,1.63,3.0,5.0,225.382,-45.50927174893337
Fe2V0.95Ta0.05Al0.9Si0.1,Fe2.000,V1.000,Ta0.048Al0.857Si0.095,650.0,2.9897416856872976e-06,3.960000000000001,0.0513725557749999,0.0,60.0,153.9663414,1081.807291796497,7.0,0.0,7.0,16.934919999999998,1.63227,1.5,0.0,0.0080743470999999,1.63,3.0,5.0,225.382,-34.81274044375445
Fe2V0.95Ta0.05Al0.9Si0.1,Fe2.000,V1.000,Ta0.048Al0.857Si0.095,700.0,2.9075612757858163e-06,3.960000000000001,0.0513725557749999,0.0,60.0,153.9663414,1081.807291796497,7.0,0.0,7.0,16.934919999999998,1.63227,1.5,0.0,0.0080743470999999,1.63,3.0,5.0,225.382,-28.55143680035535
Fe2V0.95Ta0.05Al0.9Si0.1,Fe2.000,V1.000,Ta0.048Al0.857Si0.095,750.0,2.879696859315361e-06,3.960000000000001,0.0513725557749999,0.0,60.0,153.9663414,1081.807291796497,7.0,0.0,7.0,16.934919999999998,1.63227,1.5,0.0,0.0080743470999999,1.63,3.0,5.0,225.382,-26.586908532246326
Fe2V0.95Ta0.05Al0.9Si0.1,Fe2.000,V1.000,Ta0.048Al0.857Si0.095,50.0,1.0792168172184143e-06,3.960000000000001,0.0513725557749999,0.0,60.0,153.9663414,1081.807291796497,7.0,0.0,7.0,16.934919999999998,1.63227,1.5,0.0,0.0080743470999999,1.63,3.0,5.0,225.382,-49.05484375358555
Fe2V0.95Ta0.05Al0.9Si0.1,Fe2.000,V1.000,Ta0.048Al0.857Si0.095,100.0,1.3396296089386185e-06,3.960000000000001,0.0513725557749999,0.0,60.0,153.9663414,1081.807291796497,7.0,0.0,7.0,16.934919999999998,1.63227,1.5,0.0,0.0080743470999999,1.63,3.0,5.0,225.382,-89.13914563886047
Fe2V0.95Ta0.05Al0.9Si0.1,Fe2.000,V1.000,Ta0.048Al0.857Si0.095,150.0,1.7313816680255796e-06,3.960000000000001,0.0513725557749999,0.0,60.0,153.9663414,1081.807291796497,7.0,0.0,7.0,16.934919999999998,1.63227,1.5,0.0,0.0080743470999999,1.63,3.0,5.0,225.382,-122.7748192128
Fe2V0.95Ta0.05Al0.9Si0.1,Fe2.000,V1.000,Ta0.048Al0.857Si0.095,200.0,2.183969212680533e-06,3.960000000000001,0.0513725557749999,0.0,60.0,153.9663414,1081.807291796497,7.0,0.0,7.0,16.934919999999998,1.63227,1.5,0.0,0.0080743470999999,1.63,3.0,5.0,225.382,-146.6443970248
Fe2V0.95Ta0.05Al0.9Si0.1,Fe2.000,V1.000,Ta0.048Al0.857Si0.095,250.0,2.6373102165059107e-06,3.960000000000001,0.0513725557749999,0.0,60.0,153.9663414,1081.807291796497,7.0,0.0,7.0,16.934919999999998,1.63227,1.5,0.0,0.0080743470999999,1.63,3.0,5.0,225.382,-159.2473469472
Fe2V0.95Ta0.05Al0.9Si0.1,Fe2.000,V1.000,Ta0.048Al0.857Si0.095,300.0,3.0425117691168345e-06,3.960000000000001,0.0513725557749999,0.0,60.0,153.9663414,1081.807291796497,7.0,0.0,7.0,16.934919999999998,1.63227,1.5,0.0,0.0080743470999999,1.63,3.0,5.0,225.382,-160.59982121500002
Fe2V0.95Ta0.05Al0.9Si0.1,Fe2.000,V1.000,Ta0.048Al0.857Si0.095,350.0,3.362637436752601e-06,3.960000000000001,0.0513725557749999,0.0,60.0,153.9663414,1081.807291796497,7.0,0.0,7.0,16.934919999999998,1.63227,1.5,0.0,0.0080743470999999,1.63,3.0,5.0,225.382,-151.93440546399998
Fe2V0.95Ta0.05Al0.9Si0.1,Fe2.000,V1.000,Ta0.048Al0.857Si0.095,400.0,3.5734746228881744e-06,3.960000000000001,0.0513725557749999,0.0,60.0,153.9663414,1081.807291796497,7.0,0.0,7.0,16.934919999999998,1.63227,1.5,0.0,0.0080743470999999,1.63,3.0,5.0,225.382,-135.39986777020002
Fe2V0.95Ta0.05Al0.9Si0.1,Fe2.000,V1.000,Ta0.048Al0.857Si0.095,450.0,3.6643019288456743e-06,3.960000000000001,0.0513725557749999,0.0,60.0,153.9663414,1081.807291796497,7.0,0.0,7.0,16.934919999999998,1.63227,1.5,0.0,0.0080743470999999,1.63,3.0,5.0,225.382,-113.7609076879
Fe2V0.95Ta0.05Al0.9Si0.1,Fe2.000,V1.000,Ta0.048Al0.857Si0.095,500.0,3.638656514405863e-06,3.960000000000001,0.0513725557749999,0.0,60.0,153.9663414,1081.807291796497,7.0,0.0,7.0,16.934919999999998,1.63227,1.5,0.0,0.0080743470999999,1.63,3.0,5.0,225.382,-90.09790528916471
Fe2V0.95Ta0.05Al0.9Si0.1,Fe2.000,V1.000,Ta0.048Al0.857Si0.095,550.0,3.5151014584196426e-06,3.960000000000001,0.0513725557749999,0.0,60.0,153.9663414,1081.807291796497,7.0,0.0,7.0,16.934919999999998,1.63227,1.5,0.0,0.0080743470999999,1.63,3.0,5.0,225.382,-67.5066702020231
Fe2V0.95Ta0.05Al0.9Si0.1,Fe2.000,V1.000,Ta0.048Al0.857Si0.095,600.0,3.3279931194195323e-06,3.960000000000001,0.0513725557749999,0.0,60.0,153.9663414,1081.807291796497,7.0,0.0,7.0,16.934919999999998,1.63227,1.5,0.0,0.0080743470999999,1.63,3.0,5.0,225.382,-48.79819064980134
Fe2V0.95Ta0.05Al0.9Si0.1,Fe2.000,V1.000,Ta0.048Al0.857Si0.095,650.0,3.128248496231172e-06,3.960000000000001,0.0513725557749999,0.0,60.0,153.9663414,1081.807291796497,7.0,0.0,7.0,16.934919999999998,1.63227,1.5,0.0,0.0080743470999999,1.63,3.0,5.0,225.382,-36.198382489621814
Fe2V0.95Ta0.05Al0.9Si0.1,Fe2.000,V1.000,Ta0.048Al0.857Si0.095,700.0,2.9841125885848037e-06,3.960000000000001,0.0513725557749999,0.0,60.0,153.9663414,1081.807291796497,7.0,0.0,7.0,16.934919999999998,1.63227,1.5,0.0,0.0080743470999999,1.63,3.0,5.0,225.382,-31.047838251268978
Fe2V0.95Ta0.05Al0.9Si0.1,Fe2.000,V1.000,Ta0.048Al0.857Si0.095,750.0,2.9819257577267538e-06,3.960000000000001,0.0513725557749999,0.0,60.0,153.9663414,1081.807291796497,7.0,0.0,7.0,16.934919999999998,1.63227,1.5,0.0,0.0080743470999999,1.63,3.0,5.0,225.382,-33.50157617599715
Fe2V0.95Ta0.05Al0.9Si0.1,Fe2.000,V1.000,Ta0.048Al0.857Si0.095,50.0,7.272693686567554e-07,3.960000000000001,0.0513725557749999,0.0,60.0,153.9663414,1081.807291796497,7.0,0.0,7.0,16.934919999999998,1.63227,1.5,0.0,0.0080743470999999,1.63,3.0,5.0,225.382,-26.935098401311315
Fe2V0.95Ta0.05Al0.9Si0.1,Fe2.000,V1.000,Ta0.048Al0.857Si0.095,100.0,9.268288097552064e-07,3.960000000000001,0.0513725557749999,0.0,60.0,153.9663414,1081.807291796497,7.0,0.0,7.0,16.934919999999998,1.63227,1.5,0.0,0.0080743470999999,1.63,3.0,5.0,225.382,-50.79921229106446
Fe2V0.95Ta0.05Al0.9Si0.1,Fe2.000,V1.000,Ta0.048Al0.857Si0.095,150.0,1.2211721172402696e-06,3.960000000000001,0.0513725557749999,0.0,60.0,153.9663414,1081.807291796497,7.0,0.0,7.0,16.934919999999998,1.63227,1.5,0.0,0.0080743470999999,1.63,3.0,5.0,225.382,-71.37779642042454
Fe2V0.95Ta0.05Al0.9Si0.1,Fe2.000,V1.000,Ta0.048Al0.857Si0.095,200.0,1.5801660299599611e-06,3.960000000000001,0.0513725557749999,0.0,60.0,153.9663414,1081.807291796497,7.0,0.0,7.0,16.934919999999998,1.63227,1.5,0.0,0.0080743470999999,1.63,3.0,5.0,225.382,-87.76359511196235
Fe2V0.95Ta0.05Al0.9Si0.1,Fe2.000,V1.000,Ta0.048Al0.857Si0.095,250.0,1.97238078588739e-06,3.960000000000001,0.0513725557749999,0.0,60.0,153.9663414,1081.807291796497,7.0,0.0,7.0,16.934919999999998,1.63227,1.5,0.0,0.0080743470999999,1.63,3.0,5.0,225.382,-99.3546159994398
Fe2V0.95Ta0.05Al0.9Si0.1,Fe2.000,V1.000,Ta0.048Al0.857Si0.095,300.0,2.3668854723636024e-06,3.960000000000001,0.0513725557749999,0.0,60.0,153.9663414,1081.807291796497,7.0,0.0,7.0,16.934919999999998,1.63227,1.5,0.0,0.0080743470999999,1.63,3.0,5.0,225.382,-105.854581845
Fe2V0.95Ta0.05Al0.9Si0.1,Fe2.000,V1.000,Ta0.048Al0.857Si0.095,350.0,2.7350433763404385e-06,3.960000000000001,0.0513725557749999,0.0,60.0,153.9663414,1081.807291796497,7.0,0.0,7.0,16.934919999999998,1.63227,1.5,0.0,0.0080743470999999,1.63,3.0,5.0,225.382,-107.2733823568
Fe2V0.95Ta0.05Al0.9Si0.1,Fe2.000,V1.000,Ta0.048Al0.857Si0.095,400.0,3.052307334623376e-06,3.960000000000001,0.0513725557749999,0.0,60.0,153.9663414,1081.807291796497,7.0,0.0,7.0,16.934919999999998,1.63227,1.5,0.0,0.0080743470999999,1.63,3.0,5.0,225.382,-103.9275260058
Fe2V0.95Ta0.05Al0.9Si0.1,Fe2.000,V1.000,Ta0.048Al0.857Si0.095,450.0,3.300015084114384e-06,3.960000000000001,0.0513725557749999,0.0,60.0,153.9663414,1081.807291796497,7.0,0.0,7.0,16.934919999999998,1.63227,1.5,0.0,0.0080743470999999,1.63,3.0,5.0,225.382,-96.44059184326102
Fe2V0.95Ta0.05Al0.9Si0.1,Fe2.000,V1.000,Ta0.048Al0.857Si0.095,500.0,3.4671846120547714e-06,3.960000000000001,0.0513725557749999,0.0,60.0,153.9663414,1081.807291796497,7.0,0.0,7.0,16.934919999999998,1.63227,1.5,0.0,0.0080743470999999,1.63,3.0,5.0,225.382,-85.74368131803855
Fe2V0.95Ta0.05Al0.9Si0.1,Fe2.000,V1.000,Ta0.048Al0.857Si0.095,550.0,3.5523095062680366e-06,3.960000000000001,0.0513725557749999,0.0,60.0,153.9663414,1081.807291796497,7.0,0.0,7.0,16.934919999999998,1.63227,1.5,0.0,0.0080743470999999,1.63,3.0,5.0,225.382,-73.07587009392734
Fe2V0.95Ta0.05Al0.9Si0.1,Fe2.000,V1.000,Ta0.048Al0.857Si0.095,600.0,3.565154305402716e-06,3.960000000000001,0.0513725557749999,0.0,60.0,153.9663414,1081.807291796497,7.0,0.0,7.0,16.934919999999998,1.63227,1.5,0.0,0.0080743470999999,1.63,3.0,5.0,225.382,-59.984659866820245
Fe2V0.95Ta0.05Al0.9Si0.1,Fe2.000,V1.000,Ta0.048Al0.857Si0.095,650.0,3.528549849175241e-06,3.960000000000001,0.0513725557749999,0.0,60.0,153.9663414,1081.807291796497,7.0,0.0,7.0,16.934919999999998,1.63227,1.5,0.0,0.0080743470999999,1.63,3.0,5.0,225.382,-48.32643018202776
Fe2V0.95Ta0.05Al0.9Si0.1,Fe2.000,V1.000,Ta0.048Al0.857Si0.095,700.0,3.480188628612773e-06,3.960000000000001,0.0513725557749999,0.0,60.0,153.9663414,1081.807291796497,7.0,0.0,7.0,16.934919999999998,1.63227,1.5,0.0,0.0080743470999999,1.63,3.0,5.0,225.382,-40.26689025155627
Fe2V0.95Ta0.05Al0.9Si0.1,Fe2.000,V1.000,Ta0.048Al0.857Si0.095,750.0,3.4744201362960714e-06,3.960000000000001,0.0513725557749999,0.0,60.0,153.9663414,1081.807291796497,7.0,0.0,7.0,16.934919999999998,1.63227,1.5,0.0,0.0080743470999999,1.63,3.0,5.0,225.382,-38.28153077138655
Ni2MnGa,Ni2.000,Mn1.000,Ga1.000,37.6191,7.32e-07,0.0,0.0,0.0,0.0,0.0,0.0,0.0,0.0,0.0,18.8575,1.81,1.81,0.0,0.0,1.55,0.0,13.0,64.0,0.3439
Ni2MnGa,Ni2.000,Mn1.000,Ga1.000,57.9526,7.84e-07,0.0,0.0,0.0,0.0,0.0,0.0,0.0,0.0,0.0,18.8575,1.81,1.81,0.0,0.0,1.55,0.0,13.0,64.0,-2.0722
Ni2MnGa,Ni2.000,Mn1.000,Ga1.000,76.9811,8.8e-07,0.0,0.0,0.0,0.0,0.0,0.0,0.0,0.0,0.0,18.8575,1.81,1.81,0.0,0.0,1.55,0.0,13.0,64.0,-4.4885
Ni2MnGa,Ni2.000,Mn1.000,Ga1.000,99.2721,1.06e-06,0.0,0.0,0.0,0.0,0.0,0.0,0.0,0.0,0.0,18.8575,1.81,1.81,0.0,0.0,1.55,0.0,13.0,64.0,-6.9041
Ni2MnGa,Ni2.000,Mn1.000,Ga1.000,122.2301,1.33e-06,0.0,0.0,0.0,0.0,0.0,0.0,0.0,0.0,0.0,18.8575,1.81,1.81,0.0,0.0,1.55,0.0,13.0,64.0,-9.6519
Ni2MnGa,Ni2.000,Mn1.000,Ga1.000,150.4042,1.78e-06,0.0,0.0,0.0,0.0,0.0,0.0,0.0,0.0,0.0,18.8575,1.81,1.81,0.0,0.0,1.55,0.0,13.0,64.0,-12.3034
Ni2MnGa,Ni2.000,Mn1.000,Ga1.000,187.6785,2.39e-06,0.0,0.0,0.0,0.0,0.0,0.0,0.0,0.0,0.0,18.8575,1.81,1.81,0.0,0.0,1.55,0.0,13.0,64.0,-14.1458
Ni2MnGa,Ni2.000,Mn1.000,Ga1.000,218.378,2.79e-06,0.0,0.0,0.0,0.0,0.0,0.0,0.0,0.0,0.0,18.8575,1.81,1.81,0.0,0.0,1.55,0.0,13.0,64.0,-14.8505
Ni2MnGa,Ni2.000,Mn1.000,Ga1.000,252.2286,3.24e-06,0.0,0.0,0.0,0.0,0.0,0.0,0.0,0.0,0.0,18.8575,1.81,1.81,0.0,0.0,1.55,0.0,13.0,64.0,-12.9912
Ni2MnGa,Ni2.000,Mn1.000,Ga1.000,279.5478,3.72e-06,0.0,0.0,0.0,0.0,0.0,0.0,0.0,0.0,0.0,18.8575,1.81,1.81,0.0,0.0,1.55,0.0,13.0,64.0,-10.9911
Ni2MnGa,Ni2.000,Mn1.000,Ga1.000,310.7883,4.47e-06,0.0,0.0,0.0,0.0,0.0,0.0,0.0,0.0,0.0,18.8575,1.81,1.81,0.0,0.0,1.55,0.0,13.0,64.0,-9.1324
Ni2MnGa,Ni2.000,Mn1.000,Ga1.000,347.2552,5.6e-06,0.0,0.0,0.0,0.0,0.0,0.0,0.0,0.0,0.0,18.8575,1.81,1.81,0.0,0.0,1.55,0.0,13.0,64.0,-7.4149
Ni2MnGa,Ni2.000,Mn1.000,Ga1.000,373.2879,6.2e-06,0.0,0.0,0.0,0.0,0.0,0.0,0.0,0.0,0.0,18.8575,1.81,1.81,0.0,0.0,1.55,0.0,13.0,64.0,-5.8423
Ni2MnGa,Ni2.000,Mn1.000,Ga1.000,396.7539,6.2e-06,0.0,0.0,0.0,0.0,0.0,0.0,0.0,0.0,0.0,18.8575,1.81,1.81,0.0,0.0,1.55,0.0,13.0,64.0,-5.2671
Ni2MnGa0.97Al0.03,Ni2.000,Mn1.000,Ga0.970Al0.030,27.8499,1.06e-06,2.3775000000000013,0.0,0.0,18.0,42.7414614,53.160826407883775,0.0,0.0,0.0,18.786175,1.804,1.61,0.0,0.0011639999999999,1.55,0.0,13.0,68.83,-0.0856
Ni2MnGa0.97Al0.03,Ni2.000,Mn1.000,Ga0.970Al0.030,51.448,1.37e-06,2.3775000000000013,0.0,0.0,18.0,42.7414614,53.160826407883775,0.0,0.0,0.0,18.786175,1.804,1.61,0.0,0.0011639999999999,1.55,0.0,13.0,68.83,-2.5484
Ni2MnGa0.97Al0.03,Ni2.000,Mn1.000,Ga0.970Al0.030,71.8187,1.77e-06,2.3775000000000013,0.0,0.0,18.0,42.7414614,53.160826407883775,0.0,0.0,0.0,18.786175,1.804,1.61,0.0,0.0011639999999999,1.55,0.0,13.0,68.83,-5.8189
Ni2MnGa0.97Al0.03,Ni2.000,Mn1.000,Ga0.970Al0.030,98.7373,2.39e-06,2.3775000000000013,0.0,0.0,18.0,42.7414614,53.160826407883775,0.0,0.0,0.0,18.786175,1.804,1.61,0.0,0.0011639999999999,1.55,0.0,13.0,68.83,-9.61
Ni2MnGa0.97Al0.03,Ni2.000,Mn1.000,Ga0.970Al0.030,123.0437,2.99e-06,2.3775000000000013,0.0,0.0,18.0,42.7414614,53.160826407883775,0.0,0.0,0.0,18.786175,1.804,1.61,0.0,0.0011639999999999,1.55,0.0,13.0,68.83,-13.3542
Ni2MnGa0.97Al0.03,Ni2.000,Mn1.000,Ga0.970Al0.030,148.6015,3.59e-06,2.3775000000000013,0.0,0.0,18.0,42.7414614,53.160826407883775,0.0,0.0,0.0,18.786175,1.804,1.61,0.0,0.0011639999999999,1.55,0.0,13.0,68.83,-15.8639
Ni2MnGa0.97Al0.03,Ni2.000,Mn1.000,Ga0.970Al0.030,174.1242,4.08e-06,2.3775000000000013,0.0,0.0,18.0,42.7414614,53.160826407883775,0.0,0.0,0.0,18.786175,1.804,1.61,0.0,0.0011639999999999,1.55,0.0,13.0,68.83,-17.5667
Ni2MnGa0.97Al0.03,Ni2.000,Mn1.000,Ga0.970Al0.030,203.5083,4.51e-06,2.3775000000000013,0.0,0.0,18.0,42.7414614,53.160826407883775,0.0,0.0,0.0,18.786175,1.804,1.61,0.0,0.0011639999999999,1.55,0.0,13.0,68.83,-18.0345
Ni2MnGa0.97Al0.03,Ni2.000,Mn1.000,Ga0.970Al0.030,245.9202,6.06e-06,2.3775000000000013,0.0,0.0,18.0,42.7414614,53.160826407883775,0.0,0.0,0.0,18.786175,1.804,1.61,0.0,0.0011639999999999,1.55,0.0,13.0,68.83,-17.9769
Ni2MnGa0.97Al0.03,Ni2.000,Mn1.000,Ga0.970Al0.030,269.4048,6.53e-06,2.3775000000000013,0.0,0.0,18.0,42.7414614,53.160826407883775,0.0,0.0,0.0,18.786175,1.804,1.61,0.0,0.0011639999999999,1.55,0.0,13.0,68.83,-17.8289
Ni2MnGa0.97Al0.03,Ni2.000,Mn1.000,Ga0.970Al0.030,275.1433,6.28e-06,2.3775000000000013,0.0,0.0,18.0,42.7414614,53.160826407883775,0.0,0.0,0.0,18.786175,1.804,1.61,0.0,0.0011639999999999,1.55,0.0,13.0,68.83,-14.7421
Ni2MnGa0.97Al0.03,Ni2.000,Mn1.000,Ga0.970Al0.030,308.3021,7.25e-06,2.3775000000000013,0.0,0.0,18.0,42.7414614,53.160826407883775,0.0,0.0,0.0,18.786175,1.804,1.61,0.0,0.0011639999999999,1.55,0.0,13.0,68.83,-11.9811
Ni2MnGa0.97Al0.03,Ni2.000,Mn1.000,Ga0.970Al0.030,340.1848,9.08e-06,2.3775000000000013,0.0,0.0,18.0,42.7414614,53.160826407883775,0.0,0.0,0.0,18.786175,1.804,1.61,0.0,0.0011639999999999,1.55,0.0,13.0,68.83,-9.8849
Ni2MnGa0.97Al0.03,Ni2.000,Mn1.000,Ga0.970Al0.030,364.9104,9.91e-06,2.3775000000000013,0.0,0.0,18.0,42.7414614,53.160826407883775,0.0,0.0,0.0,18.786175,1.804,1.61,0.0,0.0011639999999999,1.55,0.0,13.0,68.83,-8.2651
Ni2MnGa0.97Al0.03,Ni2.000,Mn1.000,Ga0.970Al0.030,394.8831,1.04e-05,2.3775000000000013,0.0,0.0,18.0,42.7414614,53.160826407883775,0.0,0.0,0.0,18.786175,1.804,1.61,0.0,0.0011639999999999,1.55,0.0,13.0,68.83,-7.2612
Ni2MnGa0.95Al0.05,Ni2.000,Mn1.000,Ga0.950Al0.050,18.0992,2.66e-06,2.3775000000000013,0.0,0.0,18.0,42.7414614,86.77454482386528,0.0,0.0,0.0,18.738625000000003,1.8,1.61,0.0,0.0018999999999999,1.55,0.0,13.0,72.05,-0.9424
Ni2MnGa0.95Al0.05,Ni2.000,Mn1.000,Ga0.950Al0.050,42.3107,3.1e-06,2.3775000000000013,0.0,0.0,18.0,42.7414614,86.77454482386528,0.0,0.0,0.0,18.738625000000003,1.8,1.61,0.0,0.0018999999999999,1.55,0.0,13.0,72.05,-2.5031
Ni2MnGa0.95Al0.05,Ni2.000,Mn1.000,Ga0.950Al0.050,61.3639,3.39e-06,2.3775000000000013,0.0,0.0,18.0,42.7414614,86.77454482386528,0.0,0.0,0.0,18.738625000000003,1.8,1.61,0.0,0.0018999999999999,1.55,0.0,13.0,72.05,-5.4891
Ni2MnGa0.95Al0.05,Ni2.000,Mn1.000,Ga0.950Al0.050,87.6258,3.76e-06,2.3775000000000013,0.0,0.0,18.0,42.7414614,86.77454482386528,0.0,0.0,0.0,18.738625000000003,1.8,1.61,0.0,0.0018999999999999,1.55,0.0,13.0,72.05,-9.1854
Ni2MnGa0.95Al0.05,Ni2.000,Mn1.000,Ga0.950Al0.050,109.3139,4.07e-06,2.3775000000000013,0.0,0.0,18.0,42.7414614,86.77454482386528,0.0,0.0,0.0,18.738625000000003,1.8,1.61,0.0,0.0018999999999999,1.55,0.0,13.0,72.05,-12.7404
Ni2MnGa0.95Al0.05,Ni2.000,Mn1.000,Ga0.950Al0.050,132.9534,4.49e-06,2.3775000000000013,0.0,0.0,18.0,42.7414614,86.77454482386528,0.0,0.0,0.0,18.738625000000003,1.8,1.61,0.0,0.0018999999999999,1.55,0.0,13.0,72.05,-16.1525
Ni2MnGa0.95Al0.05,Ni2.000,Mn1.000,Ga0.950Al0.050,160.5038,5.14e-06,2.3775000000000013,0.0,0.0,18.0,42.7414614,86.77454482386528,0.0,0.0,0.0,18.738625000000003,1.8,1.61,0.0,0.0018999999999999,1.55,0.0,13.0,72.05,-19.4687
Ni2MnGa0.95Al0.05,Ni2.000,Mn1.000,Ga0.950Al0.050,195.1742,6.31e-06,2.3775000000000013,0.0,0.0,18.0,42.7414614,86.77454482386528,0.0,0.0,0.0,18.738625000000003,1.8,1.61,0.0,0.0018999999999999,1.55,0.0,13.0,72.05,-21.4542
Ni2MnGa0.95Al0.05,Ni2.000,Mn1.000,Ga0.950Al0.050,228.4652,7.54e-06,2.3775000000000013,0.0,0.0,18.0,42.7414614,86.77454482386528,0.0,0.0,0.0,18.738625000000003,1.8,1.61,0.0,0.0018999999999999,1.55,0.0,13.0,72.05,-21.7311
Ni2MnGa0.95Al0.05,Ni2.000,Mn1.000,Ga0.950Al0.050,242.1062,7.85e-06,2.3775000000000013,0.0,0.0,18.0,42.7414614,86.77454482386528,0.0,0.0,0.0,18.738625000000003,1.8,1.61,0.0,0.0018999999999999,1.55,0.0,13.0,72.05,-20.3038
Ni2MnGa0.95Al0.05,Ni2.000,Mn1.000,Ga0.950Al0.050,248.6377,7.97e-06,2.3775000000000013,0.0,0.0,18.0,42.7414614,86.77454482386528,0.0,0.0,0.0,18.738625000000003,1.8,1.61,0.0,0.0018999999999999,1.55,0.0,13.0,72.05,-20.4446
Ni2MnGa0.95Al0.05,Ni2.000,Mn1.000,Ga0.950Al0.050,285.6889,8.79e-06,2.3775000000000013,0.0,0.0,18.0,42.7414614,86.77454482386528,0.0,0.0,0.0,18.738625000000003,1.8,1.61,0.0,0.0018999999999999,1.55,0.0,13.0,72.05,-17.1605
Ni2MnGa0.95Al0.05,Ni2.000,Mn1.000,Ga0.950Al0.050,320.8074,1.02e-05,2.3775000000000013,0.0,0.0,18.0,42.7414614,86.77454482386528,0.0,0.0,0.0,18.738625000000003,1.8,1.61,0.0,0.0018999999999999,1.55,0.0,13.0,72.05,-14.4465
Ni2MnGa0.95Al0.05,Ni2.000,Mn1.000,Ga0.950Al0.050,351.352,1.2e-05,2.3775000000000013,0.0,0.0,18.0,42.7414614,86.77454482386528,0.0,0.0,0.0,18.738625000000003,1.8,1.61,0.0,0.0018999999999999,1.55,0.0,13.0,72.05,-11.5911
Ni2MnGa0.95Al0.05,Ni2.000,Mn1.000,Ga0.950Al0.050,374.7251,1.33e-05,2.3775000000000013,0.0,0.0,18.0,42.7414614,86.77454482386528,0.0,0.0,0.0,18.738625000000003,1.8,1.61,0.0,0.0018999999999999,1.55,0.0,13.0,72.05,-8.8799
Ni2MnGa0.95Al0.05,Ni2.000,Mn1.000,Ga0.950Al0.050,396.8923,1.4e-05,2.3775000000000013,0.0,0.0,18.0,42.7414614,86.77454482386528,0.0,0.0,0.0,18.738625000000003,1.8,1.61,0.0,0.0018999999999999,1.55,0.0,13.0,72.05,-8.4474
Ni2MnGa0.90Al0.10,Ni2.000,Mn1.000,Ga0.900Al0.100,20.6721,4.53e-06,2.3775000000000013,0.0,0.0,18.0,42.7414614,164.4149270346921,0.0,0.0,0.0,18.619750000000003,1.79,1.61,0.0,0.0035999999999999,1.55,0.0,13.0,80.1,-0.0873
Ni2MnGa0.90Al0.10,Ni2.000,Mn1.000,Ga0.900Al0.100,39.6841,4.72e-06,2.3775000000000013,0.0,0.0,18.0,42.7414614,164.4149270346921,0.0,0.0,0.0,18.619750000000003,1.79,1.61,0.0,0.0035999999999999,1.55,0.0,13.0,80.1,-2.124
Ni2MnGa0.90Al0.10,Ni2.000,Mn1.000,Ga0.900Al0.100,55.4664,4.88e-06,2.3775000000000013,0.0,0.0,18.0,42.7414614,164.4149270346921,0.0,0.0,0.0,18.619750000000003,1.79,1.61,0.0,0.0035999999999999,1.55,0.0,13.0,80.1,-4.9209
Ni2MnGa0.90Al0.10,Ni2.000,Mn1.000,Ga0.900Al0.100,75.8639,5.11e-06,2.3775000000000013,0.0,0.0,18.0,42.7414614,164.4149270346921,0.0,0.0,0.0,18.619750000000003,1.79,1.61,0.0,0.0035999999999999,1.55,0.0,13.0,80.1,-8.8084
Ni2MnGa0.90Al0.10,Ni2.000,Mn1.000,Ga0.900Al0.100,92.9885,5.33e-06,2.3775000000000013,0.0,0.0,18.0,42.7414614,164.4149270346921,0.0,0.0,0.0,18.619750000000003,1.79,1.61,0.0,0.0035999999999999,1.55,0.0,13.0,80.1,-12.4594
Ni2MnGa0.90Al0.10,Ni2.000,Mn1.000,Ga0.900Al0.100,106.8298,5.54e-06,2.3775000000000013,0.0,0.0,18.0,42.7414614,164.4149270346921,0.0,0.0,0.0,18.619750000000003,1.79,1.61,0.0,0.0035999999999999,1.55,0.0,13.0,80.1,-15.6365
Ni2MnGa0.90Al0.10,Ni2.000,Mn1.000,Ga0.900Al0.100,126.6037,5.91e-06,2.3775000000000013,0.0,0.0,18.0,42.7414614,164.4149270346921,0.0,0.0,0.0,18.619750000000003,1.79,1.61,0.0,0.0035999999999999,1.55,0.0,13.0,80.1,-20.1888
Ni2MnGa0.90Al0.10,Ni2.000,Mn1.000,Ga0.900Al0.100,150.2783,6.46e-06,2.3775000000000013,0.0,0.0,18.0,42.7414614,164.4149270346921,0.0,0.0,0.0,18.619750000000003,1.79,1.61,0.0,0.0035999999999999,1.55,0.0,13.0,80.1,-24.4079
Ni2MnGa0.90Al0.10,Ni2.000,Mn1.000,Ga0.900Al0.100,184.3787,7.46e-06,2.3775000000000013,0.0,0.0,18.0,42.7414614,164.4149270346921,0.0,0.0,0.0,18.619750000000003,1.79,1.61,0.0,0.0035999999999999,1.55,0.0,13.0,80.1,-28.2922
Ni2MnGa0.90Al0.10,Ni2.000,Mn1.000,Ga0.900Al0.100,213.8351,8.22e-06,2.3775000000000013,0.0,0.0,18.0,42.7414614,164.4149270346921,0.0,0.0,0.0,18.619750000000003,1.79,1.61,0.0,0.0035999999999999,1.55,0.0,13.0,80.1,-30.4212
Ni2MnGa0.90Al0.10,Ni2.000,Mn1.000,Ga0.900Al0.100,246.3807,9e-06,2.3775000000000013,0.0,0.0,18.0,42.7414614,164.4149270346921,0.0,0.0,0.0,18.619750000000003,1.79,1.61,0.0,0.0035999999999999,1.55,0.0,13.0,80.1,-28.5623
Ni2MnGa0.90Al0.10,Ni2.000,Mn1.000,Ga0.900Al0.100,266.4664,9.65e-06,2.3775000000000013,0.0,0.0,18.0,42.7414614,164.4149270346921,0.0,0.0,0.0,18.619750000000003,1.79,1.61,0.0,0.0035999999999999,1.55,0.0,13.0,80.1,-25.2822
Ni2MnGa0.90Al0.10,Ni2.000,Mn1.000,Ga0.900Al0.100,301.5332,1.11e-05,2.3775000000000013,0.0,0.0,18.0,42.7414614,164.4149270346921,0.0,0.0,0.0,18.619750000000003,1.79,1.61,0.0,0.0035999999999999,1.55,0.0,13.0,80.1,-21.3814
Ni2MnGa0.90Al0.10,Ni2.000,Mn1.000,Ga0.900Al0.100,332.6891,1.25e-05,2.3775000000000013,0.0,0.0,18.0,42.7414614,164.4149270346921,0.0,0.0,0.0,18.619750000000003,1.79,1.61,0.0,0.0035999999999999,1.55,0.0,13.0,80.1,-17.5766
Ni2MnGa0.90Al0.10,Ni2.000,Mn1.000,Ga0.900Al0.100,357.361,1.39e-05,2.3775000000000013,0.0,0.0,18.0,42.7414614,164.4149270346921,0.0,0.0,0.0,18.619750000000003,1.79,1.61,0.0,0.0035999999999999,1.55,0.0,13.0,80.1,-14.7226
Ni2MnGa0.90Al0.10,Ni2.000,Mn1.000,Ga0.900Al0.100,377.4694,1.48e-05,2.3775000000000013,0.0,0.0,18.0,42.7414614,164.4149270346921,0.0,0.0,0.0,18.619750000000003,1.79,1.61,0.0,0.0035999999999999,1.55,0.0,13.0,80.1,-11.9647
Ni2MnGa0.90Al0.10,Ni2.000,Mn1.000,Ga0.900Al0.100,398.9737,1.5e-05,2.3775000000000013,0.0,0.0,18.0,42.7414614,164.4149270346921,0.0,0.0,0.0,18.619750000000003,1.79,1.61,0.0,0.0035999999999999,1.55,0.0,13.0,80.1,-11.295
Ni2MnGa0.85Al0.15,Ni2.000,Mn1.000,Ga0.850Al0.150,22.6751,6.97e-06,2.3775000000000013,0.0,0.0,18.0,42.7414614,232.9211466324805,0.0,0.0,0.0,18.500875,1.78,1.61,0.0,0.0050999999999999,1.55,0.0,13.0,88.15,-1.1312
Ni2MnGa0.85Al0.15,Ni2.000,Mn1.000,Ga0.850Al0.150,38.4286,7.11e-06,2.3775000000000013,0.0,0.0,18.0,42.7414614,232.9211466324805,0.0,0.0,0.0,18.500875,1.78,1.61,0.0,0.0050999999999999,1.55,0.0,13.0,88.15,-3.2635
Ni2MnGa0.85Al0.15,Ni2.000,Mn1.000,Ga0.850Al0.150,59.4683,7.34e-06,2.3775000000000013,0.0,0.0,18.0,42.7414614,232.9211466324805,0.0,0.0,0.0,18.500875,1.78,1.61,0.0,0.0050999999999999,1.55,0.0,13.0,88.15,-6.9136
Ni2MnGa0.85Al0.15,Ni2.000,Mn1.000,Ga0.850Al0.150,75.9424,7.55e-06,2.3775000000000013,0.0,0.0,18.0,42.7414614,232.9211466324805,0.0,0.0,0.0,18.500875,1.78,1.61,0.0,0.0050999999999999,1.55,0.0,13.0,88.15,-10.6122
Ni2MnGa0.85Al0.15,Ni2.000,Mn1.000,Ga0.850Al0.150,95.6915,7.84e-06,2.3775000000000013,0.0,0.0,18.0,42.7414614,232.9211466324805,0.0,0.0,0.0,18.500875,1.78,1.61,0.0,0.0050999999999999,1.55,0.0,13.0,88.15,-14.5949
Ni2MnGa0.85Al0.15,Ni2.000,Mn1.000,Ga0.850Al0.150,113.4645,8.13e-06,2.3775000000000013,0.0,0.0,18.0,42.7414614,232.9211466324805,0.0,0.0,0.0,18.500875,1.78,1.61,0.0,0.0050999999999999,1.55,0.0,13.0,88.15,-18.1508
Ni2MnGa0.85Al0.15,Ni2.000,Mn1.000,Ga0.850Al0.150,135.1649,8.51e-06,2.3775000000000013,0.0,0.0,18.0,42.7414614,232.9211466324805,0.0,0.0,0.0,18.500875,1.78,1.61,0.0,0.0050999999999999,1.55,0.0,13.0,88.15,-21.9906
Ni2MnGa0.85Al0.15,Ni2.000,Mn1.000,Ga0.850Al0.150,162.7319,9.06e-06,2.3775000000000013,0.0,0.0,18.0,42.7414614,232.9211466324805,0.0,0.0,0.0,18.500875,1.78,1.61,0.0,0.0050999999999999,1.55,0.0,13.0,88.15,-25.6865
Ni2MnGa0.85Al0.15,Ni2.000,Mn1.000,Ga0.850Al0.150,187.6083,9.59e-06,2.3775000000000013,0.0,0.0,18.0,42.7414614,232.9211466324805,0.0,0.0,0.0,18.500875,1.78,1.61,0.0,0.0050999999999999,1.55,0.0,13.0,88.15,-27.5319
Ni2MnGa0.85Al0.15,Ni2.000,Mn1.000,Ga0.850Al0.150,205.247,9.98e-06,2.3775000000000013,0.0,0.0,18.0,42.7414614,232.9211466324805,0.0,0.0,0.0,18.500875,1.78,1.61,0.0,0.0050999999999999,1.55,0.0,13.0,88.15,-28.0024
Ni2MnGa0.85Al0.15,Ni2.000,Mn1.000,Ga0.850Al0.150,233.2125,1.06e-05,2.3775000000000013,0.0,0.0,18.0,42.7414614,232.9211466324805,0.0,0.0,0.0,18.500875,1.78,1.61,0.0,0.0050999999999999,1.55,0.0,13.0,88.15,-25.8597
Ni2MnGa0.85Al0.15,Ni2.000,Mn1.000,Ga0.850Al0.150,258.5225,1.13e-05,2.3775000000000013,0.0,0.0,18.0,42.7414614,232.9211466324805,0.0,0.0,0.0,18.500875,1.78,1.61,0.0,0.0050999999999999,1.55,0.0,13.0,88.15,-22.6733
Ni2MnGa0.85Al0.15,Ni2.000,Mn1.000,Ga0.850Al0.150,292.9472,1.24e-05,2.3775000000000013,0.0,0.0,18.0,42.7414614,232.9211466324805,0.0,0.0,0.0,18.500875,1.78,1.61,0.0,0.0050999999999999,1.55,0.0,13.0,88.15,-19.0101
Ni2MnGa0.85Al0.15,Ni2.000,Mn1.000,Ga0.850Al0.150,324.7473,1.37e-05,2.3775000000000013,0.0,0.0,18.0,42.7414614,232.9211466324805,0.0,0.0,0.0,18.500875,1.78,1.61,0.0,0.0050999999999999,1.55,0.0,13.0,88.15,-15.0152
Ni2MnGa0.85Al0.15,Ni2.000,Mn1.000,Ga0.850Al0.150,353.3199,1.49e-05,2.3775000000000013,0.0,0.0,18.0,42.7414614,232.9211466324805,0.0,0.0,0.0,18.500875,1.78,1.61,0.0,0.0050999999999999,1.55,0.0,13.0,88.15,-11.828
Ni2MnGa0.85Al0.15,Ni2.000,Mn1.000,Ga0.850Al0.150,365.6559,1.53e-05,2.3775000000000013,0.0,0.0,18.0,42.7414614,232.9211466324805,0.0,0.0,0.0,18.500875,1.78,1.61,0.0,0.0050999999999999,1.55,0.0,13.0,88.15,-10.401
Ni2MnGa0.85Al0.15,Ni2.000,Mn1.000,Ga0.850Al0.150,394.3441,1.57e-05,2.3775000000000013,0.0,0.0,18.0,42.7414614,232.9211466324805,0.0,0.0,0.0,18.500875,1.78,1.61,0.0,0.0050999999999999,1.55,0.0,13.0,88.15,-9.8721
Ni2MnGa0.80Al0.20,Ni2.000,Mn1.000,Ga0.800Al0.200,27.8437,1.11e-05,2.3775000000000013,0.0,0.0,18.0,42.7414614,292.2932036172304,0.0,0.0,0.0,18.382,1.7700000000000002,1.61,0.0,0.0063999999999999,1.55,0.0,13.0,96.2,0.0568
Ni2MnGa0.80Al0.20,Ni2.000,Mn1.000,Ga0.800Al0.200,48.173,1.11e-05,2.3775000000000013,0.0,0.0,18.0,42.7414614,292.2932036172304,0.0,0.0,0.0,18.382,1.7700000000000002,1.61,0.0,0.0063999999999999,1.55,0.0,13.0,96.2,-2.2644
Ni2MnGa0.80Al0.20,Ni2.000,Mn1.000,Ga0.800Al0.200,69.1942,1.12e-05,2.3775000000000013,0.0,0.0,18.0,42.7414614,292.2932036172304,0.0,0.0,0.0,18.382,1.7700000000000002,1.61,0.0,0.0063999999999999,1.55,0.0,13.0,96.2,-5.4872
Ni2MnGa0.80Al0.20,Ni2.000,Mn1.000,Ga0.800Al0.200,90.8719,1.14e-05,2.3775000000000013,0.0,0.0,18.0,42.7414614,292.2932036172304,0.0,0.0,0.0,18.382,1.7700000000000002,1.61,0.0,0.0063999999999999,1.55,0.0,13.0,96.2,-8.8049
Ni2MnGa0.80Al0.20,Ni2.000,Mn1.000,Ga0.800Al0.200,113.2105,1.16e-05,2.3775000000000013,0.0,0.0,18.0,42.7414614,292.2932036172304,0.0,0.0,0.0,18.382,1.7700000000000002,1.61,0.0,0.0063999999999999,1.55,0.0,13.0,96.2,-12.3122
Ni2MnGa0.80Al0.20,Ni2.000,Mn1.000,Ga0.800Al0.200,140.7651,1.19e-05,2.3775000000000013,0.0,0.0,18.0,42.7414614,292.2932036172304,0.0,0.0,0.0,18.382,1.7700000000000002,1.61,0.0,0.0063999999999999,1.55,0.0,13.0,96.2,-15.7234
Ni2MnGa0.80Al0.20,Ni2.000,Mn1.000,Ga0.800Al0.200,180.0052,1.25e-05,2.3775000000000013,0.0,0.0,18.0,42.7414614,292.2932036172304,0.0,0.0,0.0,18.382,1.7700000000000002,1.61,0.0,0.0063999999999999,1.55,0.0,13.0,96.2,-17.7552
Ni2MnGa0.80Al0.20,Ni2.000,Mn1.000,Ga0.800Al0.200,208.7285,1.3e-05,2.3775000000000013,0.0,0.0,18.0,42.7414614,292.2932036172304,0.0,0.0,0.0,18.382,1.7700000000000002,1.61,0.0,0.0063999999999999,1.55,0.0,13.0,96.2,-18.0332
Ni2MnGa0.80Al0.20,Ni2.000,Mn1.000,Ga0.800Al0.200,252.3711,1.39e-05,2.3775000000000013,0.0,0.0,18.0,42.7414614,292.2932036172304,0.0,0.0,0.0,18.382,1.7700000000000002,1.61,0.0,0.0063999999999999,1.55,0.0,13.0,96.2,-16.2665
Ni2MnGa0.80Al0.20,Ni2.000,Mn1.000,Ga0.800Al0.200,281.0077,1.48e-05,2.3775000000000013,0.0,0.0,18.0,42.7414614,292.2932036172304,0.0,0.0,0.0,18.382,1.7700000000000002,1.61,0.0,0.0063999999999999,1.55,0.0,13.0,96.2,-14.5509
Ni2MnGa0.80Al0.20,Ni2.000,Mn1.000,Ga0.800Al0.200,314.8294,1.6e-05,2.3775000000000013,0.0,0.0,18.0,42.7414614,292.2932036172304,0.0,0.0,0.0,18.382,1.7700000000000002,1.61,0.0,0.0063999999999999,1.55,0.0,13.0,96.2,-12.027
Ni2MnGa0.80Al0.20,Ni2.000,Mn1.000,Ga0.800Al0.200,349.9644,1.74e-05,2.3775000000000013,0.0,0.0,18.0,42.7414614,292.2932036172304,0.0,0.0,0.0,18.382,1.7700000000000002,1.61,0.0,0.0063999999999999,1.55,0.0,13.0,96.2,-9.6927
Ni2MnGa0.80Al0.20,Ni2.000,Mn1.000,Ga0.800Al0.200,377.298,1.83e-05,2.3775000000000013,0.0,0.0,18.0,42.7414614,292.2932036172304,0.0,0.0,0.0,18.382,1.7700000000000002,1.61,0.0,0.0063999999999999,1.55,0.0,13.0,96.2,-8.0249
Ni2MnGa0.80Al0.20,Ni2.000,Mn1.000,Ga0.800Al0.200,398.1477,1.87e-05,2.3775000000000013,0.0,0.0,18.0,42.7414614,292.2932036172304,0.0,0.0,0.0,18.382,1.7700000000000002,1.61,0.0,0.0063999999999999,1.55,0.0,13.0,96.2,-7.3079
Co2MnSi,Co2.000,Mn1.000,Si1.000,40.6926,9.04e-07,0.0,0.0,0.0,0.0,0.0,0.0,0.0,0.0,0.0,20.44,1.9,1.9,0.0,0.0,1.55,0.0,14.0,227.0,-3.0196
Co2MnSi,Co2.000,Mn1.000,Si1.000,84.4156,1.15e-06,0.0,0.0,0.0,0.0,0.0,0.0,0.0,0.0,0.0,20.44,1.9,1.9,0.0,0.0,1.55,0.0,14.0,227.0,-3.5387
Co2MnSi,Co2.000,Mn1.000,Si1.000,157.5758,1.69e-06,0.0,0.0,0.0,0.0,0.0,0.0,0.0,0.0,0.0,20.44,1.9,1.9,0.0,0.0,1.55,0.0,14.0,227.0,-7.3425
Co2MnSi,Co2.000,Mn1.000,Si1.000,232.4675,2.19e-06,0.0,0.0,0.0,0.0,0.0,0.0,0.0,0.0,0.0,20.44,1.9,1.9,0.0,0.0,1.55,0.0,14.0,227.0,-11.8039
Co2MnSi,Co2.000,Mn1.000,Si1.000,297.8355,2.64e-06,0.0,0.0,0.0,0.0,0.0,0.0,0.0,0.0,0.0,20.44,1.9,1.9,0.0,0.0,1.55,0.0,14.0,227.0,-15.9379
Co2MnSi,Co2.000,Mn1.000,Si1.000,400.4329,3.46e-06,0.0,0.0,0.0,0.0,0.0,0.0,0.0,0.0,0.0,20.44,1.9,1.9,0.0,0.0,1.55,0.0,14.0,227.0,-22.6315
Co2MnSi0.67Al0.33,Co2.000,Mn1.000,Si0.670Al0.330,12.1212,4.61e-06,3.960000000000001,0.1321136619,0.0,1.0,1.103961399999999,0.2694613738417498,0.0,0.0,0.0,19.1332,1.8043,1.61,0.0,0.0185945099999999,1.55,1.0,13.0,226.34,-0.2612
Co2MnSi0.67Al0.33,Co2.000,Mn1.000,Si0.670Al0.330,39.3939,4.67e-06,3.960000000000001,0.1321136619,0.0,1.0,1.103961399999999,0.2694613738417498,0.0,0.0,0.0,19.1332,1.8043,1.61,0.0,0.0185945099999999,1.55,1.0,13.0,226.34,-7.0988
Co2MnSi0.67Al0.33,Co2.000,Mn1.000,Si0.670Al0.330,101.7316,4.99e-06,3.960000000000001,0.1321136619,0.0,1.0,1.103961399999999,0.2694613738417498,0.0,0.0,0.0,19.1332,1.8043,1.61,0.0,0.0185945099999999,1.55,1.0,13.0,226.34,-7.878
Co2MnSi0.67Al0.33,Co2.000,Mn1.000,Si0.670Al0.330,153.6797,5.41e-06,3.960000000000001,0.1321136619,0.0,1.0,1.103961399999999,0.2694613738417498,0.0,0.0,0.0,19.1332,1.8043,1.61,0.0,0.0185945099999999,1.55,1.0,13.0,226.34,-10.4353
Co2MnSi0.67Al0.33,Co2.000,Mn1.000,Si0.670Al0.330,210.3896,5.93e-06,3.960000000000001,0.1321136619,0.0,1.0,1.103961399999999,0.2694613738417498,0.0,0.0,0.0,19.1332,1.8043,1.61,0.0,0.0185945099999999,1.55,1.0,13.0,226.34,-14.8338
Co2MnSi0.67Al0.33,Co2.000,Mn1.000,Si0.670Al0.330,287.013,6.6e-06,3.960000000000001,0.1321136619,0.0,1.0,1.103961399999999,0.2694613738417498,0.0,0.0,0.0,19.1332,1.8043,1.61,0.0,0.0185945099999999,1.55,1.0,13.0,226.34,-21.5317
Co2MnSi0.67Al0.33,Co2.000,Mn1.000,Si0.670Al0.330,351.0823,7.18e-06,3.960000000000001,0.1321136619,0.0,1.0,1.103961399999999,0.2694613738417498,0.0,0.0,0.0,19.1332,1.8043,1.61,0.0,0.0185945099999999,1.55,1.0,13.0,226.34,-27.0475
Co2MnSi0.67Al0.33,Co2.000,Mn1.000,Si0.670Al0.330,401.7316,7.69e-06,3.960000000000001,0.1321136619,0.0,1.0,1.103961399999999,0.2694613738417498,0.0,0.0,0.0,19.1332,1.8043,1.61,0.0,0.0185945099999999,1.55,1.0,13.0,226.34,-31.1181
Co2MnSi0.33Al0.67,Co2.000,Mn1.000,Si0.330Al0.670,22.5108,1.43e-05,3.960000000000001,0.1321136619,0.0,1.0,1.103961399999999,0.2694613738417498,0.0,0.0,0.0,17.7868,1.7057000000000002,1.61,0.0,0.0185945099999999,1.55,1.0,13.0,225.66,-11.3121
Co2MnSi0.33Al0.67,Co2.000,Mn1.000,Si0.330Al0.670,36.7965,1.43e-05,3.960000000000001,0.1321136619,0.0,1.0,1.103961399999999,0.2694613738417498,0.0,0.0,0.0,17.7868,1.7057000000000002,1.61,0.0,0.0185945099999999,1.55,1.0,13.0,225.66,-21.5729
Co2MnSi0.33Al0.67,Co2.000,Mn1.000,Si0.330Al0.670,45.8874,1.43e-05,3.960000000000001,0.1321136619,0.0,1.0,1.103961399999999,0.2694613738417498,0.0,0.0,0.0,17.7868,1.7057000000000002,1.61,0.0,0.0185945099999999,1.55,1.0,13.0,225.66,-22.2951
Co2MnSi0.33Al0.67,Co2.000,Mn1.000,Si0.330Al0.670,79.6537,1.45e-05,3.960000000000001,0.1321136619,0.0,1.0,1.103961399999999,0.2694613738417498,0.0,0.0,0.0,17.7868,1.7057000000000002,1.61,0.0,0.0185945099999999,1.55,1.0,13.0,225.66,-17.7501
Co2MnSi0.33Al0.67,Co2.000,Mn1.000,Si0.330Al0.670,105.6277,1.46e-05,3.960000000000001,0.1321136619,0.0,1.0,1.103961399999999,0.2694613738417498,0.0,0.0,0.0,17.7868,1.7057000000000002,1.61,0.0,0.0185945099999999,1.55,1.0,13.0,225.66,-17.5484
Co2MnSi0.33Al0.67,Co2.000,Mn1.000,Si0.330Al0.670,164.9351,1.51e-05,3.960000000000001,0.1321136619,0.0,1.0,1.103961399999999,0.2694613738417498,0.0,0.0,0.0,17.7868,1.7057000000000002,1.61,0.0,0.0185945099999999,1.55,1.0,13.0,225.66,-21.3545
Co2MnSi0.33Al0.67,Co2.000,Mn1.000,Si0.330Al0.670,223.8095,1.57e-05,3.960000000000001,0.1321136619,0.0,1.0,1.103961399999999,0.2694613738417498,0.0,0.0,0.0,17.7868,1.7057000000000002,1.61,0.0,0.0185945099999999,1.55,1.0,13.0,225.66,-27.0027
Co2MnSi0.33Al0.67,Co2.000,Mn1.000,Si0.330Al0.670,292.2078,1.62e-05,3.960000000000001,0.1321136619,0.0,1.0,1.103961399999999,0.2694613738417498,0.0,0.0,0.0,17.7868,1.7057000000000002,1.61,0.0,0.0185945099999999,1.55,1.0,13.0,225.66,-33.9651
Co2MnSi0.33Al0.67,Co2.000,Mn1.000,Si0.330Al0.670,347.1861,1.66e-05,3.960000000000001,0.1321136619,0.0,1.0,1.103961399999999,0.2694613738417498,0.0,0.0,0.0,17.7868,1.7057000000000002,1.61,0.0,0.0185945099999999,1.55,1.0,13.0,225.66,-39.2192
Co2MnSi0.33Al0.67,Co2.000,Mn1.000,Si0.330Al0.670,396.5368,1.71e-05,3.960000000000001,0.1321136619,0.0,1.0,1.103961399999999,0.2694613738417498,0.0,0.0,0.0,17.7868,1.7057000000000002,1.61,0.0,0.0185945099999999,1.55,1.0,13.0,225.66,-43.619
Co2MnAl,Co2.000,Mn1.000,Al1.000,15.5844,2e-05,0.0,0.0,0.0,0.0,0.0,0.0,0.0,0.0,0.0,16.48,1.61,1.61,0.0,0.0,1.55,0.0,13.0,225.0,-0.6553
Co2MnAl,Co2.000,Mn1.000,Al1.000,51.0823,1.99e-05,0.0,0.0,0.0,0.0,0.0,0.0,0.0,0.0,0.0,16.48,1.61,1.61,0.0,0.0,1.55,0.0,13.0,225.0,-10.3205
Co2MnAl,Co2.000,Mn1.000,Al1.000,97.8355,1.98e-05,0.0,0.0,0.0,0.0,0.0,0.0,0.0,0.0,0.0,16.48,1.61,1.61,0.0,0.0,1.55,0.0,13.0,225.0,-9.655
Co2MnAl,Co2.000,Mn1.000,Al1.000,165.368,1.98e-05,0.0,0.0,0.0,0.0,0.0,0.0,0.0,0.0,0.0,16.48,1.61,1.61,0.0,0.0,1.55,0.0,13.0,225.0,-12.9991
Co2MnAl,Co2.000,Mn1.000,Al1.000,236.3636,1.99e-05,0.0,0.0,0.0,0.0,0.0,0.0,0.0,0.0,0.0,16.48,1.61,1.61,0.0,0.0,1.55,0.0,13.0,225.0,-19.5006
Co2MnAl,Co2.000,Mn1.000,Al1.000,307.7922,1.98e-05,0.0,0.0,0.0,0.0,0.0,0.0,0.0,0.0,0.0,16.48,1.61,1.61,0.0,0.0,1.55,0.0,13.0,225.0,-26.0678
Co2MnAl,Co2.000,Mn1.000,Al1.000,369.2641,1.98e-05,0.0,0.0,0.0,0.0,0.0,0.0,0.0,0.0,0.0,16.48,1.61,1.61,0.0,0.0,1.55,0.0,13.0,225.0,-30.5972
Co2MnAl,Co2.000,Mn1.000,Al1.000,403.0303,1.99e-05,0.0,0.0,0.0,0.0,0.0,0.0,0.0,0.0,0.0,16.48,1.61,1.61,0.0,0.0,1.55,0.0,13.0,225.0,-32.3679
Co2FeAl,Co2.000,Fe1.000,Al1.000,13.4199,8.4e-06,0.0,0.0,0.0,0.0,0.0,0.0,0.0,0.0,0.0,16.48,1.61,1.61,0.0,0.0,1.83,0.0,13.0,225.0,-0.1952
Co2FeAl,Co2.000,Fe1.000,Al1.000,58.4416,8.42e-06,0.0,0.0,0.0,0.0,0.0,0.0,0.0,0.0,0.0,16.48,1.61,1.61,0.0,0.0,1.83,0.0,13.0,225.0,-8.7404
Co2FeAl,Co2.000,Fe1.000,Al1.000,100.4329,8.59e-06,0.0,0.0,0.0,0.0,0.0,0.0,0.0,0.0,0.0,16.48,1.61,1.61,0.0,0.0,1.83,0.0,13.0,225.0,-10.2466
Co2FeAl,Co2.000,Fe1.000,Al1.000,166.2338,8.88e-06,0.0,0.0,0.0,0.0,0.0,0.0,0.0,0.0,0.0,16.48,1.61,1.61,0.0,0.0,1.83,0.0,13.0,225.0,-14.5779
Co2FeAl,Co2.000,Fe1.000,Al1.000,235.0649,9.09e-06,0.0,0.0,0.0,0.0,0.0,0.0,0.0,0.0,0.0,16.48,1.61,1.61,0.0,0.0,1.83,0.0,13.0,225.0,-19.9613
Co2FeAl,Co2.000,Fe1.000,Al1.000,299.1342,9.36e-06,0.0,0.0,0.0,0.0,0.0,0.0,0.0,0.0,0.0,16.48,1.61,1.61,0.0,0.0,1.83,0.0,13.0,225.0,-23.8324
Co2FeAl,Co2.000,Fe1.000,Al1.000,357.1429,9.7e-06,0.0,0.0,0.0,0.0,0.0,0.0,0.0,0.0,0.0,16.48,1.61,1.61,0.0,0.0,1.83,0.0,13.0,225.0,-27.5728
Co2FeAl,Co2.000,Fe1.000,Al1.000,401.2987,9.99e-06,0.0,0.0,0.0,0.0,0.0,0.0,0.0,0.0,0.0,16.48,1.61,1.61,0.0,0.0,1.83,0.0,13.0,225.0,-29.934
Co2TiAl,Co2.000,Ti1.000,Al1.000,6.9085,1.33e-06,0.0,0.0,0.0,0.0,0.0,0.0,0.0,0.0,0.0,16.48,1.61,1.61,0.0,0.0,1.54,0.0,13.0,225.0,-12.86
Co2TiAl,Co2.000,Ti1.000,Al1.000,38.413,1.4e-06,0.0,0.0,0.0,0.0,0.0,0.0,0.0,0.0,0.0,16.48,1.61,1.61,0.0,0.0,1.54,0.0,13.0,225.0,-22.9268
Co2TiAl,Co2.000,Ti1.000,Al1.000,60.1829,1.87e-06,0.0,0.0,0.0,0.0,0.0,0.0,0.0,0.0,0.0,16.48,1.61,1.61,0.0,0.0,1.54,0.0,13.0,225.0,-31.9209
Co2TiAl,Co2.000,Ti1.000,Al1.000,90.6054,2.87e-06,0.0,0.0,0.0,0.0,0.0,0.0,0.0,0.0,0.0,16.48,1.61,1.61,0.0,0.0,1.54,0.0,13.0,225.0,-39.4193
Co2TiAl,Co2.000,Ti1.000,Al1.000,124.332,4.18e-06,0.0,0.0,0.0,0.0,0.0,0.0,0.0,0.0,0.0,16.48,1.61,1.61,0.0,0.0,1.54,0.0,13.0,225.0,-44.3505
Co2TiAl,Co2.000,Ti1.000,Al1.000,175.5857,5.79e-06,0.0,0.0,0.0,0.0,0.0,0.0,0.0,0.0,0.0,16.48,1.61,1.61,0.0,0.0,1.54,0.0,13.0,225.0,-49.0724
Co2TiAl,Co2.000,Ti1.000,Al1.000,275.7073,7.17e-06,0.0,0.0,0.0,0.0,0.0,0.0,0.0,0.0,0.0,16.48,1.61,1.61,0.0,0.0,1.54,0.0,13.0,225.0,-50.5973
Co2TiAl,Co2.000,Ti1.000,Al1.000,448.6716,9.09e-06,0.0,0.0,0.0,0.0,0.0,0.0,0.0,0.0,0.0,16.48,1.61,1.61,0.0,0.0,1.54,0.0,13.0,225.0,-52.5696
Co2TiAl,Co2.000,Ti1.000,Al1.000,611.9012,1.12e-05,0.0,0.0,0.0,0.0,0.0,0.0,0.0,0.0,0.0,16.48,1.61,1.61,0.0,0.0,1.54,0.0,13.0,225.0,-53.4693
Co2TiAl,Co2.000,Ti1.000,Al1.000,765.5043,1.28e-05,0.0,0.0,0.0,0.0,0.0,0.0,0.0,0.0,0.0,16.48,1.61,1.61,0.0,0.0,1.54,0.0,13.0,225.0,-54.6518
Co2TiAl,Co2.000,Ti1.000,Al1.000,846.2362,1.33e-05,0.0,0.0,0.0,0.0,0.0,0.0,0.0,0.0,0.0,16.48,1.61,1.61,0.0,0.0,1.54,0.0,13.0,225.0,-55.03
Co2VAl,Co2.000,V1.000,Al1.000,15.5395,1.18e-05,0.0,0.0,0.0,0.0,0.0,0.0,0.0,0.0,0.0,16.48,1.61,1.61,0.0,0.0,1.63,0.0,13.0,225.0,-0.0932
Co2VAl,Co2.000,V1.000,Al1.000,69.2997,1.19e-05,0.0,0.0,0.0,0.0,0.0,0.0,0.0,0.0,0.0,16.48,1.61,1.61,0.0,0.0,1.63,0.0,13.0,225.0,-3.2463
Co2VAl,Co2.000,V1.000,Al1.000,127.7589,1.23e-05,0.0,0.0,0.0,0.0,0.0,0.0,0.0,0.0,0.0,16.48,1.61,1.61,0.0,0.0,1.63,0.0,13.0,225.0,-10.3242
Co2VAl,Co2.000,V1.000,Al1.000,194.1869,1.27e-05,0.0,0.0,0.0,0.0,0.0,0.0,0.0,0.0,0.0,16.48,1.61,1.61,0.0,0.0,1.63,0.0,13.0,225.0,-18.3316
Co2VAl,Co2.000,V1.000,Al1.000,254.5541,1.28e-05,0.0,0.0,0.0,0.0,0.0,0.0,0.0,0.0,0.0,16.48,1.61,1.61,0.0,0.0,1.63,0.0,13.0,225.0,-27.3361
Co2VAl,Co2.000,V1.000,Al1.000,305.8249,1.29e-05,0.0,0.0,0.0,0.0,0.0,0.0,0.0,0.0,0.0,16.48,1.61,1.61,0.0,0.0,1.63,0.0,13.0,225.0,-32.272
Co2VAl,Co2.000,V1.000,Al1.000,342.9067,1.3e-05,0.0,0.0,0.0,0.0,0.0,0.0,0.0,0.0,0.0,16.48,1.61,1.61,0.0,0.0,1.63,0.0,13.0,225.0,-35.278
Co2VAl,Co2.000,V1.000,Al1.000,423.6273,1.31e-05,0.0,0.0,0.0,0.0,0.0,0.0,0.0,0.0,0.0,16.48,1.61,1.61,0.0,0.0,1.63,0.0,13.0,225.0,-35.5136
Co2VAl,Co2.000,V1.000,Al1.000,558.8146,1.33e-05,0.0,0.0,0.0,0.0,0.0,0.0,0.0,0.0,0.0,16.48,1.61,1.61,0.0,0.0,1.63,0.0,13.0,225.0,-36.7625
Co2VAl,Co2.000,V1.000,Al1.000,701.0253,1.34e-05,0.0,0.0,0.0,0.0,0.0,0.0,0.0,0.0,0.0,16.48,1.61,1.61,0.0,0.0,1.63,0.0,13.0,225.0,-38.0846
Co2VAl,Co2.000,V1.000,Al1.000,814.2538,1.35e-05,0.0,0.0,0.0,0.0,0.0,0.0,0.0,0.0,0.0,16.48,1.61,1.61,0.0,0.0,1.63,0.0,13.0,225.0,-38.9709
Co2NbAl,Co2.000,Nb1.000,Al1.000,18.0801,1.35e-05,0.0,0.0,0.0,0.0,0.0,0.0,0.0,0.0,0.0,16.48,1.61,1.61,0.0,0.0,1.6,0.0,13.0,225.0,1.0475
Co2NbAl,Co2.000,Nb1.000,Al1.000,94.4999,1.46e-05,0.0,0.0,0.0,0.0,0.0,0.0,0.0,0.0,0.0,16.48,1.61,1.61,0.0,0.0,1.6,0.0,13.0,225.0,-0.257
Co2NbAl,Co2.000,Nb1.000,Al1.000,197.6457,1.73e-05,0.0,0.0,0.0,0.0,0.0,0.0,0.0,0.0,0.0,16.48,1.61,1.61,0.0,0.0,1.6,0.0,13.0,225.0,-6.7048
Co2NbAl,Co2.000,Nb1.000,Al1.000,270.2085,1.91e-05,0.0,0.0,0.0,0.0,0.0,0.0,0.0,0.0,0.0,16.48,1.61,1.61,0.0,0.0,1.6,0.0,13.0,225.0,-14.6425
Co2NbAl,Co2.000,Nb1.000,Al1.000,330.5245,2.07e-05,0.0,0.0,0.0,0.0,0.0,0.0,0.0,0.0,0.0,16.48,1.61,1.61,0.0,0.0,1.6,0.0,13.0,225.0,-23.0049
Co2NbAl,Co2.000,Nb1.000,Al1.000,378.2182,2.17e-05,0.0,0.0,0.0,0.0,0.0,0.0,0.0,0.0,0.0,16.48,1.61,1.61,0.0,0.0,1.6,0.0,13.0,225.0,-27.0838
Co2NbAl,Co2.000,Nb1.000,Al1.000,436.2905,2.2e-05,0.0,0.0,0.0,0.0,0.0,0.0,0.0,0.0,0.0,16.48,1.61,1.61,0.0,0.0,1.6,0.0,13.0,225.0,-29.3108
Co2NbAl,Co2.000,Nb1.000,Al1.000,557.3742,2.22e-05,0.0,0.0,0.0,0.0,0.0,0.0,0.0,0.0,0.0,16.48,1.61,1.61,0.0,0.0,1.6,0.0,13.0,225.0,-29.6998
Co2NbAl,Co2.000,Nb1.000,Al1.000,697.802,2.26e-05,0.0,0.0,0.0,0.0,0.0,0.0,0.0,0.0,0.0,16.48,1.61,1.61,0.0,0.0,1.6,0.0,13.0,225.0,-30.6648
Co2NbAl,Co2.000,Nb1.000,Al1.000,842.5362,2.31e-05,0.0,0.0,0.0,0.0,0.0,0.0,0.0,0.0,0.0,16.48,1.61,1.61,0.0,0.0,1.6,0.0,13.0,225.0,-30.6322
Fe2VAl,Fe2.000,V1.000,Al1.000,300.9457,0.0003,0.0,0.0,0.0,0.0,0.0,0.0,0.0,0.0,0.0,16.48,1.61,1.61,0.0,0.0,1.63,0.0,13.0,225.0,-54.1654
Fe2VAl,Fe2.000,V1.000,Al1.000,365.1643,0.000254,0.0,0.0,0.0,0.0,0.0,0.0,0.0,0.0,0.0,16.48,1.61,1.61,0.0,0.0,1.63,0.0,13.0,225.0,-44.7744
Fe2VAl,Fe2.000,V1.000,Al1.000,445.8307,0.0002,0.0,0.0,0.0,0.0,0.0,0.0,0.0,0.0,0.0,16.48,1.61,1.61,0.0,0.0,1.63,0.0,13.0,225.0,-34.2944
Fe2VAl,Fe2.000,V1.000,Al1.000,509.3189,0.000159,0.0,0.0,0.0,0.0,0.0,0.0,0.0,0.0,0.0,16.48,1.61,1.61,0.0,0.0,1.63,0.0,13.0,225.0,-26.1028
Fe2VAl,Fe2.000,V1.000,Al1.000,584.4138,0.000111,0.0,0.0,0.0,0.0,0.0,0.0,0.0,0.0,0.0,16.48,1.61,1.61,0.0,0.0,1.63,0.0,13.0,225.0,-18.384
Fe2CoAl,Fe2.000,Co1.000,Al1.000,298.5633,5.29e-05,0.0,0.0,0.0,0.0,0.0,0.0,0.0,0.0,0.0,16.48,1.61,1.61,0.0,0.0,1.88,0.0,13.0,225.0,-19.9942
Fe2CoAl,Fe2.000,Co1.000,Al1.000,382.4241,5.56e-05,0.0,0.0,0.0,0.0,0.0,0.0,0.0,0.0,0.0,16.48,1.61,1.61,0.0,0.0,1.88,0.0,13.0,225.0,-22.9415
Fe2CoAl,Fe2.000,Co1.000,Al1.000,471.5197,5.62e-05,0.0,0.0,0.0,0.0,0.0,0.0,0.0,0.0,0.0,16.48,1.61,1.61,0.0,0.0,1.88,0.0,13.0,225.0,-25.6459
Fe2CoAl,Fe2.000,Co1.000,Al1.000,528.8013,5.62e-05,0.0,0.0,0.0,0.0,0.0,0.0,0.0,0.0,0.0,16.48,1.61,1.61,0.0,0.0,1.88,0.0,13.0,225.0,-27.7698
Fe2CoAl,Fe2.000,Co1.000,Al1.000,584.9549,5.63e-05,0.0,0.0,0.0,0.0,0.0,0.0,0.0,0.0,0.0,16.48,1.61,1.61,0.0,0.0,1.88,0.0,13.0,225.0,-29.5347
Fe2CoAl,Fe2.000,Co1.000,Al1.000,297.351,1.37e-05,0.0,0.0,0.0,0.0,0.0,0.0,0.0,0.0,0.0,16.48,1.61,1.61,0.0,0.0,1.88,0.0,13.0,225.0,-13.9997
Fe2CoAl,Fe2.000,Co1.000,Al1.000,401.7521,1.5e-05,0.0,0.0,0.0,0.0,0.0,0.0,0.0,0.0,0.0,16.48,1.61,1.61,0.0,0.0,1.88,0.0,13.0,225.0,-14.2968
Fe2CoAl,Fe2.000,Co1.000,Al1.000,487.0701,1.41e-05,0.0,0.0,0.0,0.0,0.0,0.0,0.0,0.0,0.0,16.48,1.61,1.61,0.0,0.0,1.88,0.0,13.0,225.0,-14.6054
Fe2CoAl,Fe2.000,Co1.000,Al1.000,537.2154,1.36e-05,0.0,0.0,0.0,0.0,0.0,0.0,0.0,0.0,0.0,16.48,1.61,1.61,0.0,0.0,1.88,0.0,13.0,225.0,-14.935
Fe2CoAl,Fe2.000,Co1.000,Al1.000,586.6123,1.36e-05,0.0,0.0,0.0,0.0,0.0,0.0,0.0,0.0,0.0,16.48,1.61,1.61,0.0,0.0,1.88,0.0,13.0,225.0,-15.2651
CeCoGe2,Ge2.000,Ce1.000,Co1.000,9.6077,5.19e-06,0.0,0.0,0.0,0.0,0.0,0.0,0.0,0.0,3.0,10.245,1.88,1.88,0.0,0.0,1.12,0.0,9.0,194.0,6.6685
CeCoGe2,Ge2.000,Ce1.000,Co1.000,23.0584,6.07e-06,0.0,0.0,0.0,0.0,0.0,0.0,0.0,0.0,3.0,10.245,1.88,1.88,0.0,0.0,1.12,0.0,9.0,194.0,18.4042
CeCoGe2,Ge2.000,Ce1.000,Co1.000,36.269,7.32e-06,0.0,0.0,0.0,0.0,0.0,0.0,0.0,0.0,3.0,10.245,1.88,1.88,0.0,0.0,1.12,0.0,9.0,194.0,27.4732
CeCoGe2,Ge2.000,Ce1.000,Co1.000,55.004,8.7e-06,0.0,0.0,0.0,0.0,0.0,0.0,0.0,0.0,3.0,10.245,1.88,1.88,0.0,0.0,1.12,0.0,9.0,194.0,33.7165
CeCoGe2,Ge2.000,Ce1.000,Co1.000,76.3811,9.46e-06,0.0,0.0,0.0,0.0,0.0,0.0,0.0,0.0,3.0,10.245,1.88,1.88,0.0,0.0,1.12,0.0,9.0,194.0,35.5337
CeCoGe2,Ge2.000,Ce1.000,Co1.000,110.9688,1.02e-05,0.0,0.0,0.0,0.0,0.0,0.0,0.0,0.0,3.0,10.245,1.88,1.88,0.0,0.0,1.12,0.0,9.0,194.0,32.7665
CeCoGe2,Ge2.000,Ce1.000,Co1.000,149.1593,1.06e-05,0.0,0.0,0.0,0.0,0.0,0.0,0.0,0.0,3.0,10.245,1.88,1.88,0.0,0.0,1.12,0.0,9.0,194.0,28.1333
CeCoGe2,Ge2.000,Ce1.000,Co1.000,188.0705,1.08e-05,0.0,0.0,0.0,0.0,0.0,0.0,0.0,0.0,3.0,10.245,1.88,1.88,0.0,0.0,1.12,0.0,9.0,194.0,22.5402
CeCoGe2,Ge2.000,Ce1.000,Co1.000,231.5452,1.1e-05,0.0,0.0,0.0,0.0,0.0,0.0,0.0,0.0,3.0,10.245,1.88,1.88,0.0,0.0,1.12,0.0,9.0,194.0,16.9479
CeCoGe2,Ge2.000,Ce1.000,Co1.000,255.0841,1.11e-05,0.0,0.0,0.0,0.0,0.0,0.0,0.0,0.0,3.0,10.245,1.88,1.88,0.0,0.0,1.12,0.0,9.0,194.0,14.3921
CeCoGe2,Ge2.000,Ce1.000,Co1.000,299.0392,1.14e-05,0.0,0.0,0.0,0.0,0.0,0.0,0.0,0.0,3.0,10.245,1.88,1.88,0.0,0.0,1.12,0.0,9.0,194.0,9.9199
LaCoGe2,Ge2.000,La1.000,Co1.000,9.3529,3.55e-06,0.0,0.0,0.0,0.0,0.0,0.0,0.0,0.0,3.0,10.245,1.88,1.88,0.0,0.0,1.1,0.0,9.0,194.0,-0.3307
LaCoGe2,Ge2.000,La1.000,Co1.000,20.8363,3.65e-06,0.0,0.0,0.0,0.0,0.0,0.0,0.0,0.0,3.0,10.245,1.88,1.88,0.0,0.0,1.1,0.0,9.0,194.0,-0.5547
LaCoGe2,Ge2.000,La1.000,Co1.000,39.1495,3.83e-06,0.0,0.0,0.0,0.0,0.0,0.0,0.0,0.0,3.0,10.245,1.88,1.88,0.0,0.0,1.1,0.0,9.0,194.0,0.0213
LaCoGe2,Ge2.000,La1.000,Co1.000,73.6023,4.23e-06,0.0,0.0,0.0,0.0,0.0,0.0,0.0,0.0,3.0,10.245,1.88,1.88,0.0,0.0,1.1,0.0,9.0,194.0,-0.5547
LaCoGe2,Ge2.000,La1.000,Co1.000,128.6681,5.03e-06,0.0,0.0,0.0,0.0,0.0,0.0,0.0,0.0,3.0,10.245,1.88,1.88,0.0,0.0,1.1,0.0,9.0,194.0,-2.08
LaCoGe2,Ge2.000,La1.000,Co1.000,219.2346,6.56e-06,0.0,0.0,0.0,0.0,0.0,0.0,0.0,0.0,3.0,10.245,1.88,1.88,0.0,0.0,1.1,0.0,9.0,194.0,-4.7787
LaCoGe2,Ge2.000,La1.000,Co1.000,298.9626,7.95e-06,0.0,0.0,0.0,0.0,0.0,0.0,0.0,0.0,3.0,10.245,1.88,1.88,0.0,0.0,1.1,0.0,9.0,194.0,-7.008
PrInAg2,Ag2.000,Pr1.000,In1.000,5.2905,1.33e-06,0.0,0.0,0.0,0.0,0.0,0.0,0.0,0.0,0.0,24.26,1.78,1.78,0.0,0.0,1.13,0.0,13.0,139.0,-0.1292
PrInAg2,Ag2.000,Pr1.000,In1.000,12.5,1.44e-06,0.0,0.0,0.0,0.0,0.0,0.0,0.0,0.0,0.0,24.26,1.78,1.78,0.0,0.0,1.13,0.0,13.0,139.0,-0.736
PrInAg2,Ag2.000,Pr1.000,In1.000,34.928,1.77e-06,0.0,0.0,0.0,0.0,0.0,0.0,0.0,0.0,0.0,24.26,1.78,1.78,0.0,0.0,1.13,0.0,13.0,139.0,-1.5056
PrInAg2,Ag2.000,Pr1.000,In1.000,76.5309,2.34e-06,0.0,0.0,0.0,0.0,0.0,0.0,0.0,0.0,0.0,24.26,1.78,1.78,0.0,0.0,1.13,0.0,13.0,139.0,-1.9775
PrInAg2,Ag2.000,Pr1.000,In1.000,137.2938,3.06e-06,0.0,0.0,0.0,0.0,0.0,0.0,0.0,0.0,0.0,24.26,1.78,1.78,0.0,0.0,1.13,0.0,13.0,139.0,-2.0787
PrInAg2,Ag2.000,Pr1.000,In1.000,183.2574,3.57e-06,0.0,0.0,0.0,0.0,0.0,0.0,0.0,0.0,0.0,24.26,1.78,1.78,0.0,0.0,1.13,0.0,13.0,139.0,-2.4213
PrInAg2,Ag2.000,Pr1.000,In1.000,219.4155,3.95e-06,0.0,0.0,0.0,0.0,0.0,0.0,0.0,0.0,0.0,24.26,1.78,1.78,0.0,0.0,1.13,0.0,13.0,139.0,-2.6685
PrInAg2,Ag2.000,Pr1.000,In1.000,262.3306,4.41e-06,0.0,0.0,0.0,0.0,0.0,0.0,0.0,0.0,0.0,24.26,1.78,1.78,0.0,0.0,1.13,0.0,13.0,139.0,-2.9551
PrInAg2,Ag2.000,Pr1.000,In1.000,285.6288,4.66e-06,0.0,0.0,0.0,0.0,0.0,0.0,0.0,0.0,0.0,24.26,1.78,1.78,0.0,0.0,1.13,0.0,13.0,139.0,-3.0225
PrInCu2,Cu2.000,Pr1.000,In1.000,12.7169,2.9e-06,0.0,0.0,0.0,0.0,0.0,0.0,0.0,0.0,0.0,24.26,1.78,1.78,0.0,0.0,1.13,0.0,13.0,139.0,-0.1404
PrInCu2,Cu2.000,Pr1.000,In1.000,37.1025,3.01e-06,0.0,0.0,0.0,0.0,0.0,0.0,0.0,0.0,0.0,24.26,1.78,1.78,0.0,0.0,1.13,0.0,13.0,139.0,-0.5787
PrInCu2,Cu2.000,Pr1.000,In1.000,65.0649,3.2e-06,0.0,0.0,0.0,0.0,0.0,0.0,0.0,0.0,0.0,24.26,1.78,1.78,0.0,0.0,1.13,0.0,13.0,139.0,-0.3483
PrInCu2,Cu2.000,Pr1.000,In1.000,129.8875,3.76e-06,0.0,0.0,0.0,0.0,0.0,0.0,0.0,0.0,0.0,24.26,1.78,1.78,0.0,0.0,1.13,0.0,13.0,139.0,-0.5
PrInCu2,Cu2.000,Pr1.000,In1.000,194.1103,4.29e-06,0.0,0.0,0.0,0.0,0.0,0.0,0.0,0.0,0.0,24.26,1.78,1.78,0.0,0.0,1.13,0.0,13.0,139.0,-1.0225
PrInCu2,Cu2.000,Pr1.000,In1.000,243.4735,4.67e-06,0.0,0.0,0.0,0.0,0.0,0.0,0.0,0.0,0.0,24.26,1.78,1.78,0.0,0.0,1.13,0.0,13.0,139.0,-1.4888
PrInCu2,Cu2.000,Pr1.000,In1.000,286.0797,5.03e-06,0.0,0.0,0.0,0.0,0.0,0.0,0.0,0.0,0.0,24.26,1.78,1.78,0.0,0.0,1.13,0.0,13.0,139.0,-1.9157
Fe2VAl,Fe2.000,V1.000,Al1.000,342.5818,0.000895,0.0,0.0,0.0,0.0,0.0,0.0,0.0,0.0,0.0,16.48,1.61,1.61,0.0,0.0,1.63,0.0,13.0,225.0,-18.6075
Fe2VAl,Fe2.000,V1.000,Al1.000,392.1706,0.000744,0.0,0.0,0.0,0.0,0.0,0.0,0.0,0.0,0.0,16.48,1.61,1.61,0.0,0.0,1.63,0.0,13.0,225.0,-16.8471
Fe2VAl,Fe2.000,V1.000,Al1.000,441.1922,0.000634,0.0,0.0,0.0,0.0,0.0,0.0,0.0,0.0,0.0,16.48,1.61,1.61,0.0,0.0,1.63,0.0,13.0,225.0,-14.2713
Fe2VAl,Fe2.000,V1.000,Al1.000,494.1119,0.000547,0.0,0.0,0.0,0.0,0.0,0.0,0.0,0.0,0.0,16.48,1.61,1.61,0.0,0.0,1.63,0.0,13.0,225.0,-11.3722
Fe2VAl,Fe2.000,V1.000,Al1.000,543.1549,0.000483,0.0,0.0,0.0,0.0,0.0,0.0,0.0,0.0,0.0,16.48,1.61,1.61,0.0,0.0,1.63,0.0,13.0,225.0,-10.5893
Fe2VAl,Fe2.000,V1.000,Al1.000,593.3109,0.000439,0.0,0.0,0.0,0.0,0.0,0.0,0.0,0.0,0.0,16.48,1.61,1.61,0.0,0.0,1.63,0.0,13.0,225.0,-9.6441
Fe2VAl,Fe2.000,V1.000,Al1.000,642.9152,0.000408,0.0,0.0,0.0,0.0,0.0,0.0,0.0,0.0,0.0,16.48,1.61,1.61,0.0,0.0,1.63,0.0,13.0,225.0,-9.1875
Fe2VAl,Fe2.000,V1.000,Al1.000,693.6441,0.000384,0.0,0.0,0.0,0.0,0.0,0.0,0.0,0.0,0.0,16.48,1.61,1.61,0.0,0.0,1.63,0.0,13.0,225.0,-9.5465
Fe2VAl,Fe2.000,V1.000,Al1.000,744.9266,0.000363,0.0,0.0,0.0,0.0,0.0,0.0,0.0,0.0,0.0,16.48,1.61,1.61,0.0,0.0,1.63,0.0,13.0,225.0,-9.5799
Fe2V0.98W0.02Al,Fe2.000,V1.000,W0.020Al0.980,350.1488,0.000826,0.4299999999999997,0.0,0.0,61.0,156.8584614,482.2497074903957,6.0,0.0,6.0,16.471400000000003,1.625,1.61,0.0,0.0110249999999999,1.63,1.0,6.0,225.08,-92.1165
Fe2V0.98W0.02Al,Fe2.000,V1.000,W0.020Al0.980,391.2556,0.000727,0.4299999999999997,0.0,0.0,61.0,156.8584614,482.2497074903957,6.0,0.0,6.0,16.471400000000003,1.625,1.61,0.0,0.0110249999999999,1.63,1.0,6.0,225.08,-80.2458
Fe2V0.98W0.02Al,Fe2.000,V1.000,W0.020Al0.980,441.8599,0.00063,0.4299999999999997,0.0,0.0,61.0,156.8584614,482.2497074903957,6.0,0.0,6.0,16.471400000000003,1.625,1.61,0.0,0.0110249999999999,1.63,1.0,6.0,225.08,-70.174
Fe2V0.98W0.02Al,Fe2.000,V1.000,W0.020Al0.980,491.3397,0.000559,0.4299999999999997,0.0,0.0,61.0,156.8584614,482.2497074903957,6.0,0.0,6.0,16.471400000000003,1.625,1.61,0.0,0.0110249999999999,1.63,1.0,6.0,225.08,-59.2866
Fe2V0.98W0.02Al,Fe2.000,V1.000,W0.020Al0.980,543.5988,0.000502,0.4299999999999997,0.0,0.0,61.0,156.8584614,482.2497074903957,6.0,0.0,6.0,16.471400000000003,1.625,1.61,0.0,0.0110249999999999,1.63,1.0,6.0,225.08,-47.749
Fe2V0.98W0.02Al,Fe2.000,V1.000,W0.020Al0.980,591.9812,0.000459,0.4299999999999997,0.0,0.0,61.0,156.8584614,482.2497074903957,6.0,0.0,6.0,16.471400000000003,1.625,1.61,0.0,0.0110249999999999,1.63,1.0,6.0,225.08,-38.3277
Fe2V0.98W0.02Al,Fe2.000,V1.000,W0.020Al0.980,642.0729,0.000421,0.4299999999999997,0.0,0.0,61.0,156.8584614,482.2497074903957,6.0,0.0,6.0,16.471400000000003,1.625,1.61,0.0,0.0110249999999999,1.63,1.0,6.0,225.08,-32.0041
Fe2V0.98W0.02Al,Fe2.000,V1.000,W0.020Al0.980,694.9751,0.000389,0.4299999999999997,0.0,0.0,61.0,156.8584614,482.2497074903957,6.0,0.0,6.0,16.471400000000003,1.625,1.61,0.0,0.0110249999999999,1.63,1.0,6.0,225.08,-27.6382
Fe2V0.98W0.02Al,Fe2.000,V1.000,W0.020Al0.980,745.6417,0.000367,0.4299999999999997,0.0,0.0,61.0,156.8584614,482.2497074903957,6.0,0.0,6.0,16.471400000000003,1.625,1.61,0.0,0.0110249999999999,1.63,1.0,6.0,225.08,-22.7818
Fe2V0.96W0.04Al,Fe2.000,V1.000,W0.038Al0.962,349.8308,0.000735,0.4299999999999997,0.0,0.0,61.0,156.8584614,899.4449136234135,6.0,0.0,6.0,16.46366,1.6385,1.61,0.0,0.0205627499999999,1.63,1.0,6.0,225.152,-112.1629
Fe2V0.96W0.04Al,Fe2.000,V1.000,W0.038Al0.962,391.9649,0.000666,0.4299999999999997,0.0,0.0,61.0,156.8584614,899.4449136234135,6.0,0.0,6.0,16.46366,1.6385,1.61,0.0,0.0205627499999999,1.63,1.0,6.0,225.152,-92.9587
Fe2V0.96W0.04Al,Fe2.000,V1.000,W0.038Al0.962,446.475,0.000589,0.4299999999999997,0.0,0.0,61.0,156.8584614,899.4449136234135,6.0,0.0,6.0,16.46366,1.6385,1.61,0.0,0.0205627499999999,1.63,1.0,6.0,225.152,-83.2154
Fe2V0.96W0.04Al,Fe2.000,V1.000,W0.038Al0.962,493.657,0.000534,0.4299999999999997,0.0,0.0,61.0,156.8584614,899.4449136234135,6.0,0.0,6.0,16.46366,1.6385,1.61,0.0,0.0205627499999999,1.63,1.0,6.0,225.152,-66.6222
Fe2V0.96W0.04Al,Fe2.000,V1.000,W0.038Al0.962,543.6552,0.000487,0.4299999999999997,0.0,0.0,61.0,156.8584614,899.4449136234135,6.0,0.0,6.0,16.46366,1.6385,1.61,0.0,0.0205627499999999,1.63,1.0,6.0,225.152,-52.4755
Fe2V0.96W0.04Al,Fe2.000,V1.000,W0.038Al0.962,596.4834,0.000445,0.4299999999999997,0.0,0.0,61.0,156.8584614,899.4449136234135,6.0,0.0,6.0,16.46366,1.6385,1.61,0.0,0.0205627499999999,1.63,1.0,6.0,225.152,-41.9162
Fe2V0.96W0.04Al,Fe2.000,V1.000,W0.038Al0.962,643.7705,0.000411,0.4299999999999997,0.0,0.0,61.0,156.8584614,899.4449136234135,6.0,0.0,6.0,16.46366,1.6385,1.61,0.0,0.0205627499999999,1.63,1.0,6.0,225.152,-34.124
Fe2V0.96W0.04Al,Fe2.000,V1.000,W0.038Al0.962,693.8836,0.000384,0.4299999999999997,0.0,0.0,61.0,156.8584614,899.4449136234135,6.0,0.0,6.0,16.46366,1.6385,1.61,0.0,0.0205627499999999,1.63,1.0,6.0,225.152,-29.5932
Fe2V0.96W0.04Al,Fe2.000,V1.000,W0.038Al0.962,745.6651,0.000368,0.4299999999999997,0.0,0.0,61.0,156.8584614,899.4449136234135,6.0,0.0,6.0,16.46366,1.6385,1.61,0.0,0.0205627499999999,1.63,1.0,6.0,225.152,-24.7376
Fe2V0.94W0.06Al,Fe2.000,V1.000,W0.057Al0.943,346.533,0.000601,0.4299999999999997,0.0,0.0,61.0,156.8584614,1322.5206136385846,6.0,0.0,6.0,16.45549,1.65275,1.61,0.0,0.0302349374999999,1.63,1.0,6.0,225.228,-116.0722
Fe2V0.94W0.06Al,Fe2.000,V1.000,W0.057Al0.943,396.6306,0.000566,0.4299999999999997,0.0,0.0,61.0,156.8584614,1322.5206136385846,6.0,0.0,6.0,16.45549,1.65275,1.61,0.0,0.0302349374999999,1.63,1.0,6.0,225.228,-110.2376
Fe2V0.94W0.06Al,Fe2.000,V1.000,W0.057Al0.943,444.9897,0.000533,0.4299999999999997,0.0,0.0,61.0,156.8584614,1322.5206136385846,6.0,0.0,6.0,16.45549,1.65275,1.61,0.0,0.0302349374999999,1.63,1.0,6.0,225.228,-98.8605
Fe2V0.94W0.06Al,Fe2.000,V1.000,W0.057Al0.943,493.2806,0.000502,0.4299999999999997,0.0,0.0,61.0,156.8584614,1322.5206136385846,6.0,0.0,6.0,16.45549,1.65275,1.61,0.0,0.0302349374999999,1.63,1.0,6.0,225.228,-81.7791
Fe2V0.94W0.06Al,Fe2.000,V1.000,W0.057Al0.943,543.3139,0.000472,0.4299999999999997,0.0,0.0,61.0,156.8584614,1322.5206136385846,6.0,0.0,6.0,16.45549,1.65275,1.61,0.0,0.0302349374999999,1.63,1.0,6.0,225.228,-70.5661
Fe2V0.94W0.06Al,Fe2.000,V1.000,W0.057Al0.943,593.8949,0.000445,0.4299999999999997,0.0,0.0,61.0,156.8584614,1322.5206136385846,6.0,0.0,6.0,16.45549,1.65275,1.61,0.0,0.0302349374999999,1.63,1.0,6.0,225.228,-58.5385
Fe2V0.94W0.06Al,Fe2.000,V1.000,W0.057Al0.943,642.2656,0.00042,0.4299999999999997,0.0,0.0,61.0,156.8584614,1322.5206136385846,6.0,0.0,6.0,16.45549,1.65275,1.61,0.0,0.0302349374999999,1.63,1.0,6.0,225.228,-48.1393
Fe2V0.94W0.06Al,Fe2.000,V1.000,W0.057Al0.943,695.1269,0.000396,0.4299999999999997,0.0,0.0,61.0,156.8584614,1322.5206136385846,6.0,0.0,6.0,16.45549,1.65275,1.61,0.0,0.0302349374999999,1.63,1.0,6.0,225.228,-40.3507
Fe2V0.94W0.06Al,Fe2.000,V1.000,W0.057Al0.943,745.2244,0.00038,0.4299999999999997,0.0,0.0,61.0,156.8584614,1322.5206136385846,6.0,0.0,6.0,16.45549,1.65275,1.61,0.0,0.0302349374999999,1.63,1.0,6.0,225.228,-34.5161
Fe2V0.92W0.08Al,Fe2.000,V1.000,W0.074Al0.926,349.8114,0.000525,0.4299999999999997,0.0,0.0,61.0,156.8584614,1686.004028371014,6.0,0.0,6.0,16.44818,1.6655,1.61,0.0,0.0385447499999999,1.63,1.0,6.0,225.296,-110.5331
Fe2V0.92W0.08Al,Fe2.000,V1.000,W0.074Al0.926,392.0583,0.000512,0.4299999999999997,0.0,0.0,61.0,156.8584614,1686.004028371014,6.0,0.0,6.0,16.44818,1.6655,1.61,0.0,0.0385447499999999,1.63,1.0,6.0,225.296,-100.7818
Fe2V0.92W0.08Al,Fe2.000,V1.000,W0.074Al0.926,443.8456,0.000492,0.4299999999999997,0.0,0.0,61.0,156.8584614,1686.004028371014,6.0,0.0,6.0,16.44818,1.6655,1.61,0.0,0.0385447499999999,1.63,1.0,6.0,225.296,-96.4151
Fe2V0.92W0.08Al,Fe2.000,V1.000,W0.074Al0.926,493.3332,0.000471,0.4299999999999997,0.0,0.0,61.0,156.8584614,1686.004028371014,6.0,0.0,6.0,16.44818,1.6655,1.61,0.0,0.0385447499999999,1.63,1.0,6.0,225.296,-86.1796
Fe2V0.92W0.08Al,Fe2.000,V1.000,W0.074Al0.926,543.3801,0.000449,0.4299999999999997,0.0,0.0,61.0,156.8584614,1686.004028371014,6.0,0.0,6.0,16.44818,1.6655,1.61,0.0,0.0385447499999999,1.63,1.0,6.0,225.296,-76.1074
Fe2V0.92W0.08Al,Fe2.000,V1.000,W0.074Al0.926,593.3998,0.000428,0.4299999999999997,0.0,0.0,61.0,156.8584614,1686.004028371014,6.0,0.0,6.0,16.44818,1.6655,1.61,0.0,0.0385447499999999,1.63,1.0,6.0,225.296,-63.7536
Fe2V0.92W0.08Al,Fe2.000,V1.000,W0.074Al0.926,643.4564,0.000407,0.4299999999999997,0.0,0.0,61.0,156.8584614,1686.004028371014,6.0,0.0,6.0,16.44818,1.6655,1.61,0.0,0.0385447499999999,1.63,1.0,6.0,225.296,-54.4963
Fe2V0.92W0.08Al,Fe2.000,V1.000,W0.074Al0.926,694.0763,0.000388,0.4299999999999997,0.0,0.0,61.0,156.8584614,1686.004028371014,6.0,0.0,6.0,16.44818,1.6655,1.61,0.0,0.0385447499999999,1.63,1.0,6.0,225.296,-45.7284
Fe2V0.92W0.08Al,Fe2.000,V1.000,W0.074Al0.926,744.1505,0.000371,0.4299999999999997,0.0,0.0,61.0,156.8584614,1686.004028371014,6.0,0.0,6.0,16.44818,1.6655,1.61,0.0,0.0385447499999999,1.63,1.0,6.0,225.296,-37.938
Fe2V0.90W0.10Al,Fe2.000,V1.000,W0.091Al0.909,350.3415,0.00045,0.4299999999999997,0.0,0.0,61.0,156.8584614,2035.2659976478592,6.0,0.0,6.0,16.44087,1.6782500000000002,1.61,0.0,0.0465294374999999,1.63,1.0,6.0,225.364,-108.2517
Fe2V0.90W0.10Al,Fe2.000,V1.000,W0.091Al0.909,393.8532,0.000451,0.4299999999999997,0.0,0.0,61.0,156.8584614,2035.2659976478592,6.0,0.0,6.0,16.44087,1.6782500000000002,1.61,0.0,0.0465294374999999,1.63,1.0,6.0,225.364,-111.0507
Fe2V0.90W0.10Al,Fe2.000,V1.000,W0.091Al0.909,445.0617,0.000448,0.4299999999999997,0.0,0.0,61.0,156.8584614,2035.2659976478592,6.0,0.0,6.0,16.44087,1.6782500000000002,1.61,0.0,0.0465294374999999,1.63,1.0,6.0,225.364,-104.8908
Fe2V0.90W0.10Al,Fe2.000,V1.000,W0.091Al0.909,493.9568,0.00044,0.4299999999999997,0.0,0.0,61.0,156.8584614,2035.2659976478592,6.0,0.0,6.0,16.44087,1.6782500000000002,1.61,0.0,0.0465294374999999,1.63,1.0,6.0,225.364,-91.7213
Fe2V0.90W0.10Al,Fe2.000,V1.000,W0.091Al0.909,543.9492,0.000427,0.4299999999999997,0.0,0.0,61.0,156.8584614,2035.2659976478592,6.0,0.0,6.0,16.44087,1.6782500000000002,1.61,0.0,0.0465294374999999,1.63,1.0,6.0,225.364,-77.0857
Fe2V0.90W0.10Al,Fe2.000,V1.000,W0.091Al0.909,595.1324,0.000412,0.4299999999999997,0.0,0.0,61.0,156.8584614,2035.2659976478592,6.0,0.0,6.0,16.44087,1.6782500000000002,1.61,0.0,0.0465294374999999,1.63,1.0,6.0,225.364,-68.8071
Fe2V0.90W0.10Al,Fe2.000,V1.000,W0.091Al0.909,643.4876,0.000397,0.4299999999999997,0.0,0.0,61.0,156.8584614,2035.2659976478592,6.0,0.0,6.0,16.44087,1.6782500000000002,1.61,0.0,0.0465294374999999,1.63,1.0,6.0,225.364,-57.104
Fe2V0.90W0.10Al,Fe2.000,V1.000,W0.091Al0.909,693.5734,0.00038,0.4299999999999997,0.0,0.0,61.0,156.8584614,2035.2659976478592,6.0,0.0,6.0,16.44087,1.6782500000000002,1.61,0.0,0.0465294374999999,1.63,1.0,6.0,225.364,-50.2915
Fe2V0.90W0.10Al,Fe2.000,V1.000,W0.091Al0.909,745.314,0.000364,0.4299999999999997,0.0,0.0,61.0,156.8584614,2035.2659976478592,6.0,0.0,6.0,16.44087,1.6782500000000002,1.61,0.0,0.0465294374999999,1.63,1.0,6.0,225.364,-42.0132
Co2MnSi,Co2.000,Mn1.000,Si1.000,325.1895,4.09e-05,0.0,0.0,0.0,0.0,0.0,0.0,0.0,0.0,0.0,20.44,1.9,1.9,0.0,0.0,1.55,0.0,14.0,227.0,-22.9492
Co2MnSi,Co2.000,Mn1.000,Si1.000,419.595,4.84e-05,0.0,0.0,0.0,0.0,0.0,0.0,0.0,0.0,0.0,20.44,1.9,1.9,0.0,0.0,1.55,0.0,14.0,227.0,-28.5048
Co2MnSi,Co2.000,Mn1.000,Si1.000,468.791,5.27e-05,0.0,0.0,0.0,0.0,0.0,0.0,0.0,0.0,0.0,20.44,1.9,1.9,0.0,0.0,1.55,0.0,14.0,227.0,-31.214
Co2MnSi,Co2.000,Mn1.000,Si1.000,546.037,6.01e-05,0.0,0.0,0.0,0.0,0.0,0.0,0.0,0.0,0.0,20.44,1.9,1.9,0.0,0.0,1.55,0.0,14.0,227.0,-34.0947
Co2MnSi,Co2.000,Mn1.000,Si1.000,627.1903,6.95e-05,0.0,0.0,0.0,0.0,0.0,0.0,0.0,0.0,0.0,20.44,1.9,1.9,0.0,0.0,1.55,0.0,14.0,227.0,-36.2209
Co2MnSi,Co2.000,Mn1.000,Si1.000,682.5818,7.75e-05,0.0,0.0,0.0,0.0,0.0,0.0,0.0,0.0,0.0,20.44,1.9,1.9,0.0,0.0,1.55,0.0,14.0,227.0,-37.284
Co2MnSi,Co2.000,Mn1.000,Si1.000,729.3402,8.62e-05,0.0,0.0,0.0,0.0,0.0,0.0,0.0,0.0,0.0,20.44,1.9,1.9,0.0,0.0,1.55,0.0,14.0,227.0,-39.7188
Co2MnSi,Co2.000,Mn1.000,Si1.000,784.468,0.0001,0.0,0.0,0.0,0.0,0.0,0.0,0.0,0.0,0.0,20.44,1.9,1.9,0.0,0.0,1.55,0.0,14.0,227.0,-38.7243
Co2MnSi,Co2.000,Mn1.000,Si1.000,823.091,0.000113,0.0,0.0,0.0,0.0,0.0,0.0,0.0,0.0,0.0,20.44,1.9,1.9,0.0,0.0,1.55,0.0,14.0,227.0,-40.1646
Co2MnSi,Co2.000,Mn1.000,Si1.000,884.7263,0.000141,0.0,0.0,0.0,0.0,0.0,0.0,0.0,0.0,0.0,20.44,1.9,1.9,0.0,0.0,1.55,0.0,14.0,227.0,-39.9588
Co2MnSi,Co2.000,Mn1.000,Si1.000,921.7301,0.000164,0.0,0.0,0.0,0.0,0.0,0.0,0.0,0.0,0.0,20.44,1.9,1.9,0.0,0.0,1.55,0.0,14.0,227.0,-41.262
Co2MnSi,Co2.000,Mn1.000,Si1.000,983.9992,0.000212,0.0,0.0,0.0,0.0,0.0,0.0,0.0,0.0,0.0,20.44,1.9,1.9,0.0,0.0,1.55,0.0,14.0,227.0,-39.7531
Co2MnSi,Co2.000,Mn1.000,Si1.000,1029.4,0.000252,0.0,0.0,0.0,0.0,0.0,0.0,0.0,0.0,0.0,20.44,1.9,1.9,0.0,0.0,1.55,0.0,14.0,227.0,-37.4554
Co2MnSi(SiC)0.02,Co2.000,Mn1.000,Si0.981C0.019,328.2609,0.383,14.8,0.2583501278310001,0.0,8.0,16.0748,4.81630259635056,0.0,0.0,0.0,20.158800000000003,1.91235,1.9,0.0,0.0078749774999999,1.55,0.0,14.0,226.373,-21.9204
Co2MnSi(SiC)0.02,Co2.000,Mn1.000,Si0.981C0.019,368.67,4.18e-05,14.8,0.2583501278310001,0.0,8.0,16.0748,4.81630259635056,0.0,0.0,0.0,20.158800000000003,1.91235,1.9,0.0,0.0078749774999999,1.55,0.0,14.0,226.373,-24.8011
Co2MnSi(SiC)0.02,Co2.000,Mn1.000,Si0.981C0.019,414.3728,4.19e-05,14.8,0.2583501278310001,0.0,8.0,16.0748,4.81630259635056,0.0,0.0,0.0,20.158800000000003,1.91235,1.9,0.0,0.0078749774999999,1.55,0.0,14.0,226.373,-25.2469
Co2MnSi(SiC)0.02,Co2.000,Mn1.000,Si0.981C0.019,523.9013,5.08e-05,14.8,0.2583501278310001,0.0,8.0,16.0748,4.81630259635056,0.0,0.0,0.0,20.158800000000003,1.91235,1.9,0.0,0.0078749774999999,1.55,0.0,14.0,226.373,-30.0823
Co2MnSi(SiC)0.02,Co2.000,Mn1.000,Si0.981C0.019,579.3543,5.23e-05,14.8,0.2583501278310001,0.0,8.0,16.0748,4.81630259635056,0.0,0.0,0.0,20.158800000000003,1.91235,1.9,0.0,0.0078749774999999,1.55,0.0,14.0,226.373,-31.6255
Co2MnSi(SiC)0.02,Co2.000,Mn1.000,Si0.981C0.019,634.2173,5.81e-05,14.8,0.2583501278310001,0.0,8.0,16.0748,4.81630259635056,0.0,0.0,0.0,20.158800000000003,1.91235,1.9,0.0,0.0078749774999999,1.55,0.0,14.0,226.373,-34.8148
Co2MnSi(SiC)0.02,Co2.000,Mn1.000,Si0.981C0.019,682.4763,6.63e-05,14.8,0.2583501278310001,0.0,8.0,16.0748,4.81630259635056,0.0,0.0,0.0,20.158800000000003,1.91235,1.9,0.0,0.0078749774999999,1.55,0.0,14.0,226.373,-36.4609
Co2MnSi(SiC)0.02,Co2.000,Mn1.000,Si0.981C0.019,732.9619,7.68e-05,14.8,0.2583501278310001,0.0,8.0,16.0748,4.81630259635056,0.0,0.0,0.0,20.158800000000003,1.91235,1.9,0.0,0.0078749774999999,1.55,0.0,14.0,226.373,-36.7353
Co2MnSi(SiC)0.02,Co2.000,Mn1.000,Si0.981C0.019,776.3677,8.72e-05,14.8,0.2583501278310001,0.0,8.0,16.0748,4.81630259635056,0.0,0.0,0.0,20.158800000000003,1.91235,1.9,0.0,0.0078749774999999,1.55,0.0,14.0,226.373,-38.0041
Co2MnSi(SiC)0.02,Co2.000,Mn1.000,Si0.981C0.019,928.6078,0.00014,14.8,0.2583501278310001,0.0,8.0,16.0748,4.81630259635056,0.0,0.0,0.0,20.158800000000003,1.91235,1.9,0.0,0.0078749774999999,1.55,0.0,14.0,226.373,-38.69
Co2MnSi(SiC)0.02,Co2.000,Mn1.000,Si0.981C0.019,1026.9,0.000201,14.8,0.2583501278310001,0.0,8.0,16.0748,4.81630259635056,0.0,0.0,0.0,20.158800000000003,1.91235,1.9,0.0,0.0078749774999999,1.55,0.0,14.0,226.373,-36.941
Co2MnSi(SiC)0.04,Co2.000,Mn1.000,Si0.963C0.037,332.9647,2.92e-05,14.8,0.493871634999,0.0,8.0,16.0748,9.20702171847024,0.0,0.0,0.0,19.8924,1.92405,1.9,0.0,0.0150540974999999,1.55,0.0,14.0,225.779,-21.1317
Co2MnSi(SiC)0.04,Co2.000,Mn1.000,Si0.963C0.037,429.9835,3.66e-05,14.8,0.493871634999,0.0,8.0,16.0748,9.20702171847024,0.0,0.0,0.0,19.8924,1.92405,1.9,0.0,0.0150540974999999,1.55,0.0,14.0,225.779,-28.3333
Co2MnSi(SiC)0.04,Co2.000,Mn1.000,Si0.963C0.037,479.5628,4.08e-05,14.8,0.493871634999,0.0,8.0,16.0748,9.20702171847024,0.0,0.0,0.0,19.8924,1.92405,1.9,0.0,0.0150540974999999,1.55,0.0,14.0,225.779,-27.7846
Co2MnSi(SiC)0.04,Co2.000,Mn1.000,Si0.963C0.037,526.3652,4.5e-05,14.8,0.493871634999,0.0,8.0,16.0748,9.20702171847024,0.0,0.0,0.0,19.8924,1.92405,1.9,0.0,0.0150540974999999,1.55,0.0,14.0,225.779,-30.5624
Co2MnSi(SiC)0.04,Co2.000,Mn1.000,Si0.963C0.037,627.6,5.57e-05,14.8,0.493871634999,0.0,8.0,16.0748,9.20702171847024,0.0,0.0,0.0,19.8924,1.92405,1.9,0.0,0.0150540974999999,1.55,0.0,14.0,225.779,-33.1687
Co2MnSi(SiC)0.04,Co2.000,Mn1.000,Si0.963C0.037,679.7312,6.25e-05,14.8,0.493871634999,0.0,8.0,16.0748,9.20702171847024,0.0,0.0,0.0,19.8924,1.92405,1.9,0.0,0.0150540974999999,1.55,0.0,14.0,225.779,-33.786
Co2MnSi(SiC)0.04,Co2.000,Mn1.000,Si0.963C0.037,731.3735,7.04e-05,14.8,0.493871634999,0.0,8.0,16.0748,9.20702171847024,0.0,0.0,0.0,19.8924,1.92405,1.9,0.0,0.0150540974999999,1.55,0.0,14.0,225.779,-36.8381
Co2MnSi(SiC)0.04,Co2.000,Mn1.000,Si0.963C0.037,784.1077,8.05e-05,14.8,0.493871634999,0.0,8.0,16.0748,9.20702171847024,0.0,0.0,0.0,19.8924,1.92405,1.9,0.0,0.0150540974999999,1.55,0.0,14.0,225.779,-35.9122
Co2MnSi(SiC)0.04,Co2.000,Mn1.000,Si0.963C0.037,824.4773,9e-05,14.8,0.493871634999,0.0,8.0,16.0748,9.20702171847024,0.0,0.0,0.0,19.8924,1.92405,1.9,0.0,0.0150540974999999,1.55,0.0,14.0,225.779,-38.4842
Co2MnSi(SiC)0.04,Co2.000,Mn1.000,Si0.963C0.037,928.7967,0.000127,14.8,0.493871634999,0.0,8.0,16.0748,9.20702171847024,0.0,0.0,0.0,19.8924,1.92405,1.9,0.0,0.0150540974999999,1.55,0.0,14.0,225.779,-40.1646
Co2MnSi(SiC)0.04,Co2.000,Mn1.000,Si0.963C0.037,971.327,0.000151,14.8,0.493871634999,0.0,8.0,16.0748,9.20702171847024,0.0,0.0,0.0,19.8924,1.92405,1.9,0.0,0.0150540974999999,1.55,0.0,14.0,225.779,-40.8505
Co2MnSi(SiC)0.04,Co2.000,Mn1.000,Si0.963C0.037,1026.6,0.0002,14.8,0.493871634999,0.0,8.0,16.0748,9.20702171847024,0.0,0.0,0.0,19.8924,1.92405,1.9,0.0,0.0150540974999999,1.55,0.0,14.0,225.779,-40.6447
Co2MnSi(SiC)0.06,Co2.000,Mn1.000,Si0.946C0.054,337.0961,3.74e-05,14.8,0.7080614802360001,0.0,8.0,16.0748,13.20006447942336,0.0,0.0,0.0,19.6408,1.9351,1.9,0.0,0.0215829899999999,1.55,0.0,14.0,225.218,-22.1262
Co2MnSi(SiC)0.06,Co2.000,Mn1.000,Si0.946C0.054,370.9318,3.97e-05,14.8,0.7080614802360001,0.0,8.0,16.0748,13.20006447942336,0.0,0.0,0.0,19.6408,1.9351,1.9,0.0,0.0215829899999999,1.55,0.0,14.0,225.218,-23.7037
Co2MnSi(SiC)0.06,Co2.000,Mn1.000,Si0.946C0.054,475.572,4.92e-05,14.8,0.7080614802360001,0.0,8.0,16.0748,13.20006447942336,0.0,0.0,0.0,19.6408,1.9351,1.9,0.0,0.0215829899999999,1.55,0.0,14.0,225.218,-27.8875
Co2MnSi(SiC)0.06,Co2.000,Mn1.000,Si0.946C0.054,583.288,6.34e-05,14.8,0.7080614802360001,0.0,8.0,16.0748,13.20006447942336,0.0,0.0,0.0,19.6408,1.9351,1.9,0.0,0.0215829899999999,1.55,0.0,14.0,225.218,-31.0768
Co2MnSi(SiC)0.06,Co2.000,Mn1.000,Si0.946C0.054,682.2215,8.02e-05,14.8,0.7080614802360001,0.0,8.0,16.0748,13.20006447942336,0.0,0.0,0.0,19.6408,1.9351,1.9,0.0,0.0215829899999999,1.55,0.0,14.0,225.218,-34.4719
Co2MnSi(SiC)0.06,Co2.000,Mn1.000,Si0.946C0.054,777.1026,0.0001,14.8,0.7080614802360001,0.0,8.0,16.0748,13.20006447942336,0.0,0.0,0.0,19.6408,1.9351,1.9,0.0,0.0215829899999999,1.55,0.0,14.0,225.218,-37.4897
Co2MnSi(SiC)0.06,Co2.000,Mn1.000,Si0.946C0.054,824.4421,0.000113,14.8,0.7080614802360001,0.0,8.0,16.0748,13.20006447942336,0.0,0.0,0.0,19.6408,1.9351,1.9,0.0,0.0215829899999999,1.55,0.0,14.0,225.218,-38.2099
Co2MnSi(SiC)0.06,Co2.000,Mn1.000,Si0.946C0.054,878.1441,0.000133,14.8,0.7080614802360001,0.0,8.0,16.0748,13.20006447942336,0.0,0.0,0.0,19.6408,1.9351,1.9,0.0,0.0215829899999999,1.55,0.0,14.0,225.218,-38.5871
Co2MnSi(SiC)0.06,Co2.000,Mn1.000,Si0.946C0.054,976.8447,0.000198,14.8,0.7080614802360001,0.0,8.0,16.0748,13.20006447942336,0.0,0.0,0.0,19.6408,1.9351,1.9,0.0,0.0215829899999999,1.55,0.0,14.0,225.218,-40.1646
Co2MnSi(SiC)0.06,Co2.000,Mn1.000,Si0.946C0.054,1023.4,0.00026,14.8,0.7080614802360001,0.0,8.0,16.0748,13.20006447942336,0.0,0.0,0.0,19.6408,1.9351,1.9,0.0,0.0215829899999999,1.55,0.0,14.0,225.218,-34.9177
Fe2V1.02Al0.98,Fe2.000,V1.000,Al1.000,118.9363,2.75e-05,0.0,0.0,0.0,0.0,0.0,0.0,0.0,0.0,0.0,16.48,1.61,1.61,0.0,0.0,1.63,0.0,13.0,225.0,-102.5855
Fe2V1.02Al0.98,Fe2.000,V1.000,Al1.000,180.5802,3.48e-05,0.0,0.0,0.0,0.0,0.0,0.0,0.0,0.0,0.0,16.48,1.61,1.61,0.0,0.0,1.63,0.0,13.0,225.0,-135.2519
Fe2V1.02Al0.98,Fe2.000,V1.000,Al1.000,241.4182,4.25e-05,0.0,0.0,0.0,0.0,0.0,0.0,0.0,0.0,0.0,16.48,1.61,1.61,0.0,0.0,1.63,0.0,13.0,225.0,-154.9156
Fe2V1.02Al0.98,Fe2.000,V1.000,Al1.000,271.2329,4.57e-05,0.0,0.0,0.0,0.0,0.0,0.0,0.0,0.0,0.0,16.48,1.61,1.61,0.0,0.0,1.63,0.0,13.0,225.0,-155.31
Fe2V1.02Al0.98,Fe2.000,V1.000,Al1.000,330.8622,4.85e-05,0.0,0.0,0.0,0.0,0.0,0.0,0.0,0.0,0.0,16.48,1.61,1.61,0.0,0.0,1.63,0.0,13.0,225.0,-133.4479
Fe2V1.02Al0.98,Fe2.000,V1.000,Al1.000,390.8944,4.7e-05,0.0,0.0,0.0,0.0,0.0,0.0,0.0,0.0,0.0,16.48,1.61,1.61,0.0,0.0,1.63,0.0,13.0,225.0,-96.9043
Fe2V1.02Al0.98,Fe2.000,V1.000,Al1.000,481.5471,4.07e-05,0.0,0.0,0.0,0.0,0.0,0.0,0.0,0.0,0.0,16.48,1.61,1.61,0.0,0.0,1.63,0.0,13.0,225.0,-47.7511
Fe2V1.02Al0.98,Fe2.000,V1.000,Al1.000,539.9678,3.69e-05,0.0,0.0,0.0,0.0,0.0,0.0,0.0,0.0,0.0,16.48,1.61,1.61,0.0,0.0,1.63,0.0,13.0,225.0,-28.8262
Fe2V1.02Al0.98,Fe2.000,V1.000,Al1.000,600.4029,3.42e-05,0.0,0.0,0.0,0.0,0.0,0.0,0.0,0.0,0.0,16.48,1.61,1.61,0.0,0.0,1.63,0.0,13.0,225.0,-20.3862
Fe2V1.03Al0.97,Fe2.000,V1.000,Al1.000,120.145,2.16e-05,0.0,0.0,0.0,0.0,0.0,0.0,0.0,0.0,0.0,16.48,1.61,1.61,0.0,0.0,1.63,0.0,13.0,225.0,-97.5509
Fe2V1.03Al0.97,Fe2.000,V1.000,Al1.000,209.589,3.06e-05,0.0,0.0,0.0,0.0,0.0,0.0,0.0,0.0,0.0,16.48,1.61,1.61,0.0,0.0,1.63,0.0,13.0,225.0,-140.2611
Fe2V1.03Al0.97,Fe2.000,V1.000,Al1.000,271.2329,3.74e-05,0.0,0.0,0.0,0.0,0.0,0.0,0.0,0.0,0.0,16.48,1.61,1.61,0.0,0.0,1.63,0.0,13.0,225.0,-155.31
Fe2V1.03Al0.97,Fe2.000,V1.000,Al1.000,361.0798,4.37e-05,0.0,0.0,0.0,0.0,0.0,0.0,0.0,0.0,0.0,16.48,1.61,1.61,0.0,0.0,1.63,0.0,13.0,225.0,-135.1004
Fe2V1.03Al0.97,Fe2.000,V1.000,Al1.000,420.3062,4.45e-05,0.0,0.0,0.0,0.0,0.0,0.0,0.0,0.0,0.0,16.48,1.61,1.61,0.0,0.0,1.63,0.0,13.0,225.0,-109.4635
Fe2V1.03Al0.97,Fe2.000,V1.000,Al1.000,483.1587,4.25e-05,0.0,0.0,0.0,0.0,0.0,0.0,0.0,0.0,0.0,16.48,1.61,1.61,0.0,0.0,1.63,0.0,13.0,225.0,-79.2094
Fe2V1.03Al0.97,Fe2.000,V1.000,Al1.000,538.7591,3.98e-05,0.0,0.0,0.0,0.0,0.0,0.0,0.0,0.0,0.0,16.48,1.61,1.61,0.0,0.0,1.63,0.0,13.0,225.0,-55.6729
Fe2V1.03Al0.97,Fe2.000,V1.000,Al1.000,600.4029,3.73e-05,0.0,0.0,0.0,0.0,0.0,0.0,0.0,0.0,0.0,16.48,1.61,1.61,0.0,0.0,1.63,0.0,13.0,225.0,-40.5205
Fe2V1.08Al0.92,Fe2.000,V1.000,Al1.000,119.3392,1.13e-05,0.0,0.0,0.0,0.0,0.0,0.0,0.0,0.0,0.0,16.48,1.61,1.61,0.0,0.0,1.63,0.0,13.0,225.0,-50.9912
Fe2V1.08Al0.92,Fe2.000,V1.000,Al1.000,211.2006,1.64e-05,0.0,0.0,0.0,0.0,0.0,0.0,0.0,0.0,0.0,16.48,1.61,1.61,0.0,0.0,1.63,0.0,13.0,225.0,-86.9879
Fe2V1.08Al0.92,Fe2.000,V1.000,Al1.000,301.4504,2.2e-05,0.0,0.0,0.0,0.0,0.0,0.0,0.0,0.0,0.0,16.48,1.61,1.61,0.0,0.0,1.63,0.0,13.0,225.0,-107.4659
Fe2V1.08Al0.92,Fe2.000,V1.000,Al1.000,390.0886,2.83e-05,0.0,0.0,0.0,0.0,0.0,0.0,0.0,0.0,0.0,16.48,1.61,1.61,0.0,0.0,1.63,0.0,13.0,225.0,-115.7808
Fe2V1.08Al0.92,Fe2.000,V1.000,Al1.000,450.5238,3.22e-05,0.0,0.0,0.0,0.0,0.0,0.0,0.0,0.0,0.0,16.48,1.61,1.61,0.0,0.0,1.63,0.0,13.0,225.0,-116.1496
Fe2V1.08Al0.92,Fe2.000,V1.000,Al1.000,538.7591,3.59e-05,0.0,0.0,0.0,0.0,0.0,0.0,0.0,0.0,0.0,16.48,1.61,1.61,0.0,0.0,1.63,0.0,13.0,225.0,-102.2333
Fe2V1.08Al0.92,Fe2.000,V1.000,Al1.000,599.1942,3.7e-05,0.0,0.0,0.0,0.0,0.0,0.0,0.0,0.0,0.0,16.48,1.61,1.61,0.0,0.0,1.63,0.0,13.0,225.0,-87.9208
Fe2V0.93Al1.07,Fe2.000,V1.000,Al1.000,120.145,5.16e-06,0.0,0.0,0.0,0.0,0.0,0.0,0.0,0.0,0.0,16.48,1.61,1.61,0.0,0.0,1.63,0.0,13.0,225.0,18.2209
Fe2V0.93Al1.07,Fe2.000,V1.000,Al1.000,241.0153,8.87e-06,0.0,0.0,0.0,0.0,0.0,0.0,0.0,0.0,0.0,16.48,1.61,1.61,0.0,0.0,1.63,0.0,13.0,225.0,35.9398
Fe2V0.93Al1.07,Fe2.000,V1.000,Al1.000,332.8767,1.26e-05,0.0,0.0,0.0,0.0,0.0,0.0,0.0,0.0,0.0,16.48,1.61,1.61,0.0,0.0,1.63,0.0,13.0,225.0,47.7618
Fe2V0.93Al1.07,Fe2.000,V1.000,Al1.000,420.3062,1.64e-05,0.0,0.0,0.0,0.0,0.0,0.0,0.0,0.0,0.0,16.48,1.61,1.61,0.0,0.0,1.63,0.0,13.0,225.0,59.1607
Fe2V0.93Al1.07,Fe2.000,V1.000,Al1.000,480.7413,1.92e-05,0.0,0.0,0.0,0.0,0.0,0.0,0.0,0.0,0.0,16.48,1.61,1.61,0.0,0.0,1.63,0.0,13.0,225.0,64.2449
Fe2V0.93Al1.07,Fe2.000,V1.000,Al1.000,541.9823,2.19e-05,0.0,0.0,0.0,0.0,0.0,0.0,0.0,0.0,0.0,16.48,1.61,1.61,0.0,0.0,1.63,0.0,13.0,225.0,61.7795
Fe2V0.93Al1.07,Fe2.000,V1.000,Al1.000,600.0,2.4e-05,0.0,0.0,0.0,0.0,0.0,0.0,0.0,0.0,0.0,16.48,1.61,1.61,0.0,0.0,1.63,0.0,13.0,225.0,59.3114
Fe2V0.95Al1.07,Fe2.000,V1.000,Al1.000,119.3392,7e-06,0.0,0.0,0.0,0.0,0.0,0.0,0.0,0.0,0.0,16.48,1.61,1.61,0.0,0.0,1.63,0.0,13.0,225.0,27.4484
Fe2V0.95Al1.07,Fe2.000,V1.000,Al1.000,210.7977,9.43e-06,0.0,0.0,0.0,0.0,0.0,0.0,0.0,0.0,0.0,16.48,1.61,1.61,0.0,0.0,1.63,0.0,13.0,225.0,40.1091
Fe2V0.95Al1.07,Fe2.000,V1.000,Al1.000,301.4504,1.24e-05,0.0,0.0,0.0,0.0,0.0,0.0,0.0,0.0,0.0,16.48,1.61,1.61,0.0,0.0,1.63,0.0,13.0,225.0,52.3495
Fe2V0.95Al1.07,Fe2.000,V1.000,Al1.000,390.8944,1.62e-05,0.0,0.0,0.0,0.0,0.0,0.0,0.0,0.0,0.0,16.48,1.61,1.61,0.0,0.0,1.63,0.0,13.0,225.0,62.9111
Fe2V0.95Al1.07,Fe2.000,V1.000,Al1.000,479.5326,2.02e-05,0.0,0.0,0.0,0.0,0.0,0.0,0.0,0.0,0.0,16.48,1.61,1.61,0.0,0.0,1.63,0.0,13.0,225.0,68.858
Fe2V0.95Al1.07,Fe2.000,V1.000,Al1.000,539.5649,2.26e-05,0.0,0.0,0.0,0.0,0.0,0.0,0.0,0.0,0.0,16.48,1.61,1.61,0.0,0.0,1.63,0.0,13.0,225.0,66.811
Fe2V0.95Al1.07,Fe2.000,V1.000,Al1.000,600.4029,2.47e-05,0.0,0.0,0.0,0.0,0.0,0.0,0.0,0.0,0.0,16.48,1.61,1.61,0.0,0.0,1.63,0.0,13.0,225.0,57.6339
Fe2V0.985Al1.07,Fe2.000,V1.000,Al1.000,118.9363,2.4e-05,0.0,0.0,0.0,0.0,0.0,0.0,0.0,0.0,0.0,16.48,1.61,1.61,0.0,0.0,1.63,0.0,13.0,225.0,62.2635
Fe2V0.985Al1.07,Fe2.000,V1.000,Al1.000,180.9831,2.42e-05,0.0,0.0,0.0,0.0,0.0,0.0,0.0,0.0,0.0,16.48,1.61,1.61,0.0,0.0,1.63,0.0,13.0,225.0,76.1579
Fe2V0.985Al1.07,Fe2.000,V1.000,Al1.000,270.4271,2.47e-05,0.0,0.0,0.0,0.0,0.0,0.0,0.0,0.0,0.0,16.48,1.61,1.61,0.0,0.0,1.63,0.0,13.0,225.0,90.0752
Fe2V0.985Al1.07,Fe2.000,V1.000,Al1.000,298.2272,2.54e-05,0.0,0.0,0.0,0.0,0.0,0.0,0.0,0.0,0.0,16.48,1.61,1.61,0.0,0.0,1.63,0.0,13.0,225.0,93.0347
Fe2V0.985Al1.07,Fe2.000,V1.000,Al1.000,328.0419,2.64e-05,0.0,0.0,0.0,0.0,0.0,0.0,0.0,0.0,0.0,16.48,1.61,1.61,0.0,0.0,1.63,0.0,13.0,225.0,93.0598
Fe2V0.985Al1.07,Fe2.000,V1.000,Al1.000,390.0886,2.74e-05,0.0,0.0,0.0,0.0,0.0,0.0,0.0,0.0,0.0,16.48,1.61,1.61,0.0,0.0,1.63,0.0,13.0,225.0,75.4944
Fe2V0.985Al1.07,Fe2.000,V1.000,Al1.000,448.1064,2.74e-05,0.0,0.0,0.0,0.0,0.0,0.0,0.0,0.0,0.0,16.48,1.61,1.61,0.0,0.0,1.63,0.0,13.0,225.0,57.9256
Fe2V0.985Al1.07,Fe2.000,V1.000,Al1.000,540.7736,2.75e-05,0.0,0.0,0.0,0.0,0.0,0.0,0.0,0.0,0.0,16.48,1.61,1.61,0.0,0.0,1.63,0.0,13.0,225.0,35.3523
Fe2V0.985Al1.07,Fe2.000,V1.000,Al1.000,598.7913,2.79e-05,0.0,0.0,0.0,0.0,0.0,0.0,0.0,0.0,0.0,16.48,1.61,1.61,0.0,0.0,1.63,0.0,13.0,225.0,24.0755
Fe2CoGa,Fe2.000,Co1.000,Ga1.000,298.2659,5.83e-07,0.0,0.0,0.0,0.0,0.0,0.0,0.0,0.0,0.0,18.8575,1.81,1.81,0.0,0.0,1.88,0.0,13.0,64.0,-43.8816
Fe2CoGa,Fe2.000,Co1.000,Ga1.000,345.8569,6.4e-07,0.0,0.0,0.0,0.0,0.0,0.0,0.0,0.0,0.0,18.8575,1.81,1.81,0.0,0.0,1.88,0.0,13.0,64.0,-45.7237
Fe2CoGa,Fe2.000,Co1.000,Ga1.000,391.0045,6.93e-07,0.0,0.0,0.0,0.0,0.0,0.0,0.0,0.0,0.0,18.8575,1.81,1.81,0.0,0.0,1.88,0.0,13.0,64.0,-47.3026
Fe2CoGa,Fe2.000,Co1.000,Ga1.000,434.5111,7.52e-07,0.0,0.0,0.0,0.0,0.0,0.0,0.0,0.0,0.0,18.8575,1.81,1.81,0.0,0.0,1.88,0.0,13.0,64.0,-47.9605
Fe2CoGa,Fe2.000,Co1.000,Ga1.000,486.1457,8.2e-07,0.0,0.0,0.0,0.0,0.0,0.0,0.0,0.0,0.0,18.8575,1.81,1.81,0.0,0.0,1.88,0.0,13.0,64.0,-48.4868
Fe2CoGa,Fe2.000,Co1.000,Ga1.000,538.1804,8.92e-07,0.0,0.0,0.0,0.0,0.0,0.0,0.0,0.0,0.0,18.8575,1.81,1.81,0.0,0.0,1.88,0.0,13.0,64.0,-48.6184
Fe2CoGa,Fe2.000,Co1.000,Ga1.000,597.9343,9.84e-07,0.0,0.0,0.0,0.0,0.0,0.0,0.0,0.0,0.0,18.8575,1.81,1.81,0.0,0.0,1.88,0.0,13.0,64.0,-48.4868
FeCo2Ga,Co2.000,Fe1.000,Ga1.000,304.9021,2.2e-07,0.0,0.0,0.0,0.0,0.0,0.0,0.0,0.0,0.0,18.8575,1.81,1.81,0.0,0.0,1.83,0.0,13.0,64.0,-11.6333
FeCo2Ga,Co2.000,Fe1.000,Ga1.000,352.7865,2.51e-07,0.0,0.0,0.0,0.0,0.0,0.0,0.0,0.0,0.0,18.8575,1.81,1.81,0.0,0.0,1.83,0.0,13.0,64.0,-12.9561
FeCo2Ga,Co2.000,Fe1.000,Ga1.000,393.1708,2.74e-07,0.0,0.0,0.0,0.0,0.0,0.0,0.0,0.0,0.0,18.8575,1.81,1.81,0.0,0.0,1.83,0.0,13.0,64.0,-13.7759
FeCo2Ga,Co2.000,Fe1.000,Ga1.000,443.3629,3.13e-07,0.0,0.0,0.0,0.0,0.0,0.0,0.0,0.0,0.0,18.8575,1.81,1.81,0.0,0.0,1.83,0.0,13.0,64.0,-14.42
FeCo2Ga,Co2.000,Fe1.000,Ga1.000,499.3241,3.69e-07,0.0,0.0,0.0,0.0,0.0,0.0,0.0,0.0,0.0,18.8575,1.81,1.81,0.0,0.0,1.83,0.0,13.0,64.0,-14.7217
FeCo2Ga,Co2.000,Fe1.000,Ga1.000,551.8238,4.3e-07,0.0,0.0,0.0,0.0,0.0,0.0,0.0,0.0,0.0,18.8575,1.81,1.81,0.0,0.0,1.83,0.0,13.0,64.0,-14.8565
FeCo2Ga,Co2.000,Fe1.000,Ga1.000,600.285,4.78e-07,0.0,0.0,0.0,0.0,0.0,0.0,0.0,0.0,0.0,18.8575,1.81,1.81,0.0,0.0,1.83,0.0,13.0,64.0,-15.1632
GdPd2Bi,Pd2.000,Gd1.000,Bi1.000,11.1111,2.14e-05,0.0,0.0,0.0,0.0,0.0,0.0,0.0,0.0,0.0,32.95,2.02,2.02,0.0,0.0,1.2,0.0,15.0,12.0,0.6367
GdPd2Bi,Pd2.000,Gd1.000,Bi1.000,14.8148,2.14e-05,0.0,0.0,0.0,0.0,0.0,0.0,0.0,0.0,0.0,32.95,2.02,2.02,0.0,0.0,1.2,0.0,15.0,12.0,0.7056
GdPd2Bi,Pd2.000,Gd1.000,Bi1.000,38.4615,2.13e-05,0.0,0.0,0.0,0.0,0.0,0.0,0.0,0.0,0.0,32.95,2.02,2.02,0.0,0.0,1.2,0.0,15.0,12.0,-0.3851
GdPd2Bi,Pd2.000,Gd1.000,Bi1.000,67.5214,2.09e-05,0.0,0.0,0.0,0.0,0.0,0.0,0.0,0.0,0.0,32.95,2.02,2.02,0.0,0.0,1.2,0.0,15.0,12.0,-1.1166
GdPd2Bi,Pd2.000,Gd1.000,Bi1.000,83.1909,2.05e-05,0.0,0.0,0.0,0.0,0.0,0.0,0.0,0.0,0.0,32.95,2.02,2.02,0.0,0.0,1.2,0.0,15.0,12.0,-1.3002
GdPd2Bi,Pd2.000,Gd1.000,Bi1.000,119.0883,1.87e-05,0.0,0.0,0.0,0.0,0.0,0.0,0.0,0.0,0.0,32.95,2.02,2.02,0.0,0.0,1.2,0.0,15.0,12.0,-1.1393
GdPd2Bi,Pd2.000,Gd1.000,Bi1.000,147.2934,1.75e-05,0.0,0.0,0.0,0.0,0.0,0.0,0.0,0.0,0.0,32.95,2.02,2.02,0.0,0.0,1.2,0.0,15.0,12.0,-1.3115
GdPd2Bi,Pd2.000,Gd1.000,Bi1.000,192.5926,1.67e-05,0.0,0.0,0.0,0.0,0.0,0.0,0.0,0.0,0.0,32.95,2.02,2.02,0.0,0.0,1.2,0.0,15.0,12.0,-1.9732
GdPd2Bi,Pd2.000,Gd1.000,Bi1.000,224.7863,1.7e-05,0.0,0.0,0.0,0.0,0.0,0.0,0.0,0.0,0.0,32.95,2.02,2.02,0.0,0.0,1.2,0.0,15.0,12.0,-2.4934
GdPd2Bi,Pd2.000,Gd1.000,Bi1.000,237.8917,1.71e-05,0.0,0.0,0.0,0.0,0.0,0.0,0.0,0.0,0.0,32.95,2.02,2.02,0.0,0.0,1.2,0.0,15.0,12.0,-2.7141
GdPd2Bi,Pd2.000,Gd1.000,Bi1.000,267.8063,1.73e-05,0.0,0.0,0.0,0.0,0.0,0.0,0.0,0.0,0.0,32.95,2.02,2.02,0.0,0.0,1.2,0.0,15.0,12.0,-2.9969
Fe1.94Re0.06V0.94Ti0.14Al0.92,Fe2.000,V1.000,Re0.054Ti0.125Al0.821,310.3957,0.00013,2.035000000000002,0.0,0.0,62.0,159.2254614,1297.935191884326,8.0,2.25333333333e-05,8.0,16.4077,1.6169099999999998,1.54,0.0,0.0051061518999999,1.63,3.0,4.0,219.451,101.1739
Fe1.94Re0.06V0.94Ti0.14Al0.92,Fe2.000,V1.000,Re0.054Ti0.125Al0.821,411.3438,9.43e-05,2.035000000000002,0.0,0.0,62.0,159.2254614,1297.935191884326,8.0,2.25333333333e-05,8.0,16.4077,1.6169099999999998,1.54,0.0,0.0051061518999999,1.63,3.0,4.0,219.451,79.2819
Fe1.94Re0.06V0.94Ti0.14Al0.92,Fe2.000,V1.000,Re0.054Ti0.125Al0.821,526.0801,6.67e-05,2.035000000000002,0.0,0.0,62.0,159.2254614,1297.935191884326,8.0,2.25333333333e-05,8.0,16.4077,1.6169099999999998,1.54,0.0,0.0051061518999999,1.63,3.0,4.0,219.451,45.0284
Fe1.94Re0.06V0.94Ti0.14Al0.92,Fe2.000,V1.000,Re0.054Ti0.125Al0.821,631.1499,5.25e-05,2.035000000000002,0.0,0.0,62.0,159.2254614,1297.935191884326,8.0,2.25333333333e-05,8.0,16.4077,1.6169099999999998,1.54,0.0,0.0051061518999999,1.63,3.0,4.0,219.451,22.0134
Fe1.94Re0.06V0.94Ti0.14Al0.92,Fe2.000,V1.000,Re0.054Ti0.125Al0.821,716.266,4.58e-05,2.035000000000002,0.0,0.0,62.0,159.2254614,1297.935191884326,8.0,2.25333333333e-05,8.0,16.4077,1.6169099999999998,1.54,0.0,0.0051061518999999,1.63,3.0,4.0,219.451,10.0936
Fe1.94Re0.06V0.94Ti0.14Al0.92,Fe2.000,V1.000,Re0.054Ti0.125Al0.821,799.9823,4.01e-05,2.035000000000002,0.0,0.0,62.0,159.2254614,1297.935191884326,8.0,2.25333333333e-05,8.0,16.4077,1.6169099999999998,1.54,0.0,0.0051061518999999,1.63,3.0,4.0,219.451,3.0913
Fe1.94Re0.06V0.90Ti0.18Al0.92,Fe2.000,Re0.062V0.938,Ti0.164Al0.836,310.382,4.83e-05,0.2100000000000008,0.0,0.0,9.0,20.885461399999997,59.805107270832565,8.0,2.25333333333e-05,8.0,16.51444,1.5985200000000002,1.54,35.0,0.0006718096,1.6467399999999996,3.0,4.0,219.916,103.5626
Fe1.94Re0.06V0.90Ti0.18Al0.92,Fe2.000,Re0.062V0.938,Ti0.164Al0.836,359.7478,5.17e-05,0.2100000000000008,0.0,0.0,9.0,20.885461399999997,59.805107270832565,8.0,2.25333333333e-05,8.0,16.51444,1.5985200000000002,1.54,35.0,0.0006718096,1.6467399999999996,3.0,4.0,219.916,106.5273
Fe1.94Re0.06V0.90Ti0.18Al0.92,Fe2.000,Re0.062V0.938,Ti0.164Al0.836,451.7162,5.3e-05,0.2100000000000008,0.0,0.0,9.0,20.885461399999997,59.805107270832565,8.0,2.25333333333e-05,8.0,16.51444,1.5985200000000002,1.54,35.0,0.0006718096,1.6467399999999996,3.0,4.0,219.916,95.7335
Fe1.94Re0.06V0.90Ti0.18Al0.92,Fe2.000,Re0.062V0.938,Ti0.164Al0.836,561.6441,4.91e-05,0.2100000000000008,0.0,0.0,9.0,20.885461399999997,59.805107270832565,8.0,2.25333333333e-05,8.0,16.51444,1.5985200000000002,1.54,35.0,0.0006718096,1.6467399999999996,3.0,4.0,219.916,62.7433
Fe1.94Re0.06V0.90Ti0.18Al0.92,Fe2.000,Re0.062V0.938,Ti0.164Al0.836,651.6328,4.4e-05,0.2100000000000008,0.0,0.0,9.0,20.885461399999997,59.805107270832565,8.0,2.25333333333e-05,8.0,16.51444,1.5985200000000002,1.54,35.0,0.0006718096,1.6467399999999996,3.0,4.0,219.916,38.319
Fe1.94Re0.06V0.90Ti0.18Al0.92,Fe2.000,Re0.062V0.938,Ti0.164Al0.836,726.4762,4.01e-05,0.2100000000000008,0.0,0.0,9.0,20.885461399999997,59.805107270832565,8.0,2.25333333333e-05,8.0,16.51444,1.5985200000000002,1.54,35.0,0.0006718096,1.6467399999999996,3.0,4.0,219.916,23.7264
Fe1.94Re0.06V0.90Ti0.18Al0.92,Fe2.000,Re0.062V0.938,Ti0.164Al0.836,775.907,3.83e-05,0.2100000000000008,0.0,0.0,9.0,20.885461399999997,59.805107270832565,8.0,2.25333333333e-05,8.0,16.51444,1.5985200000000002,1.54,35.0,0.0006718096,1.6467399999999996,3.0,4.0,219.916,15.3094
Fe1.94Re0.06V0.82Ti0.26Al0.92,Fe2.000,V0.759Ti0.241,Re0.061Al0.939,313.9198,2.45e-05,1.825000000000001,0.0,2.25333333333e-05,62.0,159.2254614,1452.180027377139,5.0,0.0,5.0,16.368675,1.62769,1.61,35.0,0.0048171638999999,1.60831,0.0,7.0,223.109,84.5941
Fe1.94Re0.06V0.82Ti0.26Al0.92,Fe2.000,V0.759Ti0.241,Re0.061Al0.939,412.6144,2.87e-05,1.825000000000001,0.0,2.25333333333e-05,62.0,159.2254614,1452.180027377139,5.0,0.0,5.0,16.368675,1.62769,1.61,35.0,0.0048171638999999,1.60831,0.0,7.0,223.109,96.9872
Fe1.94Re0.06V0.82Ti0.26Al0.92,Fe2.000,V0.759Ti0.241,Re0.061Al0.939,472.9742,3.14e-05,1.825000000000001,0.0,2.25333333333e-05,62.0,159.2254614,1452.180027377139,5.0,0.0,5.0,16.368675,1.62769,1.61,35.0,0.0048171638999999,1.60831,0.0,7.0,223.109,96.4421
Fe1.94Re0.06V0.82Ti0.26Al0.92,Fe2.000,V0.759Ti0.241,Re0.061Al0.939,582.1255,3.44e-05,1.825000000000001,0.0,2.25333333333e-05,62.0,159.2254614,1452.180027377139,5.0,0.0,5.0,16.368675,1.62769,1.61,35.0,0.0048171638999999,1.60831,0.0,7.0,223.109,79.3299
Fe1.94Re0.06V0.82Ti0.26Al0.92,Fe2.000,V0.759Ti0.241,Re0.061Al0.939,678.9688,3.41e-05,1.825000000000001,0.0,2.25333333333e-05,62.0,159.2254614,1452.180027377139,5.0,0.0,5.0,16.368675,1.62769,1.61,35.0,0.0048171638999999,1.60831,0.0,7.0,223.109,55.61
Fe1.94Re0.06V0.82Ti0.26Al0.92,Fe2.000,V0.759Ti0.241,Re0.061Al0.939,777.1679,3.25e-05,1.825000000000001,0.0,2.25333333333e-05,62.0,159.2254614,1452.180027377139,5.0,0.0,5.0,16.368675,1.62769,1.61,35.0,0.0048171638999999,1.60831,0.0,7.0,223.109,34.7008
Fe1.94Re0.06V0.78Ti0.30Al0.92,Fe2.000,V0.722Ti0.278,Re0.061Al0.939,309.8624,1.89e-05,1.825000000000001,0.0,2.25333333333e-05,62.0,159.2254614,1452.180027377139,5.0,0.0,5.0,16.368675,1.62769,1.61,35.0,0.0048171638999999,1.60498,0.0,7.0,223.109,74.4758
Fe1.94Re0.06V0.78Ti0.30Al0.92,Fe2.000,V0.722Ti0.278,Re0.061Al0.939,408.553,2.34e-05,1.825000000000001,0.0,2.25333333333e-05,62.0,159.2254614,1452.180027377139,5.0,0.0,5.0,16.368675,1.62769,1.61,35.0,0.0048171638999999,1.60498,0.0,7.0,223.109,87.5715
Fe1.94Re0.06V0.78Ti0.30Al0.92,Fe2.000,V0.722Ti0.278,Re0.061Al0.939,462.7239,2.58e-05,1.825000000000001,0.0,2.25333333333e-05,62.0,159.2254614,1452.180027377139,5.0,0.0,5.0,16.368675,1.62769,1.61,35.0,0.0048171638999999,1.60498,0.0,7.0,223.109,89.835
Fe1.94Re0.06V0.78Ti0.30Al0.92,Fe2.000,V0.722Ti0.278,Re0.061Al0.939,545.0547,2.91e-05,1.825000000000001,0.0,2.25333333333e-05,62.0,159.2254614,1452.180027377139,5.0,0.0,5.0,16.368675,1.62769,1.61,35.0,0.0048171638999999,1.60498,0.0,7.0,223.109,85.2211
Fe1.94Re0.06V0.78Ti0.30Al0.92,Fe2.000,V0.722Ti0.278,Re0.061Al0.939,628.8128,3.14e-05,1.825000000000001,0.0,2.25333333333e-05,62.0,159.2254614,1452.180027377139,5.0,0.0,5.0,16.368675,1.62769,1.61,35.0,0.0048171638999999,1.60498,0.0,7.0,223.109,70.9121
Fe1.94Re0.06V0.78Ti0.30Al0.92,Fe2.000,V0.722Ti0.278,Re0.061Al0.939,713.276,3.24e-05,1.825000000000001,0.0,2.25333333333e-05,62.0,159.2254614,1452.180027377139,5.0,0.0,5.0,16.368675,1.62769,1.61,35.0,0.0048171638999999,1.60498,0.0,7.0,223.109,53.2309
Fe1.94Re0.06V0.78Ti0.30Al0.92,Fe2.000,V0.722Ti0.278,Re0.061Al0.939,775.0798,3.21e-05,1.825000000000001,0.0,2.25333333333e-05,62.0,159.2254614,1452.180027377139,5.0,0.0,5.0,16.368675,1.62769,1.61,35.0,0.0048171638999999,1.60498,0.0,7.0,223.109,40.0398
Fe1.94Re0.06V0.74Ti0.34Al0.92,Fe2.000,V0.685Ti0.315,Re0.061Al0.939,312.6412,2.59e-05,1.825000000000001,0.0,2.25333333333e-05,62.0,159.2254614,1452.180027377139,5.0,0.0,5.0,16.368675,1.62769,1.61,35.0,0.0048171638999999,1.60165,0.0,7.0,223.109,68.294
Fe1.94Re0.06V0.74Ti0.34Al0.92,Fe2.000,V0.685Ti0.315,Re0.061Al0.939,418.874,3.26e-05,1.825000000000001,0.0,2.25333333333e-05,62.0,159.2254614,1452.180027377139,5.0,0.0,5.0,16.368675,1.62769,1.61,35.0,0.0048171638999999,1.60165,0.0,7.0,223.109,81.8133
Fe1.94Re0.06V0.74Ti0.34Al0.92,Fe2.000,V0.685Ti0.315,Re0.061Al0.939,472.3501,3.53e-05,1.825000000000001,0.0,2.25333333333e-05,62.0,159.2254614,1452.180027377139,5.0,0.0,5.0,16.368675,1.62769,1.61,35.0,0.0048171638999999,1.60165,0.0,7.0,223.109,85.6222
Fe1.94Re0.06V0.74Ti0.34Al0.92,Fe2.000,V0.685Ti0.315,Re0.061Al0.939,571.823,3.91e-05,1.825000000000001,0.0,2.25333333333e-05,62.0,159.2254614,1452.180027377139,5.0,0.0,5.0,16.368675,1.62769,1.61,35.0,0.0048171638999999,1.60165,0.0,7.0,223.109,81.8563
Fe1.94Re0.06V0.74Ti0.34Al0.92,Fe2.000,V0.685Ti0.315,Re0.061Al0.939,684.4076,4.14e-05,1.825000000000001,0.0,2.25333333333e-05,62.0,159.2254614,1452.180027377139,5.0,0.0,5.0,16.368675,1.62769,1.61,35.0,0.0048171638999999,1.60165,0.0,7.0,223.109,64.0425
Fe1.94Re0.06V0.74Ti0.34Al0.92,Fe2.000,V0.685Ti0.315,Re0.061Al0.939,768.8708,4.03e-05,1.825000000000001,0.0,2.25333333333e-05,62.0,159.2254614,1452.180027377139,5.0,0.0,5.0,16.368675,1.62769,1.61,35.0,0.0048171638999999,1.60165,0.0,7.0,223.109,46.3613
Fe2VAl,Fe2.000,V1.000,Al1.000,300.0824,5.83e-05,0.0,0.0,0.0,0.0,0.0,0.0,0.0,0.0,0.0,16.48,1.61,1.61,0.0,0.0,1.63,0.0,13.0,225.0,85.1061
Fe2VAl,Fe2.000,V1.000,Al1.000,450.3905,3.84e-05,0.0,0.0,0.0,0.0,0.0,0.0,0.0,0.0,0.0,16.48,1.61,1.61,0.0,0.0,1.63,0.0,13.0,225.0,45.3422
Fe2VAl,Fe2.000,V1.000,Al1.000,599.9199,3.22e-05,0.0,0.0,0.0,0.0,0.0,0.0,0.0,0.0,0.0,16.48,1.61,1.61,0.0,0.0,1.63,0.0,13.0,225.0,16.6308
Fe2V1.02Al0.98,Fe2.000,V1.000,Al1.000,117.6942,2.74e-05,0.0,0.0,0.0,0.0,0.0,0.0,0.0,0.0,0.0,16.48,1.61,1.61,0.0,0.0,1.63,0.0,13.0,225.0,-102.9371
Fe2V1.02Al0.98,Fe2.000,V1.000,Al1.000,178.799,3.42e-05,0.0,0.0,0.0,0.0,0.0,0.0,0.0,0.0,0.0,16.48,1.61,1.61,0.0,0.0,1.63,0.0,13.0,225.0,-135.6643
Fe2V1.02Al0.98,Fe2.000,V1.000,Al1.000,239.1353,4.2e-05,0.0,0.0,0.0,0.0,0.0,0.0,0.0,0.0,0.0,16.48,1.61,1.61,0.0,0.0,1.63,0.0,13.0,225.0,-156.4336
Fe2V1.02Al0.98,Fe2.000,V1.000,Al1.000,269.1113,4.53e-05,0.0,0.0,0.0,0.0,0.0,0.0,0.0,0.0,0.0,16.48,1.61,1.61,0.0,0.0,1.63,0.0,13.0,225.0,-156.4336
Fe2V1.02Al0.98,Fe2.000,V1.000,Al1.000,359.0392,4.83e-05,0.0,0.0,0.0,0.0,0.0,0.0,0.0,0.0,0.0,16.48,1.61,1.61,0.0,0.0,1.63,0.0,13.0,225.0,-117.4126
Fe2V1.02Al0.98,Fe2.000,V1.000,Al1.000,451.273,4.26e-05,0.0,0.0,0.0,0.0,0.0,0.0,0.0,0.0,0.0,16.48,1.61,1.61,0.0,0.0,1.63,0.0,13.0,225.0,-63.2867
Fe2V1.02Al0.98,Fe2.000,V1.000,Al1.000,510.8407,3.82e-05,0.0,0.0,0.0,0.0,0.0,0.0,0.0,0.0,0.0,16.48,1.61,1.61,0.0,0.0,1.63,0.0,13.0,225.0,-38.7413
Fe2V1.02Al0.98,Fe2.000,V1.000,Al1.000,601.1529,3.37e-05,0.0,0.0,0.0,0.0,0.0,0.0,0.0,0.0,0.0,16.48,1.61,1.61,0.0,0.0,1.63,0.0,13.0,225.0,-22.3776
Fe2V1.03Al0.97,Fe2.000,V1.000,Al1.000,117.6942,2.11e-05,0.0,0.0,0.0,0.0,0.0,0.0,0.0,0.0,0.0,16.48,1.61,1.61,0.0,0.0,1.63,0.0,13.0,225.0,-97.2727
Fe2V1.03Al0.97,Fe2.000,V1.000,Al1.000,206.4692,2.95e-05,0.0,0.0,0.0,0.0,0.0,0.0,0.0,0.0,0.0,16.48,1.61,1.61,0.0,0.0,1.63,0.0,13.0,225.0,-140.4895
Fe2V1.03Al0.97,Fe2.000,V1.000,Al1.000,267.5741,3.61e-05,0.0,0.0,0.0,0.0,0.0,0.0,0.0,0.0,0.0,16.48,1.61,1.61,0.0,0.0,1.63,0.0,13.0,225.0,-155.8042
Fe2V1.03Al0.97,Fe2.000,V1.000,Al1.000,358.6549,4.31e-05,0.0,0.0,0.0,0.0,0.0,0.0,0.0,0.0,0.0,16.48,1.61,1.61,0.0,0.0,1.63,0.0,13.0,225.0,-135.4545
Fe2V1.03Al0.97,Fe2.000,V1.000,Al1.000,450.1201,4.35e-05,0.0,0.0,0.0,0.0,0.0,0.0,0.0,0.0,0.0,16.48,1.61,1.61,0.0,0.0,1.63,0.0,13.0,225.0,-94.7552
Fe2V1.03Al0.97,Fe2.000,V1.000,Al1.000,539.6637,3.98e-05,0.0,0.0,0.0,0.0,0.0,0.0,0.0,0.0,0.0,16.48,1.61,1.61,0.0,0.0,1.63,0.0,13.0,225.0,-58.042
Fe2V1.03Al0.97,Fe2.000,V1.000,Al1.000,598.4628,3.68e-05,0.0,0.0,0.0,0.0,0.0,0.0,0.0,0.0,0.0,16.48,1.61,1.61,0.0,0.0,1.63,0.0,13.0,225.0,-42.5175
Fe2V1.08Al0.92,Fe2.000,V1.000,Al1.000,118.0785,1.04e-05,0.0,0.0,0.0,0.0,0.0,0.0,0.0,0.0,0.0,16.48,1.61,1.61,0.0,0.0,1.63,0.0,13.0,225.0,-53.8462
Fe2V1.08Al0.92,Fe2.000,V1.000,Al1.000,234.1393,1.76e-05,0.0,0.0,0.0,0.0,0.0,0.0,0.0,0.0,0.0,16.48,1.61,1.61,0.0,0.0,1.63,0.0,13.0,225.0,-94.7552
Fe2V1.08Al0.92,Fe2.000,V1.000,Al1.000,330.9848,2.43e-05,0.0,0.0,0.0,0.0,0.0,0.0,0.0,0.0,0.0,16.48,1.61,1.61,0.0,0.0,1.63,0.0,13.0,225.0,-109.021
Fe2V1.08Al0.92,Fe2.000,V1.000,Al1.000,420.9127,3.02e-05,0.0,0.0,0.0,0.0,0.0,0.0,0.0,0.0,0.0,16.48,1.61,1.61,0.0,0.0,1.63,0.0,13.0,225.0,-118.4615
Fe2V1.08Al0.92,Fe2.000,V1.000,Al1.000,479.7118,3.34e-05,0.0,0.0,0.0,0.0,0.0,0.0,0.0,0.0,0.0,16.48,1.61,1.61,0.0,0.0,1.63,0.0,13.0,225.0,-115.3147
Fe2V1.08Al0.92,Fe2.000,V1.000,Al1.000,540.048,3.57e-05,0.0,0.0,0.0,0.0,0.0,0.0,0.0,0.0,0.0,16.48,1.61,1.61,0.0,0.0,1.63,0.0,13.0,225.0,-105.2448
Fe2V1.08Al0.92,Fe2.000,V1.000,Al1.000,600.0,3.67e-05,0.0,0.0,0.0,0.0,0.0,0.0,0.0,0.0,0.0,16.48,1.61,1.61,0.0,0.0,1.63,0.0,13.0,225.0,-89.5105
Fe2V0.93Al1.07,Fe2.000,V1.000,Al1.000,117.7072,5.1e-06,0.0,0.0,0.0,0.0,0.0,0.0,0.0,0.0,0.0,16.48,1.61,1.61,0.0,0.0,1.63,0.0,13.0,225.0,16.3657
Fe2V0.93Al1.07,Fe2.000,V1.000,Al1.000,242.7098,9.12e-06,0.0,0.0,0.0,0.0,0.0,0.0,0.0,0.0,0.0,16.48,1.61,1.61,0.0,0.0,1.63,0.0,13.0,225.0,35.4708
Fe2V0.93Al1.07,Fe2.000,V1.000,Al1.000,331.2159,1.29e-05,0.0,0.0,0.0,0.0,0.0,0.0,0.0,0.0,0.0,16.48,1.61,1.61,0.0,0.0,1.63,0.0,13.0,225.0,46.6068
Fe2V0.93Al1.07,Fe2.000,V1.000,Al1.000,419.3546,1.67e-05,0.0,0.0,0.0,0.0,0.0,0.0,0.0,0.0,0.0,16.48,1.61,1.61,0.0,0.0,1.63,0.0,13.0,225.0,57.3435
Fe2V0.93Al1.07,Fe2.000,V1.000,Al1.000,505.6707,2.03e-05,0.0,0.0,0.0,0.0,0.0,0.0,0.0,0.0,0.0,16.48,1.61,1.61,0.0,0.0,1.63,0.0,13.0,225.0,62.0892
Fe2V0.93Al1.07,Fe2.000,V1.000,Al1.000,600.139,2.42e-05,0.0,0.0,0.0,0.0,0.0,0.0,0.0,0.0,0.0,16.48,1.61,1.61,0.0,0.0,1.63,0.0,13.0,225.0,57.2432
Fe2V0.95Al1.05,Fe2.000,V1.000,Al1.000,118.7738,6.57e-06,0.0,0.0,0.0,0.0,0.0,0.0,0.0,0.0,0.0,16.48,1.61,1.61,0.0,0.0,1.63,0.0,13.0,225.0,27.2839
Fe2V0.95Al1.05,Fe2.000,V1.000,Al1.000,238.9893,9.91e-06,0.0,0.0,0.0,0.0,0.0,0.0,0.0,0.0,0.0,16.48,1.61,1.61,0.0,0.0,1.63,0.0,13.0,225.0,43.8617
Fe2V0.95Al1.05,Fe2.000,V1.000,Al1.000,299.8269,1.23e-05,0.0,0.0,0.0,0.0,0.0,0.0,0.0,0.0,0.0,16.48,1.61,1.61,0.0,0.0,1.63,0.0,13.0,225.0,54.3472
Fe2V0.95Al1.05,Fe2.000,V1.000,Al1.000,390.9309,1.63e-05,0.0,0.0,0.0,0.0,0.0,0.0,0.0,0.0,0.0,16.48,1.61,1.61,0.0,0.0,1.63,0.0,13.0,225.0,61.3539
Fe2V0.95Al1.05,Fe2.000,V1.000,Al1.000,450.6823,1.89e-05,0.0,0.0,0.0,0.0,0.0,0.0,0.0,0.0,0.0,16.48,1.61,1.61,0.0,0.0,1.63,0.0,13.0,225.0,66.2475
Fe2V0.95Al1.05,Fe2.000,V1.000,Al1.000,508.9721,2.14e-05,0.0,0.0,0.0,0.0,0.0,0.0,0.0,0.0,0.0,16.48,1.61,1.61,0.0,0.0,1.63,0.0,13.0,225.0,67.2805
Fe2V0.95Al1.05,Fe2.000,V1.000,Al1.000,601.2513,2.53e-05,0.0,0.0,0.0,0.0,0.0,0.0,0.0,0.0,0.0,16.48,1.61,1.61,0.0,0.0,1.63,0.0,13.0,225.0,55.7779
Fe2V0.97Al1.03,Fe2.000,V1.000,Al1.000,119.8398,7.93e-06,0.0,0.0,0.0,0.0,0.0,0.0,0.0,0.0,0.0,16.48,1.61,1.61,0.0,0.0,1.63,0.0,13.0,225.0,38.3352
Fe2V0.97Al1.03,Fe2.000,V1.000,Al1.000,211.669,1.01e-05,0.0,0.0,0.0,0.0,0.0,0.0,0.0,0.0,0.0,16.48,1.61,1.61,0.0,0.0,1.63,0.0,13.0,225.0,48.8036
Fe2V0.97Al1.03,Fe2.000,V1.000,Al1.000,329.6724,1.47e-05,0.0,0.0,0.0,0.0,0.0,0.0,0.0,0.0,0.0,16.48,1.61,1.61,0.0,0.0,1.63,0.0,13.0,225.0,64.9831
Fe2V0.97Al1.03,Fe2.000,V1.000,Al1.000,420.7828,1.88e-05,0.0,0.0,0.0,0.0,0.0,0.0,0.0,0.0,0.0,16.48,1.61,1.61,0.0,0.0,1.63,0.0,13.0,225.0,70.2588
Fe2V0.97Al1.03,Fe2.000,V1.000,Al1.000,508.244,2.23e-05,0.0,0.0,0.0,0.0,0.0,0.0,0.0,0.0,0.0,16.48,1.61,1.61,0.0,0.0,1.63,0.0,13.0,225.0,64.6177
Fe2V0.97Al1.03,Fe2.000,V1.000,Al1.000,600.9152,2.45e-05,0.0,0.0,0.0,0.0,0.0,0.0,0.0,0.0,0.0,16.48,1.61,1.61,0.0,0.0,1.63,0.0,13.0,225.0,46.8566
Fe2V0.985Al1.015,Fe2.000,V1.000,Al1.000,119.7573,2.43e-05,0.0,0.0,0.0,0.0,0.0,0.0,0.0,0.0,0.0,16.48,1.61,1.61,0.0,0.0,1.63,0.0,13.0,225.0,60.7055
Fe2V0.985Al1.015,Fe2.000,V1.000,Al1.000,206.7612,2.41e-05,0.0,0.0,0.0,0.0,0.0,0.0,0.0,0.0,0.0,16.48,1.61,1.61,0.0,0.0,1.63,0.0,13.0,225.0,79.0327
Fe2V0.985Al1.015,Fe2.000,V1.000,Al1.000,271.2917,2.51e-05,0.0,0.0,0.0,0.0,0.0,0.0,0.0,0.0,0.0,16.48,1.61,1.61,0.0,0.0,1.63,0.0,13.0,225.0,88.5841
Fe2V0.985Al1.015,Fe2.000,V1.000,Al1.000,330.6863,2.62e-05,0.0,0.0,0.0,0.0,0.0,0.0,0.0,0.0,0.0,16.48,1.61,1.61,0.0,0.0,1.63,0.0,13.0,225.0,90.149
Fe2V0.985Al1.015,Fe2.000,V1.000,Al1.000,417.479,2.73e-05,0.0,0.0,0.0,0.0,0.0,0.0,0.0,0.0,0.0,16.48,1.61,1.61,0.0,0.0,1.63,0.0,13.0,225.0,65.7333
Fe2V0.985Al1.015,Fe2.000,V1.000,Al1.000,511.65,2.75e-05,0.0,0.0,0.0,0.0,0.0,0.0,0.0,0.0,0.0,16.48,1.61,1.61,0.0,0.0,1.63,0.0,13.0,225.0,41.4467
Fe2V0.985Al1.015,Fe2.000,V1.000,Al1.000,599.1619,2.83e-05,0.0,0.0,0.0,0.0,0.0,0.0,0.0,0.0,0.0,16.48,1.61,1.61,0.0,0.0,1.63,0.0,13.0,225.0,22.0906
Fe2VAl,Fe2.000,V1.000,Al1.000,3.0519,0.000229,0.0,0.0,0.0,0.0,0.0,0.0,0.0,0.0,0.0,16.48,1.61,1.61,0.0,0.0,1.63,0.0,13.0,225.0,5.5749
Fe2VAl,Fe2.000,V1.000,Al1.000,73.2452,0.000174,0.0,0.0,0.0,0.0,0.0,0.0,0.0,0.0,0.0,16.48,1.61,1.61,0.0,0.0,1.63,0.0,13.0,225.0,49.4774
Fe2VAl,Fe2.000,V1.000,Al1.000,166.8362,0.000146,0.0,0.0,0.0,0.0,0.0,0.0,0.0,0.0,0.0,16.48,1.61,1.61,0.0,0.0,1.63,0.0,13.0,225.0,74.5645
Fe2VAl,Fe2.000,V1.000,Al1.000,270.6002,0.000103,0.0,0.0,0.0,0.0,0.0,0.0,0.0,0.0,0.0,16.48,1.61,1.61,0.0,0.0,1.63,0.0,13.0,225.0,67.2474
Fe2VAl,Fe2.000,V1.000,Al1.000,468.9725,4.92e-05,0.0,0.0,0.0,0.0,0.0,0.0,0.0,0.0,0.0,16.48,1.61,1.61,0.0,0.0,1.63,0.0,13.0,225.0,34.1463
Fe2VAl,Fe2.000,V1.000,Al1.000,661.2411,3.54e-05,0.0,0.0,0.0,0.0,0.0,0.0,0.0,0.0,0.0,16.48,1.61,1.61,0.0,0.0,1.63,0.0,13.0,225.0,5.9233
Fe2VAl,Fe2.000,V1.000,Al1.000,865.7172,3.19e-05,0.0,0.0,0.0,0.0,0.0,0.0,0.0,0.0,0.0,16.48,1.61,1.61,0.0,0.0,1.63,0.0,13.0,225.0,-4.878
Fe2V0.85W0.15Al,Fe2.000,V1.000,W0.130Al0.870,8.1384,6.01e-05,0.4299999999999997,0.0,0.0,61.0,156.8584614,2782.7776488348854,6.0,0.0,6.0,16.4241,1.7075,1.61,0.0,0.0636187499999999,1.63,1.0,6.0,225.52,-4.878
Fe2V0.85W0.15Al,Fe2.000,V1.000,W0.130Al0.870,100.7121,6.43e-05,0.4299999999999997,0.0,0.0,61.0,156.8584614,2782.7776488348854,6.0,0.0,6.0,16.4241,1.7075,1.61,0.0,0.0636187499999999,1.63,1.0,6.0,225.52,-64.1115
Fe2V0.85W0.15Al,Fe2.000,V1.000,W0.130Al0.870,173.9573,7.23e-05,0.4299999999999997,0.0,0.0,61.0,156.8584614,2782.7776488348854,6.0,0.0,6.0,16.4241,1.7075,1.61,0.0,0.0636187499999999,1.63,1.0,6.0,225.52,-100.6969
Fe2V0.85W0.15Al,Fe2.000,V1.000,W0.130Al0.870,267.5483,7.88e-05,0.4299999999999997,0.0,0.0,61.0,156.8584614,2782.7776488348854,6.0,0.0,6.0,16.4241,1.7075,1.61,0.0,0.0636187499999999,1.63,1.0,6.0,225.52,-125.0871
Fe2V0.85W0.15Al,Fe2.000,V1.000,W0.130Al0.870,378.4334,7.71e-05,0.4299999999999997,0.0,0.0,61.0,156.8584614,2782.7776488348854,6.0,0.0,6.0,16.4241,1.7075,1.61,0.0,0.0636187499999999,1.63,1.0,6.0,225.52,-100.6969
Fe2V0.85W0.15Al,Fe2.000,V1.000,W0.130Al0.870,521.8718,6.8e-05,0.4299999999999997,0.0,0.0,61.0,156.8584614,2782.7776488348854,6.0,0.0,6.0,16.4241,1.7075,1.61,0.0,0.0636187499999999,1.63,1.0,6.0,225.52,-49.8258
Fe2V0.85W0.15Al,Fe2.000,V1.000,W0.130Al0.870,664.293,5.81e-05,0.4299999999999997,0.0,0.0,61.0,156.8584614,2782.7776488348854,6.0,0.0,6.0,16.4241,1.7075,1.61,0.0,0.0636187499999999,1.63,1.0,6.0,225.52,-19.1638
Fe2V0.85W0.15Al,Fe2.000,V1.000,W0.130Al0.870,771.1089,5.23e-05,0.4299999999999997,0.0,0.0,61.0,156.8584614,2782.7776488348854,6.0,0.0,6.0,16.4241,1.7075,1.61,0.0,0.0636187499999999,1.63,1.0,6.0,225.52,-25.784
Fe2V0.85W0.15Al,Fe2.000,V1.000,W0.130Al0.870,819.939,5.06e-05,0.4299999999999997,0.0,0.0,61.0,156.8584614,2782.7776488348854,6.0,0.0,6.0,16.4241,1.7075,1.61,0.0,0.0636187499999999,1.63,1.0,6.0,225.52,-25.784
Fe2V0.8W0.2Al,Fe2.000,V0.800W0.200,Al1.000,9.1556,2.73e-05,0.0,0.0,0.0,0.0,0.0,0.0,0.0,0.0,0.0,16.48,1.61,1.61,0.0,0.0,1.776,0.0,13.0,225.0,-3.8328
Fe2V0.8W0.2Al,Fe2.000,V0.800W0.200,Al1.000,79.3489,3.02e-05,0.0,0.0,0.0,0.0,0.0,0.0,0.0,0.0,0.0,16.48,1.61,1.61,0.0,0.0,1.776,0.0,13.0,225.0,-43.2056
Fe2V0.8W0.2Al,Fe2.000,V0.800W0.200,Al1.000,157.6806,3.51e-05,0.0,0.0,0.0,0.0,0.0,0.0,0.0,0.0,0.0,16.48,1.61,1.61,0.0,0.0,1.776,0.0,13.0,225.0,-80.1394
Fe2V0.8W0.2Al,Fe2.000,V0.800W0.200,Al1.000,209.5626,3.88e-05,0.0,0.0,0.0,0.0,0.0,0.0,0.0,0.0,0.0,16.48,1.61,1.61,0.0,0.0,1.776,0.0,13.0,225.0,-98.9547
Fe2V0.8W0.2Al,Fe2.000,V0.800W0.200,Al1.000,267.5483,4.29e-05,0.0,0.0,0.0,0.0,0.0,0.0,0.0,0.0,0.0,16.48,1.61,1.61,0.0,0.0,1.776,0.0,13.0,225.0,-112.1951
Fe2V0.8W0.2Al,Fe2.000,V0.800W0.200,Al1.000,371.3123,4.89e-05,0.0,0.0,0.0,0.0,0.0,0.0,0.0,0.0,0.0,16.48,1.61,1.61,0.0,0.0,1.776,0.0,13.0,225.0,-101.0453
Fe2V0.8W0.2Al,Fe2.000,V0.800W0.200,Al1.000,527.9756,5.2e-05,0.0,0.0,0.0,0.0,0.0,0.0,0.0,0.0,0.0,16.48,1.61,1.61,0.0,0.0,1.776,0.0,13.0,225.0,-71.777
Fe2V0.8W0.2Al,Fe2.000,V0.800W0.200,Al1.000,720.2442,4.82e-05,0.0,0.0,0.0,0.0,0.0,0.0,0.0,0.0,0.0,16.48,1.61,1.61,0.0,0.0,1.776,0.0,13.0,225.0,-43.554
Fe2V0.8W0.2Al,Fe2.000,V0.800W0.200,Al1.000,824.0081,4.51e-05,0.0,0.0,0.0,0.0,0.0,0.0,0.0,0.0,0.0,16.48,1.61,1.61,0.0,0.0,1.776,0.0,13.0,225.0,-34.8432
Fe2V0.95W0.05Al,Fe2.000,V1.000,W0.048Al0.952,2.0346,5.26e-05,0.4299999999999997,0.0,0.0,61.0,156.8584614,1124.33074660618,6.0,0.0,6.0,16.45936,1.646,1.61,0.0,0.0257039999999999,1.63,1.0,6.0,225.192,-8.0139
Fe2V0.95W0.05Al,Fe2.000,V1.000,W0.048Al0.952,82.4008,5.73e-05,0.4299999999999997,0.0,0.0,61.0,156.8584614,1124.33074660618,6.0,0.0,6.0,16.45936,1.646,1.61,0.0,0.0257039999999999,1.63,1.0,6.0,225.192,-70.7317
Fe2V0.95W0.05Al,Fe2.000,V1.000,W0.048Al0.952,160.7325,6.57e-05,0.4299999999999997,0.0,0.0,61.0,156.8584614,1124.33074660618,6.0,0.0,6.0,16.45936,1.646,1.61,0.0,0.0257039999999999,1.63,1.0,6.0,225.192,-110.1045
Fe2V0.95W0.05Al,Fe2.000,V1.000,W0.048Al0.952,246.1851,7.11e-05,0.4299999999999997,0.0,0.0,61.0,156.8584614,1124.33074660618,6.0,0.0,6.0,16.45936,1.646,1.61,0.0,0.0257039999999999,1.63,1.0,6.0,225.192,-132.4042
Fe2V0.95W0.05Al,Fe2.000,V1.000,W0.048Al0.952,346.8973,6.63e-05,0.4299999999999997,0.0,0.0,61.0,156.8584614,1124.33074660618,6.0,0.0,6.0,16.45936,1.646,1.61,0.0,0.0257039999999999,1.63,1.0,6.0,225.192,-117.4216
Fe2V0.95W0.05Al,Fe2.000,V1.000,W0.048Al0.952,436.4191,5.67e-05,0.4299999999999997,0.0,0.0,61.0,156.8584614,1124.33074660618,6.0,0.0,6.0,16.45936,1.646,1.61,0.0,0.0257039999999999,1.63,1.0,6.0,225.192,-70.3833
Fe2V0.95W0.05Al,Fe2.000,V1.000,W0.048Al0.952,572.7365,4.3e-05,0.4299999999999997,0.0,0.0,61.0,156.8584614,1124.33074660618,6.0,0.0,6.0,16.45936,1.646,1.61,0.0,0.0257039999999999,1.63,1.0,6.0,225.192,-32.7526
Fe2V0.95W0.05Al,Fe2.000,V1.000,W0.048Al0.952,668.3622,3.85e-05,0.4299999999999997,0.0,0.0,61.0,156.8584614,1124.33074660618,6.0,0.0,6.0,16.45936,1.646,1.61,0.0,0.0257039999999999,1.63,1.0,6.0,225.192,-22.2997
Fe2V0.95W0.05Al,Fe2.000,V1.000,W0.048Al0.952,817.9044,3.47e-05,0.4299999999999997,0.0,0.0,61.0,156.8584614,1124.33074660618,6.0,0.0,6.0,16.45936,1.646,1.61,0.0,0.0257039999999999,1.63,1.0,6.0,225.192,-18.1185
Fe2V0.9W0.1Al,Fe2.000,V1.000,W0.091Al0.909,15.2594,4.94e-05,0.4299999999999997,0.0,0.0,61.0,156.8584614,2035.2659976478592,6.0,0.0,6.0,16.44087,1.6782500000000002,1.61,0.0,0.0465294374999999,1.63,1.0,6.0,225.364,-10.1045
Fe2V0.9W0.1Al,Fe2.000,V1.000,W0.091Al0.909,88.5046,5.38e-05,0.4299999999999997,0.0,0.0,61.0,156.8584614,2035.2659976478592,6.0,0.0,6.0,16.44087,1.6782500000000002,1.61,0.0,0.0465294374999999,1.63,1.0,6.0,225.364,-83.9721
Fe2V0.9W0.1Al,Fe2.000,V1.000,W0.091Al0.909,195.3204,7.5e-05,0.4299999999999997,0.0,0.0,61.0,156.8584614,2035.2659976478592,6.0,0.0,6.0,16.44087,1.6782500000000002,1.61,0.0,0.0465294374999999,1.63,1.0,6.0,225.364,-135.5401
Fe2V0.9W0.1Al,Fe2.000,V1.000,W0.091Al0.909,268.5656,8.48e-05,0.4299999999999997,0.0,0.0,61.0,156.8584614,2035.2659976478592,6.0,0.0,6.0,16.44087,1.6782500000000002,1.61,0.0,0.0465294374999999,1.63,1.0,6.0,225.364,-158.5366
Fe2V0.9W0.1Al,Fe2.000,V1.000,W0.091Al0.909,410.9868,8.67e-05,0.4299999999999997,0.0,0.0,61.0,156.8584614,2035.2659976478592,6.0,0.0,6.0,16.44087,1.6782500000000002,1.61,0.0,0.0465294374999999,1.63,1.0,6.0,225.364,-118.8153
Fe2V0.9W0.1Al,Fe2.000,V1.000,W0.091Al0.909,523.9064,7.91e-05,0.4299999999999997,0.0,0.0,61.0,156.8584614,2035.2659976478592,6.0,0.0,6.0,16.44087,1.6782500000000002,1.61,0.0,0.0465294374999999,1.63,1.0,6.0,225.364,-77.7003
Fe2V0.9W0.1Al,Fe2.000,V1.000,W0.091Al0.909,662.2584,6.86e-05,0.4299999999999997,0.0,0.0,61.0,156.8584614,2035.2659976478592,6.0,0.0,6.0,16.44087,1.6782500000000002,1.61,0.0,0.0465294374999999,1.63,1.0,6.0,225.364,-46.3415
Fe2V0.9W0.1Al,Fe2.000,V1.000,W0.091Al0.909,762.9705,6.37e-05,0.4299999999999997,0.0,0.0,61.0,156.8584614,2035.2659976478592,6.0,0.0,6.0,16.44087,1.6782500000000002,1.61,0.0,0.0465294374999999,1.63,1.0,6.0,225.364,-31.0105
Fe2V0.9W0.1Al,Fe2.000,V1.000,W0.091Al0.909,814.8525,6.18e-05,0.4299999999999997,0.0,0.0,61.0,156.8584614,2035.2659976478592,6.0,0.0,6.0,16.44087,1.6782500000000002,1.61,0.0,0.0465294374999999,1.63,1.0,6.0,225.364,-29.6167
Fe2VAl,Fe2.000,V1.000,Al1.000,7.3949,0.000291,0.0,0.0,0.0,0.0,0.0,0.0,0.0,0.0,0.0,16.48,1.61,1.61,0.0,0.0,1.63,0.0,13.0,225.0,2.9356
Fe2VAl,Fe2.000,V1.000,Al1.000,58.1922,0.000253,0.0,0.0,0.0,0.0,0.0,0.0,0.0,0.0,0.0,16.48,1.61,1.61,0.0,0.0,1.63,0.0,13.0,225.0,13.4884
Fe2VAl,Fe2.000,V1.000,Al1.000,142.0574,0.000224,0.0,0.0,0.0,0.0,0.0,0.0,0.0,0.0,0.0,16.48,1.61,1.61,0.0,0.0,1.63,0.0,13.0,225.0,23.6392
Fe2VAl,Fe2.000,V1.000,Al1.000,212.2031,0.000187,0.0,0.0,0.0,0.0,0.0,0.0,0.0,0.0,0.0,16.48,1.61,1.61,0.0,0.0,1.63,0.0,13.0,225.0,32.512
Fe2VAl,Fe2.000,V1.000,Al1.000,287.0255,0.000149,0.0,0.0,0.0,0.0,0.0,0.0,0.0,0.0,0.0,16.48,1.61,1.61,0.0,0.0,1.63,0.0,13.0,225.0,41.8937
Fe1.98V1.02Al,Fe2.000,V1.000,Al1.000,43.0638,0.000311,0.0,0.0,0.0,0.0,0.0,0.0,0.0,0.0,0.0,16.48,1.61,1.61,0.0,0.0,1.63,0.0,13.0,225.0,-20.0117
Fe1.98V1.02Al,Fe2.000,V1.000,Al1.000,78.7118,0.000305,0.0,0.0,0.0,0.0,0.0,0.0,0.0,0.0,0.0,16.48,1.61,1.61,0.0,0.0,1.63,0.0,13.0,225.0,-38.4981
Fe1.98V1.02Al,Fe2.000,V1.000,Al1.000,120.0083,0.00029,0.0,0.0,0.0,0.0,0.0,0.0,0.0,0.0,0.0,16.48,1.61,1.61,0.0,0.0,1.63,0.0,13.0,225.0,-64.1556
Fe1.98V1.02Al,Fe2.000,V1.000,Al1.000,157.8584,0.000274,0.0,0.0,0.0,0.0,0.0,0.0,0.0,0.0,0.0,16.48,1.61,1.61,0.0,0.0,1.63,0.0,13.0,225.0,-86.601
Fe1.98V1.02Al,Fe2.000,V1.000,Al1.000,185.069,0.000262,0.0,0.0,0.0,0.0,0.0,0.0,0.0,0.0,0.0,16.48,1.61,1.61,0.0,0.0,1.63,0.0,13.0,225.0,-101.8895
Fe1.98V1.02Al,Fe2.000,V1.000,Al1.000,217.5501,0.000247,0.0,0.0,0.0,0.0,0.0,0.0,0.0,0.0,0.0,16.48,1.61,1.61,0.0,0.0,1.63,0.0,13.0,225.0,-110.2238
Fe1.98V1.02Al,Fe2.000,V1.000,Al1.000,242.8136,0.000237,0.0,0.0,0.0,0.0,0.0,0.0,0.0,0.0,0.0,16.48,1.61,1.61,0.0,0.0,1.63,0.0,13.0,225.0,-109.4087
Fe1.98V1.02Al,Fe2.000,V1.000,Al1.000,275.5313,0.000226,0.0,0.0,0.0,0.0,0.0,0.0,0.0,0.0,0.0,16.48,1.61,1.61,0.0,0.0,1.63,0.0,13.0,225.0,-101.6333
Fe1.98V1.02Al,Fe2.000,V1.000,Al1.000,298.2576,0.000221,0.0,0.0,0.0,0.0,0.0,0.0,0.0,0.0,0.0,16.48,1.61,1.61,0.0,0.0,1.63,0.0,13.0,225.0,-91.9035
Fe1.95V1.05Al,Fe2.000,V1.000,Al1.000,5.8735,0.000458,0.0,0.0,0.0,0.0,0.0,0.0,0.0,0.0,0.0,16.48,1.61,1.61,0.0,0.0,1.63,0.0,13.0,225.0,-5.2471
Fe1.95V1.05Al,Fe2.000,V1.000,Al1.000,36.8807,0.000416,0.0,0.0,0.0,0.0,0.0,0.0,0.0,0.0,0.0,16.48,1.61,1.61,0.0,0.0,1.63,0.0,13.0,225.0,-31.9251
Fe1.95V1.05Al,Fe2.000,V1.000,Al1.000,87.2698,0.000376,0.0,0.0,0.0,0.0,0.0,0.0,0.0,0.0,0.0,16.48,1.61,1.61,0.0,0.0,1.63,0.0,13.0,225.0,-67.4701
Fe1.95V1.05Al,Fe2.000,V1.000,Al1.000,131.3923,0.000352,0.0,0.0,0.0,0.0,0.0,0.0,0.0,0.0,0.0,16.48,1.61,1.61,0.0,0.0,1.63,0.0,13.0,225.0,-97.0849
Fe1.95V1.05Al,Fe2.000,V1.000,Al1.000,183.3052,0.000316,0.0,0.0,0.0,0.0,0.0,0.0,0.0,0.0,0.0,16.48,1.61,1.61,0.0,0.0,1.63,0.0,13.0,225.0,-124.9428
Fe1.95V1.05Al,Fe2.000,V1.000,Al1.000,226.398,0.000279,0.0,0.0,0.0,0.0,0.0,0.0,0.0,0.0,0.0,16.48,1.61,1.61,0.0,0.0,1.63,0.0,13.0,225.0,-134.4862
Fe1.95V1.05Al,Fe2.000,V1.000,Al1.000,263.506,0.000248,0.0,0.0,0.0,0.0,0.0,0.0,0.0,0.0,0.0,16.48,1.61,1.61,0.0,0.0,1.63,0.0,13.0,225.0,-131.655
Fe1.95V1.05Al,Fe2.000,V1.000,Al1.000,287.182,0.00023,0.0,0.0,0.0,0.0,0.0,0.0,0.0,0.0,0.0,16.48,1.61,1.61,0.0,0.0,1.63,0.0,13.0,225.0,-124.8965
Fe1.89V1.11Al,Fe2.000,V1.000,Al1.000,44.3,0.00081,0.0,0.0,0.0,0.0,0.0,0.0,0.0,0.0,0.0,16.48,1.61,1.61,0.0,0.0,1.63,0.0,13.0,225.0,-17.5299
Fe1.89V1.11Al,Fe2.000,V1.000,Al1.000,76.8228,0.000695,0.0,0.0,0.0,0.0,0.0,0.0,0.0,0.0,0.0,16.48,1.61,1.61,0.0,0.0,1.63,0.0,13.0,225.0,-34.786
Fe1.89V1.11Al,Fe2.000,V1.000,Al1.000,138.6899,0.0005,0.0,0.0,0.0,0.0,0.0,0.0,0.0,0.0,0.0,16.48,1.61,1.61,0.0,0.0,1.63,0.0,13.0,225.0,-56.6677
Fe1.89V1.11Al,Fe2.000,V1.000,Al1.000,194.3298,0.000381,0.0,0.0,0.0,0.0,0.0,0.0,0.0,0.0,0.0,16.48,1.61,1.61,0.0,0.0,1.63,0.0,13.0,225.0,-81.0455
Fe1.89V1.11Al,Fe2.000,V1.000,Al1.000,249.311,0.000295,0.0,0.0,0.0,0.0,0.0,0.0,0.0,0.0,0.0,16.48,1.61,1.61,0.0,0.0,1.63,0.0,13.0,225.0,-97.9901
Fe1.89V1.11Al,Fe2.000,V1.000,Al1.000,276.474,0.000259,0.0,0.0,0.0,0.0,0.0,0.0,0.0,0.0,0.0,16.48,1.61,1.61,0.0,0.0,1.63,0.0,13.0,225.0,-103.1176
Fe1.89V1.11Al,Fe2.000,V1.000,Al1.000,298.0083,0.00023,0.0,0.0,0.0,0.0,0.0,0.0,0.0,0.0,0.0,16.48,1.61,1.61,0.0,0.0,1.63,0.0,13.0,225.0,-105.2871
Fe2VGa,Fe2.000,V1.000,Ga1.000,8.267,2.79e-05,0.0,0.0,0.0,0.0,0.0,0.0,0.0,0.0,0.0,18.8575,1.81,1.81,0.0,0.0,1.63,0.0,13.0,64.0,6.7407
Fe2VGa,Fe2.000,V1.000,Ga1.000,37.9886,2.91e-05,0.0,0.0,0.0,0.0,0.0,0.0,0.0,0.0,0.0,18.8575,1.81,1.81,0.0,0.0,1.63,0.0,13.0,64.0,20.3268
Fe2VGa,Fe2.000,V1.000,Ga1.000,87.1072,2.92e-05,0.0,0.0,0.0,0.0,0.0,0.0,0.0,0.0,0.0,18.8575,1.81,1.81,0.0,0.0,1.63,0.0,13.0,64.0,30.0035
Fe2VGa,Fe2.000,V1.000,Ga1.000,133.002,2.85e-05,0.0,0.0,0.0,0.0,0.0,0.0,0.0,0.0,0.0,18.8575,1.81,1.81,0.0,0.0,1.63,0.0,13.0,64.0,34.5771
Fe2VGa,Fe2.000,V1.000,Ga1.000,200.8404,2.77e-05,0.0,0.0,0.0,0.0,0.0,0.0,0.0,0.0,0.0,18.8575,1.81,1.81,0.0,0.0,1.63,0.0,13.0,64.0,35.0989
Fe2VGa,Fe2.000,V1.000,Ga1.000,253.0635,2.73e-05,0.0,0.0,0.0,0.0,0.0,0.0,0.0,0.0,0.0,18.8575,1.81,1.81,0.0,0.0,1.63,0.0,13.0,64.0,34.29
Fe2VGa,Fe2.000,V1.000,Ga1.000,287.451,2.71e-05,0.0,0.0,0.0,0.0,0.0,0.0,0.0,0.0,0.0,18.8575,1.81,1.81,0.0,0.0,1.63,0.0,13.0,64.0,33.3131
Fe1.98V1.02Ga,Fe2.000,V1.000,Ga1.000,9.1723,3.34e-05,0.0,0.0,0.0,0.0,0.0,0.0,0.0,0.0,0.0,18.8575,1.81,1.81,0.0,0.0,1.63,0.0,13.0,64.0,0.1859
Fe1.98V1.02Ga,Fe2.000,V1.000,Ga1.000,46.4004,3.26e-05,0.0,0.0,0.0,0.0,0.0,0.0,0.0,0.0,0.0,18.8575,1.81,1.81,0.0,0.0,1.63,0.0,13.0,64.0,-4.1383
Fe1.98V1.02Ga,Fe2.000,V1.000,Ga1.000,88.41,3.21e-05,0.0,0.0,0.0,0.0,0.0,0.0,0.0,0.0,0.0,18.8575,1.81,1.81,0.0,0.0,1.63,0.0,13.0,64.0,-7.8737
Fe1.98V1.02Ga,Fe2.000,V1.000,Ga1.000,136.2046,3.17e-05,0.0,0.0,0.0,0.0,0.0,0.0,0.0,0.0,0.0,18.8575,1.81,1.81,0.0,0.0,1.63,0.0,13.0,64.0,-4.7546
Fe1.98V1.02Ga,Fe2.000,V1.000,Ga1.000,188.1861,3.09e-05,0.0,0.0,0.0,0.0,0.0,0.0,0.0,0.0,0.0,18.8575,1.81,1.81,0.0,0.0,1.63,0.0,13.0,64.0,4.4887
Fe1.98V1.02Ga,Fe2.000,V1.000,Ga1.000,245.2765,2.95e-05,0.0,0.0,0.0,0.0,0.0,0.0,0.0,0.0,0.0,18.8575,1.81,1.81,0.0,0.0,1.63,0.0,13.0,64.0,15.4865
Fe1.98V1.02Ga,Fe2.000,V1.000,Ga1.000,300.0997,2.9e-05,0.0,0.0,0.0,0.0,0.0,0.0,0.0,0.0,0.0,18.8575,1.81,1.81,0.0,0.0,1.63,0.0,13.0,64.0,21.5282
Fe1.95V1.05Ga,Fe2.000,V1.000,Ga1.000,8.493,4.06e-05,0.0,0.0,0.0,0.0,0.0,0.0,0.0,0.0,0.0,18.8575,1.81,1.81,0.0,0.0,1.63,0.0,13.0,64.0,-5.3511
Fe1.95V1.05Ga,Fe2.000,V1.000,Ga1.000,25.5971,4.05e-05,0.0,0.0,0.0,0.0,0.0,0.0,0.0,0.0,0.0,18.8575,1.81,1.81,0.0,0.0,1.63,0.0,13.0,64.0,-17.5675
Fe1.95V1.05Ga,Fe2.000,V1.000,Ga1.000,58.8532,3.95e-05,0.0,0.0,0.0,0.0,0.0,0.0,0.0,0.0,0.0,18.8575,1.81,1.81,0.0,0.0,1.63,0.0,13.0,64.0,-41.5644
Fe1.95V1.05Ga,Fe2.000,V1.000,Ga1.000,95.6581,3.78e-05,0.0,0.0,0.0,0.0,0.0,0.0,0.0,0.0,0.0,18.8575,1.81,1.81,0.0,0.0,1.63,0.0,13.0,64.0,-59.5837
Fe1.95V1.05Ga,Fe2.000,V1.000,Ga1.000,126.4945,3.62e-05,0.0,0.0,0.0,0.0,0.0,0.0,0.0,0.0,0.0,18.8575,1.81,1.81,0.0,0.0,1.63,0.0,13.0,64.0,-66.8296
Fe1.95V1.05Ga,Fe2.000,V1.000,Ga1.000,160.8852,3.47e-05,0.0,0.0,0.0,0.0,0.0,0.0,0.0,0.0,0.0,18.8575,1.81,1.81,0.0,0.0,1.63,0.0,13.0,64.0,-67.3694
Fe1.95V1.05Ga,Fe2.000,V1.000,Ga1.000,217.332,3.27e-05,0.0,0.0,0.0,0.0,0.0,0.0,0.0,0.0,0.0,18.8575,1.81,1.81,0.0,0.0,1.63,0.0,13.0,64.0,-57.2465
Fe1.95V1.05Ga,Fe2.000,V1.000,Ga1.000,287.8652,3.02e-05,0.0,0.0,0.0,0.0,0.0,0.0,0.0,0.0,0.0,18.8575,1.81,1.81,0.0,0.0,1.63,0.0,13.0,64.0,-37.4906
Fe1.89V1.11Ga,Fe2.000,V1.000,Ga1.000,8.1979,6.39e-05,0.0,0.0,0.0,0.0,0.0,0.0,0.0,0.0,0.0,18.8575,1.81,1.81,0.0,0.0,1.63,0.0,13.0,64.0,-2.292
Fe1.89V1.11Ga,Fe2.000,V1.000,Ga1.000,54.9435,6.49e-05,0.0,0.0,0.0,0.0,0.0,0.0,0.0,0.0,0.0,18.8575,1.81,1.81,0.0,0.0,1.63,0.0,13.0,64.0,-11.412
Fe1.89V1.11Ga,Fe2.000,V1.000,Ga1.000,108.6844,6.19e-05,0.0,0.0,0.0,0.0,0.0,0.0,0.0,0.0,0.0,18.8575,1.81,1.81,0.0,0.0,1.63,0.0,13.0,64.0,-21.9801
Fe1.89V1.11Ga,Fe2.000,V1.000,Ga1.000,164.6602,5.74e-05,0.0,0.0,0.0,0.0,0.0,0.0,0.0,0.0,0.0,18.8575,1.81,1.81,0.0,0.0,1.63,0.0,13.0,64.0,-31.8169
Fe1.89V1.11Ga,Fe2.000,V1.000,Ga1.000,207.9393,5.33e-05,0.0,0.0,0.0,0.0,0.0,0.0,0.0,0.0,0.0,18.8575,1.81,1.81,0.0,0.0,1.63,0.0,13.0,64.0,-36.1335
Fe1.89V1.11Ga,Fe2.000,V1.000,Ga1.000,255.3853,4.89e-05,0.0,0.0,0.0,0.0,0.0,0.0,0.0,0.0,0.0,18.8575,1.81,1.81,0.0,0.0,1.63,0.0,13.0,64.0,-36.9484
Fe1.89V1.11Ga,Fe2.000,V1.000,Ga1.000,298.7134,4.59e-05,0.0,0.0,0.0,0.0,0.0,0.0,0.0,0.0,0.0,18.8575,1.81,1.81,0.0,0.0,1.63,0.0,13.0,64.0,-34.8547
TiMnSi2,Si2.000,Ti1.000,Mn1.000,387.8561,0.000223,0.0,0.0,0.0,0.0,0.0,0.0,0.0,0.0,5.0,10.4875862069,1.55,1.55,0.0,0.0,1.54,0.0,7.0,217.0,12.6368
TiMnSi2,Si2.000,Ti1.000,Mn1.000,582.6676,0.000177,0.0,0.0,0.0,0.0,0.0,0.0,0.0,0.0,5.0,10.4875862069,1.55,1.55,0.0,0.0,1.54,0.0,7.0,217.0,16.9605
TiMnSi2,Si2.000,Ti1.000,Mn1.000,777.5123,0.000112,0.0,0.0,0.0,0.0,0.0,0.0,0.0,0.0,5.0,10.4875862069,1.55,1.55,0.0,0.0,1.54,0.0,7.0,217.0,20.4565
TiMnSi2,Si2.000,Ti1.000,Mn1.000,888.1569,0.000134,0.0,0.0,0.0,0.0,0.0,0.0,0.0,0.0,5.0,10.4875862069,1.55,1.55,0.0,0.0,1.54,0.0,7.0,217.0,22.6396
TiMnSi2,Si2.000,Ti1.000,Mn1.000,989.2148,0.000225,0.0,0.0,0.0,0.0,0.0,0.0,0.0,0.0,5.0,10.4875862069,1.55,1.55,0.0,0.0,1.54,0.0,7.0,217.0,23.772
TiMnSi2,Si2.000,Ti1.000,Mn1.000,1181.7,0.000677,0.0,0.0,0.0,0.0,0.0,0.0,0.0,0.0,5.0,10.4875862069,1.55,1.55,0.0,0.0,1.54,0.0,7.0,217.0,27.134
Fe2VAl,Fe2.000,V1.000,Al1.000,10.3321,2.88e-05,0.0,0.0,0.0,0.0,0.0,0.0,0.0,0.0,0.0,16.48,1.61,1.61,0.0,0.0,1.63,0.0,13.0,225.0,2.8546
Fe2VAl,Fe2.000,V1.000,Al1.000,86.5314,2.49e-05,0.0,0.0,0.0,0.0,0.0,0.0,0.0,0.0,0.0,16.48,1.61,1.61,0.0,0.0,1.63,0.0,13.0,225.0,16.4112
Fe2VAl,Fe2.000,V1.000,Al1.000,151.107,2.17e-05,0.0,0.0,0.0,0.0,0.0,0.0,0.0,0.0,0.0,16.48,1.61,1.61,0.0,0.0,1.63,0.0,13.0,225.0,23.7799
Fe2VAl,Fe2.000,V1.000,Al1.000,223.4317,1.81e-05,0.0,0.0,0.0,0.0,0.0,0.0,0.0,0.0,0.0,16.48,1.61,1.61,0.0,0.0,1.63,0.0,13.0,225.0,33.2226
Fe2VAl,Fe2.000,V1.000,Al1.000,287.3616,1.45e-05,0.0,0.0,0.0,0.0,0.0,0.0,0.0,0.0,0.0,16.48,1.61,1.61,0.0,0.0,1.63,0.0,13.0,225.0,40.5895
Fe1.98V1.02Al,Fe2.000,V1.000,Al1.000,7.1976,3.09e-05,0.0,0.0,0.0,0.0,0.0,0.0,0.0,0.0,0.0,16.48,1.61,1.61,0.0,0.0,1.63,0.0,13.0,225.0,-2.8571
Fe1.98V1.02Al,Fe2.000,V1.000,Al1.000,57.0842,3.05e-05,0.0,0.0,0.0,0.0,0.0,0.0,0.0,0.0,0.0,16.48,1.61,1.61,0.0,0.0,1.63,0.0,13.0,225.0,-27.3466
Fe1.98V1.02Al,Fe2.000,V1.000,Al1.000,114.5167,2.92e-05,0.0,0.0,0.0,0.0,0.0,0.0,0.0,0.0,0.0,16.48,1.61,1.61,0.0,0.0,1.63,0.0,13.0,225.0,-59.804
Fe1.98V1.02Al,Fe2.000,V1.000,Al1.000,163.1457,2.74e-05,0.0,0.0,0.0,0.0,0.0,0.0,0.0,0.0,0.0,16.48,1.61,1.61,0.0,0.0,1.63,0.0,13.0,225.0,-90.9555
Fe1.98V1.02Al,Fe2.000,V1.000,Al1.000,210.9362,2.51e-05,0.0,0.0,0.0,0.0,0.0,0.0,0.0,0.0,0.0,16.48,1.61,1.61,0.0,0.0,1.63,0.0,13.0,225.0,-109.4587
Fe1.98V1.02Al,Fe2.000,V1.000,Al1.000,246.9887,2.36e-05,0.0,0.0,0.0,0.0,0.0,0.0,0.0,0.0,0.0,16.48,1.61,1.61,0.0,0.0,1.63,0.0,13.0,225.0,-110.0189
Fe1.98V1.02Al,Fe2.000,V1.000,Al1.000,298.9714,2.18e-05,0.0,0.0,0.0,0.0,0.0,0.0,0.0,0.0,0.0,16.48,1.61,1.61,0.0,0.0,1.63,0.0,13.0,225.0,-91.8891
Fe1.95V1.05Al,Fe2.000,V1.000,Al1.000,7.3988,4.61e-05,0.0,0.0,0.0,0.0,0.0,0.0,0.0,0.0,0.0,16.48,1.61,1.61,0.0,0.0,1.63,0.0,13.0,225.0,-5.6379
Fe1.95V1.05Al,Fe2.000,V1.000,Al1.000,58.0079,4.04e-05,0.0,0.0,0.0,0.0,0.0,0.0,0.0,0.0,0.0,16.48,1.61,1.61,0.0,0.0,1.63,0.0,13.0,225.0,-47.5761
Fe1.95V1.05Al,Fe2.000,V1.000,Al1.000,107.1847,3.67e-05,0.0,0.0,0.0,0.0,0.0,0.0,0.0,0.0,0.0,16.48,1.61,1.61,0.0,0.0,1.63,0.0,13.0,225.0,-81.1769
Fe1.95V1.05Al,Fe2.000,V1.000,Al1.000,161.6134,3.37e-05,0.0,0.0,0.0,0.0,0.0,0.0,0.0,0.0,0.0,16.48,1.61,1.61,0.0,0.0,1.63,0.0,13.0,225.0,-115.5208
Fe1.95V1.05Al,Fe2.000,V1.000,Al1.000,203.6285,3.03e-05,0.0,0.0,0.0,0.0,0.0,0.0,0.0,0.0,0.0,16.48,1.61,1.61,0.0,0.0,1.63,0.0,13.0,225.0,-132.0806
Fe1.95V1.05Al,Fe2.000,V1.000,Al1.000,244.2112,2.68e-05,0.0,0.0,0.0,0.0,0.0,0.0,0.0,0.0,0.0,16.48,1.61,1.61,0.0,0.0,1.63,0.0,13.0,225.0,-134.6157
Fe1.95V1.05Al,Fe2.000,V1.000,Al1.000,288.6136,2.32e-05,0.0,0.0,0.0,0.0,0.0,0.0,0.0,0.0,0.0,16.48,1.61,1.61,0.0,0.0,1.63,0.0,13.0,225.0,-125.3859
Fe1.89V1.11Al,Fe2.000,V1.000,Al1.000,8.6359,0.000115,0.0,0.0,0.0,0.0,0.0,0.0,0.0,0.0,0.0,16.48,1.61,1.61,0.0,0.0,1.63,0.0,13.0,225.0,0.5685
Fe1.89V1.11Al,Fe2.000,V1.000,Al1.000,63.2604,7.5e-05,0.0,0.0,0.0,0.0,0.0,0.0,0.0,0.0,0.0,16.48,1.61,1.61,0.0,0.0,1.63,0.0,13.0,225.0,-27.5025
Fe1.89V1.11Al,Fe2.000,V1.000,Al1.000,120.9196,5.66e-05,0.0,0.0,0.0,0.0,0.0,0.0,0.0,0.0,0.0,16.48,1.61,1.61,0.0,0.0,1.63,0.0,13.0,225.0,-49.0233
Fe1.89V1.11Al,Fe2.000,V1.000,Al1.000,170.3418,4.46e-05,0.0,0.0,0.0,0.0,0.0,0.0,0.0,0.0,0.0,16.48,1.61,1.61,0.0,0.0,1.63,0.0,13.0,225.0,-69.8796
Fe1.89V1.11Al,Fe2.000,V1.000,Al1.000,233.6369,3.22e-05,0.0,0.0,0.0,0.0,0.0,0.0,0.0,0.0,0.0,16.48,1.61,1.61,0.0,0.0,1.63,0.0,13.0,225.0,-95.171
Fe1.89V1.11Al,Fe2.000,V1.000,Al1.000,299.0996,2.32e-05,0.0,0.0,0.0,0.0,0.0,0.0,0.0,0.0,0.0,16.48,1.61,1.61,0.0,0.0,1.63,0.0,13.0,225.0,-105.3076
Fe2VGa,Fe2.000,V1.000,Ga1.000,9.6398,2.78e-06,0.0,0.0,0.0,0.0,0.0,0.0,0.0,0.0,0.0,18.8575,1.81,1.81,0.0,0.0,1.63,0.0,13.0,64.0,6.8686
Fe2VGa,Fe2.000,V1.000,Ga1.000,50.4237,2.96e-06,0.0,0.0,0.0,0.0,0.0,0.0,0.0,0.0,0.0,18.8575,1.81,1.81,0.0,0.0,1.63,0.0,13.0,64.0,22.1935
Fe2VGa,Fe2.000,V1.000,Ga1.000,107.5212,2.91e-06,0.0,0.0,0.0,0.0,0.0,0.0,0.0,0.0,0.0,18.8575,1.81,1.81,0.0,0.0,1.63,0.0,13.0,64.0,32.0995
Fe2VGa,Fe2.000,V1.000,Ga1.000,171.2924,2.87e-06,0.0,0.0,0.0,0.0,0.0,0.0,0.0,0.0,0.0,18.8575,1.81,1.81,0.0,0.0,1.63,0.0,13.0,64.0,34.8788
Fe2VGa,Fe2.000,V1.000,Ga1.000,240.2542,2.79e-06,0.0,0.0,0.0,0.0,0.0,0.0,0.0,0.0,0.0,18.8575,1.81,1.81,0.0,0.0,1.63,0.0,13.0,64.0,33.587
Fe2VGa,Fe2.000,V1.000,Ga1.000,287.7119,2.77e-06,0.0,0.0,0.0,0.0,0.0,0.0,0.0,0.0,0.0,18.8575,1.81,1.81,0.0,0.0,1.63,0.0,13.0,64.0,32.614
Fe1.98V1.02Ga,Fe2.000,V1.000,Ga1.000,10.3814,3.39e-06,0.0,0.0,0.0,0.0,0.0,0.0,0.0,0.0,0.0,18.8575,1.81,1.81,0.0,0.0,1.63,0.0,13.0,64.0,-0.2638
Fe1.98V1.02Ga,Fe2.000,V1.000,Ga1.000,92.6907,3.26e-06,0.0,0.0,0.0,0.0,0.0,0.0,0.0,0.0,0.0,18.8575,1.81,1.81,0.0,0.0,1.63,0.0,13.0,64.0,-7.9964
Fe1.98V1.02Ga,Fe2.000,V1.000,Ga1.000,146.822,3.22e-06,0.0,0.0,0.0,0.0,0.0,0.0,0.0,0.0,0.0,18.8575,1.81,1.81,0.0,0.0,1.63,0.0,13.0,64.0,-3.5281
Fe1.98V1.02Ga,Fe2.000,V1.000,Ga1.000,215.0424,3.09e-06,0.0,0.0,0.0,0.0,0.0,0.0,0.0,0.0,0.0,18.8575,1.81,1.81,0.0,0.0,1.63,0.0,13.0,64.0,9.4457
Fe1.98V1.02Ga,Fe2.000,V1.000,Ga1.000,262.5,2.98e-06,0.0,0.0,0.0,0.0,0.0,0.0,0.0,0.0,0.0,18.8575,1.81,1.81,0.0,0.0,1.63,0.0,13.0,64.0,17.6439
Fe1.98V1.02Ga,Fe2.000,V1.000,Ga1.000,299.5763,2.96e-06,0.0,0.0,0.0,0.0,0.0,0.0,0.0,0.0,0.0,18.8575,1.81,1.81,0.0,0.0,1.63,0.0,13.0,64.0,20.3973
Fe1.95V1.05Ga,Fe2.000,V1.000,Ga1.000,10.3814,4.1e-06,0.0,0.0,0.0,0.0,0.0,0.0,0.0,0.0,0.0,18.8575,1.81,1.81,0.0,0.0,1.63,0.0,13.0,64.0,-5.0193
Fe1.95V1.05Ga,Fe2.000,V1.000,Ga1.000,45.2331,4.06e-06,0.0,0.0,0.0,0.0,0.0,0.0,0.0,0.0,0.0,18.8575,1.81,1.81,0.0,0.0,1.63,0.0,13.0,64.0,-30.461
Fe1.95V1.05Ga,Fe2.000,V1.000,Ga1.000,77.1186,3.95e-06,0.0,0.0,0.0,0.0,0.0,0.0,0.0,0.0,0.0,18.8575,1.81,1.81,0.0,0.0,1.63,0.0,13.0,64.0,-51.8295
Fe1.95V1.05Ga,Fe2.000,V1.000,Ga1.000,117.161,3.71e-06,0.0,0.0,0.0,0.0,0.0,0.0,0.0,0.0,0.0,18.8575,1.81,1.81,0.0,0.0,1.63,0.0,13.0,64.0,-65.7173
Fe1.95V1.05Ga,Fe2.000,V1.000,Ga1.000,146.822,3.6e-06,0.0,0.0,0.0,0.0,0.0,0.0,0.0,0.0,0.0,18.8575,1.81,1.81,0.0,0.0,1.63,0.0,13.0,64.0,-68.4059
Fe1.95V1.05Ga,Fe2.000,V1.000,Ga1.000,181.6737,3.48e-06,0.0,0.0,0.0,0.0,0.0,0.0,0.0,0.0,0.0,18.8575,1.81,1.81,0.0,0.0,1.63,0.0,13.0,64.0,-64.9753
Fe1.95V1.05Ga,Fe2.000,V1.000,Ga1.000,236.5466,3.29e-06,0.0,0.0,0.0,0.0,0.0,0.0,0.0,0.0,0.0,18.8575,1.81,1.81,0.0,0.0,1.63,0.0,13.0,64.0,-53.3731
Fe1.95V1.05Ga,Fe2.000,V1.000,Ga1.000,290.678,3.09e-06,0.0,0.0,0.0,0.0,0.0,0.0,0.0,0.0,0.0,18.8575,1.81,1.81,0.0,0.0,1.63,0.0,13.0,64.0,-37.6956
Fe1.89V1.11Ga,Fe2.000,V1.000,Ga1.000,10.3814,6.43e-06,0.0,0.0,0.0,0.0,0.0,0.0,0.0,0.0,0.0,18.8575,1.81,1.81,0.0,0.0,1.63,0.0,13.0,64.0,-2.6415
Fe1.89V1.11Ga,Fe2.000,V1.000,Ga1.000,71.928,6.5e-06,0.0,0.0,0.0,0.0,0.0,0.0,0.0,0.0,0.0,18.8575,1.81,1.81,0.0,0.0,1.63,0.0,13.0,64.0,-14.4704
Fe1.89V1.11Ga,Fe2.000,V1.000,Ga1.000,137.1822,6.07e-06,0.0,0.0,0.0,0.0,0.0,0.0,0.0,0.0,0.0,18.8575,1.81,1.81,0.0,0.0,1.63,0.0,13.0,64.0,-26.6353
Fe1.89V1.11Ga,Fe2.000,V1.000,Ga1.000,201.6949,5.49e-06,0.0,0.0,0.0,0.0,0.0,0.0,0.0,0.0,0.0,18.8575,1.81,1.81,0.0,0.0,1.63,0.0,13.0,64.0,-36.4233
Fe1.89V1.11Ga,Fe2.000,V1.000,Ga1.000,255.8263,5.02e-06,0.0,0.0,0.0,0.0,0.0,0.0,0.0,0.0,0.0,18.8575,1.81,1.81,0.0,0.0,1.63,0.0,13.0,64.0,-37.3897
Fe1.89V1.11Ga,Fe2.000,V1.000,Ga1.000,298.8347,4.69e-06,0.0,0.0,0.0,0.0,0.0,0.0,0.0,0.0,0.0,18.8575,1.81,1.81,0.0,0.0,1.63,0.0,13.0,64.0,-35.6496
Fe2VAl,Fe2.000,V1.000,Al1.000,10.2911,9.92e-05,0.0,0.0,0.0,0.0,0.0,0.0,0.0,0.0,0.0,16.48,1.61,1.61,0.0,0.0,1.63,0.0,13.0,225.0,-9.6889
Fe2VAl,Fe2.000,V1.000,Al1.000,41.1578,0.00012,0.0,0.0,0.0,0.0,0.0,0.0,0.0,0.0,0.0,16.48,1.61,1.61,0.0,0.0,1.63,0.0,13.0,225.0,-35.924
Fe2VAl,Fe2.000,V1.000,Al1.000,78.0144,0.000128,0.0,0.0,0.0,0.0,0.0,0.0,0.0,0.0,0.0,16.48,1.61,1.61,0.0,0.0,1.63,0.0,13.0,225.0,-62.0126
Fe2VAl,Fe2.000,V1.000,Al1.000,121.7083,0.000113,0.0,0.0,0.0,0.0,0.0,0.0,0.0,0.0,0.0,16.48,1.61,1.61,0.0,0.0,1.63,0.0,13.0,225.0,-84.3125
Fe2VAl,Fe2.000,V1.000,Al1.000,165.9641,0.000104,0.0,0.0,0.0,0.0,0.0,0.0,0.0,0.0,0.0,16.48,1.61,1.61,0.0,0.0,1.63,0.0,13.0,225.0,-102.8356
Fe2VAl,Fe2.000,V1.000,Al1.000,216.7683,9.54e-05,0.0,0.0,0.0,0.0,0.0,0.0,0.0,0.0,0.0,16.48,1.61,1.61,0.0,0.0,1.63,0.0,13.0,225.0,-115.9524
Fe2VAl,Fe2.000,V1.000,Al1.000,262.9888,8.55e-05,0.0,0.0,0.0,0.0,0.0,0.0,0.0,0.0,0.0,16.48,1.61,1.61,0.0,0.0,1.63,0.0,13.0,225.0,-120.4481
Fe2VAl,Fe2.000,V1.000,Al1.000,316.6076,7.49e-05,0.0,0.0,0.0,0.0,0.0,0.0,0.0,0.0,0.0,16.48,1.61,1.61,0.0,0.0,1.63,0.0,13.0,225.0,-116.9737
Fe2VAl,Fe2.000,V1.000,Al1.000,348.2581,7.11e-05,0.0,0.0,0.0,0.0,0.0,0.0,0.0,0.0,0.0,16.48,1.61,1.61,0.0,0.0,1.63,0.0,13.0,225.0,-111.6538
Fe2.05VAl0.95,Fe2.000,V1.000,Al1.000,9.9963,6.15e-05,0.0,0.0,0.0,0.0,0.0,0.0,0.0,0.0,0.0,16.48,1.61,1.61,0.0,0.0,1.63,0.0,13.0,225.0,-5.5093
Fe2.05VAl0.95,Fe2.000,V1.000,Al1.000,69.9444,6.99e-05,0.0,0.0,0.0,0.0,0.0,0.0,0.0,0.0,0.0,16.48,1.61,1.61,0.0,0.0,1.63,0.0,13.0,225.0,-25.6204
Fe2.05VAl0.95,Fe2.000,V1.000,Al1.000,118.7727,8.54e-05,0.0,0.0,0.0,0.0,0.0,0.0,0.0,0.0,0.0,16.48,1.61,1.61,0.0,0.0,1.63,0.0,13.0,225.0,-47.9104
Fe2.05VAl0.95,Fe2.000,V1.000,Al1.000,165.3047,8.81e-05,0.0,0.0,0.0,0.0,0.0,0.0,0.0,0.0,0.0,16.48,1.61,1.61,0.0,0.0,1.63,0.0,13.0,225.0,-63.8671
Fe2.05VAl0.95,Fe2.000,V1.000,Al1.000,218.9619,8.1e-05,0.0,0.0,0.0,0.0,0.0,0.0,0.0,0.0,0.0,16.48,1.61,1.61,0.0,0.0,1.63,0.0,13.0,225.0,-77.2481
Fe2.05VAl0.95,Fe2.000,V1.000,Al1.000,286.0144,7.39e-05,0.0,0.0,0.0,0.0,0.0,0.0,0.0,0.0,0.0,16.48,1.61,1.61,0.0,0.0,1.63,0.0,13.0,225.0,-85.6141
Fe2.05VAl0.95,Fe2.000,V1.000,Al1.000,313.1108,7.1e-05,0.0,0.0,0.0,0.0,0.0,0.0,0.0,0.0,0.0,16.48,1.61,1.61,0.0,0.0,1.63,0.0,13.0,225.0,-84.618
Fe2.05VAl0.95,Fe2.000,V1.000,Al1.000,347.622,6.66e-05,0.0,0.0,0.0,0.0,0.0,0.0,0.0,0.0,0.0,16.48,1.61,1.61,0.0,0.0,1.63,0.0,13.0,225.0,-82.9334
Fe2.03VAl0.97,Fe2.000,V1.000,Al1.000,10.2846,8.32e-05,0.0,0.0,0.0,0.0,0.0,0.0,0.0,0.0,0.0,16.48,1.61,1.61,0.0,0.0,1.63,0.0,13.0,225.0,-6.8572
Fe2.03VAl0.97,Fe2.000,V1.000,Al1.000,47.136,0.000103,0.0,0.0,0.0,0.0,0.0,0.0,0.0,0.0,0.0,16.48,1.61,1.61,0.0,0.0,1.63,0.0,13.0,225.0,-30.6535
Fe2.03VAl0.97,Fe2.000,V1.000,Al1.000,79.7019,0.000124,0.0,0.0,0.0,0.0,0.0,0.0,0.0,0.0,0.0,16.48,1.61,1.61,0.0,0.0,1.63,0.0,13.0,225.0,-51.4916
Fe2.03VAl0.97,Fe2.000,V1.000,Al1.000,122.248,0.000116,0.0,0.0,0.0,0.0,0.0,0.0,0.0,0.0,0.0,16.48,1.61,1.61,0.0,0.0,1.63,0.0,13.0,225.0,-70.8271
Fe2.03VAl0.97,Fe2.000,V1.000,Al1.000,173.9175,9.9e-05,0.0,0.0,0.0,0.0,0.0,0.0,0.0,0.0,0.0,16.48,1.61,1.61,0.0,0.0,1.63,0.0,13.0,225.0,-88.1224
Fe2.03VAl0.97,Fe2.000,V1.000,Al1.000,227.856,9.16e-05,0.0,0.0,0.0,0.0,0.0,0.0,0.0,0.0,0.0,16.48,1.61,1.61,0.0,0.0,1.63,0.0,13.0,225.0,-99.7499
Fe2.03VAl0.97,Fe2.000,V1.000,Al1.000,268.9408,8.41e-05,0.0,0.0,0.0,0.0,0.0,0.0,0.0,0.0,0.0,16.48,1.61,1.61,0.0,0.0,1.63,0.0,13.0,225.0,-103.716
Fe2.03VAl0.97,Fe2.000,V1.000,Al1.000,318.2834,7.5e-05,0.0,0.0,0.0,0.0,0.0,0.0,0.0,0.0,0.0,16.48,1.61,1.61,0.0,0.0,1.63,0.0,13.0,225.0,-101.3286
Fe2.03VAl0.97,Fe2.000,V1.000,Al1.000,344.2323,7.17e-05,0.0,0.0,0.0,0.0,0.0,0.0,0.0,0.0,0.0,16.48,1.61,1.61,0.0,0.0,1.63,0.0,13.0,225.0,-97.503
Fe2.10VAl0.90,Fe2.000,V1.000,Al1.000,11.9822,4.29e-05,0.0,0.0,0.0,0.0,0.0,0.0,0.0,0.0,0.0,16.48,1.61,1.61,0.0,0.0,1.63,0.0,13.0,225.0,-0.786
Fe2.10VAl0.90,Fe2.000,V1.000,Al1.000,51.3608,4.31e-05,0.0,0.0,0.0,0.0,0.0,0.0,0.0,0.0,0.0,16.48,1.61,1.61,0.0,0.0,1.63,0.0,13.0,225.0,-7.0478
Fe2.10VAl0.90,Fe2.000,V1.000,Al1.000,110.1421,4.69e-05,0.0,0.0,0.0,0.0,0.0,0.0,0.0,0.0,0.0,16.48,1.61,1.61,0.0,0.0,1.63,0.0,13.0,225.0,-15.8342
Fe2.10VAl0.90,Fe2.000,V1.000,Al1.000,173.7809,5.27e-05,0.0,0.0,0.0,0.0,0.0,0.0,0.0,0.0,0.0,16.48,1.61,1.61,0.0,0.0,1.63,0.0,13.0,225.0,-28.2521
Fe2.10VAl0.90,Fe2.000,V1.000,Al1.000,219.7343,5.6e-05,0.0,0.0,0.0,0.0,0.0,0.0,0.0,0.0,0.0,16.48,1.61,1.61,0.0,0.0,1.63,0.0,13.0,225.0,-40.704
Fe2.10VAl0.90,Fe2.000,V1.000,Al1.000,270.528,5.75e-05,0.0,0.0,0.0,0.0,0.0,0.0,0.0,0.0,0.0,16.48,1.61,1.61,0.0,0.0,1.63,0.0,13.0,225.0,-49.2362
Fe2.10VAl0.90,Fe2.000,V1.000,Al1.000,319.0293,5.62e-05,0.0,0.0,0.0,0.0,0.0,0.0,0.0,0.0,0.0,16.48,1.61,1.61,0.0,0.0,1.63,0.0,13.0,225.0,-53.188
Fe2.10VAl0.90,Fe2.000,V1.000,Al1.000,349.2673,5.37e-05,0.0,0.0,0.0,0.0,0.0,0.0,0.0,0.0,0.0,16.48,1.61,1.61,0.0,0.0,1.63,0.0,13.0,225.0,-53.9388
Fe2VAl0.97Ce0.03,Fe2.000,V1.000,Al0.970Ce0.030,12.1938,0.000128,20.76,0.0,0.0,45.0,113.13446140000002,372.4627249674015,9.0,0.0,9.0,17.1028,1.5953000000000002,1.12,0.0,0.00698691,1.63,17.0,3.0,224.07,-17.3815
Fe2VAl0.97Ce0.03,Fe2.000,V1.000,Al0.970Ce0.030,49.1011,0.000129,20.76,0.0,0.0,45.0,113.13446140000002,372.4627249674015,9.0,0.0,9.0,17.1028,1.5953000000000002,1.12,0.0,0.00698691,1.63,17.0,3.0,224.07,-59.9109
Fe2VAl0.97Ce0.03,Fe2.000,V1.000,Al0.970Ce0.030,97.5302,0.000133,20.76,0.0,0.0,45.0,113.13446140000002,372.4627249674015,9.0,0.0,9.0,17.1028,1.5953000000000002,1.12,0.0,0.00698691,1.63,17.0,3.0,224.07,-93.4199
Fe2VAl0.97Ce0.03,Fe2.000,V1.000,Al0.970Ce0.030,165.3701,0.000142,20.76,0.0,0.0,45.0,113.13446140000002,372.4627249674015,9.0,0.0,9.0,17.1028,1.5953000000000002,1.12,0.0,0.00698691,1.63,17.0,3.0,224.07,-131.4613
Fe2VAl0.97Ce0.03,Fe2.000,V1.000,Al0.970Ce0.030,220.0473,0.000149,20.76,0.0,0.0,45.0,113.13446140000002,372.4627249674015,9.0,0.0,9.0,17.1028,1.5953000000000002,1.12,0.0,0.00698691,1.63,17.0,3.0,224.07,-150.102
Fe2VAl0.97Ce0.03,Fe2.000,V1.000,Al0.970Ce0.030,258.5804,0.000154,20.76,0.0,0.0,45.0,113.13446140000002,372.4627249674015,9.0,0.0,9.0,17.1028,1.5953000000000002,1.12,0.0,0.00698691,1.63,17.0,3.0,224.07,-157.8387
Fe2VAl0.97Ce0.03,Fe2.000,V1.000,Al0.970Ce0.030,298.338,0.000156,20.76,0.0,0.0,45.0,113.13446140000002,372.4627249674015,9.0,0.0,9.0,17.1028,1.5953000000000002,1.12,0.0,0.00698691,1.63,17.0,3.0,224.07,-154.9522
Fe2VAl0.97Dy0.03,Fe2.000,V1.000,Al0.970Dy0.030,11.9439,4.64e-05,14.759999999999998,0.0,0.0,53.0,135.5184614,534.4288733644976,0.0,0.0,0.0,16.9228,1.5983,1.22,0.0,0.00442611,1.63,1.0,3.0,224.07,-7.2883
Fe2VAl0.97Dy0.03,Fe2.000,V1.000,Al0.970Dy0.030,58.0224,5.02e-05,14.759999999999998,0.0,0.0,53.0,135.5184614,534.4288733644976,0.0,0.0,0.0,16.9228,1.5983,1.22,0.0,0.00442611,1.63,1.0,3.0,224.07,-39.7328
Fe2VAl0.97Dy0.03,Fe2.000,V1.000,Al0.970Dy0.030,131.1956,6.24e-05,14.759999999999998,0.0,0.0,53.0,135.5184614,534.4288733644976,0.0,0.0,0.0,16.9228,1.5983,1.22,0.0,0.00442611,1.63,1.0,3.0,224.07,-70.0765
Fe2VAl0.97Dy0.03,Fe2.000,V1.000,Al0.970Dy0.030,207.6307,8.27e-05,14.759999999999998,0.0,0.0,53.0,135.5184614,534.4288733644976,0.0,0.0,0.0,16.9228,1.5983,1.22,0.0,0.00442611,1.63,1.0,3.0,224.07,-95.111
Fe2VAl0.97Dy0.03,Fe2.000,V1.000,Al0.970Dy0.030,299.6892,0.000109,14.759999999999998,0.0,0.0,53.0,135.5184614,534.4288733644976,0.0,0.0,0.0,16.9228,1.5983,1.22,0.0,0.00442611,1.63,1.0,3.0,224.07,-115.644
Fe2VAl0.97Sm0.03,Fe2.000,V1.000,Al0.970Sm0.030,10.1611,0.000109,16.749999999999996,0.0,0.0,49.0,123.37846140000002,442.96732185925066,0.0,0.0,0.0,16.982499999999998,1.5968,1.17,0.0,0.00563376,1.63,3.0,3.0,223.23,-11.0052
Fe2VAl0.97Sm0.03,Fe2.000,V1.000,Al0.970Sm0.030,63.8355,0.00011,16.749999999999996,0.0,0.0,49.0,123.37846140000002,442.96732185925066,0.0,0.0,0.0,16.982499999999998,1.5968,1.17,0.0,0.00563376,1.63,3.0,3.0,223.23,-56.7367
Fe2VAl0.97Sm0.03,Fe2.000,V1.000,Al0.970Sm0.030,117.565,0.000105,16.749999999999996,0.0,0.0,49.0,123.37846140000002,442.96732185925066,0.0,0.0,0.0,16.982499999999998,1.5968,1.17,0.0,0.00563376,1.63,3.0,3.0,223.23,-89.9848
Fe2VAl0.97Sm0.03,Fe2.000,V1.000,Al0.970Sm0.030,190.1552,9.66e-05,16.749999999999996,0.0,0.0,49.0,123.37846140000002,442.96732185925066,0.0,0.0,0.0,16.982499999999998,1.5968,1.17,0.0,0.00563376,1.63,3.0,3.0,223.23,-118.9999
Fe2VAl0.97Sm0.03,Fe2.000,V1.000,Al0.970Sm0.030,235.7528,9.32e-05,16.749999999999996,0.0,0.0,49.0,123.37846140000002,442.96732185925066,0.0,0.0,0.0,16.982499999999998,1.5968,1.17,0.0,0.00563376,1.63,3.0,3.0,223.23,-127.0084
Fe2VAl0.97Sm0.03,Fe2.000,V1.000,Al0.970Sm0.030,299.6774,8.76e-05,16.749999999999996,0.0,0.0,49.0,123.37846140000002,442.96732185925066,0.0,0.0,0.0,16.982499999999998,1.5968,1.17,0.0,0.00563376,1.63,3.0,3.0,223.23,-118.3
Fe1.94Re0.06V0.94Ti0.14Al0.92,Fe2.000,V1.000,Re0.054Ti0.125Al0.821,312.6661,0.000127,2.035000000000002,0.0,0.0,62.0,159.2254614,1297.935191884326,8.0,2.25333333333e-05,8.0,16.4077,1.6169099999999998,1.54,0.0,0.0051061518999999,1.63,3.0,4.0,219.451,101.6803
Fe1.94Re0.06V0.94Ti0.14Al0.92,Fe2.000,V1.000,Re0.054Ti0.125Al0.821,374.4698,0.000106,2.035000000000002,0.0,0.0,62.0,159.2254614,1297.935191884326,8.0,2.25333333333e-05,8.0,16.4077,1.6169099999999998,1.54,0.0,0.0051061518999999,1.63,3.0,4.0,219.451,90.3505
Fe1.94Re0.06V0.94Ti0.14Al0.92,Fe2.000,V1.000,Re0.054Ti0.125Al0.821,472.5734,7.77e-05,2.035000000000002,0.0,0.0,62.0,159.2254614,1297.935191884326,8.0,2.25333333333e-05,8.0,16.4077,1.6169099999999998,1.54,0.0,0.0051061518999999,1.63,3.0,4.0,219.451,59.7517
Fe1.94Re0.06V0.94Ti0.14Al0.92,Fe2.000,V1.000,Re0.054Ti0.125Al0.821,575.8926,5.78e-05,2.035000000000002,0.0,0.0,62.0,159.2254614,1297.935191884326,8.0,2.25333333333e-05,8.0,16.4077,1.6169099999999998,1.54,0.0,0.0051061518999999,1.63,3.0,4.0,219.451,32.2491
Fe1.94Re0.06V0.94Ti0.14Al0.92,Fe2.000,V1.000,Re0.054Ti0.125Al0.821,677.7889,4.69e-05,2.035000000000002,0.0,0.0,62.0,159.2254614,1297.935191884326,8.0,2.25333333333e-05,8.0,16.4077,1.6169099999999998,1.54,0.0,0.0051061518999999,1.63,3.0,4.0,219.451,14.8479
Fe1.94Re0.06V0.94Ti0.14Al0.92,Fe2.000,V1.000,Re0.054Ti0.125Al0.821,797.9961,3.9e-05,2.035000000000002,0.0,0.0,62.0,159.2254614,1297.935191884326,8.0,2.25333333333e-05,8.0,16.4077,1.6169099999999998,1.54,0.0,0.0051061518999999,1.63,3.0,4.0,219.451,3.0984
Fe1.94Re0.06V0.90Ti0.18Al0.92,Fe2.000,Re0.062V0.938,Ti0.164Al0.836,313.2957,4.83e-05,0.2100000000000008,0.0,0.0,9.0,20.885461399999997,59.805107270832565,8.0,2.25333333333e-05,8.0,16.51444,1.5985200000000002,1.54,35.0,0.0006718096,1.6467399999999996,3.0,4.0,219.916,104.1043
Fe1.94Re0.06V0.90Ti0.18Al0.92,Fe2.000,Re0.062V0.938,Ti0.164Al0.836,359.8573,5.09e-05,0.2100000000000008,0.0,0.0,9.0,20.885461399999997,59.805107270832565,8.0,2.25333333333e-05,8.0,16.51444,1.5985200000000002,1.54,35.0,0.0006718096,1.6467399999999996,3.0,4.0,219.916,106.516
Fe1.94Re0.06V0.90Ti0.18Al0.92,Fe2.000,Re0.062V0.938,Ti0.164Al0.836,447.2457,5.22e-05,0.2100000000000008,0.0,0.0,9.0,20.885461399999997,59.805107270832565,8.0,2.25333333333e-05,8.0,16.51444,1.5985200000000002,1.54,35.0,0.0006718096,1.6467399999999996,3.0,4.0,219.916,95.7181
Fe1.94Re0.06V0.90Ti0.18Al0.92,Fe2.000,Re0.062V0.938,Ti0.164Al0.836,543.3396,4.9e-05,0.2100000000000008,0.0,0.0,9.0,20.885461399999997,59.805107270832565,8.0,2.25333333333e-05,8.0,16.51444,1.5985200000000002,1.54,35.0,0.0006718096,1.6467399999999996,3.0,4.0,219.916,68.8909
Fe1.94Re0.06V0.90Ti0.18Al0.92,Fe2.000,Re0.062V0.938,Ti0.164Al0.836,626.2895,4.38e-05,0.2100000000000008,0.0,0.0,9.0,20.885461399999997,59.805107270832565,8.0,2.25333333333e-05,8.0,16.51444,1.5985200000000002,1.54,35.0,0.0006718096,1.6467399999999996,3.0,4.0,219.916,43.9527
Fe1.94Re0.06V0.90Ti0.18Al0.92,Fe2.000,Re0.062V0.938,Ti0.164Al0.836,709.1569,3.88e-05,0.2100000000000008,0.0,0.0,9.0,20.885461399999997,59.805107270832565,8.0,2.25333333333e-05,8.0,16.51444,1.5985200000000002,1.54,35.0,0.0006718096,1.6467399999999996,3.0,4.0,219.916,26.5566
Fe1.94Re0.06V0.90Ti0.18Al0.92,Fe2.000,Re0.062V0.938,Ti0.164Al0.836,778.1741,3.64e-05,0.2100000000000008,0.0,0.0,9.0,20.885461399999997,59.805107270832565,8.0,2.25333333333e-05,8.0,16.51444,1.5985200000000002,1.54,35.0,0.0006718096,1.6467399999999996,3.0,4.0,219.916,15.629
Fe1.94Re0.06V0.82Ti0.26Al0.92,Fe2.000,V0.759Ti0.241,Re0.061Al0.939,309.5708,2.36e-05,1.825000000000001,0.0,2.25333333333e-05,62.0,159.2254614,1452.180027377139,5.0,0.0,5.0,16.368675,1.62769,1.61,35.0,0.0048171638999999,1.60831,0.0,7.0,223.109,84.7114
Fe1.94Re0.06V0.82Ti0.26Al0.92,Fe2.000,V0.759Ti0.241,Re0.061Al0.939,423.6118,2.96e-05,1.825000000000001,0.0,2.25333333333e-05,62.0,159.2254614,1452.180027377139,5.0,0.0,5.0,16.368675,1.62769,1.61,35.0,0.0048171638999999,1.60831,0.0,7.0,223.109,96.8019
Fe1.94Re0.06V0.82Ti0.26Al0.92,Fe2.000,V0.759Ti0.241,Re0.061Al0.939,476.7704,3.14e-05,1.825000000000001,0.0,2.25333333333e-05,62.0,159.2254614,1452.180027377139,5.0,0.0,5.0,16.368675,1.62769,1.61,35.0,0.0048171638999999,1.60831,0.0,7.0,223.109,95.9795
Fe1.94Re0.06V0.82Ti0.26Al0.92,Fe2.000,V0.759Ti0.241,Re0.061Al0.939,571.4165,3.3e-05,1.825000000000001,0.0,2.25333333333e-05,62.0,159.2254614,1452.180027377139,5.0,0.0,5.0,16.368675,1.62769,1.61,35.0,0.0048171638999999,1.60831,0.0,7.0,223.109,81.5432
Fe1.94Re0.06V0.82Ti0.26Al0.92,Fe2.000,V0.759Ti0.241,Re0.061Al0.939,647.731,3.3e-05,1.825000000000001,0.0,2.25333333333e-05,62.0,159.2254614,1452.180027377139,5.0,0.0,5.0,16.368675,1.62769,1.61,35.0,0.0048171638999999,1.60831,0.0,7.0,223.109,63.3409
Fe1.94Re0.06V0.82Ti0.26Al0.92,Fe2.000,V0.759Ti0.241,Re0.061Al0.939,725.3594,3.19e-05,1.825000000000001,0.0,2.25333333333e-05,62.0,159.2254614,1452.180027377139,5.0,0.0,5.0,16.368675,1.62769,1.61,35.0,0.0048171638999999,1.60831,0.0,7.0,223.109,45.0034
Fe1.94Re0.06V0.82Ti0.26Al0.92,Fe2.000,V0.759Ti0.241,Re0.061Al0.939,774.6914,3.07e-05,1.825000000000001,0.0,2.25333333333e-05,62.0,159.2254614,1452.180027377139,5.0,0.0,5.0,16.368675,1.62769,1.61,35.0,0.0048171638999999,1.60831,0.0,7.0,223.109,34.0811
Fe1.94Re0.06V0.78Ti0.30Al0.92,Fe2.000,V0.722Ti0.278,Re0.061Al0.939,309.0369,1.86e-05,1.825000000000001,0.0,2.25333333333e-05,62.0,159.2254614,1452.180027377139,5.0,0.0,5.0,16.368675,1.62769,1.61,35.0,0.0048171638999999,1.60498,0.0,7.0,223.109,73.5331
Fe1.94Re0.06V0.78Ti0.30Al0.92,Fe2.000,V0.722Ti0.278,Re0.061Al0.939,385.6865,2.09e-05,1.825000000000001,0.0,2.25333333333e-05,62.0,159.2254614,1452.180027377139,5.0,0.0,5.0,16.368675,1.62769,1.61,35.0,0.0048171638999999,1.60498,0.0,7.0,223.109,84.6909
Fe1.94Re0.06V0.78Ti0.30Al0.92,Fe2.000,V0.722Ti0.278,Re0.061Al0.939,465.0286,2.51e-05,1.825000000000001,0.0,2.25333333333e-05,62.0,159.2254614,1452.180027377139,5.0,0.0,5.0,16.368675,1.62769,1.61,35.0,0.0048171638999999,1.60498,0.0,7.0,223.109,89.6527
Fe1.94Re0.06V0.78Ti0.30Al0.92,Fe2.000,V0.722Ti0.278,Re0.061Al0.939,551.0487,2.91e-05,1.825000000000001,0.0,2.25333333333e-05,62.0,159.2254614,1452.180027377139,5.0,0.0,5.0,16.368675,1.62769,1.61,35.0,0.0048171638999999,1.60498,0.0,7.0,223.109,83.973
Fe1.94Re0.06V0.78Ti0.30Al0.92,Fe2.000,V0.722Ti0.278,Re0.061Al0.939,657.5574,3.03e-05,1.825000000000001,0.0,2.25333333333e-05,62.0,159.2254614,1452.180027377139,5.0,0.0,5.0,16.368675,1.62769,1.61,35.0,0.0048171638999999,1.60498,0.0,7.0,223.109,64.8197
Fe1.94Re0.06V0.78Ti0.30Al0.92,Fe2.000,V0.722Ti0.278,Re0.061Al0.939,725.2975,3.03e-05,1.825000000000001,0.0,2.25333333333e-05,62.0,159.2254614,1452.180027377139,5.0,0.0,5.0,16.368675,1.62769,1.61,35.0,0.0048171638999999,1.60498,0.0,7.0,223.109,50.66
Fe1.94Re0.06V0.78Ti0.30Al0.92,Fe2.000,V0.722Ti0.278,Re0.061Al0.939,772.664,3.1e-05,1.825000000000001,0.0,2.25333333333e-05,62.0,159.2254614,1452.180027377139,5.0,0.0,5.0,16.368675,1.62769,1.61,35.0,0.0048171638999999,1.60498,0.0,7.0,223.109,39.4688
Fe1.94Re0.06V0.74Ti0.34Al0.92,Fe2.000,V0.685Ti0.315,Re0.061Al0.939,311.7116,2.67e-05,1.825000000000001,0.0,2.25333333333e-05,62.0,159.2254614,1452.180027377139,5.0,0.0,5.0,16.368675,1.62769,1.61,35.0,0.0048171638999999,1.60165,0.0,7.0,223.109,68.9533
Fe1.94Re0.06V0.74Ti0.34Al0.92,Fe2.000,V0.685Ti0.315,Re0.061Al0.939,417.2224,3.14e-05,1.825000000000001,0.0,2.25333333333e-05,62.0,159.2254614,1452.180027377139,5.0,0.0,5.0,16.368675,1.62769,1.61,35.0,0.0048171638999999,1.60165,0.0,7.0,223.109,81.046
Fe1.94Re0.06V0.74Ti0.34Al0.92,Fe2.000,V0.685Ti0.315,Re0.061Al0.939,466.3866,3.36e-05,1.825000000000001,0.0,2.25333333333e-05,62.0,159.2254614,1452.180027377139,5.0,0.0,5.0,16.368675,1.62769,1.61,35.0,0.0048171638999999,1.60165,0.0,7.0,223.109,85.4772
Fe1.94Re0.06V0.74Ti0.34Al0.92,Fe2.000,V0.685Ti0.315,Re0.061Al0.939,545.1432,3.67e-05,1.825000000000001,0.0,2.25333333333e-05,62.0,159.2254614,1452.180027377139,5.0,0.0,5.0,16.368675,1.62769,1.61,35.0,0.0048171638999999,1.60165,0.0,7.0,223.109,83.9745
Fe1.94Re0.06V0.74Ti0.34Al0.92,Fe2.000,V0.685Ti0.315,Re0.061Al0.939,641.7371,3.92e-05,1.825000000000001,0.0,2.25333333333e-05,62.0,159.2254614,1452.180027377139,5.0,0.0,5.0,16.368675,1.62769,1.61,35.0,0.0048171638999999,1.60165,0.0,7.0,223.109,71.4233
Fe1.94Re0.06V0.74Ti0.34Al0.92,Fe2.000,V0.685Ti0.315,Re0.061Al0.939,719.3331,3.95e-05,1.825000000000001,0.0,2.25333333333e-05,62.0,159.2254614,1452.180027377139,5.0,0.0,5.0,16.368675,1.62769,1.61,35.0,0.0048171638999999,1.60165,0.0,7.0,223.109,56.0488
Fe1.94Re0.06V0.74Ti0.34Al0.92,Fe2.000,V0.685Ti0.315,Re0.061Al0.939,768.6533,3.87e-05,1.825000000000001,0.0,2.25333333333e-05,62.0,159.2254614,1452.180027377139,5.0,0.0,5.0,16.368675,1.62769,1.61,35.0,0.0048171638999999,1.60165,0.0,7.0,223.109,46.2039
Fe1.99Ti0.66Cr0.45Al0.90,Fe2.000,Ti0.595Cr0.405,Al1.000,20.657,2.49e-05,0.0,0.0,2.25333333333e-05,0.0,0.0,0.0,0.0,0.0,0.0,16.48,1.61,1.61,35.0,0.0,1.5886,0.0,13.0,225.0,0.7502
Fe1.99Ti0.66Cr0.45Al0.90,Fe2.000,Ti0.595Cr0.405,Al1.000,80.1187,2.68e-05,0.0,0.0,2.25333333333e-05,0.0,0.0,0.0,0.0,0.0,0.0,16.48,1.61,1.61,35.0,0.0,1.5886,0.0,13.0,225.0,3.4611
Fe1.99Ti0.66Cr0.45Al0.90,Fe2.000,Ti0.595Cr0.405,Al1.000,167.6238,2.84e-05,0.0,0.0,2.25333333333e-05,0.0,0.0,0.0,0.0,0.0,0.0,16.48,1.61,1.61,35.0,0.0,1.5886,0.0,13.0,225.0,21.3862
Fe1.99Ti0.66Cr0.45Al0.90,Fe2.000,Ti0.595Cr0.405,Al1.000,244.1612,2.95e-05,0.0,0.0,2.25333333333e-05,0.0,0.0,0.0,0.0,0.0,0.0,16.48,1.61,1.61,35.0,0.0,1.5886,0.0,13.0,225.0,29.4184
Fe1.99Ti0.66Cr0.45Al0.90,Fe2.000,Ti0.595Cr0.405,Al1.000,324.1897,3.11e-05,0.0,0.0,2.25333333333e-05,0.0,0.0,0.0,0.0,0.0,0.0,16.48,1.61,1.61,35.0,0.0,1.5886,0.0,13.0,225.0,40.4946
Fe1.99Ti0.66Cr0.45Al0.90,Fe2.000,Ti0.595Cr0.405,Al1.000,422.9447,3.32e-05,0.0,0.0,2.25333333333e-05,0.0,0.0,0.0,0.0,0.0,0.0,16.48,1.61,1.61,35.0,0.0,1.5886,0.0,13.0,225.0,45.9267
Fe1.99Ti0.66Cr0.45Al0.90,Fe2.000,Ti0.595Cr0.405,Al1.000,513.2608,3.36e-05,0.0,0.0,2.25333333333e-05,0.0,0.0,0.0,0.0,0.0,0.0,16.48,1.61,1.61,35.0,0.0,1.5886,0.0,13.0,225.0,40.8554
Fe1.99Ti0.66Cr0.45Al0.90,Fe2.000,Ti0.595Cr0.405,Al1.000,569.2736,3.28e-05,0.0,0.0,2.25333333333e-05,0.0,0.0,0.0,0.0,0.0,0.0,16.48,1.61,1.61,35.0,0.0,1.5886,0.0,13.0,225.0,37.1722
Fe2VGa,Fe2.000,V1.000,Ga1.000,294.3998,1.42e-05,0.0,0.0,0.0,0.0,0.0,0.0,0.0,0.0,0.0,18.8575,1.81,1.81,0.0,0.0,1.63,0.0,13.0,64.0,22.4907
Fe2VGa,Fe2.000,V1.000,Ga1.000,376.9595,1.45e-05,0.0,0.0,0.0,0.0,0.0,0.0,0.0,0.0,0.0,18.8575,1.81,1.81,0.0,0.0,1.63,0.0,13.0,64.0,23.9726
Fe2VGa,Fe2.000,V1.000,Ga1.000,458.8626,1.61e-05,0.0,0.0,0.0,0.0,0.0,0.0,0.0,0.0,0.0,18.8575,1.81,1.81,0.0,0.0,1.63,0.0,13.0,64.0,16.127
Fe2VGa,Fe2.000,V1.000,Ga1.000,540.743,1.83e-05,0.0,0.0,0.0,0.0,0.0,0.0,0.0,0.0,0.0,18.8575,1.81,1.81,0.0,0.0,1.63,0.0,13.0,64.0,10.3736
Fe2VGa,Fe2.000,V1.000,Ga1.000,622.6254,2.06e-05,0.0,0.0,0.0,0.0,0.0,0.0,0.0,0.0,0.0,18.8575,1.81,1.81,0.0,0.0,1.63,0.0,13.0,64.0,4.4458
Fe2VGa,Fe2.000,V1.000,Ga1.000,699.9415,2.23e-05,0.0,0.0,0.0,0.0,0.0,0.0,0.0,0.0,0.0,18.8575,1.81,1.81,0.0,0.0,1.63,0.0,13.0,64.0,0.4359
Fe2V0.95Ti0.05Ga,Fe2.000,V1.000,Ti0.048Ga0.952,294.7809,1.29e-05,2.1675000000000004,0.0,0.0,9.0,21.856,21.828281696256006,8.0,2.25333333333e-05,8.0,18.75346,1.79704,1.54,0.0,0.0033312384,1.63,3.0,4.0,70.24,57.2727
Fe2V0.95Ti0.05Ga,Fe2.000,V1.000,Ti0.048Ga0.952,382.7654,1.36e-05,2.1675000000000004,0.0,0.0,9.0,21.856,21.828281696256006,8.0,2.25333333333e-05,8.0,18.75346,1.79704,1.54,0.0,0.0033312384,1.63,3.0,4.0,70.24,47.5093
Fe2V0.95Ti0.05Ga,Fe2.000,V1.000,Ti0.048Ga0.952,458.673,1.51e-05,2.1675000000000004,0.0,0.0,9.0,21.856,21.828281696256006,8.0,2.25333333333e-05,8.0,18.75346,1.79704,1.54,0.0,0.0033312384,1.63,3.0,4.0,70.24,33.6488
Fe2V0.95Ti0.05Ga,Fe2.000,V1.000,Ti0.048Ga0.952,540.6129,1.73e-05,2.1675000000000004,0.0,0.0,9.0,21.856,21.828281696256006,8.0,2.25333333333e-05,8.0,18.75346,1.79704,1.54,0.0,0.0033312384,1.63,3.0,4.0,70.24,22.4035
Fe2V0.95Ti0.05Ga,Fe2.000,V1.000,Ti0.048Ga0.952,622.5188,1.95e-05,2.1675000000000004,0.0,0.0,9.0,21.856,21.828281696256006,8.0,2.25333333333e-05,8.0,18.75346,1.79704,1.54,0.0,0.0033312384,1.63,3.0,4.0,70.24,14.2964
Fe2V0.95Ti0.05Ga,Fe2.000,V1.000,Ti0.048Ga0.952,701.3793,2.12e-05,2.1675000000000004,0.0,0.0,9.0,21.856,21.828281696256006,8.0,2.25333333333e-05,8.0,18.75346,1.79704,1.54,0.0,0.0033312384,1.63,3.0,4.0,70.24,7.5841
Fe2V0.90Ti0.10Ga,Fe2.000,V1.000,Ti0.091Ga0.909,294.0347,7.82e-06,2.1675000000000004,0.0,0.0,9.0,21.856,39.51360367718401,8.0,2.25333333333e-05,8.0,18.6602575,1.78543,1.54,0.0,0.0060302151,1.63,3.0,4.0,75.83,56.2267
Fe2V0.90Ti0.10Ga,Fe2.000,V1.000,Ti0.091Ga0.909,374.3613,1.01e-05,2.1675000000000004,0.0,0.0,9.0,21.856,39.51360367718401,8.0,2.25333333333e-05,8.0,18.6602575,1.78543,1.54,0.0,0.0060302151,1.63,3.0,4.0,75.83,54.0473
Fe2V0.90Ti0.10Ga,Fe2.000,V1.000,Ti0.091Ga0.909,457.8069,1.29e-05,2.1675000000000004,0.0,0.0,9.0,21.856,39.51360367718401,8.0,2.25333333333e-05,8.0,18.6602575,1.78543,1.54,0.0,0.0060302151,1.63,3.0,4.0,75.83,43.6737
Fe2V0.90Ti0.10Ga,Fe2.000,V1.000,Ti0.091Ga0.909,548.8349,1.65e-05,2.1675000000000004,0.0,0.0,9.0,21.856,39.51360367718401,8.0,2.25333333333e-05,8.0,18.6602575,1.78543,1.54,0.0,0.0060302151,1.63,3.0,4.0,75.83,32.6899
Fe2V0.90Ti0.10Ga,Fe2.000,V1.000,Ti0.091Ga0.909,617.8535,1.88e-05,2.1675000000000004,0.0,0.0,9.0,21.856,39.51360367718401,8.0,2.25333333333e-05,8.0,18.6602575,1.78543,1.54,0.0,0.0060302151,1.63,3.0,4.0,75.83,25.3674
Fe2V0.90Ti0.10Ga,Fe2.000,V1.000,Ti0.091Ga0.909,699.766,2.1e-05,2.1675000000000004,0.0,0.0,9.0,21.856,39.51360367718401,8.0,2.25333333333e-05,8.0,18.6602575,1.78543,1.54,0.0,0.0060302151,1.63,3.0,4.0,75.83,16.6501
Fe2V0.85Ti0.15Ga,Fe2.000,V1.000,Ti0.130Ga0.870,297.2159,8.42e-06,2.1675000000000004,0.0,0.0,9.0,21.856,54.026143641600015,8.0,2.25333333333e-05,8.0,18.575725,1.7749,1.54,0.0,0.00824499,1.63,3.0,4.0,80.9,42.279
Fe2V0.85Ti0.15Ga,Fe2.000,V1.000,Ti0.130Ga0.870,356.2748,9.92e-06,2.1675000000000004,0.0,0.0,9.0,21.856,54.026143641600015,8.0,2.25333333333e-05,8.0,18.575725,1.7749,1.54,0.0,0.00824499,1.63,3.0,4.0,80.9,45.2428
Fe2V0.85Ti0.15Ga,Fe2.000,V1.000,Ti0.130Ga0.870,440.3883,1.27e-05,2.1675000000000004,0.0,0.0,9.0,21.856,54.026143641600015,8.0,2.25333333333e-05,8.0,18.575725,1.7749,1.54,0.0,0.00824499,1.63,3.0,4.0,80.9,43.1507
Fe2V0.85Ti0.15Ga,Fe2.000,V1.000,Ti0.130Ga0.870,547.2999,1.66e-05,2.1675000000000004,0.0,0.0,9.0,21.856,54.026143641600015,8.0,2.25333333333e-05,8.0,18.575725,1.7749,1.54,0.0,0.00824499,1.63,3.0,4.0,80.9,34.5205
Fe2V0.85Ti0.15Ga,Fe2.000,V1.000,Ti0.130Ga0.870,630.7351,1.95e-05,2.1675000000000004,0.0,0.0,9.0,21.856,54.026143641600015,8.0,2.25333333333e-05,8.0,18.575725,1.7749,1.54,0.0,0.00824499,1.63,3.0,4.0,80.9,25.1059
Fe2V0.85Ti0.15Ga,Fe2.000,V1.000,Ti0.130Ga0.870,699.7604,2.11e-05,2.1675000000000004,0.0,0.0,9.0,21.856,54.026143641600015,8.0,2.25333333333e-05,8.0,18.575725,1.7749,1.54,0.0,0.00824499,1.63,3.0,4.0,80.9,17.1731
Fe2V0.80Ti0.20Ga,Fe2.000,V0.800Ti0.200,Ga1.000,297.181,7.95e-06,0.0,0.0,2.25333333333e-05,0.0,0.0,0.0,0.0,0.0,0.0,18.8575,1.81,1.81,35.0,0.0,1.612,0.0,13.0,64.0,45.5044
Fe2V0.80Ti0.20Ga,Fe2.000,V0.800Ti0.200,Ga1.000,366.8016,9.94e-06,0.0,0.0,2.25333333333e-05,0.0,0.0,0.0,0.0,0.0,0.0,18.8575,1.81,1.81,35.0,0.0,1.612,0.0,13.0,64.0,52.5654
Fe2V0.80Ti0.20Ga,Fe2.000,V0.800Ti0.200,Ga1.000,428.9068,1.2e-05,0.0,0.0,2.25333333333e-05,0.0,0.0,0.0,0.0,0.0,0.0,18.8575,1.81,1.81,35.0,0.0,1.612,0.0,13.0,64.0,54.0473
Fe2V0.80Ti0.20Ga,Fe2.000,V0.800Ti0.200,Ga1.000,503.1935,1.46e-05,0.0,0.0,2.25333333333e-05,0.0,0.0,0.0,0.0,0.0,0.0,18.8575,1.81,1.81,35.0,0.0,1.612,0.0,13.0,64.0,49.9502
Fe2V0.80Ti0.20Ga,Fe2.000,V0.800Ti0.200,Ga1.000,606.3342,1.81e-05,0.0,0.0,2.25333333333e-05,0.0,0.0,0.0,0.0,0.0,0.0,18.8575,1.81,1.81,35.0,0.0,1.612,0.0,13.0,64.0,39.7509
Fe2V0.80Ti0.20Ga,Fe2.000,V0.800Ti0.200,Ga1.000,701.1566,2.02e-05,0.0,0.0,2.25333333333e-05,0.0,0.0,0.0,0.0,0.0,0.0,18.8575,1.81,1.81,35.0,0.0,1.612,0.0,13.0,64.0,28.1569
Fe2V0.75Ti0.25Ga,Fe2.000,V0.750Ti0.250,Ga1.000,295.0328,8.38e-06,0.0,0.0,2.25333333333e-05,0.0,0.0,0.0,0.0,0.0,0.0,18.8575,1.81,1.81,35.0,0.0,1.6075,0.0,13.0,64.0,33.9975
Fe2V0.75Ti0.25Ga,Fe2.000,V0.750Ti0.250,Ga1.000,380.5342,1.06e-05,0.0,0.0,2.25333333333e-05,0.0,0.0,0.0,0.0,0.0,0.0,18.8575,1.81,1.81,35.0,0.0,1.6075,0.0,13.0,64.0,43.6737
Fe2V0.75Ti0.25Ga,Fe2.000,V0.750Ti0.250,Ga1.000,465.3459,1.37e-05,0.0,0.0,2.25333333333e-05,0.0,0.0,0.0,0.0,0.0,0.0,18.8575,1.81,1.81,35.0,0.0,1.6075,0.0,13.0,64.0,47.0735
Fe2V0.75Ti0.25Ga,Fe2.000,V0.750Ti0.250,Ga1.000,550.9859,1.69e-05,0.0,0.0,2.25333333333e-05,0.0,0.0,0.0,0.0,0.0,0.0,18.8575,1.81,1.81,35.0,0.0,1.6075,0.0,13.0,64.0,43.9352
Fe2V0.75Ti0.25Ga,Fe2.000,V0.750Ti0.250,Ga1.000,622.2697,1.93e-05,0.0,0.0,2.25333333333e-05,0.0,0.0,0.0,0.0,0.0,0.0,18.8575,1.81,1.81,35.0,0.0,1.6075,0.0,13.0,64.0,37.3101
Fe2V0.75Ti0.25Ga,Fe2.000,V0.750Ti0.250,Ga1.000,701.1651,2.12e-05,0.0,0.0,2.25333333333e-05,0.0,0.0,0.0,0.0,0.0,0.0,18.8575,1.81,1.81,35.0,0.0,1.6075,0.0,13.0,64.0,27.3724
Fe2TiSn,Fe2.000,Ti1.000,Sn1.000,301.2263,4.86e-06,0.0,0.0,0.0,0.0,0.0,0.0,0.0,0.0,0.0,33.285,1.96,1.96,0.0,0.0,1.54,0.0,14.0,141.0,34.3551
Fe2TiSn,Fe2.000,Ti1.000,Sn1.000,373.9721,4.8e-06,0.0,0.0,0.0,0.0,0.0,0.0,0.0,0.0,0.0,33.285,1.96,1.96,0.0,0.0,1.54,0.0,14.0,141.0,20.4876
Fe2TiSn,Fe2.000,Ti1.000,Sn1.000,498.3221,4.47e-06,0.0,0.0,0.0,0.0,0.0,0.0,0.0,0.0,0.0,33.285,1.96,1.96,0.0,0.0,1.54,0.0,14.0,141.0,9.2073
Fe2TiSn,Fe2.000,Ti1.000,Sn1.000,649.9582,4.05e-06,0.0,0.0,0.0,0.0,0.0,0.0,0.0,0.0,0.0,33.285,1.96,1.96,0.0,0.0,1.54,0.0,14.0,141.0,2.3589
Fe2TiSn,Fe2.000,Ti1.000,Sn1.000,826.118,3.73e-06,0.0,0.0,0.0,0.0,0.0,0.0,0.0,0.0,0.0,33.285,1.96,1.96,0.0,0.0,1.54,0.0,14.0,141.0,1.8962
Fe2TiSn,Fe2.000,Ti1.000,Sn1.000,977.9958,3.58e-06,0.0,0.0,0.0,0.0,0.0,0.0,0.0,0.0,0.0,33.285,1.96,1.96,0.0,0.0,1.54,0.0,14.0,141.0,4.7187
Fe2Ti0.94V0.06Sn,Fe2.000,Ti1.000,V0.057Sn0.943,297.816,4.67e-06,20.275,0.0,0.0,27.0,67.76849999999999,246.8552081530297,7.0,0.0,7.0,32.129324999999994,1.94119,1.63,0.0,0.0058534839,1.54,3.0,5.0,146.016,10.3829
Fe2Ti0.94V0.06Sn,Fe2.000,Ti1.000,V0.057Sn0.943,475.778,3.91e-06,20.275,0.0,0.0,27.0,67.76849999999999,246.8552081530297,7.0,0.0,7.0,32.129324999999994,1.94119,1.63,0.0,0.0058534839,1.54,3.0,5.0,146.016,7.0402
Fe2Ti0.94V0.06Sn,Fe2.000,Ti1.000,V0.057Sn0.943,626.6493,3.36e-06,20.275,0.0,0.0,27.0,67.76849999999999,246.8552081530297,7.0,0.0,7.0,32.129324999999994,1.94119,1.63,0.0,0.0058534839,1.54,3.0,5.0,146.016,7.0845
Fe2Ti0.94V0.06Sn,Fe2.000,Ti1.000,V0.057Sn0.943,773.7233,3.02e-06,20.275,0.0,0.0,27.0,67.76849999999999,246.8552081530297,7.0,0.0,7.0,32.129324999999994,1.94119,1.63,0.0,0.0058534839,1.54,3.0,5.0,146.016,5.173
Fe2Ti0.94V0.06Sn,Fe2.000,Ti1.000,V0.057Sn0.943,928.3301,2.81e-06,20.275,0.0,0.0,27.0,67.76849999999999,246.8552081530297,7.0,0.0,7.0,32.129324999999994,1.94119,1.63,0.0,0.0058534839,1.54,3.0,5.0,146.016,4.7041
Fe2Ti0.94V0.06Sn,Fe2.000,Ti1.000,V0.057Sn0.943,974.8335,2.77e-06,20.275,0.0,0.0,27.0,67.76849999999999,246.8552081530297,7.0,0.0,7.0,32.129324999999994,1.94119,1.63,0.0,0.0058534839,1.54,3.0,5.0,146.016,4.9418
Fe2Ti0.85V0.15Sn,Fe2.000,Ti1.000,V0.130Sn0.870,298.5346,5.9e-06,20.275,0.0,0.0,27.0,67.76849999999999,519.419620883475,7.0,0.0,7.0,30.649249999999995,1.9171,1.63,0.0,0.01231659,1.54,3.0,5.0,152.44,1.6383
Fe2Ti0.85V0.15Sn,Fe2.000,Ti1.000,V0.130Sn0.870,427.7088,5.35e-06,20.275,0.0,0.0,27.0,67.76849999999999,519.419620883475,7.0,0.0,7.0,30.649249999999995,1.9171,1.63,0.0,0.01231659,1.54,3.0,5.0,152.44,-4.0851
Fe2Ti0.85V0.15Sn,Fe2.000,Ti1.000,V0.130Sn0.870,572.9858,4.76e-06,20.275,0.0,0.0,27.0,67.76849999999999,519.419620883475,7.0,0.0,7.0,30.649249999999995,1.9171,1.63,0.0,0.01231659,1.54,3.0,5.0,152.44,-2.9107
Fe2Ti0.85V0.15Sn,Fe2.000,Ti1.000,V0.130Sn0.870,775.4844,4.18e-06,20.275,0.0,0.0,27.0,67.76849999999999,519.419620883475,7.0,0.0,7.0,30.649249999999995,1.9171,1.63,0.0,0.01231659,1.54,3.0,5.0,152.44,0.6468
Fe2Ti0.85V0.15Sn,Fe2.000,Ti1.000,V0.130Sn0.870,873.8928,3.99e-06,20.275,0.0,0.0,27.0,67.76849999999999,519.419620883475,7.0,0.0,7.0,30.649249999999995,1.9171,1.63,0.0,0.01231659,1.54,3.0,5.0,152.44,4.0194
Fe2Ti0.85V0.15Sn,Fe2.000,Ti1.000,V0.130Sn0.870,976.0328,3.82e-06,20.275,0.0,0.0,27.0,67.76849999999999,519.419620883475,7.0,0.0,7.0,30.649249999999995,1.9171,1.63,0.0,0.01231659,1.54,3.0,5.0,152.44,5.0887
Fe2Ti0.80V0.20Sn,Fe2.000,Ti0.800V0.200,Sn1.000,294.488,5.5e-06,0.0,0.0,2.25333333333e-05,0.0,0.0,0.0,0.0,0.0,0.0,33.285,1.96,1.96,35.0,0.0,1.5580000000000005,0.0,14.0,141.0,-10.2971
Fe2Ti0.80V0.20Sn,Fe2.000,Ti0.800V0.200,Sn1.000,423.8731,4.89e-06,0.0,0.0,2.25333333333e-05,0.0,0.0,0.0,0.0,0.0,0.0,33.285,1.96,1.96,35.0,0.0,1.5580000000000005,0.0,14.0,141.0,-7.5841
Fe2Ti0.80V0.20Sn,Fe2.000,Ti0.800V0.200,Sn1.000,581.4531,4.1e-06,0.0,0.0,2.25333333333e-05,0.0,0.0,0.0,0.0,0.0,0.0,33.285,1.96,1.96,35.0,0.0,1.5580000000000005,0.0,14.0,141.0,-1.5707
Fe2Ti0.80V0.20Sn,Fe2.000,Ti0.800V0.200,Sn1.000,723.0614,3.62e-06,0.0,0.0,2.25333333333e-05,0.0,0.0,0.0,0.0,0.0,0.0,33.285,1.96,1.96,35.0,0.0,1.5580000000000005,0.0,14.0,141.0,2.7919
Fe2Ti0.80V0.20Sn,Fe2.000,Ti0.800V0.200,Sn1.000,872.1022,3.33e-06,0.0,0.0,2.25333333333e-05,0.0,0.0,0.0,0.0,0.0,0.0,33.285,1.96,1.96,35.0,0.0,1.5580000000000005,0.0,14.0,141.0,4.5846
Fe2Ti0.80V0.20Sn,Fe2.000,Ti0.800V0.200,Sn1.000,978.0472,3.19e-06,0.0,0.0,2.25333333333e-05,0.0,0.0,0.0,0.0,0.0,0.0,33.285,1.96,1.96,35.0,0.0,1.5580000000000005,0.0,14.0,141.0,6.7763
Fe2VAl,Fe2.000,V1.000,Al1.000,324.1993,5.77e-06,0.0,0.0,0.0,0.0,0.0,0.0,0.0,0.0,0.0,16.48,1.61,1.61,0.0,0.0,1.63,0.0,13.0,225.0,-126.1005
Fe2VAl,Fe2.000,V1.000,Al1.000,435.2313,4.82e-06,0.0,0.0,0.0,0.0,0.0,0.0,0.0,0.0,0.0,16.48,1.61,1.61,0.0,0.0,1.63,0.0,13.0,225.0,-80.7177
Fe2VAl,Fe2.000,V1.000,Al1.000,576.1566,3.89e-06,0.0,0.0,0.0,0.0,0.0,0.0,0.0,0.0,0.0,16.48,1.61,1.61,0.0,0.0,1.63,0.0,13.0,225.0,-42.0335
Fe2VAl,Fe2.000,V1.000,Al1.000,659.4306,3.51e-06,0.0,0.0,0.0,0.0,0.0,0.0,0.0,0.0,0.0,16.48,1.61,1.61,0.0,0.0,1.63,0.0,13.0,225.0,-27.4641
Fe2VAl,Fe2.000,V1.000,Al1.000,851.6014,3.02e-06,0.0,0.0,0.0,0.0,0.0,0.0,0.0,0.0,0.0,16.48,1.61,1.61,0.0,0.0,1.63,0.0,13.0,225.0,-17.0813
Fe1.95VW0.05Al,Fe2.000,V1.000,W0.048Al0.952,317.0819,1.9e-06,0.4299999999999997,0.0,0.0,61.0,156.8584614,1124.33074660618,6.0,0.0,6.0,16.45936,1.646,1.61,0.0,0.0257039999999999,1.63,1.0,6.0,225.192,-93.7799
Fe1.95VW0.05Al,Fe2.000,V1.000,W0.048Al0.952,417.4377,2.41e-06,0.4299999999999997,0.0,0.0,61.0,156.8584614,1124.33074660618,6.0,0.0,6.0,16.45936,1.646,1.61,0.0,0.0257039999999999,1.63,1.0,6.0,225.192,-108.0144
Fe1.95VW0.05Al,Fe2.000,V1.000,W0.048Al0.952,517.7936,2.84e-06,0.4299999999999997,0.0,0.0,61.0,156.8584614,1124.33074660618,6.0,0.0,6.0,16.45936,1.646,1.61,0.0,0.0257039999999999,1.63,1.0,6.0,225.192,-105.0
Fe1.95VW0.05Al,Fe2.000,V1.000,W0.048Al0.952,662.9893,3.08e-06,0.4299999999999997,0.0,0.0,61.0,156.8584614,1124.33074660618,6.0,0.0,6.0,16.45936,1.646,1.61,0.0,0.0257039999999999,1.63,1.0,6.0,225.192,-75.8612
Fe1.95VW0.05Al,Fe2.000,V1.000,W0.048Al0.952,810.3203,2.91e-06,0.4299999999999997,0.0,0.0,61.0,156.8584614,1124.33074660618,6.0,0.0,6.0,16.45936,1.646,1.61,0.0,0.0257039999999999,1.63,1.0,6.0,225.192,-50.2392
Fe1.95VW0.05Al,Fe2.000,V1.000,W0.048Al0.952,858.0071,2.82e-06,0.4299999999999997,0.0,0.0,61.0,156.8584614,1124.33074660618,6.0,0.0,6.0,16.45936,1.646,1.61,0.0,0.0257039999999999,1.63,1.0,6.0,225.192,-43.2057
Fe1.90VW0.10Al,Fe2.000,V1.000,W0.091Al0.909,324.1993,3.76e-06,0.4299999999999997,0.0,0.0,61.0,156.8584614,2035.2659976478592,6.0,0.0,6.0,16.44087,1.6782500000000002,1.61,0.0,0.0465294374999999,1.63,1.0,6.0,225.364,-126.1005
Fe1.90VW0.10Al,Fe2.000,V1.000,W0.091Al0.909,423.8434,4.09e-06,0.4299999999999997,0.0,0.0,61.0,156.8584614,2035.2659976478592,6.0,0.0,6.0,16.44087,1.6782500000000002,1.61,0.0,0.0465294374999999,1.63,1.0,6.0,225.364,-124.4258
Fe1.90VW0.10Al,Fe2.000,V1.000,W0.091Al0.909,565.4804,4.23e-06,0.4299999999999997,0.0,0.0,61.0,156.8584614,2035.2659976478592,6.0,0.0,6.0,16.44087,1.6782500000000002,1.61,0.0,0.0465294374999999,1.63,1.0,6.0,225.364,-89.9282
Fe1.90VW0.10Al,Fe2.000,V1.000,W0.091Al0.909,660.8541,3.98e-06,0.4299999999999997,0.0,0.0,61.0,156.8584614,2035.2659976478592,6.0,0.0,6.0,16.44087,1.6782500000000002,1.61,0.0,0.0465294374999999,1.63,1.0,6.0,225.364,-66.3158
Fe1.90VW0.10Al,Fe2.000,V1.000,W0.091Al0.909,853.7367,3.38e-06,0.4299999999999997,0.0,0.0,61.0,156.8584614,2035.2659976478592,6.0,0.0,6.0,16.44087,1.6782500000000002,1.61,0.0,0.0465294374999999,1.63,1.0,6.0,225.364,-36.1722
Fe1.85VW0.15Al,Fe2.000,V1.000,W0.130Al0.870,323.4875,4.75e-06,0.4299999999999997,0.0,0.0,61.0,156.8584614,2782.7776488348854,6.0,0.0,6.0,16.4241,1.7075,1.61,0.0,0.0636187499999999,1.63,1.0,6.0,225.52,-129.9522
Fe1.85VW0.15Al,Fe2.000,V1.000,W0.130Al0.870,420.2847,4.43e-06,0.4299999999999997,0.0,0.0,61.0,156.8584614,2782.7776488348854,6.0,0.0,6.0,16.4241,1.7075,1.61,0.0,0.0636187499999999,1.63,1.0,6.0,225.52,-121.5789
Fe1.85VW0.15Al,Fe2.000,V1.000,W0.130Al0.870,514.2349,4.04e-06,0.4299999999999997,0.0,0.0,61.0,156.8584614,2782.7776488348854,6.0,0.0,6.0,16.4241,1.7075,1.61,0.0,0.0636187499999999,1.63,1.0,6.0,225.52,-89.7608
Fe1.85VW0.15Al,Fe2.000,V1.000,W0.130Al0.870,609.6085,3.64e-06,0.4299999999999997,0.0,0.0,61.0,156.8584614,2782.7776488348854,6.0,0.0,6.0,16.4241,1.7075,1.61,0.0,0.0636187499999999,1.63,1.0,6.0,225.52,-70.3349
Fe1.85VW0.15Al,Fe2.000,V1.000,W0.130Al0.870,707.8292,3.26e-06,0.4299999999999997,0.0,0.0,61.0,156.8584614,2782.7776488348854,6.0,0.0,6.0,16.4241,1.7075,1.61,0.0,0.0636187499999999,1.63,1.0,6.0,225.52,-45.5502
Fe1.85VW0.15Al,Fe2.000,V1.000,W0.130Al0.870,855.8719,2.81e-06,0.4299999999999997,0.0,0.0,61.0,156.8584614,2782.7776488348854,6.0,0.0,6.0,16.4241,1.7075,1.61,0.0,0.0636187499999999,1.63,1.0,6.0,225.52,-26.6268
Fe2VAl,Fe2.000,V1.000,Al1.000,83.3879,5.24e-05,0.0,0.0,0.0,0.0,0.0,0.0,0.0,0.0,0.0,16.48,1.61,1.61,0.0,0.0,1.63,0.0,13.0,225.0,53.2973
Fe2VAl,Fe2.000,V1.000,Al1.000,154.1442,5.1e-05,0.0,0.0,0.0,0.0,0.0,0.0,0.0,0.0,0.0,16.48,1.61,1.61,0.0,0.0,1.63,0.0,13.0,225.0,73.2089
Fe2VAl,Fe2.000,V1.000,Al1.000,222.7167,4.98e-05,0.0,0.0,0.0,0.0,0.0,0.0,0.0,0.0,0.0,16.48,1.61,1.61,0.0,0.0,1.63,0.0,13.0,225.0,82.6097
Fe2VAl,Fe2.000,V1.000,Al1.000,303.4724,4.91e-05,0.0,0.0,0.0,0.0,0.0,0.0,0.0,0.0,0.0,16.48,1.61,1.61,0.0,0.0,1.63,0.0,13.0,225.0,87.492
Fe2V0.94Si0.06Al,Fe2.000,V1.000,Si0.057Al0.943,86.0061,7.44e-05,3.960000000000001,0.032117781279,0.0,1.0,1.103961399999999,0.0655079977628579,0.0,0.0,0.0,16.70572,1.62653,1.61,0.0,0.0045204590999999,1.63,1.0,13.0,225.114,-93.2678
Fe2V0.94Si0.06Al,Fe2.000,V1.000,Si0.057Al0.943,142.9032,7.23e-05,3.960000000000001,0.032117781279,0.0,1.0,1.103961399999999,0.0655079977628579,0.0,0.0,0.0,16.70572,1.62653,1.61,0.0,0.0045204590999999,1.63,1.0,13.0,225.114,-129.5748
Fe2V0.94Si0.06Al,Fe2.000,V1.000,Si0.057Al0.943,183.8898,7.48e-05,3.960000000000001,0.032117781279,0.0,1.0,1.103961399999999,0.0655079977628579,0.0,0.0,0.0,16.70572,1.62653,1.61,0.0,0.0045204590999999,1.63,1.0,13.0,225.114,-147.2226
Fe2V0.94Si0.06Al,Fe2.000,V1.000,Si0.057Al0.943,223.7372,7.81e-05,3.960000000000001,0.032117781279,0.0,1.0,1.103961399999999,0.0655079977628579,0.0,0.0,0.0,16.70572,1.62653,1.61,0.0,0.0045204590999999,1.63,1.0,13.0,225.114,-153.0027
Fe2V0.94Si0.06Al,Fe2.000,V1.000,Si0.057Al0.943,272.0242,7.63e-05,3.960000000000001,0.032117781279,0.0,1.0,1.103961399999999,0.0655079977628579,0.0,0.0,0.0,16.70572,1.62653,1.61,0.0,0.0045204590999999,1.63,1.0,13.0,225.114,-143.2247
Fe2V0.94Si0.06Al,Fe2.000,V1.000,Si0.057Al0.943,295.2274,7.02e-05,3.960000000000001,0.032117781279,0.0,1.0,1.103961399999999,0.0655079977628579,0.0,0.0,0.0,16.70572,1.62653,1.61,0.0,0.0045204590999999,1.63,1.0,13.0,225.114,-131.7183
Fe2V0.90Si0.10Al,Fe2.000,V1.000,Si0.091Al0.909,80.3781,1.48e-05,3.960000000000001,0.049427001351,0.0,1.0,1.103961399999999,0.1008121907861406,0.0,0.0,0.0,16.84036,1.6363900000000002,1.61,0.0,0.0069566678999999,1.63,1.0,13.0,225.182,-58.5866
Fe2V0.90Si0.10Al,Fe2.000,V1.000,Si0.091Al0.909,134.6543,1.65e-05,3.960000000000001,0.049427001351,0.0,1.0,1.103961399999999,0.1008121907861406,0.0,0.0,0.0,16.84036,1.6363900000000002,1.61,0.0,0.0069566678999999,1.63,1.0,13.0,225.182,-80.7486
Fe2V0.90Si0.10Al,Fe2.000,V1.000,Si0.091Al0.909,195.5603,2.13e-05,3.960000000000001,0.049427001351,0.0,1.0,1.103961399999999,0.1008121907861406,0.0,0.0,0.0,16.84036,1.6363900000000002,1.61,0.0,0.0069566678999999,1.63,1.0,13.0,225.182,-99.6883
Fe2V0.90Si0.10Al,Fe2.000,V1.000,Si0.091Al0.909,254.2445,2.83e-05,3.960000000000001,0.049427001351,0.0,1.0,1.103961399999999,0.1008121907861406,0.0,0.0,0.0,16.84036,1.6363900000000002,1.61,0.0,0.0069566678999999,1.63,1.0,13.0,225.182,-115.4404
Fe2V0.90Si0.10Al,Fe2.000,V1.000,Si0.091Al0.909,305.1636,3.65e-05,3.960000000000001,0.049427001351,0.0,1.0,1.103961399999999,0.1008121907861406,0.0,0.0,0.0,16.84036,1.6363900000000002,1.61,0.0,0.0069566678999999,1.63,1.0,13.0,225.182,-123.9169
Fe2V0.80Si0.20Al,Fe2.000,V0.800Si0.200,Al1.000,78.1198,1.65e-05,0.0,0.0,0.0,0.0,0.0,0.0,0.0,0.0,0.0,16.48,1.61,1.61,2.0,0.0,1.6840000000000002,0.0,13.0,225.0,-42.1571
Fe2V0.80Si0.20Al,Fe2.000,V0.800Si0.200,Al1.000,142.3462,2.13e-05,0.0,0.0,0.0,0.0,0.0,0.0,0.0,0.0,0.0,16.48,1.61,1.61,2.0,0.0,1.6840000000000002,0.0,13.0,225.0,-61.5404
Fe2V0.80Si0.20Al,Fe2.000,V0.800Si0.200,Al1.000,216.908,3.25e-05,0.0,0.0,0.0,0.0,0.0,0.0,0.0,0.0,0.0,16.48,1.61,1.61,2.0,0.0,1.6840000000000002,0.0,13.0,225.0,-84.0797
Fe2V0.80Si0.20Al,Fe2.000,V0.800Si0.200,Al1.000,305.1068,4.72e-05,0.0,0.0,0.0,0.0,0.0,0.0,0.0,0.0,0.0,16.48,1.61,1.61,2.0,0.0,1.6840000000000002,0.0,13.0,225.0,-103.3692
Fe2VAl,Fe2.000,V1.000,Al1.000,88.0457,5.27e-05,0.0,0.0,0.0,0.0,0.0,0.0,0.0,0.0,0.0,16.48,1.61,1.61,0.0,0.0,1.63,0.0,13.0,225.0,28.2392
Fe2VAl,Fe2.000,V1.000,Al1.000,131.6919,5.18e-05,0.0,0.0,0.0,0.0,0.0,0.0,0.0,0.0,0.0,16.48,1.61,1.61,0.0,0.0,1.63,0.0,13.0,225.0,43.5216
Fe2VAl,Fe2.000,V1.000,Al1.000,197.7712,5.06e-05,0.0,0.0,0.0,0.0,0.0,0.0,0.0,0.0,0.0,16.48,1.61,1.61,0.0,0.0,1.63,0.0,13.0,225.0,53.1561
Fe2VAl,Fe2.000,V1.000,Al1.000,245.5648,4.97e-05,0.0,0.0,0.0,0.0,0.0,0.0,0.0,0.0,0.0,16.48,1.61,1.61,0.0,0.0,1.63,0.0,13.0,225.0,58.1395
Fe2VAl,Fe2.000,V1.000,Al1.000,301.5934,4.86e-05,0.0,0.0,0.0,0.0,0.0,0.0,0.0,0.0,0.0,16.48,1.61,1.61,0.0,0.0,1.63,0.0,13.0,225.0,58.4718
Fe2V0.95Sn0.05Al,Fe2.000,V1.000,Sn0.048Al0.952,80.2474,8.47e-05,16.804999999999996,0.0,0.0,37.0,91.7284614,384.4911993855527,0.0,0.0,0.0,17.28664,1.6268,1.61,0.0,0.0055977599999999,1.63,1.0,13.0,220.968,-84.0532
Fe2V0.95Sn0.05Al,Fe2.000,V1.000,Sn0.048Al0.952,127.4366,8.96e-05,16.804999999999996,0.0,0.0,37.0,91.7284614,384.4911993855527,0.0,0.0,0.0,17.28664,1.6268,1.61,0.0,0.0055977599999999,1.63,1.0,13.0,220.968,-117.2757
Fe2V0.95Sn0.05Al,Fe2.000,V1.000,Sn0.048Al0.952,170.4587,9.35e-05,16.804999999999996,0.0,0.0,37.0,91.7284614,384.4911993855527,0.0,0.0,0.0,17.28664,1.6268,1.61,0.0,0.0055977599999999,1.63,1.0,13.0,220.968,-134.8837
Fe2V0.95Sn0.05Al,Fe2.000,V1.000,Sn0.048Al0.952,203.7266,9.49e-05,16.804999999999996,0.0,0.0,37.0,91.7284614,384.4911993855527,0.0,0.0,0.0,17.28664,1.6268,1.61,0.0,0.0055977599999999,1.63,1.0,13.0,220.968,-141.196
Fe2V0.95Sn0.05Al,Fe2.000,V1.000,Sn0.048Al0.952,257.493,9.13e-05,16.804999999999996,0.0,0.0,37.0,91.7284614,384.4911993855527,0.0,0.0,0.0,17.28664,1.6268,1.61,0.0,0.0055977599999999,1.63,1.0,13.0,220.968,-135.2159
Fe2V0.95Sn0.05Al,Fe2.000,V1.000,Sn0.048Al0.952,301.1367,8.59e-05,16.804999999999996,0.0,0.0,37.0,91.7284614,384.4911993855527,0.0,0.0,0.0,17.28664,1.6268,1.61,0.0,0.0055977599999999,1.63,1.0,13.0,220.968,-119.2691
Fe2V0.90Sn0.10Al,Fe2.000,V1.000,Sn0.091Al0.909,88.011,3.74e-05,16.804999999999996,0.0,0.0,37.0,91.7284614,696.0068172700792,0.0,0.0,0.0,18.009255,1.6418500000000005,1.61,0.0,0.0101330774999999,1.63,1.0,13.0,217.356,-62.4585
Fe2V0.90Sn0.10Al,Fe2.000,V1.000,Sn0.091Al0.909,141.1556,4.15e-05,16.804999999999996,0.0,0.0,37.0,91.7284614,696.0068172700792,0.0,0.0,0.0,18.009255,1.6418500000000005,1.61,0.0,0.0101330774999999,1.63,1.0,13.0,217.356,-90.0332
Fe2V0.90Sn0.10Al,Fe2.000,V1.000,Sn0.091Al0.909,209.2577,4.64e-05,16.804999999999996,0.0,0.0,37.0,91.7284614,696.0068172700792,0.0,0.0,0.0,18.009255,1.6418500000000005,1.61,0.0,0.0101330774999999,1.63,1.0,13.0,217.356,-121.9269
Fe2V0.90Sn0.10Al,Fe2.000,V1.000,Sn0.091Al0.909,254.5271,4.94e-05,16.804999999999996,0.0,0.0,37.0,91.7284614,696.0068172700792,0.0,0.0,0.0,18.009255,1.6418500000000005,1.61,0.0,0.0101330774999999,1.63,1.0,13.0,217.356,-141.196
Fe2V0.90Sn0.10Al,Fe2.000,V1.000,Sn0.091Al0.909,300.1241,5.22e-05,16.804999999999996,0.0,0.0,37.0,91.7284614,696.0068172700792,0.0,0.0,0.0,18.009255,1.6418500000000005,1.61,0.0,0.0101330774999999,1.63,1.0,13.0,217.356,-148.1728
Fe2V0.80Sn0.20Al,Fe2.000,V0.800Sn0.200,Al1.000,80.41,1.62e-05,0.0,0.0,0.0,0.0,0.0,0.0,0.0,0.0,0.0,16.48,1.61,1.61,88.0,0.0,1.6960000000000002,0.0,13.0,225.0,-27.5748
Fe2V0.80Sn0.20Al,Fe2.000,V0.800Sn0.200,Al1.000,143.2379,2.04e-05,0.0,0.0,0.0,0.0,0.0,0.0,0.0,0.0,0.0,16.48,1.61,1.61,88.0,0.0,1.6960000000000002,0.0,13.0,225.0,-47.5083
Fe2V0.80Sn0.20Al,Fe2.000,V0.800Sn0.200,Al1.000,204.5531,2.38e-05,0.0,0.0,0.0,0.0,0.0,0.0,0.0,0.0,0.0,16.48,1.61,1.61,88.0,0.0,1.6960000000000002,0.0,13.0,225.0,-62.4585
Fe2V0.80Sn0.20Al,Fe2.000,V0.800Sn0.200,Al1.000,299.8771,2.74e-05,0.0,0.0,0.0,0.0,0.0,0.0,0.0,0.0,0.0,16.48,1.61,1.61,88.0,0.0,1.6960000000000002,0.0,13.0,225.0,-82.0598
Fe2VAl,Fe2.000,V1.000,Al1.000,141.3428,0.00017,0.0,0.0,0.0,0.0,0.0,0.0,0.0,0.0,0.0,16.48,1.61,1.61,0.0,0.0,1.63,0.0,13.0,225.0,13.4213
Fe2VAl,Fe2.000,V1.000,Al1.000,287.3969,8.08e-05,0.0,0.0,0.0,0.0,0.0,0.0,0.0,0.0,0.0,16.48,1.61,1.61,0.0,0.0,1.63,0.0,13.0,225.0,30.72
Fe2VAl,Fe2.000,V1.000,Al1.000,358.0683,5.81e-05,0.0,0.0,0.0,0.0,0.0,0.0,0.0,0.0,0.0,16.48,1.61,1.61,0.0,0.0,1.63,0.0,13.0,225.0,35.4277
Fe2VAl,Fe2.000,V1.000,Al1.000,401.4134,4.89e-05,0.0,0.0,0.0,0.0,0.0,0.0,0.0,0.0,0.0,16.48,1.61,1.61,0.0,0.0,1.63,0.0,13.0,225.0,36.4648
Fe2VAl,Fe2.000,V1.000,Al1.000,507.8916,3.68e-05,0.0,0.0,0.0,0.0,0.0,0.0,0.0,0.0,0.0,16.48,1.61,1.61,0.0,0.0,1.63,0.0,13.0,225.0,16.7177
Fe2VAl,Fe2.000,V1.000,Al1.000,601.1779,3.28e-05,0.0,0.0,0.0,0.0,0.0,0.0,0.0,0.0,0.0,16.48,1.61,1.61,0.0,0.0,1.63,0.0,13.0,225.0,2.2315
Fe2VTa0.03Al0.97,Fe2.000,V1.000,Ta0.030Al0.970,100.8245,2.88e-05,1.6400000000000006,0.0,0.0,60.0,153.9663414,689.8339576673495,7.0,0.0,7.0,16.5292,1.6067,1.5,0.0,0.00035211,1.63,2.0,5.0,225.12,-88.0172
Fe2VTa0.03Al0.97,Fe2.000,V1.000,Ta0.030Al0.970,192.2261,3.72e-05,1.6400000000000006,0.0,0.0,60.0,153.9663414,689.8339576673495,7.0,0.0,7.0,16.5292,1.6067,1.5,0.0,0.00035211,1.63,2.0,5.0,225.12,-130.6254
Fe2VTa0.03Al0.97,Fe2.000,V1.000,Ta0.030Al0.970,262.8975,4.36e-05,1.6400000000000006,0.0,0.0,60.0,153.9663414,689.8339576673495,7.0,0.0,7.0,16.5292,1.6067,1.5,0.0,0.00035211,1.63,2.0,5.0,225.12,-155.3545
Fe2VTa0.03Al0.97,Fe2.000,V1.000,Ta0.030Al0.970,336.3958,4.78e-05,1.6400000000000006,0.0,0.0,60.0,153.9663414,689.8339576673495,7.0,0.0,7.0,16.5292,1.6067,1.5,0.0,0.00035211,1.63,2.0,5.0,225.12,-164.5777
Fe2VTa0.03Al0.97,Fe2.000,V1.000,Ta0.030Al0.970,418.3746,4.75e-05,1.6400000000000006,0.0,0.0,60.0,153.9663414,689.8339576673495,7.0,0.0,7.0,16.5292,1.6067,1.5,0.0,0.00035211,1.63,2.0,5.0,225.12,-147.2579
Fe2VTa0.03Al0.97,Fe2.000,V1.000,Ta0.030Al0.970,513.5453,4.2e-05,1.6400000000000006,0.0,0.0,60.0,153.9663414,689.8339576673495,7.0,0.0,7.0,16.5292,1.6067,1.5,0.0,0.00035211,1.63,2.0,5.0,225.12,-97.8774
Fe2VTa0.03Al0.97,Fe2.000,V1.000,Ta0.030Al0.970,584.2167,3.83e-05,1.6400000000000006,0.0,0.0,60.0,153.9663414,689.8339576673495,7.0,0.0,7.0,16.5292,1.6067,1.5,0.0,0.00035211,1.63,2.0,5.0,225.12,-76.3487
Fe2VTa0.03Al0.97,Fe2.000,V1.000,Ta0.030Al0.970,701.0601,3.45e-05,1.6400000000000006,0.0,0.0,60.0,153.9663414,689.8339576673495,7.0,0.0,7.0,16.5292,1.6067,1.5,0.0,0.00035211,1.63,2.0,5.0,225.12,-52.2069
Fe2VTa0.05Al0.95,Fe2.000,V1.000,Ta0.050Al0.950,96.1131,1.67e-05,1.6400000000000006,0.0,0.0,60.0,153.9663414,1126.0176284948143,7.0,0.0,7.0,16.561999999999998,1.6045,1.5,0.0,0.00057475,1.63,2.0,5.0,225.2,-63.5726
Fe2VTa0.05Al0.95,Fe2.000,V1.000,Ta0.050Al0.950,230.8598,2.56e-05,1.6400000000000006,0.0,0.0,60.0,153.9663414,1126.0176284948143,7.0,0.0,7.0,16.561999999999998,1.6045,1.5,0.0,0.00057475,1.63,2.0,5.0,225.2,-114.3428
Fe2VTa0.05Al0.95,Fe2.000,V1.000,Ta0.050Al0.950,307.1849,3.15e-05,1.6400000000000006,0.0,0.0,60.0,153.9663414,1126.0176284948143,7.0,0.0,7.0,16.561999999999998,1.6045,1.5,0.0,0.00057475,1.63,2.0,5.0,225.2,-140.9135
Fe2VTa0.05Al0.95,Fe2.000,V1.000,Ta0.050Al0.950,353.3569,3.5e-05,1.6400000000000006,0.0,0.0,60.0,153.9663414,1126.0176284948143,7.0,0.0,7.0,16.561999999999998,1.6045,1.5,0.0,0.00057475,1.63,2.0,5.0,225.2,-148.2879
Fe2VTa0.05Al0.95,Fe2.000,V1.000,Ta0.050Al0.950,425.9128,3.94e-05,1.6400000000000006,0.0,0.0,60.0,153.9663414,1126.0176284948143,7.0,0.0,7.0,16.561999999999998,1.6045,1.5,0.0,0.00057475,1.63,2.0,5.0,225.2,-153.5683
Fe2VTa0.05Al0.95,Fe2.000,V1.000,Ta0.050Al0.950,468.3157,4.06e-05,1.6400000000000006,0.0,0.0,60.0,153.9663414,1126.0176284948143,7.0,0.0,7.0,16.561999999999998,1.6045,1.5,0.0,0.00057475,1.63,2.0,5.0,225.2,-150.6911
Fe2VTa0.05Al0.95,Fe2.000,V1.000,Ta0.050Al0.950,587.9859,3.94e-05,1.6400000000000006,0.0,0.0,60.0,153.9663414,1126.0176284948143,7.0,0.0,7.0,16.561999999999998,1.6045,1.5,0.0,0.00057475,1.63,2.0,5.0,225.2,-122.3449
Fe2VTa0.05Al0.95,Fe2.000,V1.000,Ta0.050Al0.950,702.9446,3.64e-05,1.6400000000000006,0.0,0.0,60.0,153.9663414,1126.0176284948143,7.0,0.0,7.0,16.561999999999998,1.6045,1.5,0.0,0.00057475,1.63,2.0,5.0,225.2,-83.7469
Fe2VTa0.08Al0.92,Fe2.000,V1.000,Ta0.080Al0.920,98.9399,1.45e-05,1.6400000000000006,0.0,0.0,60.0,153.9663414,1744.73468330986,7.0,0.0,7.0,16.6112,1.6012,1.5,0.0,0.00089056,1.63,2.0,5.0,225.32,-45.4383
Fe2VTa0.08Al0.92,Fe2.000,V1.000,Ta0.080Al0.920,259.1284,2.38e-05,1.6400000000000006,0.0,0.0,60.0,153.9663414,1744.73468330986,7.0,0.0,7.0,16.6112,1.6012,1.5,0.0,0.00089056,1.63,2.0,5.0,225.32,-96.2169
Fe2VTa0.08Al0.92,Fe2.000,V1.000,Ta0.080Al0.920,387.2792,3.24e-05,1.6400000000000006,0.0,0.0,60.0,153.9663414,1744.73468330986,7.0,0.0,7.0,16.6112,1.6012,1.5,0.0,0.00089056,1.63,2.0,5.0,225.32,-128.3241
Fe2VTa0.08Al0.92,Fe2.000,V1.000,Ta0.080Al0.920,476.7962,3.72e-05,1.6400000000000006,0.0,0.0,60.0,153.9663414,1744.73468330986,7.0,0.0,7.0,16.6112,1.6012,1.5,0.0,0.00089056,1.63,2.0,5.0,225.32,-137.0268
Fe2VTa0.08Al0.92,Fe2.000,V1.000,Ta0.080Al0.920,519.1991,3.85e-05,1.6400000000000006,0.0,0.0,60.0,153.9663414,1744.73468330986,7.0,0.0,7.0,16.6112,1.6012,1.5,0.0,0.00089056,1.63,2.0,5.0,225.32,-137.0407
Fe2VTa0.08Al0.92,Fe2.000,V1.000,Ta0.080Al0.920,616.2544,3.85e-05,1.6400000000000006,0.0,0.0,60.0,153.9663414,1744.73468330986,7.0,0.0,7.0,16.6112,1.6012,1.5,0.0,0.00089056,1.63,2.0,5.0,225.32,-115.7835
Fe2VTa0.08Al0.92,Fe2.000,V1.000,Ta0.080Al0.920,703.8869,3.68e-05,1.6400000000000006,0.0,0.0,60.0,153.9663414,1744.73468330986,7.0,0.0,7.0,16.6112,1.6012,1.5,0.0,0.00089056,1.63,2.0,5.0,225.32,-91.6321
Fe2VTa0.12Al0.88,Fe2.000,V1.000,Ta0.120Al0.880,103.6514,1.43e-05,1.6400000000000006,0.0,0.0,60.0,153.9663414,2503.3149804011027,7.0,0.0,7.0,16.6768,1.5968,1.5,0.0,0.00127776,1.63,2.0,5.0,225.48,-28.356
Fe2VTa0.12Al0.88,Fe2.000,V1.000,Ta0.120Al0.880,265.7244,2.18e-05,1.6400000000000006,0.0,0.0,60.0,153.9663414,2503.3149804011027,7.0,0.0,7.0,16.6768,1.5968,1.5,0.0,0.00127776,1.63,2.0,5.0,225.48,-65.9938
Fe2VTa0.12Al0.88,Fe2.000,V1.000,Ta0.120Al0.880,381.6254,2.84e-05,1.6400000000000006,0.0,0.0,60.0,153.9663414,2503.3149804011027,7.0,0.0,7.0,16.6768,1.5968,1.5,0.0,0.00127776,1.63,2.0,5.0,225.48,-89.9492
Fe2VTa0.12Al0.88,Fe2.000,V1.000,Ta0.120Al0.880,493.7574,3.43e-05,1.6400000000000006,0.0,0.0,60.0,153.9663414,2503.3149804011027,7.0,0.0,7.0,16.6768,1.5968,1.5,0.0,0.00127776,1.63,2.0,5.0,225.48,-101.0249
Fe2VTa0.12Al0.88,Fe2.000,V1.000,Ta0.120Al0.880,572.9093,3.68e-05,1.6400000000000006,0.0,0.0,60.0,153.9663414,2503.3149804011027,7.0,0.0,7.0,16.6768,1.5968,1.5,0.0,0.00127776,1.63,2.0,5.0,225.48,-101.5765
Fe2VTa0.12Al0.88,Fe2.000,V1.000,Ta0.120Al0.880,702.9446,3.64e-05,1.6400000000000006,0.0,0.0,60.0,153.9663414,2503.3149804011027,7.0,0.0,7.0,16.6768,1.5968,1.5,0.0,0.00127776,1.63,2.0,5.0,225.48,-89.792
(Fe0.66V0.34)75Al25,Fe2.000,V1.000,Al1.000,90.0344,0.00019,0.0,0.0,0.0,0.0,0.0,0.0,0.0,0.0,0.0,16.48,1.61,1.61,0.0,0.0,1.63,0.0,13.0,225.0,16.6099
(Fe0.66V0.34)75Al25,Fe2.000,V1.000,Al1.000,176.6323,0.000143,0.0,0.0,0.0,0.0,0.0,0.0,0.0,0.0,0.0,16.48,1.61,1.61,0.0,0.0,1.63,0.0,13.0,225.0,24.0058
(Fe0.66V0.34)75Al25,Fe2.000,V1.000,Al1.000,288.6598,7.59e-05,0.0,0.0,0.0,0.0,0.0,0.0,0.0,0.0,0.0,16.48,1.61,1.61,0.0,0.0,1.63,0.0,13.0,225.0,27.5051
(Fe0.66V0.34)75Al25,Fe2.000,V1.000,Al1.000,356.0137,5.37e-05,0.0,0.0,0.0,0.0,0.0,0.0,0.0,0.0,0.0,16.48,1.61,1.61,0.0,0.0,1.63,0.0,13.0,225.0,27.9097
(Fe0.66V0.34)75Al25,Fe2.000,V1.000,Al1.000,399.3127,4.57e-05,0.0,0.0,0.0,0.0,0.0,0.0,0.0,0.0,0.0,16.48,1.61,1.61,0.0,0.0,1.63,0.0,13.0,225.0,26.7644
(Fe0.66V0.34)74.7Al25.3,Fe2.000,V1.000,Al1.000,87.9725,5.22e-05,0.0,0.0,0.0,0.0,0.0,0.0,0.0,0.0,0.0,16.48,1.61,1.61,0.0,0.0,1.63,0.0,13.0,225.0,28.4121
(Fe0.66V0.34)74.7Al25.3,Fe2.000,V1.000,Al1.000,174.5704,4.87e-05,0.0,0.0,0.0,0.0,0.0,0.0,0.0,0.0,0.0,16.48,1.61,1.61,0.0,0.0,1.63,0.0,13.0,225.0,50.9432
(Fe0.66V0.34)74.7Al25.3,Fe2.000,V1.000,Al1.000,253.6082,4.45e-05,0.0,0.0,0.0,0.0,0.0,0.0,0.0,0.0,0.0,16.48,1.61,1.61,0.0,0.0,1.63,0.0,13.0,225.0,70.1331
(Fe0.66V0.34)74.7Al25.3,Fe2.000,V1.000,Al1.000,306.5292,4.13e-05,0.0,0.0,0.0,0.0,0.0,0.0,0.0,0.0,0.0,16.48,1.61,1.61,0.0,0.0,1.63,0.0,13.0,225.0,75.6619
(Fe0.66V0.34)74.7Al25.3,Fe2.000,V1.000,Al1.000,344.3299,3.87e-05,0.0,0.0,0.0,0.0,0.0,0.0,0.0,0.0,0.0,16.48,1.61,1.61,0.0,0.0,1.63,0.0,13.0,225.0,76.0218
(Fe0.66V0.34)74.7Al25.3,Fe2.000,V1.000,Al1.000,401.3746,3.42e-05,0.0,0.0,0.0,0.0,0.0,0.0,0.0,0.0,0.0,16.48,1.61,1.61,0.0,0.0,1.63,0.0,13.0,225.0,70.6595
(Fe0.66V0.34)74.5Al25.5,Fe2.000,V1.000,Al1.000,88.6598,2.43e-05,0.0,0.0,0.0,0.0,0.0,0.0,0.0,0.0,0.0,16.48,1.61,1.61,0.0,0.0,1.63,0.0,13.0,225.0,19.0294
(Fe0.66V0.34)74.5Al25.5,Fe2.000,V1.000,Al1.000,162.8866,2.56e-05,0.0,0.0,0.0,0.0,0.0,0.0,0.0,0.0,0.0,16.48,1.61,1.61,0.0,0.0,1.63,0.0,13.0,225.0,31.2499
(Fe0.66V0.34)74.5Al25.5,Fe2.000,V1.000,Al1.000,257.732,3.01e-05,0.0,0.0,0.0,0.0,0.0,0.0,0.0,0.0,0.0,16.48,1.61,1.61,0.0,0.0,1.63,0.0,13.0,225.0,56.5177
(Fe0.66V0.34)74.5Al25.5,Fe2.000,V1.000,Al1.000,314.7766,3.24e-05,0.0,0.0,0.0,0.0,0.0,0.0,0.0,0.0,0.0,16.48,1.61,1.61,0.0,0.0,1.63,0.0,13.0,225.0,69.3176
(Fe0.66V0.34)74.5Al25.5,Fe2.000,V1.000,Al1.000,360.1375,3.34e-05,0.0,0.0,0.0,0.0,0.0,0.0,0.0,0.0,0.0,16.48,1.61,1.61,0.0,0.0,1.63,0.0,13.0,225.0,72.1106
(Fe0.66V0.34)74.5Al25.5,Fe2.000,V1.000,Al1.000,397.9381,3.37e-05,0.0,0.0,0.0,0.0,0.0,0.0,0.0,0.0,0.0,16.48,1.61,1.61,0.0,0.0,1.63,0.0,13.0,225.0,73.0759
(Fe0.66V0.34)76.4Al24.6,Fe2.000,V1.000,Al1.000,87.9725,0.000173,0.0,0.0,0.0,0.0,0.0,0.0,0.0,0.0,0.0,16.48,1.61,1.61,0.0,0.0,1.63,0.0,13.0,225.0,-49.0797
(Fe0.66V0.34)76.4Al24.6,Fe2.000,V1.000,Al1.000,140.2062,0.000152,0.0,0.0,0.0,0.0,0.0,0.0,0.0,0.0,0.0,16.48,1.61,1.61,0.0,0.0,1.63,0.0,13.0,225.0,-69.5845
(Fe0.66V0.34)76.4Al24.6,Fe2.000,V1.000,Al1.000,204.1237,0.000126,0.0,0.0,0.0,0.0,0.0,0.0,0.0,0.0,0.0,16.48,1.61,1.61,0.0,0.0,1.63,0.0,13.0,225.0,-87.9526
(Fe0.66V0.34)76.4Al24.6,Fe2.000,V1.000,Al1.000,243.299,0.00011,0.0,0.0,0.0,0.0,0.0,0.0,0.0,0.0,0.0,16.48,1.61,1.61,0.0,0.0,1.63,0.0,13.0,225.0,-91.223
(Fe0.66V0.34)76.4Al24.6,Fe2.000,V1.000,Al1.000,285.9107,9.39e-05,0.0,0.0,0.0,0.0,0.0,0.0,0.0,0.0,0.0,16.48,1.61,1.61,0.0,0.0,1.63,0.0,13.0,225.0,-85.7099
(Fe0.66V0.34)76.4Al24.6,Fe2.000,V1.000,Al1.000,399.3127,5.65e-05,0.0,0.0,0.0,0.0,0.0,0.0,0.0,0.0,0.0,16.48,1.61,1.61,0.0,0.0,1.63,0.0,13.0,225.0,-58.295
(Fe0.66V0.34)76.7Al24.3,Fe2.000,V1.000,Al1.000,87.9725,7.39e-05,0.0,0.0,0.0,0.0,0.0,0.0,0.0,0.0,0.0,16.48,1.61,1.61,0.0,0.0,1.63,0.0,13.0,225.0,-75.4149
(Fe0.66V0.34)76.7Al24.3,Fe2.000,V1.000,Al1.000,164.9485,7.22e-05,0.0,0.0,0.0,0.0,0.0,0.0,0.0,0.0,0.0,16.48,1.61,1.61,0.0,0.0,1.63,0.0,13.0,225.0,-115.8605
(Fe0.66V0.34)76.7Al24.3,Fe2.000,V1.000,Al1.000,195.8763,6.96e-05,0.0,0.0,0.0,0.0,0.0,0.0,0.0,0.0,0.0,16.48,1.61,1.61,0.0,0.0,1.63,0.0,13.0,225.0,-127.0137
(Fe0.66V0.34)76.7Al24.3,Fe2.000,V1.000,Al1.000,242.6117,6.65e-05,0.0,0.0,0.0,0.0,0.0,0.0,0.0,0.0,0.0,16.48,1.61,1.61,0.0,0.0,1.63,0.0,13.0,225.0,-136.6295
(Fe0.66V0.34)76.7Al24.3,Fe2.000,V1.000,Al1.000,305.1546,6.4e-05,0.0,0.0,0.0,0.0,0.0,0.0,0.0,0.0,0.0,16.48,1.61,1.61,0.0,0.0,1.63,0.0,13.0,225.0,-126.8483
(Fe0.66V0.34)76.7Al24.3,Fe2.000,V1.000,Al1.000,400.0,5.85e-05,0.0,0.0,0.0,0.0,0.0,0.0,0.0,0.0,0.0,16.48,1.61,1.61,0.0,0.0,1.63,0.0,13.0,225.0,-99.4615
Fe2V0.9Cr0.1Al0.9Si0.1,Fe2.000,V1.000,Cr0.091Al0.818Si0.091,13.638,6.16e-05,9.250000000000002,0.049427001351,0.0,11.0,25.0145614,51.40306849686508,5.0,0.0,5.0,16.358970000000003,1.6409400000000005,1.61,0.0,0.0069233163999999,1.63,2.0,6.0,225.546,-2.3222
Fe2V0.9Cr0.1Al0.9Si0.1,Fe2.000,V1.000,Cr0.091Al0.818Si0.091,52.7398,6.1e-05,9.250000000000002,0.049427001351,0.0,11.0,25.0145614,51.40306849686508,5.0,0.0,5.0,16.358970000000003,1.6409400000000005,1.61,0.0,0.0069233163999999,1.63,2.0,6.0,225.546,-8.6575
Fe2V0.9Cr0.1Al0.9Si0.1,Fe2.000,V1.000,Cr0.091Al0.818Si0.091,98.9616,6.2e-05,9.250000000000002,0.049427001351,0.0,11.0,25.0145614,51.40306849686508,5.0,0.0,5.0,16.358970000000003,1.6409400000000005,1.61,0.0,0.0069233163999999,1.63,2.0,6.0,225.546,-17.1937
Fe2V0.9Cr0.1Al0.9Si0.1,Fe2.000,V1.000,Cr0.091Al0.818Si0.091,135.3691,6.3e-05,9.250000000000002,0.049427001351,0.0,11.0,25.0145614,51.40306849686508,5.0,0.0,5.0,16.358970000000003,1.6409400000000005,1.61,0.0,0.0069233163999999,1.63,2.0,6.0,225.546,-25.8642
Fe2V0.9Cr0.1Al0.9Si0.1,Fe2.000,V1.000,Cr0.091Al0.818Si0.091,163.1271,6.35e-05,9.250000000000002,0.049427001351,0.0,11.0,25.0145614,51.40306849686508,5.0,0.0,5.0,16.358970000000003,1.6409400000000005,1.61,0.0,0.0069233163999999,1.63,2.0,6.0,225.546,-33.2179
Fe2V0.9Cr0.1Al0.9Si0.1,Fe2.000,V1.000,Cr0.091Al0.818Si0.091,198.0894,6.24e-05,9.250000000000002,0.049427001351,0.0,11.0,25.0145614,51.40306849686508,5.0,0.0,5.0,16.358970000000003,1.6409400000000005,1.61,0.0,0.0069233163999999,1.63,2.0,6.0,225.546,-39.0524
Fe2V0.9Cr0.1Al0.9Si0.1,Fe2.000,V1.000,Cr0.091Al0.818Si0.091,239.0738,6.03e-05,9.250000000000002,0.049427001351,0.0,11.0,25.0145614,51.40306849686508,5.0,0.0,5.0,16.358970000000003,1.6409400000000005,1.61,0.0,0.0069233163999999,1.63,2.0,6.0,225.546,-45.5753
Fe2V0.9Cr0.1Al0.9Si0.1,Fe2.000,V1.000,Cr0.091Al0.818Si0.091,270.3166,5.83e-05,9.250000000000002,0.049427001351,0.0,11.0,25.0145614,51.40306849686508,5.0,0.0,5.0,16.358970000000003,1.6409400000000005,1.61,0.0,0.0069233163999999,1.63,2.0,6.0,225.546,-49.0169
Fe2V0.9Cr0.1Al0.9Si0.1,Fe2.000,V1.000,Cr0.091Al0.818Si0.091,307.5959,5.66e-05,9.250000000000002,0.049427001351,0.0,11.0,25.0145614,51.40306849686508,5.0,0.0,5.0,16.358970000000003,1.6409400000000005,1.61,0.0,0.0069233163999999,1.63,2.0,6.0,225.546,-52.5164
Fe1.95V1.05Al,Fe2.000,V1.000,Al1.000,100.0,1.47e-05,0.0,0.0,0.0,0.0,0.0,0.0,0.0,0.0,0.0,16.48,1.61,1.61,0.0,0.0,1.63,0.0,13.0,225.0,-77.2674
Fe1.95V1.05Al,Fe2.000,V1.000,Al1.000,118.8,1.46e-05,0.0,0.0,0.0,0.0,0.0,0.0,0.0,0.0,0.0,16.48,1.61,1.61,0.0,0.0,1.63,0.0,13.0,225.0,-89.2815
Fe1.95V1.05Al,Fe2.000,V1.000,Al1.000,139.2,1.45e-05,0.0,0.0,0.0,0.0,0.0,0.0,0.0,0.0,0.0,16.48,1.61,1.61,0.0,0.0,1.63,0.0,13.0,225.0,-101.296
Fe1.95V1.05Al,Fe2.000,V1.000,Al1.000,160.1,1.42e-05,0.0,0.0,0.0,0.0,0.0,0.0,0.0,0.0,0.0,16.48,1.61,1.61,0.0,0.0,1.63,0.0,13.0,225.0,-111.19
Fe1.95V1.05Al,Fe2.000,V1.000,Al1.000,177.8,1.38e-05,0.0,0.0,0.0,0.0,0.0,0.0,0.0,0.0,0.0,16.48,1.61,1.61,0.0,0.0,1.63,0.0,13.0,225.0,-120.848
Fe1.95V1.05Al,Fe2.000,V1.000,Al1.000,200.9,1.32e-05,0.0,0.0,0.0,0.0,0.0,0.0,0.0,0.0,0.0,16.48,1.61,1.61,0.0,0.0,1.63,0.0,13.0,225.0,-129.093
Fe1.95V1.05Al,Fe2.000,V1.000,Al1.000,219.7,1.26e-05,0.0,0.0,0.0,0.0,0.0,0.0,0.0,0.0,0.0,16.48,1.61,1.61,0.0,0.0,1.63,0.0,13.0,225.0,-134.747
Fe1.95V1.05Al,Fe2.000,V1.000,Al1.000,239.0,1.21e-05,0.0,0.0,0.0,0.0,0.0,0.0,0.0,0.0,0.0,16.48,1.61,1.61,0.0,0.0,1.63,0.0,13.0,225.0,-136.631
Fe1.95V1.05Al,Fe2.000,V1.000,Al1.000,258.8,1.16e-05,0.0,0.0,0.0,0.0,0.0,0.0,0.0,0.0,0.0,16.48,1.61,1.61,0.0,0.0,1.63,0.0,13.0,225.0,-136.867
Fe1.95V1.05Al,Fe2.000,V1.000,Al1.000,279.8,1.1e-05,0.0,0.0,0.0,0.0,0.0,0.0,0.0,0.0,0.0,16.48,1.61,1.61,0.0,0.0,1.63,0.0,13.0,225.0,-134.511
Fe1.95V1.05Al,Fe2.000,V1.000,Al1.000,301.8,1.04e-05,0.0,0.0,0.0,0.0,0.0,0.0,0.0,0.0,0.0,16.48,1.61,1.61,0.0,0.0,1.63,0.0,13.0,225.0,-130.742
Fe1.95V1.05Al,Fe2.000,V1.000,Al1.000,321.1,9.87e-06,0.0,0.0,0.0,0.0,0.0,0.0,0.0,0.0,0.0,16.48,1.61,1.61,0.0,0.0,1.63,0.0,13.0,225.0,-125.324
Fe1.95V1.05Al,Fe2.000,V1.000,Al1.000,341.5,9.34e-06,0.0,0.0,0.0,0.0,0.0,0.0,0.0,0.0,0.0,16.48,1.61,1.61,0.0,0.0,1.63,0.0,13.0,225.0,-120.141
Fe1.95V1.05Al,Fe2.000,V1.000,Al1.000,360.3,8.82e-06,0.0,0.0,0.0,0.0,0.0,0.0,0.0,0.0,0.0,16.48,1.61,1.61,0.0,0.0,1.63,0.0,13.0,225.0,-113.781
Fe1.95V1.05Al,Fe2.000,V1.000,Al1.000,381.3,8.22e-06,0.0,0.0,0.0,0.0,0.0,0.0,0.0,0.0,0.0,16.48,1.61,1.61,0.0,0.0,1.63,0.0,13.0,225.0,-106.949
Fe1.95V1.05Al,Fe2.000,V1.000,Al1.000,398.9,7.75e-06,0.0,0.0,0.0,0.0,0.0,0.0,0.0,0.0,0.0,16.48,1.61,1.61,0.0,0.0,1.63,0.0,13.0,225.0,-103.651
Fe1.95V1.05Al0.97Si0.03,Fe2.000,V1.000,Al0.970Si0.030,98.9,9.33e-06,3.960000000000001,0.0173880939,0.0,1.0,1.103961399999999,0.0354650654852777,0.0,0.0,0.0,16.5988,1.6187,1.61,0.0,0.0024473099999999,1.63,1.0,13.0,225.06,-81.5077
Fe1.95V1.05Al0.97Si0.03,Fe2.000,V1.000,Al0.970Si0.030,119.9,9.46e-06,3.960000000000001,0.0173880939,0.0,1.0,1.103961399999999,0.0354650654852777,0.0,0.0,0.0,16.5988,1.6187,1.61,0.0,0.0024473099999999,1.63,1.0,13.0,225.06,-97.7621
Fe1.95V1.05Al0.97Si0.03,Fe2.000,V1.000,Al0.970Si0.030,140.3,9.61e-06,3.960000000000001,0.0173880939,0.0,1.0,1.103961399999999,0.0354650654852777,0.0,0.0,0.0,16.5988,1.6187,1.61,0.0,0.0024473099999999,1.63,1.0,13.0,225.06,-114.016
Fe1.95V1.05Al0.97Si0.03,Fe2.000,V1.000,Al0.970Si0.030,159.0,9.64e-06,3.960000000000001,0.0173880939,0.0,1.0,1.103961399999999,0.0354650654852777,0.0,0.0,0.0,16.5988,1.6187,1.61,0.0,0.0024473099999999,1.63,1.0,13.0,225.06,-130.035
Fe1.95V1.05Al0.97Si0.03,Fe2.000,V1.000,Al0.970Si0.030,181.1,9.52e-06,3.960000000000001,0.0173880939,0.0,1.0,1.103961399999999,0.0354650654852777,0.0,0.0,0.0,16.5988,1.6187,1.61,0.0,0.0024473099999999,1.63,1.0,13.0,225.06,-145.347
Fe1.95V1.05Al0.97Si0.03,Fe2.000,V1.000,Al0.970Si0.030,200.4,9.35e-06,3.960000000000001,0.0173880939,0.0,1.0,1.103961399999999,0.0354650654852777,0.0,0.0,0.0,16.5988,1.6187,1.61,0.0,0.0024473099999999,1.63,1.0,13.0,225.06,-157.833
Fe1.95V1.05Al0.97Si0.03,Fe2.000,V1.000,Al0.970Si0.030,219.1,9.15e-06,3.960000000000001,0.0173880939,0.0,1.0,1.103961399999999,0.0354650654852777,0.0,0.0,0.0,16.5988,1.6187,1.61,0.0,0.0024473099999999,1.63,1.0,13.0,225.06,-167.962
Fe1.95V1.05Al0.97Si0.03,Fe2.000,V1.000,Al0.970Si0.030,239.5,8.93e-06,3.960000000000001,0.0173880939,0.0,1.0,1.103961399999999,0.0354650654852777,0.0,0.0,0.0,16.5988,1.6187,1.61,0.0,0.0024473099999999,1.63,1.0,13.0,225.06,-175.265
Fe1.95V1.05Al0.97Si0.03,Fe2.000,V1.000,Al0.970Si0.030,259.4,8.71e-06,3.960000000000001,0.0173880939,0.0,1.0,1.103961399999999,0.0354650654852777,0.0,0.0,0.0,16.5988,1.6187,1.61,0.0,0.0024473099999999,1.63,1.0,13.0,225.06,-180.919
Fe1.95V1.05Al0.97Si0.03,Fe2.000,V1.000,Al0.970Si0.030,279.8,8.48e-06,3.960000000000001,0.0173880939,0.0,1.0,1.103961399999999,0.0354650654852777,0.0,0.0,0.0,16.5988,1.6187,1.61,0.0,0.0024473099999999,1.63,1.0,13.0,225.06,-182.568
Fe1.95V1.05Al0.97Si0.03,Fe2.000,V1.000,Al0.970Si0.030,299.1,8.26e-06,3.960000000000001,0.0173880939,0.0,1.0,1.103961399999999,0.0354650654852777,0.0,0.0,0.0,16.5988,1.6187,1.61,0.0,0.0024473099999999,1.63,1.0,13.0,225.06,-181.39
Fe1.95V1.05Al0.97Si0.03,Fe2.000,V1.000,Al0.970Si0.030,319.5,8.01e-06,3.960000000000001,0.0173880939,0.0,1.0,1.103961399999999,0.0354650654852777,0.0,0.0,0.0,16.5988,1.6187,1.61,0.0,0.0024473099999999,1.63,1.0,13.0,225.06,-179.505
Fe1.95V1.05Al0.97Si0.03,Fe2.000,V1.000,Al0.970Si0.030,340.4,7.74e-06,3.960000000000001,0.0173880939,0.0,1.0,1.103961399999999,0.0354650654852777,0.0,0.0,0.0,16.5988,1.6187,1.61,0.0,0.0024473099999999,1.63,1.0,13.0,225.06,-175.972
Fe1.95V1.05Al0.97Si0.03,Fe2.000,V1.000,Al0.970Si0.030,359.2,7.5e-06,3.960000000000001,0.0173880939,0.0,1.0,1.103961399999999,0.0354650654852777,0.0,0.0,0.0,16.5988,1.6187,1.61,0.0,0.0024473099999999,1.63,1.0,13.0,225.06,-171.26
Fe1.95V1.05Al0.97Si0.03,Fe2.000,V1.000,Al0.970Si0.030,380.1,7.23e-06,3.960000000000001,0.0173880939,0.0,1.0,1.103961399999999,0.0354650654852777,0.0,0.0,0.0,16.5988,1.6187,1.61,0.0,0.0024473099999999,1.63,1.0,13.0,225.06,-164.429
Fe1.95V1.05Al0.97Si0.03,Fe2.000,V1.000,Al0.970Si0.030,400.0,6.95e-06,3.960000000000001,0.0173880939,0.0,1.0,1.103961399999999,0.0354650654852777,0.0,0.0,0.0,16.5988,1.6187,1.61,0.0,0.0024473099999999,1.63,1.0,13.0,225.06,-160.895
Fe1.95V1.05Al0.95Si0.05,Fe2.000,V1.000,Al0.950Si0.050,102.2,7.04e-06,3.960000000000001,0.0283826275,0.0,1.0,1.103961399999999,0.057889711702773,0.0,0.0,0.0,16.677999999999997,1.6245,1.61,0.0,0.0039947499999999,1.63,1.0,13.0,225.1,-74.4405
Fe1.95V1.05Al0.95Si0.05,Fe2.000,V1.000,Al0.950Si0.050,119.9,7.12e-06,3.960000000000001,0.0283826275,0.0,1.0,1.103961399999999,0.057889711702773,0.0,0.0,0.0,16.677999999999997,1.6245,1.61,0.0,0.0039947499999999,1.63,1.0,13.0,225.1,-90.9305
Fe1.95V1.05Al0.95Si0.05,Fe2.000,V1.000,Al0.950Si0.050,140.3,7.21e-06,3.960000000000001,0.0283826275,0.0,1.0,1.103961399999999,0.057889711702773,0.0,0.0,0.0,16.677999999999997,1.6245,1.61,0.0,0.0039947499999999,1.63,1.0,13.0,225.1,-107.42
Fe1.95V1.05Al0.95Si0.05,Fe2.000,V1.000,Al0.950Si0.050,160.1,7.26e-06,3.960000000000001,0.0283826275,0.0,1.0,1.103961399999999,0.057889711702773,0.0,0.0,0.0,16.677999999999997,1.6245,1.61,0.0,0.0039947499999999,1.63,1.0,13.0,225.1,-123.439
Fe1.95V1.05Al0.95Si0.05,Fe2.000,V1.000,Al0.950Si0.050,180.5,7.24e-06,3.960000000000001,0.0283826275,0.0,1.0,1.103961399999999,0.057889711702773,0.0,0.0,0.0,16.677999999999997,1.6245,1.61,0.0,0.0039947499999999,1.63,1.0,13.0,225.1,-137.809
Fe1.95V1.05Al0.95Si0.05,Fe2.000,V1.000,Al0.950Si0.050,199.8,7.17e-06,3.960000000000001,0.0283826275,0.0,1.0,1.103961399999999,0.057889711702773,0.0,0.0,0.0,16.677999999999997,1.6245,1.61,0.0,0.0039947499999999,1.63,1.0,13.0,225.1,-149.352
Fe1.95V1.05Al0.95Si0.05,Fe2.000,V1.000,Al0.950Si0.050,220.2,7.08e-06,3.960000000000001,0.0283826275,0.0,1.0,1.103961399999999,0.057889711702773,0.0,0.0,0.0,16.677999999999997,1.6245,1.61,0.0,0.0039947499999999,1.63,1.0,13.0,225.1,-157.833
Fe1.95V1.05Al0.95Si0.05,Fe2.000,V1.000,Al0.950Si0.050,239.5,6.98e-06,3.960000000000001,0.0283826275,0.0,1.0,1.103961399999999,0.057889711702773,0.0,0.0,0.0,16.677999999999997,1.6245,1.61,0.0,0.0039947499999999,1.63,1.0,13.0,225.1,-164.429
Fe1.95V1.05Al0.95Si0.05,Fe2.000,V1.000,Al0.950Si0.050,261.0,6.87e-06,3.960000000000001,0.0283826275,0.0,1.0,1.103961399999999,0.057889711702773,0.0,0.0,0.0,16.677999999999997,1.6245,1.61,0.0,0.0039947499999999,1.63,1.0,13.0,225.1,-168.905
Fe1.95V1.05Al0.95Si0.05,Fe2.000,V1.000,Al0.950Si0.050,280.3,6.78e-06,3.960000000000001,0.0283826275,0.0,1.0,1.103961399999999,0.057889711702773,0.0,0.0,0.0,16.677999999999997,1.6245,1.61,0.0,0.0039947499999999,1.63,1.0,13.0,225.1,-171.26
Fe1.95V1.05Al0.95Si0.05,Fe2.000,V1.000,Al0.950Si0.050,300.2,6.7e-06,3.960000000000001,0.0283826275,0.0,1.0,1.103961399999999,0.057889711702773,0.0,0.0,0.0,16.677999999999997,1.6245,1.61,0.0,0.0039947499999999,1.63,1.0,13.0,225.1,-171.26
Fe1.95V1.05Al0.95Si0.05,Fe2.000,V1.000,Al0.950Si0.050,321.1,6.63e-06,3.960000000000001,0.0283826275,0.0,1.0,1.103961399999999,0.057889711702773,0.0,0.0,0.0,16.677999999999997,1.6245,1.61,0.0,0.0039947499999999,1.63,1.0,13.0,225.1,-170.789
Fe1.95V1.05Al0.95Si0.05,Fe2.000,V1.000,Al0.950Si0.050,339.9,6.57e-06,3.960000000000001,0.0283826275,0.0,1.0,1.103961399999999,0.057889711702773,0.0,0.0,0.0,16.677999999999997,1.6245,1.61,0.0,0.0039947499999999,1.63,1.0,13.0,225.1,-167.256
Fe1.95V1.05Al0.95Si0.05,Fe2.000,V1.000,Al0.950Si0.050,360.3,6.46e-06,3.960000000000001,0.0283826275,0.0,1.0,1.103961399999999,0.057889711702773,0.0,0.0,0.0,16.677999999999997,1.6245,1.61,0.0,0.0039947499999999,1.63,1.0,13.0,225.1,-163.251
Fe1.95V1.05Al0.95Si0.05,Fe2.000,V1.000,Al0.950Si0.050,379.0,6.3e-06,3.960000000000001,0.0283826275,0.0,1.0,1.103961399999999,0.057889711702773,0.0,0.0,0.0,16.677999999999997,1.6245,1.61,0.0,0.0039947499999999,1.63,1.0,13.0,225.1,-156.655
Fe1.95V1.05Al0.95Si0.05,Fe2.000,V1.000,Al0.950Si0.050,400.6,6.1e-06,3.960000000000001,0.0283826275,0.0,1.0,1.103961399999999,0.057889711702773,0.0,0.0,0.0,16.677999999999997,1.6245,1.61,0.0,0.0039947499999999,1.63,1.0,13.0,225.1,-154.064
Fe1.95V1.05Al0.90Si0.10,Fe2.000,V1.000,Al0.900Si0.100,99.45,3.32e-06,3.960000000000001,0.05377761,0.0,1.0,1.103961399999999,0.1096857695420962,0.0,0.0,0.0,16.876,1.639,1.61,0.0,0.0075689999999999,1.63,1.0,13.0,225.2,-75.8539
Fe1.95V1.05Al0.90Si0.10,Fe2.000,V1.000,Al0.900Si0.100,118.2,3.43e-06,3.960000000000001,0.05377761,0.0,1.0,1.103961399999999,0.1096857695420962,0.0,0.0,0.0,16.876,1.639,1.61,0.0,0.0075689999999999,1.63,1.0,13.0,225.2,-86.4547
Fe1.95V1.05Al0.90Si0.10,Fe2.000,V1.000,Al0.900Si0.100,139.7,3.56e-06,3.960000000000001,0.05377761,0.0,1.0,1.103961399999999,0.1096857695420962,0.0,0.0,0.0,16.876,1.639,1.61,0.0,0.0075689999999999,1.63,1.0,13.0,225.2,-97.2909
Fe1.95V1.05Al0.90Si0.10,Fe2.000,V1.000,Al0.900Si0.100,159.0,3.68e-06,3.960000000000001,0.05377761,0.0,1.0,1.103961399999999,0.1096857695420962,0.0,0.0,0.0,16.876,1.639,1.61,0.0,0.0075689999999999,1.63,1.0,13.0,225.2,-107.656
Fe1.95V1.05Al0.90Si0.10,Fe2.000,V1.000,Al0.900Si0.100,179.4,3.8e-06,3.960000000000001,0.05377761,0.0,1.0,1.103961399999999,0.1096857695420962,0.0,0.0,0.0,16.876,1.639,1.61,0.0,0.0075689999999999,1.63,1.0,13.0,225.2,-117.079
Fe1.95V1.05Al0.90Si0.10,Fe2.000,V1.000,Al0.900Si0.100,197.6,3.91e-06,3.960000000000001,0.05377761,0.0,1.0,1.103961399999999,0.1096857695420962,0.0,0.0,0.0,16.876,1.639,1.61,0.0,0.0075689999999999,1.63,1.0,13.0,225.2,-124.382
Fe1.95V1.05Al0.90Si0.10,Fe2.000,V1.000,Al0.900Si0.100,219.7,4.03e-06,3.960000000000001,0.05377761,0.0,1.0,1.103961399999999,0.1096857695420962,0.0,0.0,0.0,16.876,1.639,1.61,0.0,0.0075689999999999,1.63,1.0,13.0,225.2,-132.155
Fe1.95V1.05Al0.90Si0.10,Fe2.000,V1.000,Al0.900Si0.100,239.0,4.13e-06,3.960000000000001,0.05377761,0.0,1.0,1.103961399999999,0.1096857695420962,0.0,0.0,0.0,16.876,1.639,1.61,0.0,0.0075689999999999,1.63,1.0,13.0,225.2,-138.751
Fe1.95V1.05Al0.90Si0.10,Fe2.000,V1.000,Al0.900Si0.100,258.3,4.23e-06,3.960000000000001,0.05377761,0.0,1.0,1.103961399999999,0.1096857695420962,0.0,0.0,0.0,16.876,1.639,1.61,0.0,0.0075689999999999,1.63,1.0,13.0,225.2,-145.819
Fe1.95V1.05Al0.90Si0.10,Fe2.000,V1.000,Al0.900Si0.100,279.8,4.34e-06,3.960000000000001,0.05377761,0.0,1.0,1.103961399999999,0.1096857695420962,0.0,0.0,0.0,16.876,1.639,1.61,0.0,0.0075689999999999,1.63,1.0,13.0,225.2,-149.352
Fe1.95V1.05Al0.90Si0.10,Fe2.000,V1.000,Al0.900Si0.100,300.7,4.45e-06,3.960000000000001,0.05377761,0.0,1.0,1.103961399999999,0.1096857695420962,0.0,0.0,0.0,16.876,1.639,1.61,0.0,0.0075689999999999,1.63,1.0,13.0,225.2,-154.535
Fe1.95V1.05Al0.90Si0.10,Fe2.000,V1.000,Al0.900Si0.100,318.9,4.53e-06,3.960000000000001,0.05377761,0.0,1.0,1.103961399999999,0.1096857695420962,0.0,0.0,0.0,16.876,1.639,1.61,0.0,0.0075689999999999,1.63,1.0,13.0,225.2,-156.89
Fe1.95V1.05Al0.90Si0.10,Fe2.000,V1.000,Al0.900Si0.100,339.3,4.62e-06,3.960000000000001,0.05377761,0.0,1.0,1.103961399999999,0.1096857695420962,0.0,0.0,0.0,16.876,1.639,1.61,0.0,0.0075689999999999,1.63,1.0,13.0,225.2,-157.126
Fe1.95V1.05Al0.90Si0.10,Fe2.000,V1.000,Al0.900Si0.100,359.7,4.69e-06,3.960000000000001,0.05377761,0.0,1.0,1.103961399999999,0.1096857695420962,0.0,0.0,0.0,16.876,1.639,1.61,0.0,0.0075689999999999,1.63,1.0,13.0,225.2,-156.419
Fe1.95V1.05Al0.90Si0.10,Fe2.000,V1.000,Al0.900Si0.100,380.1,4.73e-06,3.960000000000001,0.05377761,0.0,1.0,1.103961399999999,0.1096857695420962,0.0,0.0,0.0,16.876,1.639,1.61,0.0,0.0075689999999999,1.63,1.0,13.0,225.2,-155.948
Fe1.95V1.05Al0.90Si0.10,Fe2.000,V1.000,Al0.900Si0.100,401.1,4.75e-06,3.960000000000001,0.05377761,0.0,1.0,1.103961399999999,0.1096857695420962,0.0,0.0,0.0,16.876,1.639,1.61,0.0,0.0075689999999999,1.63,1.0,13.0,225.2,-155.241
Fe2.07V0.93Al,Fe2.000,V1.000,Al1.000,100.6,1.24e-05,0.0,0.0,0.0,0.0,0.0,0.0,0.0,0.0,0.0,16.48,1.61,1.61,0.0,0.0,1.63,0.0,13.0,225.0,50.26
Fe2.07V0.93Al,Fe2.000,V1.000,Al1.000,120.5,1.15e-05,0.0,0.0,0.0,0.0,0.0,0.0,0.0,0.0,0.0,16.48,1.61,1.61,0.0,0.0,1.63,0.0,13.0,225.0,57.38
Fe2.07V0.93Al,Fe2.000,V1.000,Al1.000,139.8,1.07e-05,0.0,0.0,0.0,0.0,0.0,0.0,0.0,0.0,0.0,16.48,1.61,1.61,0.0,0.0,1.63,0.0,13.0,225.0,62.95
Fe2.07V0.93Al,Fe2.000,V1.000,Al1.000,160.8,1.01e-05,0.0,0.0,0.0,0.0,0.0,0.0,0.0,0.0,0.0,16.48,1.61,1.61,0.0,0.0,1.63,0.0,13.0,225.0,67.62
Fe2.07V0.93Al,Fe2.000,V1.000,Al1.000,180.7,9.55e-06,0.0,0.0,0.0,0.0,0.0,0.0,0.0,0.0,0.0,16.48,1.61,1.61,0.0,0.0,1.63,0.0,13.0,225.0,72.28
Fe2.07V0.93Al,Fe2.000,V1.000,Al1.000,201.2,9.05e-06,0.0,0.0,0.0,0.0,0.0,0.0,0.0,0.0,0.0,16.48,1.61,1.61,0.0,0.0,1.63,0.0,13.0,225.0,76.3
Fe2.07V0.93Al,Fe2.000,V1.000,Al1.000,221.7,8.59e-06,0.0,0.0,0.0,0.0,0.0,0.0,0.0,0.0,0.0,16.48,1.61,1.61,0.0,0.0,1.63,0.0,13.0,225.0,78.37
Fe2.07V0.93Al,Fe2.000,V1.000,Al1.000,242.8,8.13e-06,0.0,0.0,0.0,0.0,0.0,0.0,0.0,0.0,0.0,16.48,1.61,1.61,0.0,0.0,1.63,0.0,13.0,225.0,80.18
Fe2.07V0.93Al,Fe2.000,V1.000,Al1.000,262.7,7.71e-06,0.0,0.0,0.0,0.0,0.0,0.0,0.0,0.0,0.0,16.48,1.61,1.61,0.0,0.0,1.63,0.0,13.0,225.0,82.25
Fe2.07V0.93Al,Fe2.000,V1.000,Al1.000,278.9,7.38e-06,0.0,0.0,0.0,0.0,0.0,0.0,0.0,0.0,0.0,16.48,1.61,1.61,0.0,0.0,1.63,0.0,13.0,225.0,81.35
Fe2.07V0.93Al,Fe2.000,V1.000,Al1.000,301.2,6.93e-06,0.0,0.0,0.0,0.0,0.0,0.0,0.0,0.0,0.0,16.48,1.61,1.61,0.0,0.0,1.63,0.0,13.0,225.0,79.4
Fe2.07V0.93Al,Fe2.000,V1.000,Al1.000,319.3,6.59e-06,0.0,0.0,0.0,0.0,0.0,0.0,0.0,0.0,0.0,16.48,1.61,1.61,0.0,0.0,1.63,0.0,13.0,225.0,76.3
Fe2.07V0.93Al,Fe2.000,V1.000,Al1.000,341.6,6.24e-06,0.0,0.0,0.0,0.0,0.0,0.0,0.0,0.0,0.0,16.48,1.61,1.61,0.0,0.0,1.63,0.0,13.0,225.0,73.96
Fe2.07V0.93Al,Fe2.000,V1.000,Al1.000,357.8,6e-06,0.0,0.0,0.0,0.0,0.0,0.0,0.0,0.0,0.0,16.48,1.61,1.61,0.0,0.0,1.63,0.0,13.0,225.0,70.47
Fe2.07V0.93Al,Fe2.000,V1.000,Al1.000,380.1,5.69e-06,0.0,0.0,0.0,0.0,0.0,0.0,0.0,0.0,0.0,16.48,1.61,1.61,0.0,0.0,1.63,0.0,13.0,225.0,66.45
Fe2.07V0.9Ti0.03Al,Fe2.000,V1.000,Ti0.029Al0.971,100.6,5.93e-06,0.2100000000000008,0.0,0.0,9.0,20.885461399999997,12.283026138109568,8.0,2.25333333333e-05,8.0,16.48609,1.60797,1.54,0.0,0.0001379791,1.63,3.0,4.0,224.101,54.79
Fe2.07V0.9Ti0.03Al,Fe2.000,V1.000,Ti0.029Al0.971,119.9,5.75e-06,0.2100000000000008,0.0,0.0,9.0,20.885461399999997,12.283026138109568,8.0,2.25333333333e-05,8.0,16.48609,1.60797,1.54,0.0,0.0001379791,1.63,3.0,4.0,224.101,61.66
Fe2.07V0.9Ti0.03Al,Fe2.000,V1.000,Ti0.029Al0.971,139.8,5.57e-06,0.2100000000000008,0.0,0.0,9.0,20.885461399999997,12.283026138109568,8.0,2.25333333333e-05,8.0,16.48609,1.60797,1.54,0.0,0.0001379791,1.63,3.0,4.0,224.101,67.62
Fe2.07V0.9Ti0.03Al,Fe2.000,V1.000,Ti0.029Al0.971,160.8,5.4e-06,0.2100000000000008,0.0,0.0,9.0,20.885461399999997,12.283026138109568,8.0,2.25333333333e-05,8.0,16.48609,1.60797,1.54,0.0,0.0001379791,1.63,3.0,4.0,224.101,73.32
Fe2.07V0.9Ti0.03Al,Fe2.000,V1.000,Ti0.029Al0.971,180.7,5.25e-06,0.2100000000000008,0.0,0.0,9.0,20.885461399999997,12.283026138109568,8.0,2.25333333333e-05,8.0,16.48609,1.60797,1.54,0.0,0.0001379791,1.63,3.0,4.0,224.101,78.5
Fe2.07V0.9Ti0.03Al,Fe2.000,V1.000,Ti0.029Al0.971,199.4,5.12e-06,0.2100000000000008,0.0,0.0,9.0,20.885461399999997,12.283026138109568,8.0,2.25333333333e-05,8.0,16.48609,1.60797,1.54,0.0,0.0001379791,1.63,3.0,4.0,224.101,83.16
Fe2.07V0.9Ti0.03Al,Fe2.000,V1.000,Ti0.029Al0.971,221.1,4.99e-06,0.2100000000000008,0.0,0.0,9.0,20.885461399999997,12.283026138109568,8.0,2.25333333333e-05,8.0,16.48609,1.60797,1.54,0.0,0.0001379791,1.63,3.0,4.0,224.101,87.18
Fe2.07V0.9Ti0.03Al,Fe2.000,V1.000,Ti0.029Al0.971,239.8,4.88e-06,0.2100000000000008,0.0,0.0,9.0,20.885461399999997,12.283026138109568,8.0,2.25333333333e-05,8.0,16.48609,1.60797,1.54,0.0,0.0001379791,1.63,3.0,4.0,224.101,90.8
Fe2.07V0.9Ti0.03Al,Fe2.000,V1.000,Ti0.029Al0.971,261.4,4.77e-06,0.2100000000000008,0.0,0.0,9.0,20.885461399999997,12.283026138109568,8.0,2.25333333333e-05,8.0,16.48609,1.60797,1.54,0.0,0.0001379791,1.63,3.0,4.0,224.101,94.04
Fe2.07V0.9Ti0.03Al,Fe2.000,V1.000,Ti0.029Al0.971,279.5,4.67e-06,0.2100000000000008,0.0,0.0,9.0,20.885461399999997,12.283026138109568,8.0,2.25333333333e-05,8.0,16.48609,1.60797,1.54,0.0,0.0001379791,1.63,3.0,4.0,224.101,95.98
Fe2.07V0.9Ti0.03Al,Fe2.000,V1.000,Ti0.029Al0.971,300.6,4.56e-06,0.2100000000000008,0.0,0.0,9.0,20.885461399999997,12.283026138109568,8.0,2.25333333333e-05,8.0,16.48609,1.60797,1.54,0.0,0.0001379791,1.63,3.0,4.0,224.101,97.02
Fe2.07V0.9Ti0.03Al,Fe2.000,V1.000,Ti0.029Al0.971,319.9,4.47e-06,0.2100000000000008,0.0,0.0,9.0,20.885461399999997,12.283026138109568,8.0,2.25333333333e-05,8.0,16.48609,1.60797,1.54,0.0,0.0001379791,1.63,3.0,4.0,224.101,96.63
Fe2.07V0.9Ti0.03Al,Fe2.000,V1.000,Ti0.029Al0.971,339.2,4.38e-06,0.2100000000000008,0.0,0.0,9.0,20.885461399999997,12.283026138109568,8.0,2.25333333333e-05,8.0,16.48609,1.60797,1.54,0.0,0.0001379791,1.63,3.0,4.0,224.101,95.73
Fe2.07V0.9Ti0.03Al,Fe2.000,V1.000,Ti0.029Al0.971,359.6,4.29e-06,0.2100000000000008,0.0,0.0,9.0,20.885461399999997,12.283026138109568,8.0,2.25333333333e-05,8.0,16.48609,1.60797,1.54,0.0,0.0001379791,1.63,3.0,4.0,224.101,94.17
Fe2.07V0.9Ti0.03Al,Fe2.000,V1.000,Ti0.029Al0.971,380.1,4.21e-06,0.2100000000000008,0.0,0.0,9.0,20.885461399999997,12.283026138109568,8.0,2.25333333333e-05,8.0,16.48609,1.60797,1.54,0.0,0.0001379791,1.63,3.0,4.0,224.101,92.23
Fe2.07V0.9Ti0.03Al,Fe2.000,V1.000,Ti0.029Al0.971,399.4,4.15e-06,0.2100000000000008,0.0,0.0,9.0,20.885461399999997,12.283026138109568,8.0,2.25333333333e-05,8.0,16.48609,1.60797,1.54,0.0,0.0001379791,1.63,3.0,4.0,224.101,90.8
Fe2.07V0.88Ti0.05Al,Fe2.000,V1.000,Ti0.048Al0.952,100.6,3.23e-06,0.2100000000000008,0.0,0.0,9.0,20.885461399999997,19.9327093436221,8.0,2.25333333333e-05,8.0,16.49008,1.60664,1.54,0.0,0.0002239104,1.63,3.0,4.0,223.512,27.2
Fe2.07V0.88Ti0.05Al,Fe2.000,V1.000,Ti0.048Al0.952,121.1,3.27e-06,0.2100000000000008,0.0,0.0,9.0,20.885461399999997,19.9327093436221,8.0,2.25333333333e-05,8.0,16.49008,1.60664,1.54,0.0,0.0002239104,1.63,3.0,4.0,223.512,32.38
Fe2.07V0.88Ti0.05Al,Fe2.000,V1.000,Ti0.048Al0.952,140.4,3.31e-06,0.2100000000000008,0.0,0.0,9.0,20.885461399999997,19.9327093436221,8.0,2.25333333333e-05,8.0,16.49008,1.60664,1.54,0.0,0.0002239104,1.63,3.0,4.0,223.512,37.44
Fe2.07V0.88Ti0.05Al,Fe2.000,V1.000,Ti0.048Al0.952,161.4,3.35e-06,0.2100000000000008,0.0,0.0,9.0,20.885461399999997,19.9327093436221,8.0,2.25333333333e-05,8.0,16.49008,1.60664,1.54,0.0,0.0002239104,1.63,3.0,4.0,223.512,43.13
Fe2.07V0.88Ti0.05Al,Fe2.000,V1.000,Ti0.048Al0.952,180.7,3.39e-06,0.2100000000000008,0.0,0.0,9.0,20.885461399999997,19.9327093436221,8.0,2.25333333333e-05,8.0,16.49008,1.60664,1.54,0.0,0.0002239104,1.63,3.0,4.0,223.512,48.45
Fe2.07V0.88Ti0.05Al,Fe2.000,V1.000,Ti0.048Al0.952,201.2,3.44e-06,0.2100000000000008,0.0,0.0,9.0,20.885461399999997,19.9327093436221,8.0,2.25333333333e-05,8.0,16.49008,1.60664,1.54,0.0,0.0002239104,1.63,3.0,4.0,223.512,54.15
Fe2.07V0.88Ti0.05Al,Fe2.000,V1.000,Ti0.048Al0.952,221.1,3.5e-06,0.2100000000000008,0.0,0.0,9.0,20.885461399999997,19.9327093436221,8.0,2.25333333333e-05,8.0,16.49008,1.60664,1.54,0.0,0.0002239104,1.63,3.0,4.0,223.512,59.07
Fe2.07V0.88Ti0.05Al,Fe2.000,V1.000,Ti0.048Al0.952,240.4,3.56e-06,0.2100000000000008,0.0,0.0,9.0,20.885461399999997,19.9327093436221,8.0,2.25333333333e-05,8.0,16.49008,1.60664,1.54,0.0,0.0002239104,1.63,3.0,4.0,223.512,64.51
Fe2.07V0.88Ti0.05Al,Fe2.000,V1.000,Ti0.048Al0.952,259.0,3.62e-06,0.2100000000000008,0.0,0.0,9.0,20.885461399999997,19.9327093436221,8.0,2.25333333333e-05,8.0,16.49008,1.60664,1.54,0.0,0.0002239104,1.63,3.0,4.0,223.512,69.04
Fe2.07V0.88Ti0.05Al,Fe2.000,V1.000,Ti0.048Al0.952,280.1,3.69e-06,0.2100000000000008,0.0,0.0,9.0,20.885461399999997,19.9327093436221,8.0,2.25333333333e-05,8.0,16.49008,1.60664,1.54,0.0,0.0002239104,1.63,3.0,4.0,223.512,72.28
Fe2.07V0.88Ti0.05Al,Fe2.000,V1.000,Ti0.048Al0.952,300.0,3.75e-06,0.2100000000000008,0.0,0.0,9.0,20.885461399999997,19.9327093436221,8.0,2.25333333333e-05,8.0,16.49008,1.60664,1.54,0.0,0.0002239104,1.63,3.0,4.0,223.512,75.13
Fe2.07V0.88Ti0.05Al,Fe2.000,V1.000,Ti0.048Al0.952,319.9,3.8e-06,0.2100000000000008,0.0,0.0,9.0,20.885461399999997,19.9327093436221,8.0,2.25333333333e-05,8.0,16.49008,1.60664,1.54,0.0,0.0002239104,1.63,3.0,4.0,223.512,76.42
Fe2.07V0.88Ti0.05Al,Fe2.000,V1.000,Ti0.048Al0.952,340.4,3.84e-06,0.2100000000000008,0.0,0.0,9.0,20.885461399999997,19.9327093436221,8.0,2.25333333333e-05,8.0,16.49008,1.60664,1.54,0.0,0.0002239104,1.63,3.0,4.0,223.512,76.68
Fe2.07V0.88Ti0.05Al,Fe2.000,V1.000,Ti0.048Al0.952,360.2,3.85e-06,0.2100000000000008,0.0,0.0,9.0,20.885461399999997,19.9327093436221,8.0,2.25333333333e-05,8.0,16.49008,1.60664,1.54,0.0,0.0002239104,1.63,3.0,4.0,223.512,75.26
Fe2.07V0.88Ti0.05Al,Fe2.000,V1.000,Ti0.048Al0.952,380.1,3.82e-06,0.2100000000000008,0.0,0.0,9.0,20.885461399999997,19.9327093436221,8.0,2.25333333333e-05,8.0,16.49008,1.60664,1.54,0.0,0.0002239104,1.63,3.0,4.0,223.512,72.54
Fe2.07V0.88Ti0.05Al,Fe2.000,V1.000,Ti0.048Al0.952,400.6,3.77e-06,0.2100000000000008,0.0,0.0,9.0,20.885461399999997,19.9327093436221,8.0,2.25333333333e-05,8.0,16.49008,1.60664,1.54,0.0,0.0002239104,1.63,3.0,4.0,223.512,71.5
Fe2.07V0.83Ti0.1Al,Fe2.000,V0.892Ti0.108,Al1.000,100.0,1.94e-06,0.0,0.0,2.25333333333e-05,0.0,0.0,0.0,0.0,0.0,0.0,16.48,1.61,1.61,35.0,0.0,1.62028,0.0,13.0,225.0,38.86
Fe2.07V0.83Ti0.1Al,Fe2.000,V0.892Ti0.108,Al1.000,119.9,1.95e-06,0.0,0.0,2.25333333333e-05,0.0,0.0,0.0,0.0,0.0,0.0,16.48,1.61,1.61,35.0,0.0,1.62028,0.0,13.0,225.0,43.78
Fe2.07V0.83Ti0.1Al,Fe2.000,V0.892Ti0.108,Al1.000,141.6,2.01e-06,0.0,0.0,2.25333333333e-05,0.0,0.0,0.0,0.0,0.0,0.0,16.48,1.61,1.61,35.0,0.0,1.62028,0.0,13.0,225.0,50.13
Fe2.07V0.83Ti0.1Al,Fe2.000,V0.892Ti0.108,Al1.000,160.2,2.08e-06,0.0,0.0,2.25333333333e-05,0.0,0.0,0.0,0.0,0.0,0.0,16.48,1.61,1.61,35.0,0.0,1.62028,0.0,13.0,225.0,53.5
Fe2.07V0.83Ti0.1Al,Fe2.000,V0.892Ti0.108,Al1.000,180.1,2.15e-06,0.0,0.0,2.25333333333e-05,0.0,0.0,0.0,0.0,0.0,0.0,16.48,1.61,1.61,35.0,0.0,1.62028,0.0,13.0,225.0,57.9
Fe2.07V0.83Ti0.1Al,Fe2.000,V0.892Ti0.108,Al1.000,200.6,2.2e-06,0.0,0.0,2.25333333333e-05,0.0,0.0,0.0,0.0,0.0,0.0,16.48,1.61,1.61,35.0,0.0,1.62028,0.0,13.0,225.0,62.18
Fe2.07V0.83Ti0.1Al,Fe2.000,V0.892Ti0.108,Al1.000,220.5,2.26e-06,0.0,0.0,2.25333333333e-05,0.0,0.0,0.0,0.0,0.0,0.0,16.48,1.61,1.61,35.0,0.0,1.62028,0.0,13.0,225.0,67.23
Fe2.07V0.83Ti0.1Al,Fe2.000,V0.892Ti0.108,Al1.000,239.8,2.33e-06,0.0,0.0,2.25333333333e-05,0.0,0.0,0.0,0.0,0.0,0.0,16.48,1.61,1.61,35.0,0.0,1.62028,0.0,13.0,225.0,71.37
Fe2.07V0.83Ti0.1Al,Fe2.000,V0.892Ti0.108,Al1.000,260.2,2.39e-06,0.0,0.0,2.25333333333e-05,0.0,0.0,0.0,0.0,0.0,0.0,16.48,1.61,1.61,35.0,0.0,1.62028,0.0,13.0,225.0,75.78
Fe2.07V0.83Ti0.1Al,Fe2.000,V0.892Ti0.108,Al1.000,279.5,2.45e-06,0.0,0.0,2.25333333333e-05,0.0,0.0,0.0,0.0,0.0,0.0,16.48,1.61,1.61,35.0,0.0,1.62028,0.0,13.0,225.0,79.27
Fe2.07V0.83Ti0.1Al,Fe2.000,V0.892Ti0.108,Al1.000,300.0,2.54e-06,0.0,0.0,2.25333333333e-05,0.0,0.0,0.0,0.0,0.0,0.0,16.48,1.61,1.61,35.0,0.0,1.62028,0.0,13.0,225.0,83.16
Fe2.07V0.83Ti0.1Al,Fe2.000,V0.892Ti0.108,Al1.000,319.3,2.61e-06,0.0,0.0,2.25333333333e-05,0.0,0.0,0.0,0.0,0.0,0.0,16.48,1.61,1.61,35.0,0.0,1.62028,0.0,13.0,225.0,85.62
Fe2.07V0.83Ti0.1Al,Fe2.000,V0.892Ti0.108,Al1.000,340.4,2.61e-06,0.0,0.0,2.25333333333e-05,0.0,0.0,0.0,0.0,0.0,0.0,16.48,1.61,1.61,35.0,0.0,1.62028,0.0,13.0,225.0,87.82
Fe2.07V0.83Ti0.1Al,Fe2.000,V0.892Ti0.108,Al1.000,359.6,2.74e-06,0.0,0.0,2.25333333333e-05,0.0,0.0,0.0,0.0,0.0,0.0,16.48,1.61,1.61,35.0,0.0,1.62028,0.0,13.0,225.0,89.25
Fe2.07V0.83Ti0.1Al,Fe2.000,V0.892Ti0.108,Al1.000,379.5,3.1e-06,0.0,0.0,2.25333333333e-05,0.0,0.0,0.0,0.0,0.0,0.0,16.48,1.61,1.61,35.0,0.0,1.62028,0.0,13.0,225.0,90.8
Fe2.07V0.83Ti0.1Al,Fe2.000,V0.892Ti0.108,Al1.000,399.4,3.02e-06,0.0,0.0,2.25333333333e-05,0.0,0.0,0.0,0.0,0.0,0.0,16.48,1.61,1.61,35.0,0.0,1.62028,0.0,13.0,225.0,91.97
Fe2V0.84Ti0.16Al0.97Sb0.03,Fe2.000,V0.840Ti0.160,Al0.970Sb0.030,346.318,4.04e-06,15.079999999999998,0.0,2.25333333333e-05,38.0,94.7784614,261.4040412897225,0.0,0.0,0.0,16.9324,1.6232,1.61,35.0,0.0056337599999999,1.6155999999999997,2.0,13.0,223.23,89.3392
Fe2V0.84Ti0.16Al0.97Sb0.03,Fe2.000,V0.840Ti0.160,Al0.970Sb0.030,395.012,4.08e-06,15.079999999999998,0.0,2.25333333333e-05,38.0,94.7784614,261.4040412897225,0.0,0.0,0.0,16.9324,1.6232,1.61,35.0,0.0056337599999999,1.6155999999999997,2.0,13.0,223.23,91.0794
Fe2V0.84Ti0.16Al0.97Sb0.03,Fe2.000,V0.840Ti0.160,Al0.970Sb0.030,442.518,4.12e-06,15.079999999999998,0.0,2.25333333333e-05,38.0,94.7784614,261.4040412897225,0.0,0.0,0.0,16.9324,1.6232,1.61,35.0,0.0056337599999999,1.6155999999999997,2.0,13.0,223.23,84.1377
Fe2V0.84Ti0.16Al0.97Sb0.03,Fe2.000,V0.840Ti0.160,Al0.970Sb0.030,491.211,4.1e-06,15.079999999999998,0.0,2.25333333333e-05,38.0,94.7784614,261.4040412897225,0.0,0.0,0.0,16.9324,1.6232,1.61,35.0,0.0056337599999999,1.6155999999999997,2.0,13.0,223.23,73.4709
Fe2V0.84Ti0.16Al0.97Sb0.03,Fe2.000,V0.840Ti0.160,Al0.970Sb0.030,541.093,4.01e-06,15.079999999999998,0.0,2.25333333333e-05,38.0,94.7784614,261.4040412897225,0.0,0.0,0.0,16.9324,1.6232,1.61,35.0,0.0056337599999999,1.6155999999999997,2.0,13.0,223.23,63.4216
Fe2V0.84Ti0.16Al0.97Sb0.03,Fe2.000,V0.840Ti0.160,Al0.970Sb0.030,594.537,3.89e-06,15.079999999999998,0.0,2.25333333333e-05,38.0,94.7784614,261.4040412897225,0.0,0.0,0.0,16.9324,1.6232,1.61,35.0,0.0056337599999999,1.6155999999999997,2.0,13.0,223.23,52.1227
Fe2V0.84Ti0.16Al0.97Sb0.03,Fe2.000,V0.840Ti0.160,Al0.970Sb0.030,642.043,3.79e-06,15.079999999999998,0.0,2.25333333333e-05,38.0,94.7784614,261.4040412897225,0.0,0.0,0.0,16.9324,1.6232,1.61,35.0,0.0056337599999999,1.6155999999999997,2.0,13.0,223.23,38.3572
Fe2V0.84Ti0.16Al0.97Sb0.03,Fe2.000,V0.840Ti0.160,Al0.970Sb0.030,694.299,3.63e-06,15.079999999999998,0.0,2.25333333333e-05,38.0,94.7784614,261.4040412897225,0.0,0.0,0.0,16.9324,1.6232,1.61,35.0,0.0056337599999999,1.6155999999999997,2.0,13.0,223.23,29.5427
Fe2V0.84Ti0.16Al0.97Sb0.03,Fe2.000,V0.840Ti0.160,Al0.970Sb0.030,746.556,3.4e-06,15.079999999999998,0.0,2.25333333333e-05,38.0,94.7784614,261.4040412897225,0.0,0.0,0.0,16.9324,1.6232,1.61,35.0,0.0056337599999999,1.6155999999999997,2.0,13.0,223.23,19.4875
Fe2V0.90Ti0.10Al,Fe2.000,V1.000,Ti0.091Al0.909,348.694,4.24e-06,0.2100000000000008,0.0,0.0,9.0,20.885461399999997,36.08223442303651,8.0,2.25333333333e-05,8.0,16.49911,1.60363,1.54,0.0,0.0004053231,1.63,3.0,4.0,222.179,84.9908
Fe2V0.90Ti0.10Al,Fe2.000,V1.000,Ti0.091Al0.909,391.449,4.28e-06,0.2100000000000008,0.0,0.0,9.0,20.885461399999997,36.08223442303651,8.0,2.25333333333e-05,8.0,16.49911,1.60363,1.54,0.0,0.0004053231,1.63,3.0,4.0,222.179,87.9865
Fe2V0.90Ti0.10Al,Fe2.000,V1.000,Ti0.091Al0.909,443.705,4.27e-06,0.2100000000000008,0.0,0.0,9.0,20.885461399999997,36.08223442303651,8.0,2.25333333333e-05,8.0,16.49911,1.60363,1.54,0.0,0.0004053231,1.63,3.0,4.0,222.179,79.7923
Fe2V0.90Ti0.10Al,Fe2.000,V1.000,Ti0.091Al0.909,497.15,4.15e-06,0.2100000000000008,0.0,0.0,9.0,20.885461399999997,36.08223442303651,8.0,2.25333333333e-05,8.0,16.49911,1.60363,1.54,0.0,0.0004053231,1.63,3.0,4.0,222.179,69.7341
Fe2V0.90Ti0.10Al,Fe2.000,V1.000,Ti0.091Al0.909,544.656,4.05e-06,0.2100000000000008,0.0,0.0,9.0,20.885461399999997,36.08223442303651,8.0,2.25333333333e-05,8.0,16.49911,1.60363,1.54,0.0,0.0004053231,1.63,3.0,4.0,222.179,56.5889
Fe2V0.90Ti0.10Al,Fe2.000,V1.000,Ti0.091Al0.909,593.349,3.92e-06,0.2100000000000008,0.0,0.0,9.0,20.885461399999997,36.08223442303651,8.0,2.25333333333e-05,8.0,16.49911,1.60363,1.54,0.0,0.0004053231,1.63,3.0,4.0,222.179,44.0612
Fe2V0.90Ti0.10Al,Fe2.000,V1.000,Ti0.091Al0.909,640.855,3.69e-06,0.2100000000000008,0.0,0.0,9.0,20.885461399999997,36.08223442303651,8.0,2.25333333333e-05,8.0,16.49911,1.60363,1.54,0.0,0.0004053231,1.63,3.0,4.0,222.179,34.0177
Fe2V0.90Ti0.10Al,Fe2.000,V1.000,Ti0.091Al0.909,694.299,3.56e-06,0.2100000000000008,0.0,0.0,9.0,20.885461399999997,36.08223442303651,8.0,2.25333333333e-05,8.0,16.49911,1.60363,1.54,0.0,0.0004053231,1.63,3.0,4.0,222.179,22.0985
Fe2V0.90Ti0.10Al,Fe2.000,V1.000,Ti0.091Al0.909,745.368,3.44e-06,0.2100000000000008,0.0,0.0,9.0,20.885461399999997,36.08223442303651,8.0,2.25333333333e-05,8.0,16.49911,1.60363,1.54,0.0,0.0004053231,1.63,3.0,4.0,222.179,14.5276
Fe2VAl0.90Si0.07Sb0.03,Fe2.000,V1.000,Al0.900Si0.070Sb0.030,351.069,4.08e-06,15.079999999999998,0.0388991379,0.0,38.0,94.7784614,261.0439272586893,0.0,0.0,0.0,17.209600000000002,1.6435,1.61,0.0,0.0105727499999999,1.63,2.0,13.0,223.37,-113.526
Fe2VAl0.90Si0.07Sb0.03,Fe2.000,V1.000,Al0.900Si0.070Sb0.030,390.261,4.22e-06,15.079999999999998,0.0388991379,0.0,38.0,94.7784614,261.0439272586893,0.0,0.0,0.0,17.209600000000002,1.6435,1.61,0.0,0.0105727499999999,1.63,2.0,13.0,223.37,-112.383
Fe2VAl0.90Si0.07Sb0.03,Fe2.000,V1.000,Al0.900Si0.070Sb0.030,442.518,4.3e-06,15.079999999999998,0.0388991379,0.0,38.0,94.7784614,261.0439272586893,0.0,0.0,0.0,17.209600000000002,1.6435,1.61,0.0,0.0105727499999999,1.63,2.0,13.0,223.37,-105.689
Fe2VAl0.90Si0.07Sb0.03,Fe2.000,V1.000,Al0.900Si0.070Sb0.030,492.399,4.34e-06,15.079999999999998,0.0388991379,0.0,38.0,94.7784614,261.0439272586893,0.0,0.0,0.0,17.209600000000002,1.6435,1.61,0.0,0.0105727499999999,1.63,2.0,13.0,223.37,-92.7851
Fe2VAl0.90Si0.07Sb0.03,Fe2.000,V1.000,Al0.900Si0.070Sb0.030,544.656,4.31e-06,15.079999999999998,0.0388991379,0.0,38.0,94.7784614,261.0439272586893,0.0,0.0,0.0,17.209600000000002,1.6435,1.61,0.0,0.0105727499999999,1.63,2.0,13.0,223.37,-79.8875
Fe2VAl0.90Si0.07Sb0.03,Fe2.000,V1.000,Al0.900Si0.070Sb0.030,594.537,4.22e-06,15.079999999999998,0.0388991379,0.0,38.0,94.7784614,261.0439272586893,0.0,0.0,0.0,17.209600000000002,1.6435,1.61,0.0,0.0105727499999999,1.63,2.0,13.0,223.37,-67.6043
Fe2VAl0.90Si0.07Sb0.03,Fe2.000,V1.000,Al0.900Si0.070Sb0.030,644.418,4.09e-06,15.079999999999998,0.0388991379,0.0,38.0,94.7784614,261.0439272586893,0.0,0.0,0.0,17.209600000000002,1.6435,1.61,0.0,0.0105727499999999,1.63,2.0,13.0,223.37,-55.3211
Fe2VAl0.90Si0.07Sb0.03,Fe2.000,V1.000,Al0.900Si0.070Sb0.030,695.487,3.91e-06,15.079999999999998,0.0388991379,0.0,38.0,94.7784614,261.0439272586893,0.0,0.0,0.0,17.209600000000002,1.6435,1.61,0.0,0.0105727499999999,1.63,2.0,13.0,223.37,-46.1426
Fe2VAl0.90Si0.07Sb0.03,Fe2.000,V1.000,Al0.900Si0.070Sb0.030,744.181,3.81e-06,15.079999999999998,0.0388991379,0.0,38.0,94.7784614,261.0439272586893,0.0,0.0,0.0,17.209600000000002,1.6435,1.61,0.0,0.0105727499999999,1.63,2.0,13.0,223.37,-38.8193
Fe2VAl0.90Si0.10,Fe2.000,V1.000,Al0.900Si0.100,349.881,4.11e-06,3.960000000000001,0.05377761,0.0,1.0,1.103961399999999,0.1096857695420962,0.0,0.0,0.0,16.876,1.639,1.61,0.0,0.0075689999999999,1.63,1.0,13.0,225.2,-122.208
Fe2VAl0.90Si0.10,Fe2.000,V1.000,Al0.900Si0.100,390.261,4.23e-06,3.960000000000001,0.05377761,0.0,1.0,1.103961399999999,0.1096857695420962,0.0,0.0,0.0,16.876,1.639,1.61,0.0,0.0075689999999999,1.63,1.0,13.0,225.2,-113.623
Fe2VAl0.90Si0.10,Fe2.000,V1.000,Al0.900Si0.100,442.518,4.32e-06,3.960000000000001,0.05377761,0.0,1.0,1.103961399999999,0.1096857695420962,0.0,0.0,0.0,16.876,1.639,1.61,0.0,0.0075689999999999,1.63,1.0,13.0,225.2,-109.411
Fe2VAl0.90Si0.10,Fe2.000,V1.000,Al0.900Si0.100,491.211,4.36e-06,3.960000000000001,0.05377761,0.0,1.0,1.103961399999999,0.1096857695420962,0.0,0.0,0.0,16.876,1.639,1.61,0.0,0.0075689999999999,1.63,1.0,13.0,225.2,-97.1246
Fe2VAl0.90Si0.10,Fe2.000,V1.000,Al0.900Si0.100,543.468,4.29e-06,3.960000000000001,0.05377761,0.0,1.0,1.103961399999999,0.1096857695420962,0.0,0.0,0.0,16.876,1.639,1.61,0.0,0.0075689999999999,1.63,1.0,13.0,225.2,-82.3659
Fe2VAl0.90Si0.10,Fe2.000,V1.000,Al0.900Si0.100,593.349,4.13e-06,3.960000000000001,0.05377761,0.0,1.0,1.103961399999999,0.1096857695420962,0.0,0.0,0.0,16.876,1.639,1.61,0.0,0.0075689999999999,1.63,1.0,13.0,225.2,-69.4624
Fe2VAl0.90Si0.10,Fe2.000,V1.000,Al0.900Si0.100,642.043,3.88e-06,3.960000000000001,0.05377761,0.0,1.0,1.103961399999999,0.1096857695420962,0.0,0.0,0.0,16.876,1.639,1.61,0.0,0.0075689999999999,1.63,1.0,13.0,225.2,-57.1763
Fe2VAl0.90Si0.10,Fe2.000,V1.000,Al0.900Si0.100,696.675,3.7e-06,3.960000000000001,0.05377761,0.0,1.0,1.103961399999999,0.1096857695420962,0.0,0.0,0.0,16.876,1.639,1.61,0.0,0.0075689999999999,1.63,1.0,13.0,225.2,-46.7659
Fe2VAl0.90Si0.10,Fe2.000,V1.000,Al0.900Si0.100,742.993,3.6e-06,3.960000000000001,0.05377761,0.0,1.0,1.103961399999999,0.1096857695420962,0.0,0.0,0.0,16.876,1.639,1.61,0.0,0.0075689999999999,1.63,1.0,13.0,225.2,-39.4367
Fe2VAl0.97Sb0.03,Fe2.000,V1.000,Al0.970Sb0.030,348.694,6.99e-06,15.079999999999998,0.0,0.0,38.0,94.7784614,261.4040412897225,0.0,0.0,0.0,16.9324,1.6232,1.61,0.0,0.0056337599999999,1.63,2.0,13.0,223.23,-111.039
Fe2VAl0.97Sb0.03,Fe2.000,V1.000,Al0.970Sb0.030,393.824,6.45e-06,15.079999999999998,0.0,0.0,38.0,94.7784614,261.4040412897225,0.0,0.0,0.0,16.9324,1.6232,1.61,0.0,0.0056337599999999,1.63,2.0,13.0,223.23,-96.2626
Fe2VAl0.97Sb0.03,Fe2.000,V1.000,Al0.970Sb0.030,444.893,5.91e-06,15.079999999999998,0.0,0.0,38.0,94.7784614,261.4040412897225,0.0,0.0,0.0,16.9324,1.6232,1.61,0.0,0.0056337599999999,1.63,2.0,13.0,223.23,-79.0196
Fe2VAl0.97Sb0.03,Fe2.000,V1.000,Al0.970Sb0.030,492.399,5.41e-06,15.079999999999998,0.0,0.0,38.0,94.7784614,261.4040412897225,0.0,0.0,0.0,16.9324,1.6232,1.61,0.0,0.0056337599999999,1.63,2.0,13.0,223.23,-60.527
Fe2VAl0.97Sb0.03,Fe2.000,V1.000,Al0.970Sb0.030,543.468,4.93e-06,15.079999999999998,0.0,0.0,38.0,94.7784614,261.4040412897225,0.0,0.0,0.0,16.9324,1.6232,1.61,0.0,0.0056337599999999,1.63,2.0,13.0,223.23,-47.0061
Fe2VAl0.97Sb0.03,Fe2.000,V1.000,Al0.970Sb0.030,592.162,4.61e-06,15.079999999999998,0.0,0.0,38.0,94.7784614,261.4040412897225,0.0,0.0,0.0,16.9324,1.6232,1.61,0.0,0.0056337599999999,1.63,2.0,13.0,223.23,-37.2014
Fe2VAl0.97Sb0.03,Fe2.000,V1.000,Al0.970Sb0.030,643.23,4.27e-06,15.079999999999998,0.0,0.0,38.0,94.7784614,261.4040412897225,0.0,0.0,0.0,16.9324,1.6232,1.61,0.0,0.0056337599999999,1.63,2.0,13.0,223.23,-29.8839
Fe2VAl0.97Sb0.03,Fe2.000,V1.000,Al0.970Sb0.030,693.112,3.95e-06,15.079999999999998,0.0,0.0,38.0,94.7784614,261.4040412897225,0.0,0.0,0.0,16.9324,1.6232,1.61,0.0,0.0056337599999999,1.63,2.0,13.0,223.23,-25.0449
Fe2VAl0.97Sb0.03,Fe2.000,V1.000,Al0.970Sb0.030,742.993,3.76e-06,15.079999999999998,0.0,0.0,38.0,94.7784614,261.4040412897225,0.0,0.0,0.0,16.9324,1.6232,1.61,0.0,0.0056337599999999,1.63,2.0,13.0,223.23,-22.6873
Fe2VAl,Fe2.000,V1.000,Al1.000,5.6256,2.48e-05,0.0,0.0,0.0,0.0,0.0,0.0,0.0,0.0,0.0,16.48,1.61,1.61,0.0,0.0,1.63,0.0,13.0,225.0,2.3823
Fe2VAl,Fe2.000,V1.000,Al1.000,65.4735,2.18e-05,0.0,0.0,0.0,0.0,0.0,0.0,0.0,0.0,0.0,16.48,1.61,1.61,0.0,0.0,1.63,0.0,13.0,225.0,12.8532
Fe2VAl,Fe2.000,V1.000,Al1.000,144.6603,1.78e-05,0.0,0.0,0.0,0.0,0.0,0.0,0.0,0.0,0.0,16.48,1.61,1.61,0.0,0.0,1.63,0.0,13.0,225.0,22.1607
Fe2VAl,Fe2.000,V1.000,Al1.000,237.0337,1.32e-05,0.0,0.0,0.0,0.0,0.0,0.0,0.0,0.0,0.0,16.48,1.61,1.61,0.0,0.0,1.63,0.0,13.0,225.0,33.795
Fe2VAl,Fe2.000,V1.000,Al1.000,298.9661,1.04e-05,0.0,0.0,0.0,0.0,0.0,0.0,0.0,0.0,0.0,16.48,1.61,1.61,0.0,0.0,1.63,0.0,13.0,225.0,40.7756
Fe2V0.97Nb0.03Al,Fe2.000,V1.000,Nb0.029Al0.971,7.8004,2.69e-05,1.6999999999999993,0.0,0.0,28.0,65.92484139999999,122.3813994506891,6.0,0.0,6.0,16.5293,1.60971,1.6,0.0,2.815900000000005e-06,1.63,2.0,5.0,225.116,-7.313
Fe2V0.97Nb0.03Al,Fe2.000,V1.000,Nb0.029Al0.971,59.9915,2.45e-05,1.6999999999999993,0.0,0.0,28.0,65.92484139999999,122.3813994506891,6.0,0.0,6.0,16.5293,1.60971,1.6,0.0,2.815900000000005e-06,1.63,2.0,5.0,225.116,-29.8061
Fe2V0.97Nb0.03Al,Fe2.000,V1.000,Nb0.029Al0.971,115.1772,2.15e-05,1.6999999999999993,0.0,0.0,28.0,65.92484139999999,122.3813994506891,6.0,0.0,6.0,16.5293,1.60971,1.6,0.0,2.815900000000005e-06,1.63,2.0,5.0,225.116,-48.4211
Fe2V0.97Nb0.03Al,Fe2.000,V1.000,Nb0.029Al0.971,191.6851,1.67e-05,1.6999999999999993,0.0,0.0,28.0,65.92484139999999,122.3813994506891,6.0,0.0,6.0,16.5293,1.60971,1.6,0.0,2.815900000000005e-06,1.63,2.0,5.0,225.116,-64.7091
Fe2V0.97Nb0.03Al,Fe2.000,V1.000,Nb0.029Al0.971,256.6459,1.31e-05,1.6999999999999993,0.0,0.0,28.0,65.92484139999999,122.3813994506891,6.0,0.0,6.0,16.5293,1.60971,1.6,0.0,2.815900000000005e-06,1.63,2.0,5.0,225.116,-56.1773
Fe2V0.97Nb0.03Al,Fe2.000,V1.000,Nb0.029Al0.971,301.1832,1.08e-05,1.6999999999999993,0.0,0.0,28.0,65.92484139999999,122.3813994506891,6.0,0.0,6.0,16.5293,1.60971,1.6,0.0,2.815900000000005e-06,1.63,2.0,5.0,225.116,-41.8283
Fe2V0.94Nb0.06Al,Fe2.000,V1.000,Nb0.057Al0.943,7.8623,3.53e-05,1.6999999999999993,0.0,0.0,28.0,65.92484139999999,233.6063994415281,6.0,0.0,6.0,16.5769,1.60943,1.6,0.0,5.37510000000001e-06,1.63,2.0,5.0,225.228,-11.5789
Fe2V0.94Nb0.06Al,Fe2.000,V1.000,Nb0.057Al0.943,56.1717,3.18e-05,1.6999999999999993,0.0,0.0,28.0,65.92484139999999,233.6063994415281,6.0,0.0,6.0,16.5769,1.60943,1.6,0.0,5.37510000000001e-06,1.63,2.0,5.0,225.228,-46.8698
Fe2V0.94Nb0.06Al,Fe2.000,V1.000,Nb0.057Al0.943,118.5943,2.55e-05,1.6999999999999993,0.0,0.0,28.0,65.92484139999999,233.6063994415281,6.0,0.0,6.0,16.5769,1.60943,1.6,0.0,5.37510000000001e-06,1.63,2.0,5.0,225.228,-73.6288
Fe2V0.94Nb0.06Al,Fe2.000,V1.000,Nb0.057Al0.943,166.5318,2.01e-05,1.6999999999999993,0.0,0.0,28.0,65.92484139999999,233.6063994415281,6.0,0.0,6.0,16.5769,1.60943,1.6,0.0,5.37510000000001e-06,1.63,2.0,5.0,225.228,-83.3241
Fe2V0.94Nb0.06Al,Fe2.000,V1.000,Nb0.057Al0.943,243.4931,1.3e-05,1.6999999999999993,0.0,0.0,28.0,65.92484139999999,233.6063994415281,6.0,0.0,6.0,16.5769,1.60943,1.6,0.0,5.37510000000001e-06,1.63,2.0,5.0,225.228,-60.831
Fe2V0.94Nb0.06Al,Fe2.000,V1.000,Nb0.057Al0.943,299.0197,1.01e-05,1.6999999999999993,0.0,0.0,28.0,65.92484139999999,233.6063994415281,6.0,0.0,6.0,16.5769,1.60943,1.6,0.0,5.37510000000001e-06,1.63,2.0,5.0,225.228,-32.9086
Fe2V0.9Nb0.1Al,Fe2.000,V1.000,Nb0.091Al0.909,6.7834,4.57e-05,1.6999999999999993,0.0,0.0,28.0,65.92484139999999,359.5037814255319,6.0,0.0,6.0,16.634700000000002,1.60909,1.6,0.0,8.271900000000015e-06,1.63,2.0,5.0,225.364,-7.313
Fe2V0.9Nb0.1Al,Fe2.000,V1.000,Nb0.091Al0.909,87.714,3.44e-05,1.6999999999999993,0.0,0.0,28.0,65.92484139999999,359.5037814255319,6.0,0.0,6.0,16.634700000000002,1.60909,1.6,0.0,8.271900000000015e-06,1.63,2.0,5.0,225.364,-48.0332
Fe2V0.9Nb0.1Al,Fe2.000,V1.000,Nb0.091Al0.909,162.1992,2.37e-05,1.6999999999999993,0.0,0.0,28.0,65.92484139999999,359.5037814255319,6.0,0.0,6.0,16.634700000000002,1.60909,1.6,0.0,8.271900000000015e-06,1.63,2.0,5.0,225.364,-65.097
Fe2V0.9Nb0.1Al,Fe2.000,V1.000,Nb0.091Al0.909,229.1432,1.59e-05,1.6999999999999993,0.0,0.0,28.0,65.92484139999999,359.5037814255319,6.0,0.0,6.0,16.634700000000002,1.60909,1.6,0.0,8.271900000000015e-06,1.63,2.0,5.0,225.364,-53.0748
Fe2V0.9Nb0.1Al,Fe2.000,V1.000,Nb0.091Al0.909,298.9577,1.13e-05,1.6999999999999993,0.0,0.0,28.0,65.92484139999999,359.5037814255319,6.0,0.0,6.0,16.634700000000002,1.60909,1.6,0.0,8.271900000000015e-06,1.63,2.0,5.0,225.364,-28.6427
Fe2VAl0.95Si0.05,Fe2.000,V1.000,Al0.950Si0.050,199.0327,3.71e-06,3.960000000000001,0.0283826275,0.0,1.0,1.103961399999999,0.057889711702773,0.0,0.0,0.0,16.677999999999997,1.6245,1.61,0.0,0.0039947499999999,1.63,1.0,13.0,225.1,-102.7366
Fe2VAl0.95Si0.05,Fe2.000,V1.000,Al0.950Si0.050,272.0595,4.96e-06,3.960000000000001,0.0283826275,0.0,1.0,1.103961399999999,0.057889711702773,0.0,0.0,0.0,16.677999999999997,1.6245,1.61,0.0,0.0039947499999999,1.63,1.0,13.0,225.1,-124.5743
Fe2VAl0.95Si0.05,Fe2.000,V1.000,Al0.950Si0.050,342.0464,5.76e-06,3.960000000000001,0.0283826275,0.0,1.0,1.103961399999999,0.057889711702773,0.0,0.0,0.0,16.677999999999997,1.6245,1.61,0.0,0.0039947499999999,1.63,1.0,13.0,225.1,-121.2346
Fe2VAl0.95Si0.05,Fe2.000,V1.000,Al0.950Si0.050,400.1884,6.01e-06,3.960000000000001,0.0283826275,0.0,1.0,1.103961399999999,0.057889711702773,0.0,0.0,0.0,16.677999999999997,1.6245,1.61,0.0,0.0039947499999999,1.63,1.0,13.0,225.1,-97.4564
Fe2V0.975Ta0.025Al0.95Si0.05,Fe2.000,V1.000,Ta0.024Al0.927Si0.049,200.8479,3.3e-06,3.960000000000001,0.0278442538709999,0.0,60.0,153.9663414,554.9377928504298,7.0,0.0,7.0,16.7134,1.6215700000000002,1.5,0.0,0.0042774350999999,1.63,3.0,5.0,225.194,-115.6166
Fe2V0.975Ta0.025Al0.95Si0.05,Fe2.000,V1.000,Ta0.024Al0.927Si0.049,274.4491,3.97e-06,3.960000000000001,0.0278442538709999,0.0,60.0,153.9663414,554.9377928504298,7.0,0.0,7.0,16.7134,1.6215700000000002,1.5,0.0,0.0042774350999999,1.63,3.0,5.0,225.194,-133.9353
Fe2V0.975Ta0.025Al0.95Si0.05,Fe2.000,V1.000,Ta0.024Al0.927Si0.049,341.488,4.33e-06,3.960000000000001,0.0278442538709999,0.0,60.0,153.9663414,554.9377928504298,7.0,0.0,7.0,16.7134,1.6215700000000002,1.5,0.0,0.0042774350999999,1.63,3.0,5.0,225.194,-128.855
Fe2V0.975Ta0.025Al0.95Si0.05,Fe2.000,V1.000,Ta0.024Al0.927Si0.049,400.8295,4.45e-06,3.960000000000001,0.0278442538709999,0.0,60.0,153.9663414,554.9377928504298,7.0,0.0,7.0,16.7134,1.6215700000000002,1.5,0.0,0.0042774350999999,1.63,3.0,5.0,225.194,-110.9292
Fe2V0.95Ta0.05Al0.95Si0.05,Fe2.000,V1.000,Ta0.048Al0.905Si0.048,199.1797,3.98e-06,3.960000000000001,0.0272787817337507,0.0,60.0,153.9663414,1081.498969760822,7.0,0.0,7.0,16.748531468531468,1.6186313686313687,1.5,0.0,0.0045384864885364,1.63,3.0,5.0,225.28771228771225,-140.2357
Fe2V0.95Ta0.05Al0.95Si0.05,Fe2.000,V1.000,Ta0.048Al0.905Si0.048,268.6427,4.76e-06,3.960000000000001,0.0272787817337507,0.0,60.0,153.9663414,1081.498969760822,7.0,0.0,7.0,16.748531468531468,1.6186313686313687,1.5,0.0,0.0045384864885364,1.63,3.0,5.0,225.28771228771225,-153.3053
Fe2V0.95Ta0.05Al0.95Si0.05,Fe2.000,V1.000,Ta0.048Al0.905Si0.048,341.5271,5.26e-06,3.960000000000001,0.0272787817337507,0.0,60.0,153.9663414,1081.498969760822,7.0,0.0,7.0,16.748531468531468,1.6186313686313687,1.5,0.0,0.0045384864885364,1.63,3.0,5.0,225.28771228771225,-138.8157
Fe2V0.95Ta0.05Al0.95Si0.05,Fe2.000,V1.000,Ta0.048Al0.905Si0.048,400.8548,5.27e-06,3.960000000000001,0.0272787817337507,0.0,60.0,153.9663414,1081.498969760822,7.0,0.0,7.0,16.748531468531468,1.6186313686313687,1.5,0.0,0.0045384864885364,1.63,3.0,5.0,225.28771228771225,-117.3744
Fe2V0.9Ti0.1Al,Fe2.000,V1.000,Ti0.091Al0.909,200.0,2.28e-06,0.2100000000000008,0.0,0.0,9.0,20.885461399999997,36.08223442303651,8.0,2.25333333333e-05,8.0,16.49911,1.60363,1.54,0.0,0.0004053231,1.63,3.0,4.0,222.179,62.3605
Fe2V0.9Ti0.1Al,Fe2.000,V1.000,Ti0.091Al0.909,253.3708,2.56e-06,0.2100000000000008,0.0,0.0,9.0,20.885461399999997,36.08223442303651,8.0,2.25333333333e-05,8.0,16.49911,1.60363,1.54,0.0,0.0004053231,1.63,3.0,4.0,222.179,77.619
Fe2V0.9Ti0.1Al,Fe2.000,V1.000,Ti0.091Al0.909,313.4831,2.91e-06,0.2100000000000008,0.0,0.0,9.0,20.885461399999997,36.08223442303651,8.0,2.25333333333e-05,8.0,16.49911,1.60363,1.54,0.0,0.0004053231,1.63,3.0,4.0,222.179,83.4506
Fe2V0.9Ti0.1Al,Fe2.000,V1.000,Ti0.091Al0.909,352.2472,3.14e-06,0.2100000000000008,0.0,0.0,9.0,20.885461399999997,36.08223442303651,8.0,2.25333333333e-05,8.0,16.49911,1.60363,1.54,0.0,0.0004053231,1.63,3.0,4.0,222.179,89.9205
Fe2V0.9Ti0.1Al,Fe2.000,V1.000,Ti0.091Al0.909,398.8764,3.44e-06,0.2100000000000008,0.0,0.0,9.0,20.885461399999997,36.08223442303651,8.0,2.25333333333e-05,8.0,16.49911,1.60363,1.54,0.0,0.0004053231,1.63,3.0,4.0,222.179,91.3474
Fe2V0.8Ta0.1Ti0.1Al,Fe2.000,V0.889Ta0.111,Ti0.091Al0.909,200.5618,2.02e-06,0.2100000000000008,0.0,0.0,9.0,20.885461399999997,36.08223442303651,8.0,2.25333333333e-05,8.0,16.49911,1.60363,1.54,0.0,0.0004053231,1.61557,3.0,4.0,222.179,59.6648
Fe2V0.8Ta0.1Ti0.1Al,Fe2.000,V0.889Ta0.111,Ti0.091Al0.909,266.8539,2.29e-06,0.2100000000000008,0.0,0.0,9.0,20.885461399999997,36.08223442303651,8.0,2.25333333333e-05,8.0,16.49911,1.60363,1.54,0.0,0.0004053231,1.61557,3.0,4.0,222.179,74.2709
Fe2V0.8Ta0.1Ti0.1Al,Fe2.000,V0.889Ta0.111,Ti0.091Al0.909,332.0225,2.57e-06,0.2100000000000008,0.0,0.0,9.0,20.885461399999997,36.08223442303651,8.0,2.25333333333e-05,8.0,16.49911,1.60363,1.54,0.0,0.0004053231,1.61557,3.0,4.0,222.179,86.1785
Fe2V0.8Ta0.1Ti0.1Al,Fe2.000,V0.889Ta0.111,Ti0.091Al0.909,398.3146,2.89e-06,0.2100000000000008,0.0,0.0,9.0,20.885461399999997,36.08223442303651,8.0,2.25333333333e-05,8.0,16.49911,1.60363,1.54,0.0,0.0004053231,1.61557,3.0,4.0,222.179,95.0543
Fe2V0.7Ta0.2Ti0.1Al,Fe2.000,V0.778Ta0.222,Ti0.091Al0.909,201.1236,1.82e-06,0.2100000000000008,0.0,0.0,9.0,20.885461399999997,36.08223442303651,8.0,2.25333333333e-05,8.0,16.49911,1.60363,1.54,0.0,0.0004053231,1.60114,3.0,4.0,222.179,51.913
Fe2V0.7Ta0.2Ti0.1Al,Fe2.000,V0.778Ta0.222,Ti0.091Al0.909,255.0562,2.09e-06,0.2100000000000008,0.0,0.0,9.0,20.885461399999997,36.08223442303651,8.0,2.25333333333e-05,8.0,16.49911,1.60363,1.54,0.0,0.0004053231,1.60114,3.0,4.0,222.179,63.1274
Fe2V0.7Ta0.2Ti0.1Al,Fe2.000,V0.778Ta0.222,Ti0.091Al0.909,316.2921,2.4e-06,0.2100000000000008,0.0,0.0,9.0,20.885461399999997,36.08223442303651,8.0,2.25333333333e-05,8.0,16.49911,1.60363,1.54,0.0,0.0004053231,1.60114,3.0,4.0,222.179,73.343
Fe2V0.7Ta0.2Ti0.1Al,Fe2.000,V0.778Ta0.222,Ti0.091Al0.909,367.9775,2.69e-06,0.2100000000000008,0.0,0.0,9.0,20.885461399999997,36.08223442303651,8.0,2.25333333333e-05,8.0,16.49911,1.60363,1.54,0.0,0.0004053231,1.60114,3.0,4.0,222.179,82.1942
Fe2V0.7Ta0.2Ti0.1Al,Fe2.000,V0.778Ta0.222,Ti0.091Al0.909,399.4382,2.88e-06,0.2100000000000008,0.0,0.0,9.0,20.885461399999997,36.08223442303651,8.0,2.25333333333e-05,8.0,16.49911,1.60363,1.54,0.0,0.0004053231,1.60114,3.0,4.0,222.179,85.2809
Fe2V0.8W0.05Ti0.15Al,Fe2.000,V0.941W0.059,Ti0.130Al0.870,299.3658,1.94e-06,0.2100000000000008,0.0,0.0,9.0,20.885461399999997,49.33450251145964,8.0,2.25333333333e-05,8.0,16.5073,1.6009,1.54,0.0,0.00055419,1.6730699999999998,3.0,4.0,220.97,73.6366
Fe2V0.8W0.05Ti0.15Al,Fe2.000,V0.941W0.059,Ti0.130Al0.870,333.916,2.09e-06,0.2100000000000008,0.0,0.0,9.0,20.885461399999997,49.33450251145964,8.0,2.25333333333e-05,8.0,16.5073,1.6009,1.54,0.0,0.00055419,1.6730699999999998,3.0,4.0,220.97,75.9052
Fe2V0.8W0.05Ti0.15Al,Fe2.000,V0.941W0.059,Ti0.130Al0.870,362.5219,2.25e-06,0.2100000000000008,0.0,0.0,9.0,20.885461399999997,49.33450251145964,8.0,2.25333333333e-05,8.0,16.5073,1.6009,1.54,0.0,0.00055419,1.6730699999999998,3.0,4.0,220.97,77.1713
Fe2V0.8W0.05Ti0.15Al,Fe2.000,V0.941W0.059,Ti0.130Al0.870,400.1867,2.48e-06,0.2100000000000008,0.0,0.0,9.0,20.885461399999997,49.33450251145964,8.0,2.25333333333e-05,8.0,16.5073,1.6009,1.54,0.0,0.00055419,1.6730699999999998,3.0,4.0,220.97,79.7701
Fe2V0.7W0.1Ti0.2Al,Fe2.000,V0.778Ti0.222,W0.091Al0.909,299.6668,1.94e-06,0.4299999999999997,0.0,2.25333333333e-05,61.0,156.8584614,2035.2659976478592,6.0,0.0,6.0,16.44087,1.6782500000000002,1.61,35.0,0.0465294374999999,1.61002,1.0,6.0,225.364,69.8856
Fe2V0.7W0.1Ti0.2Al,Fe2.000,V0.778Ti0.222,W0.091Al0.909,340.4397,2.15e-06,0.4299999999999997,0.0,2.25333333333e-05,61.0,156.8584614,2035.2659976478592,6.0,0.0,6.0,16.44087,1.6782500000000002,1.61,35.0,0.0465294374999999,1.61002,1.0,6.0,225.364,74.1784
Fe2V0.7W0.1Ti0.2Al,Fe2.000,V0.778Ti0.222,W0.091Al0.909,399.8986,2.46e-06,0.4299999999999997,0.0,2.25333333333e-05,61.0,156.8584614,2035.2659976478592,6.0,0.0,6.0,16.44087,1.6782500000000002,1.61,35.0,0.0465294374999999,1.61002,1.0,6.0,225.364,80.7939
Fe2VAl,Fe2.000,V1.000,Al1.000,87.5,1.98e-05,0.0,0.0,0.0,0.0,0.0,0.0,0.0,0.0,0.0,16.48,1.61,1.61,0.0,0.0,1.63,0.0,13.0,225.0,16.4277
Fe2VAl,Fe2.000,V1.000,Al1.000,204.1667,1.25e-05,0.0,0.0,0.0,0.0,0.0,0.0,0.0,0.0,0.0,16.48,1.61,1.61,0.0,0.0,1.63,0.0,13.0,225.0,27.3993
Fe2VAl,Fe2.000,V1.000,Al1.000,320.8333,6.87e-06,0.0,0.0,0.0,0.0,0.0,0.0,0.0,0.0,0.0,16.48,1.61,1.61,0.0,0.0,1.63,0.0,13.0,225.0,28.7026
Fe2VAl,Fe2.000,V1.000,Al1.000,404.1667,4.76e-06,0.0,0.0,0.0,0.0,0.0,0.0,0.0,0.0,0.0,16.48,1.61,1.61,0.0,0.0,1.63,0.0,13.0,225.0,27.1149
Fe2VAl0.97Si0.03,Fe2.000,V1.000,Al0.970Si0.030,88.8889,6.54e-06,3.960000000000001,0.0173880939,0.0,1.0,1.103961399999999,0.0354650654852777,0.0,0.0,0.0,16.5988,1.6187,1.61,0.0,0.0024473099999999,1.63,1.0,13.0,225.06,-54.0916
Fe2VAl0.97Si0.03,Fe2.000,V1.000,Al0.970Si0.030,144.4444,7.31e-06,3.960000000000001,0.0173880939,0.0,1.0,1.103961399999999,0.0354650654852777,0.0,0.0,0.0,16.5988,1.6187,1.61,0.0,0.0024473099999999,1.63,1.0,13.0,225.06,-83.5861
Fe2VAl0.97Si0.03,Fe2.000,V1.000,Al0.970Si0.030,212.5,7.58e-06,3.960000000000001,0.0173880939,0.0,1.0,1.103961399999999,0.0354650654852777,0.0,0.0,0.0,16.5988,1.6187,1.61,0.0,0.0024473099999999,1.63,1.0,13.0,225.06,-106.8069
Fe2VAl0.97Si0.03,Fe2.000,V1.000,Al0.970Si0.030,250.0,7.41e-06,3.960000000000001,0.0173880939,0.0,1.0,1.103961399999999,0.0354650654852777,0.0,0.0,0.0,16.5988,1.6187,1.61,0.0,0.0024473099999999,1.63,1.0,13.0,225.06,-108.4597
Fe2VAl0.97Si0.03,Fe2.000,V1.000,Al0.970Si0.030,318.0556,6.42e-06,3.960000000000001,0.0173880939,0.0,1.0,1.103961399999999,0.0354650654852777,0.0,0.0,0.0,16.5988,1.6187,1.61,0.0,0.0024473099999999,1.63,1.0,13.0,225.06,-74.2397
Fe2VAl0.97Si0.03,Fe2.000,V1.000,Al0.970Si0.030,398.6111,5.19e-06,3.960000000000001,0.0173880939,0.0,1.0,1.103961399999999,0.0354650654852777,0.0,0.0,0.0,16.5988,1.6187,1.61,0.0,0.0024473099999999,1.63,1.0,13.0,225.06,-34.3148
Fe2VAl0.95Si0.05,Fe2.000,V1.000,Al0.950Si0.050,87.5,2.08e-06,3.960000000000001,0.0283826275,0.0,1.0,1.103961399999999,0.057889711702773,0.0,0.0,0.0,16.677999999999997,1.6245,1.61,0.0,0.0039947499999999,1.63,1.0,13.0,225.1,-63.1931
Fe2VAl0.95Si0.05,Fe2.000,V1.000,Al0.950Si0.050,158.3333,2.68e-06,3.960000000000001,0.0283826275,0.0,1.0,1.103961399999999,0.057889711702773,0.0,0.0,0.0,16.677999999999997,1.6245,1.61,0.0,0.0039947499999999,1.63,1.0,13.0,225.1,-93.2346
Fe2VAl0.95Si0.05,Fe2.000,V1.000,Al0.950Si0.050,256.9444,3.86e-06,3.960000000000001,0.0283826275,0.0,1.0,1.103961399999999,0.057889711702773,0.0,0.0,0.0,16.677999999999997,1.6245,1.61,0.0,0.0039947499999999,1.63,1.0,13.0,225.1,-128.3551
Fe2VAl0.95Si0.05,Fe2.000,V1.000,Al0.950Si0.050,320.8333,4.29e-06,3.960000000000001,0.0283826275,0.0,1.0,1.103961399999999,0.057889711702773,0.0,0.0,0.0,16.677999999999997,1.6245,1.61,0.0,0.0039947499999999,1.63,1.0,13.0,225.1,-129.9704
Fe2VAl0.95Si0.05,Fe2.000,V1.000,Al0.950Si0.050,400.0,4.19e-06,3.960000000000001,0.0283826275,0.0,1.0,1.103961399999999,0.057889711702773,0.0,0.0,0.0,16.677999999999997,1.6245,1.61,0.0,0.0039947499999999,1.63,1.0,13.0,225.1,-104.2654
Fe2VAl0.9Si0.1,Fe2.000,V1.000,Al0.900Si0.100,86.1111,1.04e-06,3.960000000000001,0.05377761,0.0,1.0,1.103961399999999,0.1096857695420962,0.0,0.0,0.0,16.876,1.639,1.61,0.0,0.0075689999999999,1.63,1.0,13.0,225.2,-52.9581
Fe2VAl0.9Si0.1,Fe2.000,V1.000,Al0.900Si0.100,190.2778,1.62e-06,3.960000000000001,0.05377761,0.0,1.0,1.103961399999999,0.1096857695420962,0.0,0.0,0.0,16.876,1.639,1.61,0.0,0.0075689999999999,1.63,1.0,13.0,225.2,-89.7769
Fe2VAl0.9Si0.1,Fe2.000,V1.000,Al0.900Si0.100,283.3333,2.44e-06,3.960000000000001,0.05377761,0.0,1.0,1.103961399999999,0.1096857695420962,0.0,0.0,0.0,16.876,1.639,1.61,0.0,0.0075689999999999,1.63,1.0,13.0,225.2,-115.237
Fe2VAl0.9Si0.1,Fe2.000,V1.000,Al0.900Si0.100,361.1111,3.1e-06,3.960000000000001,0.05377761,0.0,1.0,1.103961399999999,0.1096857695420962,0.0,0.0,0.0,16.876,1.639,1.61,0.0,0.0075689999999999,1.63,1.0,13.0,225.2,-127.6382
Fe2VAl0.9Si0.1,Fe2.000,V1.000,Al0.900Si0.100,402.7778,3.24e-06,3.960000000000001,0.05377761,0.0,1.0,1.103961399999999,0.1096857695420962,0.0,0.0,0.0,16.876,1.639,1.61,0.0,0.0075689999999999,1.63,1.0,13.0,225.2,-124.7354
Fe2VAl0.8Si0.2,Fe2.000,V1.000,Al0.800Si0.200,88.8889,5.48e-07,3.960000000000001,0.09560464,0.0,1.0,1.103961399999999,0.1949969236303933,0.0,0.0,0.0,17.272000000000002,1.668,1.61,0.0,0.0134559999999999,1.63,1.0,13.0,225.4,-37.5987
Fe2VAl0.8Si0.2,Fe2.000,V1.000,Al0.800Si0.200,191.6667,9.52e-07,3.960000000000001,0.09560464,0.0,1.0,1.103961399999999,0.1949969236303933,0.0,0.0,0.0,17.272000000000002,1.668,1.61,0.0,0.0134559999999999,1.63,1.0,13.0,225.4,-64.7512
Fe2VAl0.8Si0.2,Fe2.000,V1.000,Al0.800Si0.200,284.7222,1.56e-06,3.960000000000001,0.09560464,0.0,1.0,1.103961399999999,0.1949969236303933,0.0,0.0,0.0,17.272000000000002,1.668,1.61,0.0,0.0134559999999999,1.63,1.0,13.0,225.4,-82.8179
Fe2VAl0.8Si0.2,Fe2.000,V1.000,Al0.800Si0.200,402.7778,2.35e-06,3.960000000000001,0.09560464,0.0,1.0,1.103961399999999,0.1949969236303933,0.0,0.0,0.0,17.272000000000002,1.668,1.61,0.0,0.0134559999999999,1.63,1.0,13.0,225.4,-99.7117
Fe2VAl,Fe2.000,V1.000,Al1.000,100.5385,2.82e-05,0.0,0.0,0.0,0.0,0.0,0.0,0.0,0.0,0.0,16.48,1.61,1.61,0.0,0.0,1.63,0.0,13.0,225.0,-9.0531
Fe2VAl,Fe2.000,V1.000,Al1.000,228.7426,1.79e-05,0.0,0.0,0.0,0.0,0.0,0.0,0.0,0.0,0.0,16.48,1.61,1.61,0.0,0.0,1.63,0.0,13.0,225.0,-26.1894
Fe2VAl,Fe2.000,V1.000,Al1.000,322.4279,9.45e-06,0.0,0.0,0.0,0.0,0.0,0.0,0.0,0.0,0.0,16.48,1.61,1.61,0.0,0.0,1.63,0.0,13.0,225.0,-28.1293
Fe2VAl,Fe2.000,V1.000,Al1.000,534.3219,1.89e-05,0.0,0.0,0.0,0.0,0.0,0.0,0.0,0.0,0.0,16.48,1.61,1.61,0.0,0.0,1.63,0.0,13.0,225.0,-13.5797
Fe2VAl,Fe2.000,V1.000,Al1.000,753.0131,0.000146,0.0,0.0,0.0,0.0,0.0,0.0,0.0,0.0,0.0,16.48,1.61,1.61,0.0,0.0,1.63,0.0,13.0,225.0,-10.6697
Fe2VAl0.99Sb0.01,Fe2.000,V1.000,Al0.990Sb0.010,98.3784,2.09e-05,15.079999999999998,0.0,0.0,38.0,94.7784614,88.93127177897777,0.0,0.0,0.0,16.6308,1.6144,1.61,0.0,0.0019166399999999,1.63,2.0,13.0,224.41,-43.3256
Fe2VAl0.99Sb0.01,Fe2.000,V1.000,Al0.990Sb0.010,210.8079,1.45e-05,15.079999999999998,0.0,0.0,38.0,94.7784614,88.93127177897777,0.0,0.0,0.0,16.6308,1.6144,1.61,0.0,0.0019166399999999,1.63,2.0,13.0,224.41,-73.0716
Fe2VAl0.99Sb0.01,Fe2.000,V1.000,Al0.990Sb0.010,259.3458,1.2e-05,15.079999999999998,0.0,0.0,38.0,94.7784614,88.93127177897777,0.0,0.0,0.0,16.6308,1.6144,1.61,0.0,0.0019166399999999,1.63,2.0,13.0,224.41,-77.2748
Fe2VAl0.99Sb0.01,Fe2.000,V1.000,Al0.990Sb0.010,393.3692,6.97e-06,15.079999999999998,0.0,0.0,38.0,94.7784614,88.93127177897777,0.0,0.0,0.0,16.6308,1.6144,1.61,0.0,0.0019166399999999,1.63,2.0,13.0,224.41,-44.9423
Fe2VAl0.99Sb0.01,Fe2.000,V1.000,Al0.990Sb0.010,582.8678,4.09e-06,15.079999999999998,0.0,0.0,38.0,94.7784614,88.93127177897777,0.0,0.0,0.0,16.6308,1.6144,1.61,0.0,0.0019166399999999,1.63,2.0,13.0,224.41,-17.1363
Fe2VAl0.99Sb0.01,Fe2.000,V1.000,Al0.990Sb0.010,752.993,3.32e-06,15.079999999999998,0.0,0.0,38.0,94.7784614,88.93127177897777,0.0,0.0,0.0,16.6308,1.6144,1.61,0.0,0.0019166399999999,1.63,2.0,13.0,224.41,-12.2864
Fe2VAl0.98Sb0.02,Fe2.000,V1.000,Al0.980Sb0.020,92.7435,1.1e-05,15.079999999999998,0.0,0.0,38.0,94.7784614,176.06595220888528,0.0,0.0,0.0,16.7816,1.6188,1.61,0.0,0.0037945599999999,1.63,2.0,13.0,223.82,-77.9215
Fe2VAl0.98Sb0.02,Fe2.000,V1.000,Al0.980Sb0.020,173.8364,1.03e-05,15.079999999999998,0.0,0.0,38.0,94.7784614,176.06595220888528,0.0,0.0,0.0,16.7816,1.6188,1.61,0.0,0.0037945599999999,1.63,2.0,13.0,223.82,-115.7506
Fe2VAl0.98Sb0.02,Fe2.000,V1.000,Al0.980Sb0.020,225.7128,9.65e-06,15.079999999999998,0.0,0.0,38.0,94.7784614,176.06595220888528,0.0,0.0,0.0,16.7816,1.6188,1.61,0.0,0.0037945599999999,1.63,2.0,13.0,223.82,-130.6236
Fe2VAl0.98Sb0.02,Fe2.000,V1.000,Al0.980Sb0.020,361.5476,7.39e-06,15.079999999999998,0.0,0.0,38.0,94.7784614,176.06595220888528,0.0,0.0,0.0,16.7816,1.6188,1.61,0.0,0.0037945599999999,1.63,2.0,13.0,223.82,-92.1478
Fe2VAl0.98Sb0.02,Fe2.000,V1.000,Al0.980Sb0.020,485.3191,5.56e-06,15.079999999999998,0.0,0.0,38.0,94.7784614,176.06595220888528,0.0,0.0,0.0,16.7816,1.6188,1.61,0.0,0.0037945599999999,1.63,2.0,13.0,223.82,-46.8822
Fe2VAl0.98Sb0.02,Fe2.000,V1.000,Al0.980Sb0.020,655.7008,4e-06,15.079999999999998,0.0,0.0,38.0,94.7784614,176.06595220888528,0.0,0.0,0.0,16.7816,1.6188,1.61,0.0,0.0037945599999999,1.63,2.0,13.0,223.82,-21.3395
Fe2VAl0.97Sb0.02,Fe2.000,V1.000,Al0.980Sb0.020,747.7429,3.52e-06,15.079999999999998,0.0,0.0,38.0,94.7784614,176.06595220888528,0.0,0.0,0.0,16.7816,1.6188,1.61,0.0,0.0037945599999999,1.63,2.0,13.0,223.82,-15.843
Fe2VAl0.97Sb0.03,Fe2.000,V1.000,Al0.970Sb0.030,96.2983,6.47e-06,15.079999999999998,0.0,0.0,38.0,94.7784614,261.4040412897225,0.0,0.0,0.0,16.9324,1.6232,1.61,0.0,0.0056337599999999,1.63,2.0,13.0,223.23,-71.1316
Fe2VAl0.97Sb0.03,Fe2.000,V1.000,Al0.970Sb0.030,194.7007,7.43e-06,15.079999999999998,0.0,0.0,38.0,94.7784614,261.4040412897225,0.0,0.0,0.0,16.9324,1.6232,1.61,0.0,0.0056337599999999,1.63,2.0,13.0,223.23,-112.5173
Fe2VAl0.97Sb0.03,Fe2.000,V1.000,Al0.970Sb0.030,281.3324,7.32e-06,15.079999999999998,0.0,0.0,38.0,94.7784614,261.4040412897225,0.0,0.0,0.0,16.9324,1.6232,1.61,0.0,0.0056337599999999,1.63,2.0,13.0,223.23,-123.5104
Fe2VAl0.97Sb0.03,Fe2.000,V1.000,Al0.970Sb0.030,422.3252,5.91e-06,15.079999999999998,0.0,0.0,38.0,94.7784614,261.4040412897225,0.0,0.0,0.0,16.9324,1.6232,1.61,0.0,0.0056337599999999,1.63,2.0,13.0,223.23,-88.9145
Fe2VAl0.97Sb0.03,Fe2.000,V1.000,Al0.970Sb0.030,539.0871,4.66e-06,15.079999999999998,0.0,0.0,38.0,94.7784614,261.4040412897225,0.0,0.0,0.0,16.9324,1.6232,1.61,0.0,0.0056337599999999,1.63,2.0,13.0,223.23,-49.1455
Fe2VAl0.95Sb0.03,Fe2.000,V1.000,Al0.969Sb0.031,685.1498,3.69e-06,15.079999999999998,0.0,0.0,38.0,94.7784614,269.83903767360744,0.0,0.0,0.0,16.94748,1.62364,1.61,0.0,0.0058155503999999,1.63,2.0,13.0,223.171,-25.5427
Fe2VAl0.95Sb0.03,Fe2.000,V1.000,Al0.969Sb0.031,759.8303,3.45e-06,15.079999999999998,0.0,0.0,38.0,94.7784614,269.83903767360744,0.0,0.0,0.0,16.94748,1.62364,1.61,0.0,0.0058155503999999,1.63,2.0,13.0,223.171,-20.6928
Fe2VAl0.95Sb0.05,Fe2.000,V1.000,Al0.950Sb0.050,87.6857,6.25e-06,15.079999999999998,0.0,0.0,38.0,94.7784614,426.6904454041863,0.0,0.0,0.0,17.233999999999998,1.632,1.61,0.0,0.0091959999999999,1.63,2.0,13.0,222.05,-65.9584
Fe2VAl0.95Sb0.05,Fe2.000,V1.000,Al0.950Sb0.050,161.8933,6.91e-06,15.079999999999998,0.0,0.0,38.0,94.7784614,426.6904454041863,0.0,0.0,0.0,17.233999999999998,1.632,1.61,0.0,0.0091959999999999,1.63,2.0,13.0,222.05,-99.261
Fe2VAl0.95Sb0.05,Fe2.000,V1.000,Al0.950Sb0.050,262.3316,7.1e-06,15.079999999999998,0.0,0.0,38.0,94.7784614,426.6904454041863,0.0,0.0,0.0,17.233999999999998,1.632,1.61,0.0,0.0091959999999999,1.63,2.0,13.0,222.05,-116.3972
Fe2VAl0.95Sb0.05,Fe2.000,V1.000,Al0.950Sb0.050,425.824,5.79e-06,15.079999999999998,0.0,0.0,38.0,94.7784614,426.6904454041863,0.0,0.0,0.0,17.233999999999998,1.632,1.61,0.0,0.0091959999999999,1.63,2.0,13.0,222.05,-86.6513
Fe2VAl0.95Sb0.05,Fe2.000,V1.000,Al0.950Sb0.050,552.958,4.65e-06,15.079999999999998,0.0,0.0,38.0,94.7784614,426.6904454041863,0.0,0.0,0.0,17.233999999999998,1.632,1.61,0.0,0.0091959999999999,1.63,2.0,13.0,222.05,-50.1155
Fe2VAl0.95Sb0.05,Fe2.000,V1.000,Al0.950Sb0.050,751.1134,3.73e-06,15.079999999999998,0.0,0.0,38.0,94.7784614,426.6904454041863,0.0,0.0,0.0,17.233999999999998,1.632,1.61,0.0,0.0091959999999999,1.63,2.0,13.0,222.05,-23.9261
Fe2VAl0.9Sb0.1,Fe2.000,V1.000,Al0.900Sb0.100,94.6071,7.43e-06,15.079999999999998,0.0,0.0,38.0,94.7784614,808.4661070816162,0.0,0.0,0.0,17.988,1.654,1.61,0.0,0.0174239999999999,1.63,2.0,13.0,219.1,-67.5751
Fe2VAl0.9Sb0.1,Fe2.000,V1.000,Al0.900Sb0.100,200.0912,7.1e-06,15.079999999999998,0.0,0.0,38.0,94.7784614,808.4661070816162,0.0,0.0,0.0,17.988,1.654,1.61,0.0,0.0174239999999999,1.63,2.0,13.0,219.1,-97.6443
Fe2VAl0.9Sb0.1,Fe2.000,V1.000,Al0.900Sb0.100,304.1405,6.6e-06,15.079999999999998,0.0,0.0,38.0,94.7784614,808.4661070816162,0.0,0.0,0.0,17.988,1.654,1.61,0.0,0.0174239999999999,1.63,2.0,13.0,219.1,-103.4642
Fe2VAl0.9Sb0.1,Fe2.000,V1.000,Al0.900Sb0.100,444.941,5.58e-06,15.079999999999998,0.0,0.0,38.0,94.7784614,808.4661070816162,0.0,0.0,0.0,17.988,1.654,1.61,0.0,0.0174239999999999,1.63,2.0,13.0,219.1,-84.388
Fe2VAl0.9Sb0.1,Fe2.000,V1.000,Al0.900Sb0.100,596.3539,4.32e-06,15.079999999999998,0.0,0.0,38.0,94.7784614,808.4661070816162,0.0,0.0,0.0,17.988,1.654,1.61,0.0,0.0174239999999999,1.63,2.0,13.0,219.1,-49.1455
Fe2VAl0.9Sb0.1,Fe2.000,V1.000,Al0.900Sb0.100,749.3099,3.76e-06,15.079999999999998,0.0,0.0,38.0,94.7784614,808.4661070816162,0.0,0.0,0.0,17.988,1.654,1.61,0.0,0.0174239999999999,1.63,2.0,13.0,219.1,-29.4226
Fe2VAl0.96Si0.01Sb0.03,Fe2.000,V1.000,Al0.960Si0.010Sb0.030,102.8944,4.82e-06,15.079999999999998,0.0059155371,0.0,38.0,94.7784614,261.35332766660997,0.0,0.0,0.0,16.972,1.6261,1.61,0.0,0.0063897899999999,1.63,2.0,13.0,223.25,-80.2384
Fe2VAl0.96Si0.01Sb0.03,Fe2.000,V1.000,Al0.960Si0.010Sb0.030,183.9932,5.55e-06,15.079999999999998,0.0059155371,0.0,38.0,94.7784614,261.35332766660997,0.0,0.0,0.0,16.972,1.6261,1.61,0.0,0.0063897899999999,1.63,2.0,13.0,223.25,-123.3594
Fe2VAl0.96Si0.01Sb0.03,Fe2.000,V1.000,Al0.960Si0.010Sb0.030,256.1919,6e-06,15.079999999999998,0.0059155371,0.0,38.0,94.7784614,261.35332766660997,0.0,0.0,0.0,16.972,1.6261,1.61,0.0,0.0063897899999999,1.63,2.0,13.0,223.25,-137.7725
Fe2VAl0.96Si0.01Sb0.03,Fe2.000,V1.000,Al0.960Si0.010Sb0.030,384.6034,5.82e-06,15.079999999999998,0.0059155371,0.0,38.0,94.7784614,261.35332766660997,0.0,0.0,0.0,16.972,1.6261,1.61,0.0,0.0063897899999999,1.63,2.0,13.0,223.25,-112.3349
Fe2VAl0.96Si0.01Sb0.03,Fe2.000,V1.000,Al0.960Si0.010Sb0.030,517.0659,4.92e-06,15.079999999999998,0.0059155371,0.0,38.0,94.7784614,261.35332766660997,0.0,0.0,0.0,16.972,1.6261,1.61,0.0,0.0063897899999999,1.63,2.0,13.0,223.25,-61.3508
Fe2VAl0.96Si0.01Sb0.03,Fe2.000,V1.000,Al0.960Si0.010Sb0.030,749.583,3.52e-06,15.079999999999998,0.0059155371,0.0,38.0,94.7784614,261.35332766660997,0.0,0.0,0.0,16.972,1.6261,1.61,0.0,0.0063897899999999,1.63,2.0,13.0,223.25,-23.7542
Fe2VAl0.93Si0.04Sb0.03,Fe2.000,V1.000,Al0.930Si0.040Sb0.030,99.3538,2.46e-06,15.079999999999998,0.0229451136,0.0,38.0,94.7784614,261.19972432034507,0.0,0.0,0.0,17.0908,1.6348,1.61,0.0,0.0085569599999999,1.63,2.0,13.0,223.31,-67.2853
Fe2VAl0.93Si0.04Sb0.03,Fe2.000,V1.000,Al0.930Si0.040Sb0.030,199.0928,3.45e-06,15.079999999999998,0.0229451136,0.0,38.0,94.7784614,261.19972432034507,0.0,0.0,0.0,17.0908,1.6348,1.61,0.0,0.0085569599999999,1.63,2.0,13.0,223.31,-104.4726
Fe2VAl0.93Si0.04Sb0.03,Fe2.000,V1.000,Al0.930Si0.040Sb0.030,326.8779,4.4e-06,15.079999999999998,0.0229451136,0.0,38.0,94.7784614,261.19972432034507,0.0,0.0,0.0,17.0908,1.6348,1.61,0.0,0.0085569599999999,1.63,2.0,13.0,223.31,-126.2844
Fe2VAl0.93Si0.04Sb0.03,Fe2.000,V1.000,Al0.930Si0.040Sb0.030,503.7436,4.54e-06,15.079999999999998,0.0229451136,0.0,38.0,94.7784614,261.19972432034507,0.0,0.0,0.0,17.0908,1.6348,1.61,0.0,0.0085569599999999,1.63,2.0,13.0,223.31,-86.1891
Fe2VAl0.93Si0.04Sb0.03,Fe2.000,V1.000,Al0.930Si0.040Sb0.030,673.2126,3.83e-06,15.079999999999998,0.0229451136,0.0,38.0,94.7784614,261.19972432034507,0.0,0.0,0.0,17.0908,1.6348,1.61,0.0,0.0085569599999999,1.63,2.0,13.0,223.31,-43.9874
Fe2VAl0.93Si0.04Sb0.03,Fe2.000,V1.000,Al0.930Si0.040Sb0.030,755.0307,3.59e-06,15.079999999999998,0.0229451136,0.0,38.0,94.7784614,261.19972432034507,0.0,0.0,0.0,17.0908,1.6348,1.61,0.0,0.0085569599999999,1.63,2.0,13.0,223.31,-32.859
Fe2VAl0.9Si0.07Sb0.03,Fe2.000,V1.000,Al0.900Si0.070Sb0.030,97.7112,1.6e-06,15.079999999999998,0.0388991379,0.0,38.0,94.7784614,261.0439272586893,0.0,0.0,0.0,17.209600000000002,1.6435,1.61,0.0,0.0105727499999999,1.63,2.0,13.0,223.37,-51.1839
Fe2VAl0.9Si0.07Sb0.03,Fe2.000,V1.000,Al0.900Si0.070Sb0.030,210.2667,2.34e-06,15.079999999999998,0.0388991379,0.0,38.0,94.7784614,261.0439272586893,0.0,0.0,0.0,17.209600000000002,1.6435,1.61,0.0,0.0105727499999999,1.63,2.0,13.0,223.37,-101.6823
Fe2VAl0.9Si0.07Sb0.03,Fe2.000,V1.000,Al0.900Si0.070Sb0.030,304.6368,3.08e-06,15.079999999999998,0.0388991379,0.0,38.0,94.7784614,261.0439272586893,0.0,0.0,0.0,17.209600000000002,1.6435,1.61,0.0,0.0105727499999999,1.63,2.0,13.0,223.37,-123.8149
Fe2VAl0.9Si0.07Sb0.03,Fe2.000,V1.000,Al0.900Si0.070Sb0.030,447.7999,3.56e-06,15.079999999999998,0.0388991379,0.0,38.0,94.7784614,261.0439272586893,0.0,0.0,0.0,17.209600000000002,1.6435,1.61,0.0,0.0105727499999999,1.63,2.0,13.0,223.37,-105.7402
Fe2VAl0.9Si0.07Sb0.03,Fe2.000,V1.000,Al0.900Si0.070Sb0.030,587.5059,3.46e-06,15.079999999999998,0.0388991379,0.0,38.0,94.7784614,261.0439272586893,0.0,0.0,0.0,17.209600000000002,1.6435,1.61,0.0,0.0105727499999999,1.63,2.0,13.0,223.37,-68.4124
Fe2VAl0.9Si0.07Sb0.03,Fe2.000,V1.000,Al0.900Si0.070Sb0.030,749.3881,3.29e-06,15.079999999999998,0.0388991379,0.0,38.0,94.7784614,261.0439272586893,0.0,0.0,0.0,17.209600000000002,1.6435,1.61,0.0,0.0105727499999999,1.63,2.0,13.0,223.37,-38.4541
Fe2VAl0.87Si0.1Sb0.03,Fe2.000,V1.000,Al0.870Si0.100Sb0.030,101.7575,1.41e-06,15.079999999999998,0.05377761,0.0,38.0,94.7784614,260.8859364816427,0.0,0.0,0.0,17.3284,1.6522,1.61,0.0,0.0124371599999999,1.63,2.0,13.0,223.43,-25.9874
Fe2VAl0.87Si0.1Sb0.03,Fe2.000,V1.000,Al0.870Si0.100Sb0.030,242.206,2.29e-06,15.079999999999998,0.05377761,0.0,38.0,94.7784614,260.8859364816427,0.0,0.0,0.0,17.3284,1.6522,1.61,0.0,0.0124371599999999,1.63,2.0,13.0,223.43,-72.6603
Fe2VAl0.87Si0.1Sb0.03,Fe2.000,V1.000,Al0.870Si0.100Sb0.030,330.8825,2.88e-06,15.079999999999998,0.05377761,0.0,38.0,94.7784614,260.8859364816427,0.0,0.0,0.0,17.3284,1.6522,1.61,0.0,0.0124371599999999,1.63,2.0,13.0,223.43,-104.2379
Fe2VAl0.87Si0.1Sb0.03,Fe2.000,V1.000,Al0.870Si0.100Sb0.030,406.9234,3.28e-06,15.079999999999998,0.05377761,0.0,38.0,94.7784614,260.8859364816427,0.0,0.0,0.0,17.3284,1.6522,1.61,0.0,0.0124371599999999,1.63,2.0,13.0,223.43,-108.8544
Fe2VAl0.87Si0.1Sb0.03,Fe2.000,V1.000,Al0.870Si0.100Sb0.030,578.1232,3.6e-06,15.079999999999998,0.05377761,0.0,38.0,94.7784614,260.8859364816427,0.0,0.0,0.0,17.3284,1.6522,1.61,0.0,0.0124371599999999,1.63,2.0,13.0,223.43,-76.1042
Fe2VAl0.87Si0.1Sb0.03,Fe2.000,V1.000,Al0.870Si0.100Sb0.030,751.1467,3.31e-06,15.079999999999998,0.05377761,0.0,38.0,94.7784614,260.8859364816427,0.0,0.0,0.0,17.3284,1.6522,1.61,0.0,0.0124371599999999,1.63,2.0,13.0,223.43,-45.8056
Fe2VAl,Fe2.000,V1.000,Al1.000,304.0725,8.13e-06,0.0,0.0,0.0,0.0,0.0,0.0,0.0,0.0,0.0,16.48,1.61,1.61,0.0,0.0,1.63,0.0,13.0,225.0,-139.5739
Fe2VAl,Fe2.000,V1.000,Al1.000,380.5431,7.24e-06,0.0,0.0,0.0,0.0,0.0,0.0,0.0,0.0,0.0,16.48,1.61,1.61,0.0,0.0,1.63,0.0,13.0,225.0,-102.8653
Fe2VAl,Fe2.000,V1.000,Al1.000,467.4422,6.4e-06,0.0,0.0,0.0,0.0,0.0,0.0,0.0,0.0,0.0,16.48,1.61,1.61,0.0,0.0,1.63,0.0,13.0,225.0,-68.4659
Fe2VAl,Fe2.000,V1.000,Al1.000,573.732,5.64e-06,0.0,0.0,0.0,0.0,0.0,0.0,0.0,0.0,0.0,16.48,1.61,1.61,0.0,0.0,1.63,0.0,13.0,225.0,-39.6136
Fe2VAl,Fe2.000,V1.000,Al1.000,705.4676,4.96e-06,0.0,0.0,0.0,0.0,0.0,0.0,0.0,0.0,0.0,16.48,1.61,1.61,0.0,0.0,1.63,0.0,13.0,225.0,-22.7958
Fe2VAl,Fe2.000,V1.000,Al1.000,803.2769,4.49e-06,0.0,0.0,0.0,0.0,0.0,0.0,0.0,0.0,0.0,16.48,1.61,1.61,0.0,0.0,1.63,0.0,13.0,225.0,-16.6761
Fe2VAl,Fe2.000,V1.000,Al1.000,10.678,2.92e-05,0.0,0.0,0.0,0.0,0.0,0.0,0.0,0.0,0.0,16.48,1.61,1.61,0.0,0.0,1.63,0.0,13.0,225.0,4.0352
Fe2VAl,Fe2.000,V1.000,Al1.000,99.661,2.5e-05,0.0,0.0,0.0,0.0,0.0,0.0,0.0,0.0,0.0,16.48,1.61,1.61,0.0,0.0,1.63,0.0,13.0,225.0,17.6582
Fe2VAl,Fe2.000,V1.000,Al1.000,205.2542,1.94e-05,0.0,0.0,0.0,0.0,0.0,0.0,0.0,0.0,0.0,16.48,1.61,1.61,0.0,0.0,1.63,0.0,13.0,225.0,31.3703
Fe2VAl,Fe2.000,V1.000,Al1.000,289.4915,1.49e-05,0.0,0.0,0.0,0.0,0.0,0.0,0.0,0.0,0.0,16.48,1.61,1.61,0.0,0.0,1.63,0.0,13.0,225.0,41.2119
Fe1.98V1.02Al,Fe2.000,V1.000,Al1.000,10.678,3e-05,0.0,0.0,0.0,0.0,0.0,0.0,0.0,0.0,0.0,16.48,1.61,1.61,0.0,0.0,1.63,0.0,13.0,225.0,-3.4766
Fe1.98V1.02Al,Fe2.000,V1.000,Al1.000,59.322,3.05e-05,0.0,0.0,0.0,0.0,0.0,0.0,0.0,0.0,0.0,16.48,1.61,1.61,0.0,0.0,1.63,0.0,13.0,225.0,-26.6897
Fe1.98V1.02Al,Fe2.000,V1.000,Al1.000,122.2034,2.98e-05,0.0,0.0,0.0,0.0,0.0,0.0,0.0,0.0,0.0,16.48,1.61,1.61,0.0,0.0,1.63,0.0,13.0,225.0,-64.85
Fe1.98V1.02Al,Fe2.000,V1.000,Al1.000,212.3729,2.54e-05,0.0,0.0,0.0,0.0,0.0,0.0,0.0,0.0,0.0,16.48,1.61,1.61,0.0,0.0,1.63,0.0,13.0,225.0,-108.4977
Fe1.98V1.02Al,Fe2.000,V1.000,Al1.000,266.9492,2.34e-05,0.0,0.0,0.0,0.0,0.0,0.0,0.0,0.0,0.0,16.48,1.61,1.61,0.0,0.0,1.63,0.0,13.0,225.0,-105.3879
Fe1.98V1.02Al,Fe2.000,V1.000,Al1.000,301.3559,2.23e-05,0.0,0.0,0.0,0.0,0.0,0.0,0.0,0.0,0.0,16.48,1.61,1.61,0.0,0.0,1.63,0.0,13.0,225.0,-91.1188
Fe1.95V1.05Al,Fe2.000,V1.000,Al1.000,8.3051,4.55e-05,0.0,0.0,0.0,0.0,0.0,0.0,0.0,0.0,0.0,16.48,1.61,1.61,0.0,0.0,1.63,0.0,13.0,225.0,-7.2452
Fe1.95V1.05Al,Fe2.000,V1.000,Al1.000,86.6102,3.79e-05,0.0,0.0,0.0,0.0,0.0,0.0,0.0,0.0,0.0,16.48,1.61,1.61,0.0,0.0,1.63,0.0,13.0,225.0,-65.041
Fe1.95V1.05Al,Fe2.000,V1.000,Al1.000,164.9153,3.38e-05,0.0,0.0,0.0,0.0,0.0,0.0,0.0,0.0,0.0,16.48,1.61,1.61,0.0,0.0,1.63,0.0,13.0,225.0,-116.264
Fe1.95V1.05Al,Fe2.000,V1.000,Al1.000,225.4237,2.91e-05,0.0,0.0,0.0,0.0,0.0,0.0,0.0,0.0,0.0,16.48,1.61,1.61,0.0,0.0,1.63,0.0,13.0,225.0,-133.7797
Fe1.95V1.05Al,Fe2.000,V1.000,Al1.000,289.4915,2.36e-05,0.0,0.0,0.0,0.0,0.0,0.0,0.0,0.0,0.0,16.48,1.61,1.61,0.0,0.0,1.63,0.0,13.0,225.0,-124.0463
Fe1.89V1.11Al,Fe2.000,V1.000,Al1.000,10.678,0.000114,0.0,0.0,0.0,0.0,0.0,0.0,0.0,0.0,0.0,16.48,1.61,1.61,0.0,0.0,1.63,0.0,13.0,225.0,1.2183
Fe1.89V1.11Al,Fe2.000,V1.000,Al1.000,68.8136,7.26e-05,0.0,0.0,0.0,0.0,0.0,0.0,0.0,0.0,0.0,16.48,1.61,1.61,0.0,0.0,1.63,0.0,13.0,225.0,-28.5168
Fe1.89V1.11Al,Fe2.000,V1.000,Al1.000,134.0678,5.21e-05,0.0,0.0,0.0,0.0,0.0,0.0,0.0,0.0,0.0,16.48,1.61,1.61,0.0,0.0,1.63,0.0,13.0,225.0,-53.5187
Fe1.89V1.11Al,Fe2.000,V1.000,Al1.000,215.9322,3.52e-05,0.0,0.0,0.0,0.0,0.0,0.0,0.0,0.0,0.0,16.48,1.61,1.61,0.0,0.0,1.63,0.0,13.0,225.0,-88.7602
Fe1.89V1.11Al,Fe2.000,V1.000,Al1.000,302.5424,2.36e-05,0.0,0.0,0.0,0.0,0.0,0.0,0.0,0.0,0.0,16.48,1.61,1.61,0.0,0.0,1.63,0.0,13.0,225.0,-105.1969
Fe2VGa,Fe2.000,V1.000,Ga1.000,10.678,2.78e-06,0.0,0.0,0.0,0.0,0.0,0.0,0.0,0.0,0.0,18.8575,1.81,1.81,0.0,0.0,1.63,0.0,13.0,64.0,7.9906
Fe2VGa,Fe2.000,V1.000,Ga1.000,60.5085,2.83e-06,0.0,0.0,0.0,0.0,0.0,0.0,0.0,0.0,0.0,18.8575,1.81,1.81,0.0,0.0,1.63,0.0,13.0,64.0,23.6923
Fe2VGa,Fe2.000,V1.000,Ga1.000,126.9492,2.83e-06,0.0,0.0,0.0,0.0,0.0,0.0,0.0,0.0,0.0,18.8575,1.81,1.81,0.0,0.0,1.63,0.0,13.0,64.0,33.4928
Fe2VGa,Fe2.000,V1.000,Ga1.000,207.6271,2.77e-06,0.0,0.0,0.0,0.0,0.0,0.0,0.0,0.0,0.0,18.8575,1.81,1.81,0.0,0.0,1.63,0.0,13.0,64.0,34.6946
Fe2VGa,Fe2.000,V1.000,Ga1.000,288.3051,2.74e-06,0.0,0.0,0.0,0.0,0.0,0.0,0.0,0.0,0.0,18.8575,1.81,1.81,0.0,0.0,1.63,0.0,13.0,64.0,33.2024
Fe1.98V1.02Ga,Fe2.000,V1.000,Ga1.000,13.0508,3.32e-06,0.0,0.0,0.0,0.0,0.0,0.0,0.0,0.0,0.0,18.8575,1.81,1.81,0.0,0.0,1.63,0.0,13.0,64.0,-0.0877
Fe1.98V1.02Ga,Fe2.000,V1.000,Ga1.000,85.4237,3.22e-06,0.0,0.0,0.0,0.0,0.0,0.0,0.0,0.0,0.0,18.8575,1.81,1.81,0.0,0.0,1.63,0.0,13.0,64.0,-8.0582
Fe1.98V1.02Ga,Fe2.000,V1.000,Ga1.000,161.3559,3.13e-06,0.0,0.0,0.0,0.0,0.0,0.0,0.0,0.0,0.0,18.8575,1.81,1.81,0.0,0.0,1.63,0.0,13.0,64.0,-1.4757
Fe1.98V1.02Ga,Fe2.000,V1.000,Ga1.000,242.0339,3e-06,0.0,0.0,0.0,0.0,0.0,0.0,0.0,0.0,0.0,18.8575,1.81,1.81,0.0,0.0,1.63,0.0,13.0,64.0,13.7347
Fe1.98V1.02Ga,Fe2.000,V1.000,Ga1.000,298.9831,2.88e-06,0.0,0.0,0.0,0.0,0.0,0.0,0.0,0.0,0.0,18.8575,1.81,1.81,0.0,0.0,1.63,0.0,13.0,64.0,20.2878
Fe1.95V1.05Ga,Fe2.000,V1.000,Ga1.000,10.678,4.01e-06,0.0,0.0,0.0,0.0,0.0,0.0,0.0,0.0,0.0,18.8575,1.81,1.81,0.0,0.0,1.63,0.0,13.0,64.0,-6.018
Fe1.95V1.05Ga,Fe2.000,V1.000,Ga1.000,67.6271,4e-06,0.0,0.0,0.0,0.0,0.0,0.0,0.0,0.0,0.0,18.8575,1.81,1.81,0.0,0.0,1.63,0.0,13.0,64.0,-45.8011
Fe1.95V1.05Ga,Fe2.000,V1.000,Ga1.000,129.322,3.68e-06,0.0,0.0,0.0,0.0,0.0,0.0,0.0,0.0,0.0,18.8575,1.81,1.81,0.0,0.0,1.63,0.0,13.0,64.0,-67.2578
Fe1.95V1.05Ga,Fe2.000,V1.000,Ga1.000,206.4407,3.32e-06,0.0,0.0,0.0,0.0,0.0,0.0,0.0,0.0,0.0,18.8575,1.81,1.81,0.0,0.0,1.63,0.0,13.0,64.0,-60.6736
Fe1.95V1.05Ga,Fe2.000,V1.000,Ga1.000,288.3051,3.04e-06,0.0,0.0,0.0,0.0,0.0,0.0,0.0,0.0,0.0,18.8575,1.81,1.81,0.0,0.0,1.63,0.0,13.0,64.0,-37.9182
Fe1.89V1.11Ga,Fe2.000,V1.000,Ga1.000,10.678,6.39e-06,0.0,0.0,0.0,0.0,0.0,0.0,0.0,0.0,0.0,18.8575,1.81,1.81,0.0,0.0,1.63,0.0,13.0,64.0,-2.2465
Fe1.89V1.11Ga,Fe2.000,V1.000,Ga1.000,113.8983,6.22e-06,0.0,0.0,0.0,0.0,0.0,0.0,0.0,0.0,0.0,18.8575,1.81,1.81,0.0,0.0,1.63,0.0,13.0,64.0,-23.1005
Fe1.89V1.11Ga,Fe2.000,V1.000,Ga1.000,200.5085,5.48e-06,0.0,0.0,0.0,0.0,0.0,0.0,0.0,0.0,0.0,18.8575,1.81,1.81,0.0,0.0,1.63,0.0,13.0,64.0,-36.437
Fe1.89V1.11Ga,Fe2.000,V1.000,Ga1.000,297.7966,4.61e-06,0.0,0.0,0.0,0.0,0.0,0.0,0.0,0.0,0.0,18.8575,1.81,1.81,0.0,0.0,1.63,0.0,13.0,64.0,-34.6709
Fe2VAl,Fe2.000,V1.000,Al1.000,2.7835,2.4e-05,0.0,0.0,0.0,0.0,0.0,0.0,0.0,0.0,0.0,16.48,1.61,1.61,0.0,0.0,1.63,0.0,13.0,225.0,6.7941
Fe2VAl,Fe2.000,V1.000,Al1.000,62.0536,1.96e-05,0.0,0.0,0.0,0.0,0.0,0.0,0.0,0.0,0.0,16.48,1.61,1.61,0.0,0.0,1.63,0.0,13.0,225.0,49.7121
Fe2VAl,Fe2.000,V1.000,Al1.000,168.2512,1.4e-05,0.0,0.0,0.0,0.0,0.0,0.0,0.0,0.0,0.0,16.48,1.61,1.61,0.0,0.0,1.63,0.0,13.0,225.0,75.8484
Fe2VAl,Fe2.000,V1.000,Al1.000,428.0543,5.86e-06,0.0,0.0,0.0,0.0,0.0,0.0,0.0,0.0,0.0,16.48,1.61,1.61,0.0,0.0,1.63,0.0,13.0,225.0,43.6203
Fe2VAl,Fe2.000,V1.000,Al1.000,666.6219,3.73e-06,0.0,0.0,0.0,0.0,0.0,0.0,0.0,0.0,0.0,16.48,1.61,1.61,0.0,0.0,1.63,0.0,13.0,225.0,5.5826
Fe2VAl,Fe2.000,V1.000,Al1.000,864.5676,3.22e-06,0.0,0.0,0.0,0.0,0.0,0.0,0.0,0.0,0.0,16.48,1.61,1.61,0.0,0.0,1.63,0.0,13.0,225.0,-4.7558
Fe2V0.95W0.05Al,Fe2.000,V1.000,W0.048Al0.952,0.723,5.28e-06,0.4299999999999997,0.0,0.0,61.0,156.8584614,1124.33074660618,6.0,0.0,6.0,16.45936,1.646,1.61,0.0,0.0257039999999999,1.63,1.0,6.0,225.192,-2.6704
Fe2V0.95W0.05Al,Fe2.000,V1.000,W0.048Al0.952,90.5809,5.98e-06,0.4299999999999997,0.0,0.0,61.0,156.8584614,1124.33074660618,6.0,0.0,6.0,16.45936,1.646,1.61,0.0,0.0257039999999999,1.63,1.0,6.0,225.192,-72.6388
Fe2V0.95W0.05Al,Fe2.000,V1.000,W0.048Al0.952,244.1915,7.17e-06,0.4299999999999997,0.0,0.0,61.0,156.8584614,1124.33074660618,6.0,0.0,6.0,16.45936,1.646,1.61,0.0,0.0257039999999999,1.63,1.0,6.0,225.192,-131.7312
Fe2V0.95W0.05Al,Fe2.000,V1.000,W0.048Al0.952,299.4903,7.13e-06,0.4299999999999997,0.0,0.0,61.0,156.8584614,1124.33074660618,6.0,0.0,6.0,16.45936,1.646,1.61,0.0,0.0257039999999999,1.63,1.0,6.0,225.192,-128.8589
Fe2V0.95W0.05Al,Fe2.000,V1.000,W0.048Al0.952,545.639,4.85e-06,0.4299999999999997,0.0,0.0,61.0,156.8584614,1124.33074660618,6.0,0.0,6.0,16.45936,1.646,1.61,0.0,0.0257039999999999,1.63,1.0,6.0,225.192,-35.8342
Fe2V0.95W0.05Al,Fe2.000,V1.000,W0.048Al0.952,815.7241,3.65e-06,0.4299999999999997,0.0,0.0,61.0,156.8584614,1124.33074660618,6.0,0.0,6.0,16.45936,1.646,1.61,0.0,0.0257039999999999,1.63,1.0,6.0,225.192,-17.827
Fe2V0.9W0.1Al,Fe2.000,V1.000,W0.091Al0.909,19.9288,5.28e-06,0.4299999999999997,0.0,0.0,61.0,156.8584614,2035.2659976478592,6.0,0.0,6.0,16.44087,1.6782500000000002,1.61,0.0,0.0465294374999999,1.63,1.0,6.0,225.364,-10.6941
Fe2V0.9W0.1Al,Fe2.000,V1.000,W0.091Al0.909,101.3484,6.11e-06,0.4299999999999997,0.0,0.0,61.0,156.8584614,2035.2659976478592,6.0,0.0,6.0,16.44087,1.6782500000000002,1.61,0.0,0.0465294374999999,1.63,1.0,6.0,225.364,-90.8505
Fe2V0.9W0.1Al,Fe2.000,V1.000,W0.091Al0.909,265.6386,8.38e-06,0.4299999999999997,0.0,0.0,61.0,156.8584614,2035.2659976478592,6.0,0.0,6.0,16.44087,1.6782500000000002,1.61,0.0,0.0465294374999999,1.63,1.0,6.0,225.364,-155.776
Fe2V0.9W0.1Al,Fe2.000,V1.000,W0.091Al0.909,526.7689,7.81e-06,0.4299999999999997,0.0,0.0,61.0,156.8584614,2035.2659976478592,6.0,0.0,6.0,16.44087,1.6782500000000002,1.61,0.0,0.0465294374999999,1.63,1.0,6.0,225.364,-75.1409
Fe2V0.9W0.1Al,Fe2.000,V1.000,W0.091Al0.909,820.0517,6.23e-06,0.4299999999999997,0.0,0.0,61.0,156.8584614,2035.2659976478592,6.0,0.0,6.0,16.44087,1.6782500000000002,1.61,0.0,0.0465294374999999,1.63,1.0,6.0,225.364,-28.0243
Fe2V0.85W0.15Al,Fe2.000,V1.000,W0.130Al0.870,4.9628,5.95e-06,0.4299999999999997,0.0,0.0,61.0,156.8584614,2782.7776488348854,6.0,0.0,6.0,16.4241,1.7075,1.61,0.0,0.0636187499999999,1.63,1.0,6.0,225.52,-0.4891
Fe2V0.85W0.15Al,Fe2.000,V1.000,W0.130Al0.870,94.7433,6.69e-06,0.4299999999999997,0.0,0.0,61.0,156.8584614,2782.7776488348854,6.0,0.0,6.0,16.4241,1.7075,1.61,0.0,0.0636187499999999,1.63,1.0,6.0,225.52,-59.535
Fe2V0.85W0.15Al,Fe2.000,V1.000,W0.130Al0.870,212.1473,7.54e-06,0.4299999999999997,0.0,0.0,61.0,156.8584614,2782.7776488348854,6.0,0.0,6.0,16.4241,1.7075,1.61,0.0,0.0636187499999999,1.63,1.0,6.0,225.52,-113.504
Fe2V0.85W0.15Al,Fe2.000,V1.000,W0.130Al0.870,288.821,7.96e-06,0.4299999999999997,0.0,0.0,61.0,156.8584614,2782.7776488348854,6.0,0.0,6.0,16.4241,1.7075,1.61,0.0,0.0636187499999999,1.63,1.0,6.0,225.52,-124.4822
Fe2V0.85W0.15Al,Fe2.000,V1.000,W0.130Al0.870,435.2997,7.64e-06,0.4299999999999997,0.0,0.0,61.0,156.8584614,2782.7776488348854,6.0,0.0,6.0,16.4241,1.7075,1.61,0.0,0.0636187499999999,1.63,1.0,6.0,225.52,-77.9869
Fe2V0.85W0.15Al,Fe2.000,V1.000,W0.130Al0.870,581.794,6.42e-06,0.4299999999999997,0.0,0.0,61.0,156.8584614,2782.7776488348854,6.0,0.0,6.0,16.4241,1.7075,1.61,0.0,0.0636187499999999,1.63,1.0,6.0,225.52,-33.6761
Fe2V0.85W0.15Al,Fe2.000,V1.000,W0.130Al0.870,673.1805,5.87e-06,0.4299999999999997,0.0,0.0,61.0,156.8584614,2782.7776488348854,6.0,0.0,6.0,16.4241,1.7075,1.61,0.0,0.0636187499999999,1.63,1.0,6.0,225.52,-19.1795
Fe2V0.85W0.15Al,Fe2.000,V1.000,W0.130Al0.870,815.7757,5.17e-06,0.4299999999999997,0.0,0.0,61.0,156.8584614,2782.7776488348854,6.0,0.0,6.0,16.4241,1.7075,1.61,0.0,0.0636187499999999,1.63,1.0,6.0,225.52,-25.1086
Fe2V0.8W0.2Al,Fe2.000,V0.800W0.200,Al1.000,4.9628,2.69e-06,0.0,0.0,0.0,0.0,0.0,0.0,0.0,0.0,0.0,16.48,1.61,1.61,0.0,0.0,1.776,0.0,13.0,225.0,-0.4891
Fe2V0.8W0.2Al,Fe2.000,V0.800W0.200,Al1.000,116.0097,3.54e-06,0.0,0.0,0.0,0.0,0.0,0.0,0.0,0.0,0.0,16.48,1.61,1.61,0.0,0.0,1.776,0.0,13.0,225.0,-58.0942
Fe2V0.8W0.2Al,Fe2.000,V0.800W0.200,Al1.000,263.1908,4.36e-06,0.0,0.0,0.0,0.0,0.0,0.0,0.0,0.0,0.0,16.48,1.61,1.61,0.0,0.0,1.776,0.0,13.0,225.0,-110.6285
Fe2V0.8W0.2Al,Fe2.000,V0.800W0.200,Al1.000,513.9977,5.2e-06,0.0,0.0,0.0,0.0,0.0,0.0,0.0,0.0,0.0,16.48,1.61,1.61,0.0,0.0,1.776,0.0,13.0,225.0,-74.4034
Fe2V0.8W0.2Al,Fe2.000,V0.800W0.200,Al1.000,822.2311,4.73e-06,0.0,0.0,0.0,0.0,0.0,0.0,0.0,0.0,0.0,16.48,1.61,1.61,0.0,0.0,1.776,0.0,13.0,225.0,-35.3075
Fe2VAl,Fe2.000,V1.000,Al1.000,142.6357,1.1e-05,0.0,0.0,0.0,0.0,0.0,0.0,0.0,0.0,0.0,16.48,1.61,1.61,0.0,0.0,1.63,0.0,13.0,225.0,11.1034
Fe2VAl,Fe2.000,V1.000,Al1.000,341.0853,6.51e-06,0.0,0.0,0.0,0.0,0.0,0.0,0.0,0.0,0.0,16.48,1.61,1.61,0.0,0.0,1.63,0.0,13.0,225.0,34.4915
Fe2VAl,Fe2.000,V1.000,Al1.000,407.2351,4.97e-06,0.0,0.0,0.0,0.0,0.0,0.0,0.0,0.0,0.0,16.48,1.61,1.61,0.0,0.0,1.63,0.0,13.0,225.0,34.9734
Fe2VAl,Fe2.000,V1.000,Al1.000,605.6848,3.32e-06,0.0,0.0,0.0,0.0,0.0,0.0,0.0,0.0,0.0,16.48,1.61,1.61,0.0,0.0,1.63,0.0,13.0,225.0,1.1962
Fe2VTa0.03Al0.97,Fe2.000,V1.000,Ta0.030Al0.970,97.1576,2.8e-06,1.6400000000000006,0.0,0.0,60.0,153.9663414,689.8339576673495,7.0,0.0,7.0,16.5292,1.6067,1.5,0.0,0.00035211,1.63,2.0,5.0,225.12,-90.4582
Fe2VTa0.03Al0.97,Fe2.000,V1.000,Ta0.030Al0.970,194.3152,3.74e-06,1.6400000000000006,0.0,0.0,60.0,153.9663414,689.8339576673495,7.0,0.0,7.0,16.5292,1.6067,1.5,0.0,0.00035211,1.63,2.0,5.0,225.12,-135.0604
Fe2VTa0.03Al0.97,Fe2.000,V1.000,Ta0.030Al0.970,324.5478,4.68e-06,1.6400000000000006,0.0,0.0,60.0,153.9663414,689.8339576673495,7.0,0.0,7.0,16.5292,1.6067,1.5,0.0,0.00035211,1.63,2.0,5.0,225.12,-166.4295
Fe2VTa0.03Al0.97,Fe2.000,V1.000,Ta0.030Al0.970,514.7287,4.22e-06,1.6400000000000006,0.0,0.0,60.0,153.9663414,689.8339576673495,7.0,0.0,7.0,16.5292,1.6067,1.5,0.0,0.00035211,1.63,2.0,5.0,225.12,-99.145
Fe2VTa0.03Al0.97,Fe2.000,V1.000,Ta0.030Al0.970,706.9767,3.44e-06,1.6400000000000006,0.0,0.0,60.0,153.9663414,689.8339576673495,7.0,0.0,7.0,16.5292,1.6067,1.5,0.0,0.00035211,1.63,2.0,5.0,225.12,-53.8057
Fe2VTa0.05Al0.95,Fe2.000,V1.000,Ta0.050Al0.950,101.292,1.86e-06,1.6400000000000006,0.0,0.0,60.0,153.9663414,1126.0176284948143,7.0,0.0,7.0,16.561999999999998,1.6045,1.5,0.0,0.00057475,1.63,2.0,5.0,225.2,-63.9025
Fe2VTa0.05Al0.95,Fe2.000,V1.000,Ta0.050Al0.950,225.323,2.59e-06,1.6400000000000006,0.0,0.0,60.0,153.9663414,1126.0176284948143,7.0,0.0,7.0,16.561999999999998,1.6045,1.5,0.0,0.00057475,1.63,2.0,5.0,225.2,-114.8952
Fe2VTa0.05Al0.95,Fe2.000,V1.000,Ta0.050Al0.950,363.8243,3.64e-06,1.6400000000000006,0.0,0.0,60.0,153.9663414,1126.0176284948143,7.0,0.0,7.0,16.561999999999998,1.6045,1.5,0.0,0.00057475,1.63,2.0,5.0,225.2,-151.4731
Fe2VTa0.05Al0.95,Fe2.000,V1.000,Ta0.050Al0.950,465.1163,4.04e-06,1.6400000000000006,0.0,0.0,60.0,153.9663414,1126.0176284948143,7.0,0.0,7.0,16.561999999999998,1.6045,1.5,0.0,0.00057475,1.63,2.0,5.0,225.2,-155.6613
Fe2VTa0.05Al0.95,Fe2.000,V1.000,Ta0.050Al0.950,700.7752,3.72e-06,1.6400000000000006,0.0,0.0,60.0,153.9663414,1126.0176284948143,7.0,0.0,7.0,16.561999999999998,1.6045,1.5,0.0,0.00057475,1.63,2.0,5.0,225.2,-85.5553
Fe2VTa0.08Al0.92,Fe2.000,V1.000,Ta0.080Al0.920,97.1576,1.54e-06,1.6400000000000006,0.0,0.0,60.0,153.9663414,1744.73468330986,7.0,0.0,7.0,16.6112,1.6012,1.5,0.0,0.00089056,1.63,2.0,5.0,225.32,-46.5737
Fe2VTa0.08Al0.92,Fe2.000,V1.000,Ta0.080Al0.920,264.5995,2.43e-06,1.6400000000000006,0.0,0.0,60.0,153.9663414,1744.73468330986,7.0,0.0,7.0,16.6112,1.6012,1.5,0.0,0.00089056,1.63,2.0,5.0,225.32,-98.7839
Fe2VTa0.08Al0.92,Fe2.000,V1.000,Ta0.080Al0.920,432.0413,3.57e-06,1.6400000000000006,0.0,0.0,60.0,153.9663414,1744.73468330986,7.0,0.0,7.0,16.6112,1.6012,1.5,0.0,0.00089056,1.63,2.0,5.0,225.32,-135.4036
Fe2VTa0.08Al0.92,Fe2.000,V1.000,Ta0.080Al0.920,518.863,3.84e-06,1.6400000000000006,0.0,0.0,60.0,153.9663414,1744.73468330986,7.0,0.0,7.0,16.6112,1.6012,1.5,0.0,0.00089056,1.63,2.0,5.0,225.32,-138.9935
Fe2VTa0.08Al0.92,Fe2.000,V1.000,Ta0.080Al0.920,702.8424,3.66e-06,1.6400000000000006,0.0,0.0,60.0,153.9663414,1744.73468330986,7.0,0.0,7.0,16.6112,1.6012,1.5,0.0,0.00089056,1.63,2.0,5.0,225.32,-94.2197
Fe2VTa0.12Al0.88,Fe2.000,V1.000,Ta0.120Al0.880,97.1576,1.45e-06,1.6400000000000006,0.0,0.0,60.0,153.9663414,2503.3149804011027,7.0,0.0,7.0,16.6768,1.5968,1.5,0.0,0.00127776,1.63,2.0,5.0,225.48,-28.096
Fe2VTa0.12Al0.88,Fe2.000,V1.000,Ta0.120Al0.880,268.7339,2.21e-06,1.6400000000000006,0.0,0.0,60.0,153.9663414,2503.3149804011027,7.0,0.0,7.0,16.6768,1.5968,1.5,0.0,0.00127776,1.63,2.0,5.0,225.48,-68.1862
Fe2VTa0.12Al0.88,Fe2.000,V1.000,Ta0.120Al0.880,483.7209,3.39e-06,1.6400000000000006,0.0,0.0,60.0,153.9663414,2503.3149804011027,7.0,0.0,7.0,16.6768,1.5968,1.5,0.0,0.00127776,1.63,2.0,5.0,225.48,-101.9874
Fe2VTa0.12Al0.88,Fe2.000,V1.000,Ta0.120Al0.880,704.9096,3.69e-06,1.6400000000000006,0.0,0.0,60.0,153.9663414,2503.3149804011027,7.0,0.0,7.0,16.6768,1.5968,1.5,0.0,0.00127776,1.63,2.0,5.0,225.48,-92.4904
Fe2VAl,Fe2.000,V1.000,Al1.000,336.6453,9.75e-06,0.0,0.0,0.0,0.0,0.0,0.0,0.0,0.0,0.0,16.48,1.61,1.61,0.0,0.0,1.63,0.0,13.0,225.0,-97.7885
Fe2VAl,Fe2.000,V1.000,Al1.000,501.2402,6.59e-06,0.0,0.0,0.0,0.0,0.0,0.0,0.0,0.0,0.0,16.48,1.61,1.61,0.0,0.0,1.63,0.0,13.0,225.0,-52.0192
Fe2VAl,Fe2.000,V1.000,Al1.000,652.8289,5.14e-06,0.0,0.0,0.0,0.0,0.0,0.0,0.0,0.0,0.0,16.48,1.61,1.61,0.0,0.0,1.63,0.0,13.0,225.0,-27.7885
Fe2VAl,Fe2.000,V1.000,Al1.000,799.6539,4.36e-06,0.0,0.0,0.0,0.0,0.0,0.0,0.0,0.0,0.0,16.48,1.61,1.61,0.0,0.0,1.63,0.0,13.0,225.0,-16.3462
Fe2VAl,Fe2.000,V1.000,Al1.000,968.671,3.7e-06,0.0,0.0,0.0,0.0,0.0,0.0,0.0,0.0,0.0,16.48,1.61,1.61,0.0,0.0,1.63,0.0,13.0,225.0,-13.6538
Fe2V0.95Nb0.05Al,Fe2.000,V1.000,Nb0.048Al0.952,326.9068,7.5e-06,1.6999999999999993,0.0,0.0,28.0,65.92484139999999,198.5986870733581,6.0,0.0,6.0,16.5616,1.60952,1.6,0.0,4.569600000000008e-06,1.63,2.0,5.0,225.192,-114.6154
Fe2V0.95Nb0.05Al,Fe2.000,V1.000,Nb0.048Al0.952,483.1452,5.75e-06,1.6999999999999993,0.0,0.0,28.0,65.92484139999999,198.5986870733581,6.0,0.0,6.0,16.5616,1.60952,1.6,0.0,4.569600000000008e-06,1.63,2.0,5.0,225.192,-72.8846
Fe2V0.95Nb0.05Al,Fe2.000,V1.000,Nb0.048Al0.952,651.447,4.53e-06,1.6999999999999993,0.0,0.0,28.0,65.92484139999999,198.5986870733581,6.0,0.0,6.0,16.5616,1.60952,1.6,0.0,4.569600000000008e-06,1.63,2.0,5.0,225.192,-40.5769
Fe2V0.95Nb0.05Al,Fe2.000,V1.000,Nb0.048Al0.952,789.7529,3.89e-06,1.6999999999999993,0.0,0.0,28.0,65.92484139999999,198.5986870733581,6.0,0.0,6.0,16.5616,1.60952,1.6,0.0,4.569600000000008e-06,1.63,2.0,5.0,225.192,-26.4423
Fe2V0.95Nb0.05Al,Fe2.000,V1.000,Nb0.048Al0.952,968.7686,3.38e-06,1.6999999999999993,0.0,0.0,28.0,65.92484139999999,198.5986870733581,6.0,0.0,6.0,16.5616,1.60952,1.6,0.0,4.569600000000008e-06,1.63,2.0,5.0,225.192,-17.6923
Fe2V0.9Nb0.1Al,Fe2.000,V1.000,Nb0.091Al0.909,324.4519,7.42e-06,1.6999999999999993,0.0,0.0,28.0,65.92484139999999,359.5037814255319,6.0,0.0,6.0,16.634700000000002,1.60909,1.6,0.0,8.271900000000015e-06,1.63,2.0,5.0,225.364,-82.9808
Fe2V0.9Nb0.1Al,Fe2.000,V1.000,Nb0.091Al0.909,514.7343,5.05e-06,1.6999999999999993,0.0,0.0,28.0,65.92484139999999,359.5037814255319,6.0,0.0,6.0,16.634700000000002,1.60909,1.6,0.0,8.271900000000015e-06,1.63,2.0,5.0,225.364,-50.6731
Fe2V0.9Nb0.1Al,Fe2.000,V1.000,Nb0.091Al0.909,705.2281,3.96e-06,1.6999999999999993,0.0,0.0,28.0,65.92484139999999,359.5037814255319,6.0,0.0,6.0,16.634700000000002,1.60909,1.6,0.0,8.271900000000015e-06,1.63,2.0,5.0,225.364,-27.1154
Fe2V0.9Nb0.1Al,Fe2.000,V1.000,Nb0.091Al0.909,860.5885,3.46e-06,1.6999999999999993,0.0,0.0,28.0,65.92484139999999,359.5037814255319,6.0,0.0,6.0,16.634700000000002,1.60909,1.6,0.0,8.271900000000015e-06,1.63,2.0,5.0,225.364,-19.0385
Fe2V0.9Nb0.1Al,Fe2.000,V1.000,Nb0.091Al0.909,956.9003,3.27e-06,1.6999999999999993,0.0,0.0,28.0,65.92484139999999,359.5037814255319,6.0,0.0,6.0,16.634700000000002,1.60909,1.6,0.0,8.271900000000015e-06,1.63,2.0,5.0,225.364,-16.3462
Fe2V0.8Nb0.2Al,Fe2.000,V0.800Nb0.200,Al1.000,334.0928,6.52e-06,0.0,0.0,0.0,0.0,0.0,0.0,0.0,0.0,0.0,16.48,1.61,1.61,0.0,0.0,1.624,0.0,13.0,225.0,7.8846
Fe2V0.8Nb0.2Al,Fe2.000,V0.800Nb0.200,Al1.000,528.7974,4.29e-06,0.0,0.0,0.0,0.0,0.0,0.0,0.0,0.0,0.0,16.48,1.61,1.61,0.0,0.0,1.624,0.0,13.0,225.0,-2.8846
Fe2V0.8Nb0.2Al,Fe2.000,V0.800Nb0.200,Al1.000,686.0925,3.53e-06,0.0,0.0,0.0,0.0,0.0,0.0,0.0,0.0,0.0,16.48,1.61,1.61,0.0,0.0,1.624,0.0,13.0,225.0,-4.9038
Fe2V0.8Nb0.2Al,Fe2.000,V0.800Nb0.200,Al1.000,812.9529,3.21e-06,0.0,0.0,0.0,0.0,0.0,0.0,0.0,0.0,0.0,16.48,1.61,1.61,0.0,0.0,1.624,0.0,13.0,225.0,-6.9231
Fe2V0.8Nb0.2Al,Fe2.000,V0.800Nb0.200,Al1.000,958.3798,3.03e-06,0.0,0.0,0.0,0.0,0.0,0.0,0.0,0.0,0.0,16.48,1.61,1.61,0.0,0.0,1.624,0.0,13.0,225.0,-7.5962
Fe2VAl,Fe2.000,V1.000,Al1.000,2.9115,2.6e-05,0.0,0.0,0.0,0.0,0.0,0.0,0.0,0.0,0.0,16.48,1.61,1.61,0.0,0.0,1.63,0.0,13.0,225.0,2.0151
Fe2VAl,Fe2.000,V1.000,Al1.000,69.8475,2.35e-05,0.0,0.0,0.0,0.0,0.0,0.0,0.0,0.0,0.0,16.48,1.61,1.61,0.0,0.0,1.63,0.0,13.0,225.0,45.1385
Fe2VAl,Fe2.000,V1.000,Al1.000,187.2926,1.86e-05,0.0,0.0,0.0,0.0,0.0,0.0,0.0,0.0,0.0,16.48,1.61,1.61,0.0,0.0,1.63,0.0,13.0,225.0,74.5592
Fe2VAl,Fe2.000,V1.000,Al1.000,308.7095,1.21e-05,0.0,0.0,0.0,0.0,0.0,0.0,0.0,0.0,0.0,16.48,1.61,1.61,0.0,0.0,1.63,0.0,13.0,225.0,63.2746
Fe2VAl,Fe2.000,V1.000,Al1.000,573.0538,4.82e-06,0.0,0.0,0.0,0.0,0.0,0.0,0.0,0.0,0.0,16.48,1.61,1.61,0.0,0.0,1.63,0.0,13.0,225.0,19.7481
Fe2VAl,Fe2.000,V1.000,Al1.000,786.9765,3.81e-06,0.0,0.0,0.0,0.0,0.0,0.0,0.0,0.0,0.0,16.48,1.61,1.61,0.0,0.0,1.63,0.0,13.0,225.0,-0.403
Fe2VAl1.2,Fe2.000,V1.000,Al1.000,11.6097,7.12e-06,0.0,0.0,0.0,0.0,0.0,0.0,0.0,0.0,0.0,16.48,1.61,1.61,0.0,0.0,1.63,0.0,13.0,225.0,4.0302
Fe2VAl1.2,Fe2.000,V1.000,Al1.000,136.452,6.6e-06,0.0,0.0,0.0,0.0,0.0,0.0,0.0,0.0,0.0,16.48,1.61,1.61,0.0,0.0,1.63,0.0,13.0,225.0,51.5869
Fe2VAl1.2,Fe2.000,V1.000,Al1.000,246.6674,6.96e-06,0.0,0.0,0.0,0.0,0.0,0.0,0.0,0.0,0.0,16.48,1.61,1.61,0.0,0.0,1.63,0.0,13.0,225.0,81.4106
Fe2VAl1.2,Fe2.000,V1.000,Al1.000,368.4086,7.52e-06,0.0,0.0,0.0,0.0,0.0,0.0,0.0,0.0,0.0,16.48,1.61,1.61,0.0,0.0,1.63,0.0,13.0,225.0,105.995
Fe2VAl1.2,Fe2.000,V1.000,Al1.000,491.2139,7.17e-06,0.0,0.0,0.0,0.0,0.0,0.0,0.0,0.0,0.0,16.48,1.61,1.61,0.0,0.0,1.63,0.0,13.0,225.0,88.262
Fe2VAl1.2,Fe2.000,V1.000,Al1.000,648.4329,6.03e-06,0.0,0.0,0.0,0.0,0.0,0.0,0.0,0.0,0.0,16.48,1.61,1.61,0.0,0.0,1.63,0.0,13.0,225.0,36.6751
Fe2VAl1.2,Fe2.000,V1.000,Al1.000,798.608,4.19e-06,0.0,0.0,0.0,0.0,0.0,0.0,0.0,0.0,0.0,16.48,1.61,1.61,0.0,0.0,1.63,0.0,13.0,225.0,6.0453
Fe2VAl,Fe2.000,V1.000,Al1.000,96.9446,1.95e-05,0.0,0.0,0.0,0.0,0.0,0.0,0.0,0.0,0.0,16.48,1.61,1.61,0.0,0.0,1.63,0.0,13.0,225.0,17.0174
Fe2VAl,Fe2.000,V1.000,Al1.000,194.9361,1.3e-05,0.0,0.0,0.0,0.0,0.0,0.0,0.0,0.0,0.0,16.48,1.61,1.61,0.0,0.0,1.63,0.0,13.0,225.0,24.3114
Fe2VAl,Fe2.000,V1.000,Al1.000,299.4939,7.74e-06,0.0,0.0,0.0,0.0,0.0,0.0,0.0,0.0,0.0,16.48,1.61,1.61,0.0,0.0,1.63,0.0,13.0,225.0,26.9682
Fe2VAl,Fe2.000,V1.000,Al1.000,398.8501,4.66e-06,0.0,0.0,0.0,0.0,0.0,0.0,0.0,0.0,0.0,16.48,1.61,1.61,0.0,0.0,1.63,0.0,13.0,225.0,25.4643
Fe2VAl0.97Ge0.03,Fe2.000,V1.000,Al0.970Ge0.030,98.8418,5.23e-06,6.524999999999999,0.0042686499,0.0,19.0,45.6584614,60.66462733478494,0.0,0.0,0.0,16.67575,1.622,1.61,0.0,0.0046559999999999,1.63,1.0,13.0,225.0,-73.2626
Fe2VAl0.97Ge0.03,Fe2.000,V1.000,Al0.970Ge0.030,164.3682,6.31e-06,6.524999999999999,0.0042686499,0.0,19.0,45.6584614,60.66462733478494,0.0,0.0,0.0,16.67575,1.622,1.61,0.0,0.0046559999999999,1.63,1.0,13.0,225.0,-98.8014
Fe2VAl0.97Ge0.03,Fe2.000,V1.000,Al0.970Ge0.030,224.6446,6.67e-06,6.524999999999999,0.0042686499,0.0,19.0,45.6584614,60.66462733478494,0.0,0.0,0.0,16.67575,1.622,1.61,0.0,0.0046559999999999,1.63,1.0,13.0,225.0,-121.0933
Fe2VAl0.97Ge0.03,Fe2.000,V1.000,Al0.970Ge0.030,253.4121,6.51e-06,6.524999999999999,0.0042686499,0.0,19.0,45.6584614,60.66462733478494,0.0,0.0,0.0,16.67575,1.622,1.61,0.0,0.0046559999999999,1.63,1.0,13.0,225.0,-122.5155
Fe2VAl0.97Ge0.03,Fe2.000,V1.000,Al0.970Ge0.030,331.72,5.76e-06,6.524999999999999,0.0042686499,0.0,19.0,45.6584614,60.66462733478494,0.0,0.0,0.0,16.67575,1.622,1.61,0.0,0.0046559999999999,1.63,1.0,13.0,225.0,-103.6247
Fe2VAl0.97Ge0.03,Fe2.000,V1.000,Al0.970Ge0.030,396.853,4.89e-06,6.524999999999999,0.0042686499,0.0,19.0,45.6584614,60.66462733478494,0.0,0.0,0.0,16.67575,1.622,1.61,0.0,0.0046559999999999,1.63,1.0,13.0,225.0,-68.9778
Fe2VAl0.95Ge0.05,Fe2.000,V1.000,Al0.950Ge0.050,98.8842,2.07e-06,6.524999999999999,0.0069677275,0.0,19.0,45.6584614,99.02301712722628,0.0,0.0,0.0,16.80625,1.63,1.61,0.0,0.0075999999999999,1.63,1.0,13.0,225.0,-79.7441
Fe2VAl0.95Ge0.05,Fe2.000,V1.000,Al0.950Ge0.050,155.2723,2.6e-06,6.524999999999999,0.0069677275,0.0,19.0,45.6584614,99.02301712722628,0.0,0.0,0.0,16.80625,1.63,1.61,0.0,0.0075999999999999,1.63,1.0,13.0,225.0,-107.1242
Fe2VAl0.95Ge0.05,Fe2.000,V1.000,Al0.950Ge0.050,226.0335,3.74e-06,6.524999999999999,0.0069677275,0.0,19.0,45.6584614,99.02301712722628,0.0,0.0,0.0,16.80625,1.63,1.61,0.0,0.0075999999999999,1.63,1.0,13.0,225.0,-133.5949
Fe2VAl0.95Ge0.05,Fe2.000,V1.000,Al0.950Ge0.050,296.6314,4.15e-06,6.524999999999999,0.0069677275,0.0,19.0,45.6584614,99.02301712722628,0.0,0.0,0.0,16.80625,1.63,1.61,0.0,0.0075999999999999,1.63,1.0,13.0,225.0,-135.0655
Fe2VAl0.95Ge0.05,Fe2.000,V1.000,Al0.950Ge0.050,397.0558,4.15e-06,6.524999999999999,0.0069677275,0.0,19.0,45.6584614,99.02301712722628,0.0,0.0,0.0,16.80625,1.63,1.61,0.0,0.0075999999999999,1.63,1.0,13.0,225.0,-99.9966
Fe2VAl0.9Ge0.1,Fe2.000,V1.000,Al0.900Ge0.100,98.7934,1.2e-06,6.524999999999999,0.01320201,0.0,19.0,45.6584614,187.62255876737615,0.0,0.0,0.0,17.1325,1.65,1.61,0.0,0.0143999999999999,1.63,1.0,13.0,225.0,-65.8551
Fe2VAl0.9Ge0.1,Fe2.000,V1.000,Al0.900Ge0.100,169.5668,1.64e-06,6.524999999999999,0.01320201,0.0,19.0,45.6584614,187.62255876737615,0.0,0.0,0.0,17.1325,1.65,1.61,0.0,0.0143999999999999,1.63,1.0,13.0,225.0,-94.1777
Fe2VAl0.9Ge0.1,Fe2.000,V1.000,Al0.900Ge0.100,252.0746,2.24e-06,6.524999999999999,0.01320201,0.0,19.0,45.6584614,187.62255876737615,0.0,0.0,0.0,17.1325,1.65,1.61,0.0,0.0143999999999999,1.63,1.0,13.0,225.0,-117.8843
Fe2VAl0.9Ge0.1,Fe2.000,V1.000,Al0.900Ge0.100,321.3865,2.81e-06,6.524999999999999,0.01320201,0.0,19.0,45.6584614,187.62255876737615,0.0,0.0,0.0,17.1325,1.65,1.61,0.0,0.0143999999999999,1.63,1.0,13.0,225.0,-122.5942
Fe2VAl0.9Ge0.1,Fe2.000,V1.000,Al0.900Ge0.100,401.0258,3.19e-06,6.524999999999999,0.01320201,0.0,19.0,45.6584614,187.62255876737615,0.0,0.0,0.0,17.1325,1.65,1.61,0.0,0.0143999999999999,1.63,1.0,13.0,225.0,-107.4086
Fe2VAl0.8Ge0.2,Fe2.000,V1.000,Al0.800Ge0.200,99.9765,8.49e-07,6.524999999999999,0.02347024,0.0,19.0,45.6584614,333.5512155864464,0.0,0.0,0.0,17.785,1.6900000000000002,1.61,0.0,0.0255999999999999,1.63,1.0,13.0,225.0,-46.875
Fe2VAl0.8Ge0.2,Fe2.000,V1.000,Al0.800Ge0.200,212.6226,1.46e-06,6.524999999999999,0.02347024,0.0,19.0,45.6584614,333.5512155864464,0.0,0.0,0.0,17.785,1.6900000000000002,1.61,0.0,0.0255999999999999,1.63,1.0,13.0,225.0,-81.7276
Fe2VAl0.8Ge0.2,Fe2.000,V1.000,Al0.800Ge0.200,305.5548,2.11e-06,6.524999999999999,0.02347024,0.0,19.0,45.6584614,333.5512155864464,0.0,0.0,0.0,17.785,1.6900000000000002,1.61,0.0,0.0255999999999999,1.63,1.0,13.0,225.0,-100.3537
Fe2VAl0.8Ge0.2,Fe2.000,V1.000,Al0.800Ge0.200,399.7156,2.56e-06,6.524999999999999,0.02347024,0.0,19.0,45.6584614,333.5512155864464,0.0,0.0,0.0,17.785,1.6900000000000002,1.61,0.0,0.0255999999999999,1.63,1.0,13.0,225.0,-106.9441
Fe2VAl,Fe2.000,V1.000,Al1.000,300.8334,5.88e-06,0.0,0.0,0.0,0.0,0.0,0.0,0.0,0.0,0.0,16.48,1.61,1.61,0.0,0.0,1.63,0.0,13.0,225.0,-1.2179
Fe2VAl,Fe2.000,V1.000,Al1.000,417.4241,5.17e-06,0.0,0.0,0.0,0.0,0.0,0.0,0.0,0.0,0.0,16.48,1.61,1.61,0.0,0.0,1.63,0.0,13.0,225.0,-3.9395
Fe2VAl,Fe2.000,V1.000,Al1.000,518.7787,4.56e-06,0.0,0.0,0.0,0.0,0.0,0.0,0.0,0.0,0.0,16.48,1.61,1.61,0.0,0.0,1.63,0.0,13.0,225.0,-5.822
Fe2V0.9Mn0.1Al,Fe2.000,V1.000,Mn0.091Al0.909,296.7824,6.65e-06,5.992413793100001,0.0,0.0,12.0,27.9565064,64.65037864146281,5.0,0.000310120689655,5.0,15.9346903448279,1.60454,1.55,0.0,0.0002977884,1.63,0.0,7.0,224.272,55.2999
Fe2V0.9Mn0.1Al,Fe2.000,V1.000,Mn0.091Al0.909,413.1938,5.12e-06,5.992413793100001,0.0,0.0,12.0,27.9565064,64.65037864146281,5.0,0.000310120689655,5.0,15.9346903448279,1.60454,1.55,0.0,0.0002977884,1.63,0.0,7.0,224.272,33.1664
Fe2V0.9Mn0.1Al,Fe2.000,V1.000,Mn0.091Al0.909,527.3739,4.01e-06,5.992413793100001,0.0,0.0,12.0,27.9565064,64.65037864146281,5.0,0.000310120689655,5.0,15.9346903448279,1.60454,1.55,0.0,0.0002977884,1.63,0.0,7.0,224.272,17.0252
Fe2V0.8Mn0.2Al,Fe2.000,V0.800Mn0.200,Al1.000,302.9591,5.14e-06,0.0,0.0,0.000310120689655,0.0,0.0,0.0,0.0,0.0,0.0,16.48,1.61,1.61,12.0,0.0,1.614,0.0,13.0,225.0,63.871
Fe2V0.8Mn0.2Al,Fe2.000,V0.800Mn0.200,Al1.000,417.9305,4.91e-06,0.0,0.0,0.000310120689655,0.0,0.0,0.0,0.0,0.0,0.0,16.48,1.61,1.61,12.0,0.0,1.614,0.0,13.0,225.0,50.8708
Fe2V0.8Mn0.2Al,Fe2.000,V0.800Mn0.200,Al1.000,520.6934,4.42e-06,0.0,0.0,0.000310120689655,0.0,0.0,0.0,0.0,0.0,0.0,16.48,1.61,1.61,12.0,0.0,1.614,0.0,13.0,225.0,36.4293
Fe2V0.7Mn0.3Al,Fe2.000,V0.700Mn0.300,Al1.000,302.1442,4.85e-06,0.0,0.0,0.000310120689655,0.0,0.0,0.0,0.0,0.0,0.0,16.48,1.61,1.61,12.0,0.0,1.606,0.0,13.0,225.0,58.1607
Fe2V0.7Mn0.3Al,Fe2.000,V0.700Mn0.300,Al1.000,420.1881,4.78e-06,0.0,0.0,0.000310120689655,0.0,0.0,0.0,0.0,0.0,0.0,16.48,1.61,1.61,12.0,0.0,1.606,0.0,13.0,225.0,47.7332
Fe2V0.7Mn0.3Al,Fe2.000,V0.700Mn0.300,Al1.000,516.8534,4.48e-06,0.0,0.0,0.000310120689655,0.0,0.0,0.0,0.0,0.0,0.0,16.48,1.61,1.61,12.0,0.0,1.606,0.0,13.0,225.0,33.2848
Fe2V0.6Mn0.4Al,Fe2.000,V0.600Mn0.400,Al1.000,299.8338,4.28e-06,0.0,0.0,0.000310120689655,0.0,0.0,0.0,0.0,0.0,0.0,16.48,1.61,1.61,12.0,0.0,1.598,0.0,13.0,225.0,55.5889
Fe2V0.6Mn0.4Al,Fe2.000,V0.600Mn0.400,Al1.000,401.9453,4.52e-06,0.0,0.0,0.000310120689655,0.0,0.0,0.0,0.0,0.0,0.0,16.48,1.61,1.61,12.0,0.0,1.598,0.0,13.0,225.0,53.1363
Fe2V0.6Mn0.4Al,Fe2.000,V0.600Mn0.400,Al1.000,519.2033,4.46e-06,0.0,0.0,0.000310120689655,0.0,0.0,0.0,0.0,0.0,0.0,16.48,1.61,1.61,12.0,0.0,1.598,0.0,13.0,225.0,40.1387
Fe2V0.5Mn0.5Al,Fe2.000,V0.500Mn0.500,Al1.000,297.3362,4.2e-06,0.0,0.0,0.000310120689655,0.0,0.0,0.0,0.0,0.0,0.0,16.48,1.61,1.61,12.0,0.0,1.59,0.0,13.0,225.0,32.7487
Fe2V0.5Mn0.5Al,Fe2.000,V0.500Mn0.500,Al1.000,423.0154,3.85e-06,0.0,0.0,0.000310120689655,0.0,0.0,0.0,0.0,0.0,0.0,16.48,1.61,1.61,12.0,0.0,1.59,0.0,13.0,225.0,23.7572
Fe2V0.5Mn0.5Al,Fe2.000,V0.500Mn0.500,Al1.000,524.3066,3.58e-06,0.0,0.0,0.000310120689655,0.0,0.0,0.0,0.0,0.0,0.0,16.48,1.61,1.61,12.0,0.0,1.59,0.0,13.0,225.0,15.0234
Fe2V0.4Mn0.6Al,Fe2.000,V0.400Mn0.600,Al1.000,301.0022,4.15e-06,0.0,0.0,0.000310120689655,0.0,0.0,0.0,0.0,0.0,0.0,16.48,1.61,1.61,12.0,0.0,1.582,0.0,13.0,225.0,17.0522
Fe2V0.4Mn0.6Al,Fe2.000,V0.400Mn0.600,Al1.000,412.9907,3.84e-06,0.0,0.0,0.000310120689655,0.0,0.0,0.0,0.0,0.0,0.0,16.48,1.61,1.61,12.0,0.0,1.582,0.0,13.0,225.0,11.1852
Fe2V0.4Mn0.6Al,Fe2.000,V0.400Mn0.600,Al1.000,514.3136,3.52e-06,0.0,0.0,0.000310120689655,0.0,0.0,0.0,0.0,0.0,0.0,16.48,1.61,1.61,12.0,0.0,1.582,0.0,13.0,225.0,5.8771
Fe2V0.9Mn0.1Al1.1,Fe2.000,V0.900Mn0.100,Al1.000,302.8074,2.63e-06,0.0,0.0,0.000310120689655,0.0,0.0,0.0,0.0,0.0,0.0,16.48,1.61,1.61,12.0,0.0,1.622,0.0,13.0,225.0,71.141
Fe2V0.9Mn0.1Al1.1,Fe2.000,V0.900Mn0.100,Al1.000,394.1835,2.87e-06,0.0,0.0,0.000310120689655,0.0,0.0,0.0,0.0,0.0,0.0,16.48,1.61,1.61,12.0,0.0,1.622,0.0,13.0,225.0,72.9035
Fe2V0.9Mn0.1Al1.1,Fe2.000,V0.900Mn0.100,Al1.000,500.2118,3.01e-06,0.0,0.0,0.000310120689655,0.0,0.0,0.0,0.0,0.0,0.0,16.48,1.61,1.61,12.0,0.0,1.622,0.0,13.0,225.0,64.6799
Fe2V0.9Mn0.1Al1.2,Fe2.000,V0.900Mn0.100,Al1.000,300.8317,2.55e-06,0.0,0.0,0.000310120689655,0.0,0.0,0.0,0.0,0.0,0.0,16.48,1.61,1.61,12.0,0.0,1.622,0.0,13.0,225.0,69.7969
Fe2V0.9Mn0.1Al1.2,Fe2.000,V0.900Mn0.100,Al1.000,397.5617,2.58e-06,0.0,0.0,0.000310120689655,0.0,0.0,0.0,0.0,0.0,0.0,16.48,1.61,1.61,12.0,0.0,1.622,0.0,13.0,225.0,64.8181
Fe2V0.9Mn0.1Al1.2,Fe2.000,V0.900Mn0.100,Al1.000,499.6521,2.44e-06,0.0,0.0,0.000310120689655,0.0,0.0,0.0,0.0,0.0,0.0,16.48,1.61,1.61,12.0,0.0,1.622,0.0,13.0,225.0,52.29
Fe1.95Re0.05VAl,Fe2.000,V1.000,Re0.048Al0.952,309.0545,4.23e-06,1.825000000000001,0.0,0.0,62.0,159.2254614,1158.519152412328,5.0,0.0,5.0,16.3924,1.62392,1.61,0.0,0.0038430335999999,1.63,0.0,7.0,223.512,75.8579
Fe1.95Re0.05VAl,Fe2.000,V1.000,Re0.048Al0.952,409.2107,3.91e-06,1.825000000000001,0.0,0.0,62.0,159.2254614,1158.519152412328,5.0,0.0,5.0,16.3924,1.62392,1.61,0.0,0.0038430335999999,1.63,0.0,7.0,223.512,65.084
Fe1.95Re0.05VAl,Fe2.000,V1.000,Re0.048Al0.952,561.8409,3.43e-06,1.825000000000001,0.0,0.0,62.0,159.2254614,1158.519152412328,5.0,0.0,5.0,16.3924,1.62392,1.61,0.0,0.0038430335999999,1.63,0.0,7.0,223.512,33.5996
Fe1.95Re0.05VAl,Fe2.000,V1.000,Re0.048Al0.952,667.8659,3.1e-06,1.825000000000001,0.0,0.0,62.0,159.2254614,1158.519152412328,5.0,0.0,5.0,16.3924,1.62392,1.61,0.0,0.0038430335999999,1.63,0.0,7.0,223.512,17.8757
Fe1.95Re0.05VAl,Fe2.000,V1.000,Re0.048Al0.952,801.364,3.01e-06,1.825000000000001,0.0,0.0,62.0,159.2254614,1158.519152412328,5.0,0.0,5.0,16.3924,1.62392,1.61,0.0,0.0038430335999999,1.63,0.0,7.0,223.512,6.5033
Fe1.9Re0.1VAl,Fe2.000,V1.000,Re0.091Al0.909,310.6608,3.52e-06,1.825000000000001,0.0,0.0,62.0,159.2254614,2097.1539252537495,5.0,0.0,5.0,16.313925,1.6363900000000002,1.61,0.0,0.0069566678999999,1.63,0.0,7.0,222.179,65.023
Fe1.9Re0.1VAl,Fe2.000,V1.000,Re0.091Al0.909,407.7883,3.75e-06,1.825000000000001,0.0,0.0,62.0,159.2254614,2097.1539252537495,5.0,0.0,5.0,16.313925,1.6363900000000002,1.61,0.0,0.0069566678999999,1.63,0.0,7.0,222.179,63.2255
Fe1.9Re0.1VAl,Fe2.000,V1.000,Re0.091Al0.909,557.4258,3.8e-06,1.825000000000001,0.0,0.0,62.0,159.2254614,2097.1539252537495,5.0,0.0,5.0,16.313925,1.6363900000000002,1.61,0.0,0.0069566678999999,1.63,0.0,7.0,222.179,38.2408
Fe1.9Re0.1VAl,Fe2.000,V1.000,Re0.091Al0.909,795.5041,3.11e-06,1.825000000000001,0.0,0.0,62.0,159.2254614,2097.1539252537495,5.0,0.0,5.0,16.313925,1.6363900000000002,1.61,0.0,0.0069566678999999,1.63,0.0,7.0,222.179,10.834
Fe2VAl,Fe2.000,V1.000,Al1.000,297.1776,7.6e-06,0.0,0.0,0.0,0.0,0.0,0.0,0.0,0.0,0.0,16.48,1.61,1.61,0.0,0.0,1.63,0.0,13.0,225.0,25.0647
Fe2VAl,Fe2.000,V1.000,Al1.000,474.8579,8.13e-06,0.0,0.0,0.0,0.0,0.0,0.0,0.0,0.0,0.0,16.48,1.61,1.61,0.0,0.0,1.63,0.0,13.0,225.0,21.1548
Fe2VAl,Fe2.000,V1.000,Al1.000,643.4784,3.69e-06,0.0,0.0,0.0,0.0,0.0,0.0,0.0,0.0,0.0,16.48,1.61,1.61,0.0,0.0,1.63,0.0,13.0,225.0,14.5923
Fe2VAl,Fe2.000,V1.000,Al1.000,847.3519,3.39e-06,0.0,0.0,0.0,0.0,0.0,0.0,0.0,0.0,0.0,16.48,1.61,1.61,0.0,0.0,1.63,0.0,13.0,225.0,10.2861
Fe1.96Co0.04VAl,Fe2.000,V1.000,Co0.038Al0.962,299.9833,6.71e-06,6.235000000000001,0.0,0.0,14.0,31.951656399999997,37.320325522099026,3.0,1.5484712,3.0,16.24307,1.62026,1.61,0.0,0.0026649323999999,1.63,2.0,9.0,223.822,-66.4561
Fe1.96Co0.04VAl,Fe2.000,V1.000,Co0.038Al0.962,456.2707,4.42e-06,6.235000000000001,0.0,0.0,14.0,31.951656399999997,37.320325522099026,3.0,1.5484712,3.0,16.24307,1.62026,1.61,0.0,0.0026649323999999,1.63,2.0,9.0,223.822,-20.9854
Fe1.96Co0.04VAl,Fe2.000,V1.000,Co0.038Al0.962,599.5391,3.41e-06,6.235000000000001,0.0,0.0,14.0,31.951656399999997,37.320325522099026,3.0,1.5484712,3.0,16.24307,1.62026,1.61,0.0,0.0026649323999999,1.63,2.0,9.0,223.822,-10.8229
Fe1.96Co0.04VAl,Fe2.000,V1.000,Co0.038Al0.962,732.7613,3.02e-06,6.235000000000001,0.0,0.0,14.0,31.951656399999997,37.320325522099026,3.0,1.5484712,3.0,16.24307,1.62026,1.61,0.0,0.0026649323999999,1.63,2.0,9.0,223.822,-11.6667
Fe1.96Co0.04VAl,Fe2.000,V1.000,Co0.038Al0.962,853.4597,2.8e-06,6.235000000000001,0.0,0.0,14.0,31.951656399999997,37.320325522099026,3.0,1.5484712,3.0,16.24307,1.62026,1.61,0.0,0.0026649323999999,1.63,2.0,9.0,223.822,-12.5026
Fe1.9Co0.1VAl,Fe2.000,V1.000,Co0.091Al0.909,300.8065,5.25e-06,6.235000000000001,0.0,0.0,14.0,31.951656399999997,84.44851753098013,3.0,1.5484712,3.0,15.912615,1.63457,1.61,0.0,0.0060302150999999,1.63,2.0,9.0,222.179,-111.6465
Fe1.9Co0.1VAl,Fe2.000,V1.000,Co0.091Al0.909,417.3352,4.63e-06,6.235000000000001,0.0,0.0,14.0,31.951656399999997,84.44851753098013,3.0,1.5484712,3.0,15.912615,1.63457,1.61,0.0,0.0060302150999999,1.63,2.0,9.0,222.179,-71.0873
Fe1.9Co0.1VAl,Fe2.000,V1.000,Co0.091Al0.909,536.3762,3.98e-06,6.235000000000001,0.0,0.0,14.0,31.951656399999997,84.44851753098013,3.0,1.5484712,3.0,15.912615,1.63457,1.61,0.0,0.0060302150999999,1.63,2.0,9.0,222.179,-43.4411
Fe1.9Co0.1VAl,Fe2.000,V1.000,Co0.091Al0.909,686.3858,3.37e-06,6.235000000000001,0.0,0.0,14.0,31.951656399999997,84.44851753098013,3.0,1.5484712,3.0,15.912615,1.63457,1.61,0.0,0.0060302150999999,1.63,2.0,9.0,222.179,-28.3462
Fe1.9Co0.1VAl,Fe2.000,V1.000,Co0.091Al0.909,849.0785,3.02e-06,6.235000000000001,0.0,0.0,14.0,31.951656399999997,84.44851753098013,3.0,1.5484712,3.0,15.912615,1.63457,1.61,0.0,0.0060302150999999,1.63,2.0,9.0,222.179,-21.9935
Fe1.84Co0.16VAl,Fe2.000,V1.000,Co0.138Al0.862,301.8551,4.2e-06,6.235000000000001,0.0,0.0,14.0,31.951656399999997,121.44317329048069,3.0,1.5484712,3.0,15.61957,1.6472600000000002,1.61,0.0,0.0086718923999999,1.63,2.0,9.0,220.722,-106.7104
Fe1.84Co0.16VAl,Fe2.000,V1.000,Co0.138Al0.862,426.7617,4.2e-06,6.235000000000001,0.0,0.0,14.0,31.951656399999997,121.44317329048069,3.0,1.5484712,3.0,15.61957,1.6472600000000002,1.61,0.0,0.0086718923999999,1.63,2.0,9.0,220.722,-88.5616
Fe1.84Co0.16VAl,Fe2.000,V1.000,Co0.138Al0.862,564.0261,3.92e-06,6.235000000000001,0.0,0.0,14.0,31.951656399999997,121.44317329048069,3.0,1.5484712,3.0,15.61957,1.6472600000000002,1.61,0.0,0.0086718923999999,1.63,2.0,9.0,220.722,-61.3067
Fe1.84Co0.16VAl,Fe2.000,V1.000,Co0.138Al0.862,699.1518,3.49e-06,6.235000000000001,0.0,0.0,14.0,31.951656399999997,121.44317329048069,3.0,1.5484712,3.0,15.61957,1.6472600000000002,1.61,0.0,0.0086718923999999,1.63,2.0,9.0,220.722,-41.6454
Fe1.84Co0.16VAl,Fe2.000,V1.000,Co0.138Al0.862,853.8055,3.18e-06,6.235000000000001,0.0,0.0,14.0,31.951656399999997,121.44317329048069,3.0,1.5484712,3.0,15.61957,1.6472600000000002,1.61,0.0,0.0086718923999999,1.63,2.0,9.0,220.722,-31.4902
Fe1.76Co0.24VAl,Fe1.760Co0.240,V1.000,Al1.000,301.3916,3.47e-06,0.0,0.0,0.0,0.0,0.0,0.0,0.0,0.0,0.0,16.48,1.61,1.61,0.0,0.0,1.63,0.0,13.0,225.0,-81.2671
Fe1.76Co0.24VAl,Fe1.760Co0.240,V1.000,Al1.000,409.5868,3.65e-06,0.0,0.0,0.0,0.0,0.0,0.0,0.0,0.0,0.0,16.48,1.61,1.61,0.0,0.0,1.63,0.0,13.0,225.0,-83.2343
Fe1.76Co0.24VAl,Fe1.760Co0.240,V1.000,Al1.000,573.2243,3.57e-06,0.0,0.0,0.0,0.0,0.0,0.0,0.0,0.0,0.0,16.48,1.61,1.61,0.0,0.0,1.63,0.0,13.0,225.0,-66.2493
Fe1.76Co0.24VAl,Fe1.760Co0.240,V1.000,Al1.000,742.5406,3.26e-06,0.0,0.0,0.0,0.0,0.0,0.0,0.0,0.0,0.0,16.48,1.61,1.61,0.0,0.0,1.63,0.0,13.0,225.0,-48.5083
Fe1.76Co0.24VAl,Fe1.760Co0.240,V1.000,Al1.000,852.8123,3.02e-06,0.0,0.0,0.0,0.0,0.0,0.0,0.0,0.0,0.0,16.48,1.61,1.61,0.0,0.0,1.63,0.0,13.0,225.0,-39.4642
Fe1.70Co0.30VAl,Fe1.700Co0.300,V1.000,Al1.000,295.6851,3.12e-06,0.0,0.0,0.0,0.0,0.0,0.0,0.0,0.0,0.0,16.48,1.61,1.61,0.0,0.0,1.63,0.0,13.0,225.0,-80.504
Fe1.70Co0.30VAl,Fe1.700Co0.300,V1.000,Al1.000,448.29,3.44e-06,0.0,0.0,0.0,0.0,0.0,0.0,0.0,0.0,0.0,16.48,1.61,1.61,0.0,0.0,1.63,0.0,13.0,225.0,-82.8791
Fe1.70Co0.30VAl,Fe1.700Co0.300,V1.000,Al1.000,597.1404,3.5e-06,0.0,0.0,0.0,0.0,0.0,0.0,0.0,0.0,0.0,16.48,1.61,1.61,0.0,0.0,1.63,0.0,13.0,225.0,-66.6442
Fe1.70Co0.30VAl,Fe1.700Co0.300,V1.000,Al1.000,741.4712,3.29e-06,0.0,0.0,0.0,0.0,0.0,0.0,0.0,0.0,0.0,16.48,1.61,1.61,0.0,0.0,1.63,0.0,13.0,225.0,-52.3051
Fe1.70Co0.30VAl,Fe1.700Co0.300,V1.000,Al1.000,850.6044,3.09e-06,0.0,0.0,0.0,0.0,0.0,0.0,0.0,0.0,0.0,16.48,1.61,1.61,0.0,0.0,1.63,0.0,13.0,225.0,-43.2603
Fe1.60Co0.40VAl,Fe1.600Co0.400,V1.000,Al1.000,301.0734,2.93e-06,0.0,0.0,0.0,0.0,0.0,0.0,0.0,0.0,0.0,16.48,1.61,1.61,0.0,0.0,1.63,0.0,13.0,225.0,-63.7985
Fe1.60Co0.40VAl,Fe1.600Co0.400,V1.000,Al1.000,446.9716,3.33e-06,0.0,0.0,0.0,0.0,0.0,0.0,0.0,0.0,0.0,16.48,1.61,1.61,0.0,0.0,1.63,0.0,13.0,225.0,-73.0048
Fe1.60Co0.40VAl,Fe1.600Co0.400,V1.000,Al1.000,601.7015,3.46e-06,0.0,0.0,0.0,0.0,0.0,0.0,0.0,0.0,0.0,16.48,1.61,1.61,0.0,0.0,1.63,0.0,13.0,225.0,-67.0268
Fe1.60Co0.40VAl,Fe1.600Co0.400,V1.000,Al1.000,737.007,3.35e-06,0.0,0.0,0.0,0.0,0.0,0.0,0.0,0.0,0.0,16.48,1.61,1.61,0.0,0.0,1.63,0.0,13.0,225.0,-57.239
Fe1.60Co0.40VAl,Fe1.600Co0.400,V1.000,Al1.000,851.8605,3.24e-06,0.0,0.0,0.0,0.0,0.0,0.0,0.0,0.0,0.0,16.48,1.61,1.61,0.0,0.0,1.63,0.0,13.0,225.0,-49.7168
Fe1.40Co0.60VAl,Fe1.400Co0.600,V1.000,Al1.000,298.5265,2.44e-06,0.0,0.0,0.0,0.0,0.0,0.0,0.0,0.0,0.0,16.48,1.61,1.61,0.0,0.0,1.63,0.0,13.0,225.0,-48.9868
Fe1.40Co0.60VAl,Fe1.400Co0.600,V1.000,Al1.000,453.6091,2.75e-06,0.0,0.0,0.0,0.0,0.0,0.0,0.0,0.0,0.0,16.48,1.61,1.61,0.0,0.0,1.63,0.0,13.0,225.0,-62.3761
Fe1.40Co0.60VAl,Fe1.400Co0.600,V1.000,Al1.000,592.5379,2.88e-06,0.0,0.0,0.0,0.0,0.0,0.0,0.0,0.0,0.0,16.48,1.61,1.61,0.0,0.0,1.63,0.0,13.0,225.0,-63.983
Fe1.40Co0.60VAl,Fe1.400Co0.600,V1.000,Al1.000,740.4849,2.89e-06,0.0,0.0,0.0,0.0,0.0,0.0,0.0,0.0,0.0,16.48,1.61,1.61,0.0,0.0,1.63,0.0,13.0,225.0,-60.6589
Fe1.40Co0.60VAl,Fe1.400Co0.600,V1.000,Al1.000,849.6941,2.84e-06,0.0,0.0,0.0,0.0,0.0,0.0,0.0,0.0,0.0,16.48,1.61,1.61,0.0,0.0,1.63,0.0,13.0,225.0,-55.7913
Fe1.20Co0.80VAl,Fe1.200Co0.800,V1.000,Al1.000,299.6236,2.2e-06,0.0,0.0,0.0,0.0,0.0,0.0,0.0,0.0,0.0,16.48,1.61,1.61,0.0,0.0,1.63,0.0,13.0,225.0,-46.709
Fe1.20Co0.80VAl,Fe1.200Co0.800,V1.000,Al1.000,486.5298,2.53e-06,0.0,0.0,0.0,0.0,0.0,0.0,0.0,0.0,0.0,16.48,1.61,1.61,0.0,0.0,1.63,0.0,13.0,225.0,-57.0805
Fe1.20Co0.80VAl,Fe1.200Co0.800,V1.000,Al1.000,650.5269,2.64e-06,0.0,0.0,0.0,0.0,0.0,0.0,0.0,0.0,0.0,16.48,1.61,1.61,0.0,0.0,1.63,0.0,13.0,225.0,-59.8425
Fe1.20Co0.80VAl,Fe1.200Co0.800,V1.000,Al1.000,848.5556,2.64e-06,0.0,0.0,0.0,0.0,0.0,0.0,0.0,0.0,0.0,16.48,1.61,1.61,0.0,0.0,1.63,0.0,13.0,225.0,-55.7906
FeCoVAl,V1.000Al1.000,Fe1.000,Co1.000,302.9285,2.01e-06,0.0,0.0,0.0,0.0,0.0,0.0,0.0,0.0,3.0,10.245,1.88,1.88,0.0,0.0,1.83,0.0,9.0,194.0,-40.6352
FeCoVAl,V1.000Al1.000,Fe1.000,Co1.000,501.2684,2.29e-06,0.0,0.0,0.0,0.0,0.0,0.0,0.0,0.0,3.0,10.245,1.88,1.88,0.0,0.0,1.83,0.0,9.0,194.0,-53.6721
FeCoVAl,V1.000Al1.000,Fe1.000,Co1.000,699.4285,2.43e-06,0.0,0.0,0.0,0.0,0.0,0.0,0.0,0.0,3.0,10.245,1.88,1.88,0.0,0.0,1.83,0.0,9.0,194.0,-56.8355
FeCoVAl,V1.000Al1.000,Fe1.000,Co1.000,847.3894,2.46e-06,0.0,0.0,0.0,0.0,0.0,0.0,0.0,0.0,3.0,10.245,1.88,1.88,0.0,0.0,1.83,0.0,9.0,194.0,-54.2709
Fe2V0.9Nb0.1Al,Fe2.000,V1.000,Nb0.091Al0.909,199.3726,1.1e-05,1.6999999999999993,0.0,0.0,28.0,65.92484139999999,359.5037814255319,6.0,0.0,6.0,16.634700000000002,1.60909,1.6,0.0,8.271900000000015e-06,1.63,2.0,5.0,225.364,28.5475
Fe2V0.9Nb0.1Al,Fe2.000,V1.000,Nb0.091Al0.909,324.3143,7.77e-06,1.6999999999999993,0.0,0.0,28.0,65.92484139999999,359.5037814255319,6.0,0.0,6.0,16.634700000000002,1.60909,1.6,0.0,8.271900000000015e-06,1.63,2.0,5.0,225.364,19.2408
Fe2V0.9Nb0.1Al,Fe2.000,V1.000,Nb0.091Al0.909,431.002,5.42e-06,1.6999999999999993,0.0,0.0,28.0,65.92484139999999,359.5037814255319,6.0,0.0,6.0,16.634700000000002,1.60909,1.6,0.0,8.271900000000015e-06,1.63,2.0,5.0,225.364,7.0226
Fe2V0.9Nb0.1Al,Fe2.000,V1.000,Nb0.091Al0.909,531.918,4.04e-06,1.6999999999999993,0.0,0.0,28.0,65.92484139999999,359.5037814255319,6.0,0.0,6.0,16.634700000000002,1.60909,1.6,0.0,8.271900000000015e-06,1.63,2.0,5.0,225.364,-3.0561
Fe2V0.9Nb0.1Al,Fe2.000,V1.000,Nb0.091Al0.909,598.9862,3.5e-06,1.6999999999999993,0.0,0.0,28.0,65.92484139999999,359.5037814255319,6.0,0.0,6.0,16.634700000000002,1.60909,1.6,0.0,8.271900000000015e-06,1.63,2.0,5.0,225.364,-4.118
Fe2V0.8Nb0.2Al,Fe2.000,V0.800Nb0.200,Al1.000,201.7717,7.43e-06,0.0,0.0,0.0,0.0,0.0,0.0,0.0,0.0,0.0,16.48,1.61,1.61,0.0,0.0,1.624,0.0,13.0,225.0,21.3277
Fe2V0.8Nb0.2Al,Fe2.000,V0.800Nb0.200,Al1.000,319.3154,5.94e-06,0.0,0.0,0.0,0.0,0.0,0.0,0.0,0.0,0.0,16.48,1.61,1.61,0.0,0.0,1.624,0.0,13.0,225.0,16.7113
Fe2V0.8Nb0.2Al,Fe2.000,V0.800Nb0.200,Al1.000,442.5807,4.6e-06,0.0,0.0,0.0,0.0,0.0,0.0,0.0,0.0,0.0,16.48,1.61,1.61,0.0,0.0,1.624,0.0,13.0,225.0,5.713
Fe2V0.8Nb0.2Al,Fe2.000,V0.800Nb0.200,Al1.000,599.8394,3.49e-06,0.0,0.0,0.0,0.0,0.0,0.0,0.0,0.0,0.0,16.48,1.61,1.61,0.0,0.0,1.624,0.0,13.0,225.0,-1.9995
Fe2V0.9Nb0.1Al0.9Ga0.1,Fe2.000,V1.000,Nb0.091Al0.818Ga0.091,199.9598,7.12e-06,2.3775000000000013,0.0,0.0,28.0,65.92484139999999,463.9503949151623,6.0,0.0,6.0,16.8510525,1.62729,1.6,0.0,0.0033501558999999,1.63,2.0,5.0,210.713,-61.818
Fe2V0.9Nb0.1Al0.9Ga0.1,Fe2.000,V1.000,Nb0.091Al0.818Ga0.091,276.8401,6.21e-06,2.3775000000000013,0.0,0.0,28.0,65.92484139999999,463.9503949151623,6.0,0.0,6.0,16.8510525,1.62729,1.6,0.0,0.0033501558999999,1.63,2.0,5.0,210.713,-73.5172
Fe2V0.9Nb0.1Al0.9Ga0.1,Fe2.000,V1.000,Nb0.091Al0.818Ga0.091,353.0929,5.44e-06,2.3775000000000013,0.0,0.0,28.0,65.92484139999999,463.9503949151623,6.0,0.0,6.0,16.8510525,1.62729,1.6,0.0,0.0033501558999999,1.63,2.0,5.0,210.713,-68.2447
Fe2V0.9Nb0.1Al0.9Ga0.1,Fe2.000,V1.000,Nb0.091Al0.818Ga0.091,461.8284,4.5e-06,2.3775000000000013,0.0,0.0,28.0,65.92484139999999,463.9503949151623,6.0,0.0,6.0,16.8510525,1.62729,1.6,0.0,0.0033501558999999,1.63,2.0,5.0,210.713,-47.3785
Fe2V0.9Nb0.1Al0.9Ga0.1,Fe2.000,V1.000,Nb0.091Al0.818Ga0.091,599.6487,3.53e-06,2.3775000000000013,0.0,0.0,28.0,65.92484139999999,463.9503949151623,6.0,0.0,6.0,16.8510525,1.62729,1.6,0.0,0.0033501558999999,1.63,2.0,5.0,210.713,-18.1201
Fe2V0.8Nb0.2Al0.8Ga0.2,Fe2.000,V0.800Nb0.200,Al0.800Ga0.200,200.8131,5.88e-06,2.3775000000000013,0.0,0.0,18.0,42.7414614,292.2932036172304,0.0,0.0,0.0,16.9555,1.6500000000000004,1.61,0.0,0.0063999999999999,1.624,0.0,13.0,192.8,10.3005
Fe2V0.8Nb0.2Al0.8Ga0.2,Fe2.000,V0.800Nb0.200,Al0.800Ga0.200,309.2223,4.75e-06,2.3775000000000013,0.0,0.0,18.0,42.7414614,292.2932036172304,0.0,0.0,0.0,16.9555,1.6500000000000004,1.61,0.0,0.0063999999999999,1.624,0.0,13.0,192.8,3.5919
Fe2V0.8Nb0.2Al0.8Ga0.2,Fe2.000,V0.800Nb0.200,Al0.800Ga0.200,424.2666,3.83e-06,2.3775000000000013,0.0,0.0,18.0,42.7414614,292.2932036172304,0.0,0.0,0.0,16.9555,1.6500000000000004,1.61,0.0,0.0063999999999999,1.624,0.0,13.0,192.8,-2.2893
Fe2V0.8Nb0.2Al0.8Ga0.2,Fe2.000,V0.800Nb0.200,Al0.800Ga0.200,599.7741,2.83e-06,2.3775000000000013,0.0,0.0,18.0,42.7414614,292.2932036172304,0.0,0.0,0.0,16.9555,1.6500000000000004,1.61,0.0,0.0063999999999999,1.624,0.0,13.0,192.8,-7.5144
Fe2VAl0.9Ga0.1,Fe2.000,V1.000,Al0.900Ga0.100,200.3062,1.14e-05,2.3775000000000013,0.0,0.0,18.0,42.7414614,164.41492703469206,0.0,0.0,0.0,16.717750000000002,1.63,1.61,0.0,0.0035999999999999,1.63,0.0,13.0,208.9,-32.5464
Fe2VAl0.9Ga0.1,Fe2.000,V1.000,Al0.900Ga0.100,300.3789,7.53e-06,2.3775000000000013,0.0,0.0,18.0,42.7414614,164.41492703469206,0.0,0.0,0.0,16.717750000000002,1.63,1.61,0.0,0.0035999999999999,1.63,0.0,13.0,208.9,-43.8951
Fe2VAl0.9Ga0.1,Fe2.000,V1.000,Al0.900Ga0.100,382.3935,5.87e-06,2.3775000000000013,0.0,0.0,18.0,42.7414614,164.41492703469206,0.0,0.0,0.0,16.717750000000002,1.63,1.61,0.0,0.0035999999999999,1.63,0.0,13.0,208.9,-41.6106
Fe2VAl0.9Ga0.1,Fe2.000,V1.000,Al0.900Ga0.100,477.6531,4.68e-06,2.3775000000000013,0.0,0.0,18.0,42.7414614,164.41492703469206,0.0,0.0,0.0,16.717750000000002,1.63,1.61,0.0,0.0035999999999999,1.63,0.0,13.0,208.9,-39.7925
Fe2VAl0.9Ga0.1,Fe2.000,V1.000,Al0.900Ga0.100,592.7928,3.21e-06,2.3775000000000013,0.0,0.0,18.0,42.7414614,164.41492703469206,0.0,0.0,0.0,16.717750000000002,1.63,1.61,0.0,0.0035999999999999,1.63,0.0,13.0,208.9,-37.6134
Fe2VAl0.8Ga0.2,Fe2.000,V1.000,Al0.800Ga0.200,198.9009,7.98e-06,2.3775000000000013,0.0,0.0,18.0,42.7414614,292.2932036172304,0.0,0.0,0.0,16.9555,1.6500000000000004,1.61,0.0,0.0063999999999999,1.63,0.0,13.0,192.8,-81.3298
Fe2VAl0.8Ga0.2,Fe2.000,V1.000,Al0.800Ga0.200,276.6494,6.99e-06,2.3775000000000013,0.0,0.0,18.0,42.7414614,292.2932036172304,0.0,0.0,0.0,16.9555,1.6500000000000004,1.61,0.0,0.0063999999999999,1.63,0.0,13.0,192.8,-89.6378
Fe2VAl0.8Ga0.2,Fe2.000,V1.000,Al0.800Ga0.200,371.1912,5.81e-06,2.3775000000000013,0.0,0.0,18.0,42.7414614,292.2932036172304,0.0,0.0,0.0,16.9555,1.6500000000000004,1.61,0.0,0.0063999999999999,1.63,0.0,13.0,192.8,-78.4841
Fe2VAl0.8Ga0.2,Fe2.000,V1.000,Al0.800Ga0.200,487.4551,4.63e-06,2.3775000000000013,0.0,0.0,18.0,42.7414614,292.2932036172304,0.0,0.0,0.0,16.9555,1.6500000000000004,1.61,0.0,0.0063999999999999,1.63,0.0,13.0,192.8,-51.2783
Fe2VAl0.8Ga0.2,Fe2.000,V1.000,Al0.800Ga0.200,600.2509,3.56e-06,2.3775000000000013,0.0,0.0,18.0,42.7414614,292.2932036172304,0.0,0.0,0.0,16.9555,1.6500000000000004,1.61,0.0,0.0063999999999999,1.63,0.0,13.0,192.8,-37.2129
Fe2VAl,Fe2.000,V1.000,Al1.000,293.2606,9.38e-05,0.0,0.0,0.0,0.0,0.0,0.0,0.0,0.0,0.0,16.48,1.61,1.61,0.0,0.0,1.63,0.0,13.0,225.0,29.2605
Fe2VAl,Fe2.000,V1.000,Al1.000,375.5775,0.000162,0.0,0.0,0.0,0.0,0.0,0.0,0.0,0.0,0.0,16.48,1.61,1.61,0.0,0.0,1.63,0.0,13.0,225.0,22.9736
Fe2VAl,Fe2.000,V1.000,Al1.000,474.7543,0.000305,0.0,0.0,0.0,0.0,0.0,0.0,0.0,0.0,0.0,16.48,1.61,1.61,0.0,0.0,1.63,0.0,13.0,225.0,14.9892
Fe2VAl,Fe2.000,V1.000,Al1.000,612.8351,0.000618,0.0,0.0,0.0,0.0,0.0,0.0,0.0,0.0,0.0,16.48,1.61,1.61,0.0,0.0,1.63,0.0,13.0,225.0,3.2694
Fe2VAl,Fe2.000,V1.000,Al1.000,733.3587,0.000999,0.0,0.0,0.0,0.0,0.0,0.0,0.0,0.0,0.0,16.48,1.61,1.61,0.0,0.0,1.63,0.0,13.0,225.0,-4.0439
Fe2VAl,Fe2.000,V1.000,Al1.000,832.4228,0.00139,0.0,0.0,0.0,0.0,0.0,0.0,0.0,0.0,0.0,16.48,1.61,1.61,0.0,0.0,1.63,0.0,13.0,225.0,-5.934
Fe2V0.975Nb0.025Al,Fe2.000,V1.000,Nb0.024Al0.976,303.7606,0.000102,1.6999999999999993,0.0,0.0,28.0,65.92484139999999,101.80268833172134,6.0,0.0,6.0,16.520799999999998,1.60976,1.6,0.0,2.342400000000004e-06,1.63,2.0,5.0,225.096,21.4703
Fe2V0.975Nb0.025Al,Fe2.000,V1.000,Nb0.024Al0.976,433.3426,5.96e-05,1.6999999999999993,0.0,0.0,28.0,65.92484139999999,101.80268833172134,6.0,0.0,6.0,16.520799999999998,1.60976,1.6,0.0,2.342400000000004e-06,1.63,2.0,5.0,225.096,14.3237
Fe2V0.975Nb0.025Al,Fe2.000,V1.000,Nb0.024Al0.976,589.5465,3.88e-05,1.6999999999999993,0.0,0.0,28.0,65.92484139999999,101.80268833172134,6.0,0.0,6.0,16.520799999999998,1.60976,1.6,0.0,2.342400000000004e-06,1.63,2.0,5.0,225.096,2.5989
Fe2V0.975Nb0.025Al,Fe2.000,V1.000,Nb0.024Al0.976,692.563,3.49e-05,1.6999999999999993,0.0,0.0,28.0,65.92484139999999,101.80268833172134,6.0,0.0,6.0,16.520799999999998,1.60976,1.6,0.0,2.342400000000004e-06,1.63,2.0,5.0,225.096,-3.0167
Fe2V0.975Nb0.025Al,Fe2.000,V1.000,Nb0.024Al0.976,792.9435,3.16e-05,1.6999999999999993,0.0,0.0,28.0,65.92484139999999,101.80268833172134,6.0,0.0,6.0,16.520799999999998,1.60976,1.6,0.0,2.342400000000004e-06,1.63,2.0,5.0,225.096,-6.0921
Fe2V0.95Nb0.05Al,Fe2.000,V1.000,Nb0.048Al0.952,295.6336,8.82e-05,1.6999999999999993,0.0,0.0,28.0,65.92484139999999,198.5986870733581,6.0,0.0,6.0,16.5616,1.60952,1.6,0.0,4.569600000000008e-06,1.63,2.0,5.0,225.192,40.9406
Fe2V0.95Nb0.05Al,Fe2.000,V1.000,Nb0.048Al0.952,374.7299,6.06e-05,1.6999999999999993,0.0,0.0,28.0,65.92484139999999,198.5986870733581,6.0,0.0,6.0,16.5616,1.60952,1.6,0.0,4.569600000000008e-06,1.63,2.0,5.0,225.192,33.8082
Fe2V0.95Nb0.05Al,Fe2.000,V1.000,Nb0.048Al0.952,476.5865,4.23e-05,1.6999999999999993,0.0,0.0,28.0,65.92484139999999,198.5986870733581,6.0,0.0,6.0,16.5616,1.60952,1.6,0.0,4.569600000000008e-06,1.63,2.0,5.0,225.192,20.9137
Fe2V0.95Nb0.05Al,Fe2.000,V1.000,Nb0.048Al0.952,630.3015,3.36e-05,1.6999999999999993,0.0,0.0,28.0,65.92484139999999,198.5986870733581,6.0,0.0,6.0,16.5616,1.60952,1.6,0.0,4.569600000000008e-06,1.63,2.0,5.0,225.192,3.7724
Fe2V0.95Nb0.05Al,Fe2.000,V1.000,Nb0.048Al0.952,732.6833,3.15e-05,1.6999999999999993,0.0,0.0,28.0,65.92484139999999,198.5986870733581,6.0,0.0,6.0,16.5616,1.60952,1.6,0.0,4.569600000000008e-06,1.63,2.0,5.0,225.192,-2.5201
Fe2V0.95Nb0.05Al,Fe2.000,V1.000,Nb0.048Al0.952,816.2164,2.68e-05,1.6999999999999993,0.0,0.0,28.0,65.92484139999999,198.5986870733581,6.0,0.0,6.0,16.5616,1.60952,1.6,0.0,4.569600000000008e-06,1.63,2.0,5.0,225.192,-4.5751
Fe2V0.95Nb0.05Al,Fe2.000,V1.000,Nb0.048Al0.952,882.9179,1.87e-05,1.6999999999999993,0.0,0.0,28.0,65.92484139999999,198.5986870733581,6.0,0.0,6.0,16.5616,1.60952,1.6,0.0,4.569600000000008e-06,1.63,2.0,5.0,225.192,-6.4561
Fe2V0.925Nb0.075Al,Fe2.000,V1.000,Nb0.070Al0.930,301.3681,7.71e-05,1.6999999999999993,0.0,0.0,28.0,65.92484139999999,282.9301148563465,6.0,0.0,6.0,16.599,1.6093000000000002,1.6,0.0,6.510000000000012e-06,1.63,2.0,5.0,225.28,45.8483
Fe2V0.925Nb0.075Al,Fe2.000,V1.000,Nb0.070Al0.930,435.0277,4.38e-05,1.6999999999999993,0.0,0.0,28.0,65.92484139999999,282.9301148563465,6.0,0.0,6.0,16.599,1.6093000000000002,1.6,0.0,6.510000000000012e-06,1.63,2.0,5.0,225.28,28.2047
Fe2V0.925Nb0.075Al,Fe2.000,V1.000,Nb0.070Al0.930,538.9168,3.72e-05,1.6999999999999993,0.0,0.0,28.0,65.92484139999999,282.9301148563465,6.0,0.0,6.0,16.599,1.6093000000000002,1.6,0.0,6.510000000000012e-06,1.63,2.0,5.0,225.28,10.4003
Fe2V0.925Nb0.075Al,Fe2.000,V1.000,Nb0.070Al0.930,635.5202,3.17e-05,1.6999999999999993,0.0,0.0,28.0,65.92484139999999,282.9301148563465,6.0,0.0,6.0,16.599,1.6093000000000002,1.6,0.0,6.510000000000012e-06,1.63,2.0,5.0,225.28,1.5702
Fe2V0.925Nb0.075Al,Fe2.000,V1.000,Nb0.070Al0.930,741.1132,2.74e-05,1.6999999999999993,0.0,0.0,28.0,65.92484139999999,282.9301148563465,6.0,0.0,6.0,16.599,1.6093000000000002,1.6,0.0,6.510000000000012e-06,1.63,2.0,5.0,225.28,-3.3689
Fe2V0.925Nb0.075Al,Fe2.000,V1.000,Nb0.070Al0.930,838.2512,3.04e-05,1.6999999999999993,0.0,0.0,28.0,65.92484139999999,282.9301148563465,6.0,0.0,6.0,16.599,1.6093000000000002,1.6,0.0,6.510000000000012e-06,1.63,2.0,5.0,225.28,-6.1049
Fe2V0.90Nb0.10Al,Fe2.000,V1.000,Nb0.091Al0.909,292.6306,5.25e-05,1.6999999999999993,0.0,0.0,28.0,65.92484139999999,359.5037814255319,6.0,0.0,6.0,16.634700000000002,1.60909,1.6,0.0,8.271900000000015e-06,1.63,2.0,5.0,225.364,98.3296
Fe2V0.90Nb0.10Al,Fe2.000,V1.000,Nb0.091Al0.909,362.8344,4.75e-05,1.6999999999999993,0.0,0.0,28.0,65.92484139999999,359.5037814255319,6.0,0.0,6.0,16.634700000000002,1.60909,1.6,0.0,8.271900000000015e-06,1.63,2.0,5.0,225.364,82.0582
Fe2V0.90Nb0.10Al,Fe2.000,V1.000,Nb0.091Al0.909,431.181,4.32e-05,1.6999999999999993,0.0,0.0,28.0,65.92484139999999,359.5037814255319,6.0,0.0,6.0,16.634700000000002,1.60909,1.6,0.0,8.271900000000015e-06,1.63,2.0,5.0,225.364,61.2167
Fe2V0.90Nb0.10Al,Fe2.000,V1.000,Nb0.091Al0.909,485.1847,4.02e-05,1.6999999999999993,0.0,0.0,28.0,65.92484139999999,359.5037814255319,6.0,0.0,6.0,16.634700000000002,1.60909,1.6,0.0,8.271900000000015e-06,1.63,2.0,5.0,225.364,45.9657
Fe2V0.90Nb0.10Al,Fe2.000,V1.000,Nb0.091Al0.909,591.1564,3.53e-05,1.6999999999999993,0.0,0.0,28.0,65.92484139999999,359.5037814255319,6.0,0.0,6.0,16.634700000000002,1.60909,1.6,0.0,8.271900000000015e-06,1.63,2.0,5.0,225.364,20.5428
Fe2V0.90Nb0.10Al,Fe2.000,V1.000,Nb0.091Al0.909,643.0619,3.34e-05,1.6999999999999993,0.0,0.0,28.0,65.92484139999999,359.5037814255319,6.0,0.0,6.0,16.634700000000002,1.60909,1.6,0.0,8.271900000000015e-06,1.63,2.0,5.0,225.364,13.7567
Fe2V0.90Nb0.10Al,Fe2.000,V1.000,Nb0.091Al0.909,796.7049,3.01e-05,1.6999999999999993,0.0,0.0,28.0,65.92484139999999,359.5037814255319,6.0,0.0,6.0,16.634700000000002,1.60909,1.6,0.0,8.271900000000015e-06,1.63,2.0,5.0,225.364,0.509
Fe2V0.85Nb0.15Al,Fe2.000,V1.000,Nb0.130Al0.870,294.3853,5.28e-05,1.6999999999999993,0.0,0.0,28.0,65.92484139999999,491.5421811098739,6.0,0.0,6.0,16.701,1.6087,1.6,0.0,1.131000000000002e-05,1.63,2.0,5.0,225.52,73.4439
Fe2V0.85Nb0.15Al,Fe2.000,V1.000,Nb0.130Al0.870,378.2033,4.29e-05,1.6999999999999993,0.0,0.0,28.0,65.92484139999999,491.5421811098739,6.0,0.0,6.0,16.701,1.6087,1.6,0.0,1.131000000000002e-05,1.63,2.0,5.0,225.52,55.9838
Fe2V0.85Nb0.15Al,Fe2.000,V1.000,Nb0.130Al0.870,484.1844,3.36e-05,1.6999999999999993,0.0,0.0,28.0,65.92484139999999,491.5421811098739,6.0,0.0,6.0,16.701,1.6087,1.6,0.0,1.131000000000002e-05,1.63,2.0,5.0,225.52,30.053
Fe2V0.85Nb0.15Al,Fe2.000,V1.000,Nb0.130Al0.870,595.2278,2.86e-05,1.6999999999999993,0.0,0.0,28.0,65.92484139999999,491.5421811098739,6.0,0.0,6.0,16.701,1.6087,1.6,0.0,1.131000000000002e-05,1.63,2.0,5.0,225.52,10.3845
Fe2V0.85Nb0.15Al,Fe2.000,V1.000,Nb0.130Al0.870,690.5367,2.67e-05,1.6999999999999993,0.0,0.0,28.0,65.92484139999999,491.5421811098739,6.0,0.0,6.0,16.701,1.6087,1.6,0.0,1.131000000000002e-05,1.63,2.0,5.0,225.52,1.5547
Fe2V0.85Nb0.15Al,Fe2.000,V1.000,Nb0.130Al0.870,760.512,2.51e-05,1.6999999999999993,0.0,0.0,28.0,65.92484139999999,491.5421811098739,6.0,0.0,6.0,16.701,1.6087,1.6,0.0,1.131000000000002e-05,1.63,2.0,5.0,225.52,-2.3587
Fe2V0.85Nb0.15Al,Fe2.000,V1.000,Nb0.130Al0.870,838.2324,2.17e-05,1.6999999999999993,0.0,0.0,28.0,65.92484139999999,491.5421811098739,6.0,0.0,6.0,16.701,1.6087,1.6,0.0,1.131000000000002e-05,1.63,2.0,5.0,225.52,-5.0892
Fe2VAl0.97Sb0.03,Fe2.000,V1.000,Al0.970Sb0.030,348.9735,6.99e-06,15.079999999999998,0.0,0.0,38.0,94.7784614,261.4040412897225,0.0,0.0,0.0,16.9324,1.6232,1.61,0.0,0.0056337599999999,1.63,2.0,13.0,223.23,-110.4271
Fe2VAl0.97Sb0.03,Fe2.000,V1.000,Al0.970Sb0.030,473.5874,5.62e-06,15.079999999999998,0.0,0.0,38.0,94.7784614,261.4040412897225,0.0,0.0,0.0,16.9324,1.6232,1.61,0.0,0.0056337599999999,1.63,2.0,13.0,223.23,-64.5729
Fe2VAl0.97Sb0.03,Fe2.000,V1.000,Al0.970Sb0.030,593.2406,4.64e-06,15.079999999999998,0.0,0.0,38.0,94.7784614,261.4040412897225,0.0,0.0,0.0,16.9324,1.6232,1.61,0.0,0.0056337599999999,1.63,2.0,13.0,223.23,-35.6784
Fe2VAl0.97Sb0.03,Fe2.000,V1.000,Al0.970Sb0.030,749.4117,3.73e-06,15.079999999999998,0.0,0.0,38.0,94.7784614,261.4040412897225,0.0,0.0,0.0,16.9324,1.6232,1.61,0.0,0.0056337599999999,1.63,2.0,13.0,223.23,-20.603
Fe2V0.84Ti0.16Al0.97Sb0.03,Fe2.000,V0.840Ti0.160,Al0.970Sb0.030,349.9387,4e-06,15.079999999999998,0.0,2.25333333333e-05,38.0,94.7784614,261.4040412897225,0.0,0.0,0.0,16.9324,1.6232,1.61,35.0,0.0056337599999999,1.6155999999999997,2.0,13.0,223.23,87.4372
Fe2V0.84Ti0.16Al0.97Sb0.03,Fe2.000,V0.840Ti0.160,Al0.970Sb0.030,445.0545,4.12e-06,15.079999999999998,0.0,2.25333333333e-05,38.0,94.7784614,261.4040412897225,0.0,0.0,0.0,16.9324,1.6232,1.61,35.0,0.0056337599999999,1.6155999999999997,2.0,13.0,223.23,86.1809
Fe2V0.84Ti0.16Al0.97Sb0.03,Fe2.000,V0.840Ti0.160,Al0.970Sb0.030,576.6117,3.96e-06,15.079999999999998,0.0,2.25333333333e-05,38.0,94.7784614,261.4040412897225,0.0,0.0,0.0,16.9324,1.6232,1.61,35.0,0.0056337599999999,1.6155999999999997,2.0,13.0,223.23,55.402
Fe2V0.84Ti0.16Al0.97Sb0.03,Fe2.000,V0.840Ti0.160,Al0.970Sb0.030,748.3975,3.45e-06,15.079999999999998,0.0,2.25333333333e-05,38.0,94.7784614,261.4040412897225,0.0,0.0,0.0,16.9324,1.6232,1.61,35.0,0.0056337599999999,1.6155999999999997,2.0,13.0,223.23,21.4824
Fe2V0.9Ti0.1Al,Fe2.000,V1.000,Ti0.091Al0.909,345.0607,4.27e-06,0.2100000000000008,0.0,0.0,9.0,20.885461399999997,36.08223442303651,8.0,2.25333333333e-05,8.0,16.49911,1.60363,1.54,0.0,0.0004053231,1.63,3.0,4.0,222.179,87.4372
Fe2V0.9Ti0.1Al,Fe2.000,V1.000,Ti0.091Al0.909,464.5238,4.24e-06,0.2100000000000008,0.0,0.0,9.0,20.885461399999997,36.08223442303651,8.0,2.25333333333e-05,8.0,16.49911,1.60363,1.54,0.0,0.0004053231,1.63,3.0,4.0,222.179,77.3869
Fe2V0.9Ti0.1Al,Fe2.000,V1.000,Ti0.091Al0.909,598.5047,3.91e-06,0.2100000000000008,0.0,0.0,9.0,20.885461399999997,36.08223442303651,8.0,2.25333333333e-05,8.0,16.49911,1.60363,1.54,0.0,0.0004053231,1.63,3.0,4.0,222.179,43.4673
Fe2V0.9Ti0.1Al,Fe2.000,V1.000,Ti0.091Al0.909,750.7997,3.41e-06,0.2100000000000008,0.0,0.0,9.0,20.885461399999997,36.08223442303651,8.0,2.25333333333e-05,8.0,16.49911,1.60363,1.54,0.0,0.0004053231,1.63,3.0,4.0,222.179,13.9447
Fe2VAl0.9Si0.1,Fe2.000,V1.000,Al0.900Si0.100,350.1318,4.11e-06,3.960000000000001,0.05377761,0.0,1.0,1.103961399999999,0.1096857695420962,0.0,0.0,0.0,16.876,1.639,1.61,0.0,0.0075689999999999,1.63,1.0,13.0,225.2,-122.9899
Fe2VAl0.9Si0.1,Fe2.000,V1.000,Al0.900Si0.100,478.2939,4.34e-06,3.960000000000001,0.05377761,0.0,1.0,1.103961399999999,0.1096857695420962,0.0,0.0,0.0,16.876,1.639,1.61,0.0,0.0075689999999999,1.63,1.0,13.0,225.2,-99.7487
Fe2VAl0.9Si0.1,Fe2.000,V1.000,Al0.900Si0.100,627.2705,4.03e-06,3.960000000000001,0.05377761,0.0,1.0,1.103961399999999,0.1096857695420962,0.0,0.0,0.0,16.876,1.639,1.61,0.0,0.0075689999999999,1.63,1.0,13.0,225.2,-59.5477
Fe2VAl0.9Si0.1,Fe2.000,V1.000,Al0.900Si0.100,748.1125,3.61e-06,3.960000000000001,0.05377761,0.0,1.0,1.103961399999999,0.1096857695420962,0.0,0.0,0.0,16.876,1.639,1.61,0.0,0.0075689999999999,1.63,1.0,13.0,225.2,-36.9347
Fe2VAl,Fe2.000,V1.000,Al1.000,92.3591,1.95e-05,0.0,0.0,0.0,0.0,0.0,0.0,0.0,0.0,0.0,16.48,1.61,1.61,0.0,0.0,1.63,0.0,13.0,225.0,16.5543
Fe2VAl,Fe2.000,V1.000,Al1.000,204.9986,1.24e-05,0.0,0.0,0.0,0.0,0.0,0.0,0.0,0.0,0.0,16.48,1.61,1.61,0.0,0.0,1.63,0.0,13.0,225.0,26.8332
Fe2VAl,Fe2.000,V1.000,Al1.000,310.9703,7.14e-06,0.0,0.0,0.0,0.0,0.0,0.0,0.0,0.0,0.0,16.48,1.61,1.61,0.0,0.0,1.63,0.0,13.0,225.0,28.9031
Fe2VAl,Fe2.000,V1.000,Al1.000,401.0325,4.78e-06,0.0,0.0,0.0,0.0,0.0,0.0,0.0,0.0,0.0,16.48,1.61,1.61,0.0,0.0,1.63,0.0,13.0,225.0,28.1806
Fe2VAl0.97Si0.03,Fe2.000,V1.000,Al0.970Si0.030,87.9911,6.46e-06,3.960000000000001,0.0173880939,0.0,1.0,1.103961399999999,0.0354650654852777,0.0,0.0,0.0,16.5988,1.6187,1.61,0.0,0.0024473099999999,1.63,1.0,13.0,225.06,-54.9182
Fe2VAl0.97Si0.03,Fe2.000,V1.000,Al0.970Si0.030,147.4326,7.24e-06,3.960000000000001,0.0173880939,0.0,1.0,1.103961399999999,0.0354650654852777,0.0,0.0,0.0,16.5988,1.6187,1.61,0.0,0.0024473099999999,1.63,1.0,13.0,225.06,-84.1295
Fe2VAl0.97Si0.03,Fe2.000,V1.000,Al0.970Si0.030,216.1789,7.48e-06,3.960000000000001,0.0173880939,0.0,1.0,1.103961399999999,0.0354650654852777,0.0,0.0,0.0,16.5988,1.6187,1.61,0.0,0.0024473099999999,1.63,1.0,13.0,225.06,-107.3028
Fe2VAl0.97Si0.03,Fe2.000,V1.000,Al0.970Si0.030,281.1563,6.9e-06,3.960000000000001,0.0173880939,0.0,1.0,1.103961399999999,0.0354650654852777,0.0,0.0,0.0,16.5988,1.6187,1.61,0.0,0.0024473099999999,1.63,1.0,13.0,225.06,-93.4007
Fe2VAl0.97Si0.03,Fe2.000,V1.000,Al0.970Si0.030,356.8714,6e-06,3.960000000000001,0.0173880939,0.0,1.0,1.103961399999999,0.0354650654852777,0.0,0.0,0.0,16.5988,1.6187,1.61,0.0,0.0024473099999999,1.63,1.0,13.0,225.06,-53.8182
Fe2VAl0.97Si0.03,Fe2.000,V1.000,Al0.970Si0.030,402.0109,5.35e-06,3.960000000000001,0.0173880939,0.0,1.0,1.103961399999999,0.0354650654852777,0.0,0.0,0.0,16.5988,1.6187,1.61,0.0,0.0024473099999999,1.63,1.0,13.0,225.06,-34.5426
Fe2VAl0.95Si0.05,Fe2.000,V1.000,Al0.950Si0.050,89.3067,2.07e-06,3.960000000000001,0.0283826275,0.0,1.0,1.103961399999999,0.057889711702773,0.0,0.0,0.0,16.677999999999997,1.6245,1.61,0.0,0.0039947499999999,1.63,1.0,13.0,225.1,-56.5491
Fe2VAl0.95Si0.05,Fe2.000,V1.000,Al0.950Si0.050,176.5573,3.03e-06,3.960000000000001,0.0283826275,0.0,1.0,1.103961399999999,0.057889711702773,0.0,0.0,0.0,16.677999999999997,1.6245,1.61,0.0,0.0039947499999999,1.63,1.0,13.0,225.1,-86.7377
Fe2VAl0.95Si0.05,Fe2.000,V1.000,Al0.950Si0.050,271.7731,4.19e-06,3.960000000000001,0.0283826275,0.0,1.0,1.103961399999999,0.057889711702773,0.0,0.0,0.0,16.677999999999997,1.6245,1.61,0.0,0.0039947499999999,1.63,1.0,13.0,225.1,-113.6209
Fe2VAl0.95Si0.05,Fe2.000,V1.000,Al0.950Si0.050,349.8453,4.36e-06,3.960000000000001,0.0283826275,0.0,1.0,1.103961399999999,0.057889711702773,0.0,0.0,0.0,16.677999999999997,1.6245,1.61,0.0,0.0039947499999999,1.63,1.0,13.0,225.1,-126.9378
Fe2VAl0.95Si0.05,Fe2.000,V1.000,Al0.950Si0.050,402.8387,4.32e-06,3.960000000000001,0.0283826275,0.0,1.0,1.103961399999999,0.057889711702773,0.0,0.0,0.0,16.677999999999997,1.6245,1.61,0.0,0.0039947499999999,1.63,1.0,13.0,225.1,-124.5392
Fe2VAl0.9Si0.1,Fe2.000,V1.000,Al0.900Si0.100,87.9911,1.04e-06,3.960000000000001,0.05377761,0.0,1.0,1.103961399999999,0.1096857695420962,0.0,0.0,0.0,16.876,1.639,1.61,0.0,0.0075689999999999,1.63,1.0,13.0,225.2,-54.9182
Fe2VAl0.9Si0.1,Fe2.000,V1.000,Al0.900Si0.100,172.5957,1.54e-06,3.960000000000001,0.05377761,0.0,1.0,1.103961399999999,0.1096857695420962,0.0,0.0,0.0,16.876,1.639,1.61,0.0,0.0075689999999999,1.63,1.0,13.0,225.2,-84.572
Fe2VAl0.9Si0.1,Fe2.000,V1.000,Al0.900Si0.100,255.9058,2.2e-06,3.960000000000001,0.05377761,0.0,1.0,1.103961399999999,0.1096857695420962,0.0,0.0,0.0,16.876,1.639,1.61,0.0,0.0075689999999999,1.63,1.0,13.0,225.2,-108.7767
Fe2VAl0.9Si0.1,Fe2.000,V1.000,Al0.900Si0.100,360.4416,3.28e-06,3.960000000000001,0.05377761,0.0,1.0,1.103961399999999,0.1096857695420962,0.0,0.0,0.0,16.876,1.639,1.61,0.0,0.0075689999999999,1.63,1.0,13.0,225.2,-126.8945
Fe2VAl0.9Si0.1,Fe2.000,V1.000,Al0.900Si0.100,401.5142,3.47e-06,3.960000000000001,0.05377761,0.0,1.0,1.103961399999999,0.1096857695420962,0.0,0.0,0.0,16.876,1.639,1.61,0.0,0.0075689999999999,1.63,1.0,13.0,225.2,-124.5447
Fe2VAl0.8Si0.2,Fe2.000,V1.000,Al0.800Si0.200,92.0581,5.37e-07,3.960000000000001,0.09560464,0.0,1.0,1.103961399999999,0.1949969236303933,0.0,0.0,0.0,17.272000000000002,1.668,1.61,0.0,0.0134559999999999,1.63,1.0,13.0,225.4,-37.9924
Fe2VAl0.8Si0.2,Fe2.000,V1.000,Al0.800Si0.200,203.1714,1.01e-06,3.960000000000001,0.09560464,0.0,1.0,1.103961399999999,0.1949969236303933,0.0,0.0,0.0,17.272000000000002,1.668,1.61,0.0,0.0134559999999999,1.63,1.0,13.0,225.4,-64.2651
Fe2VAl0.8Si0.2,Fe2.000,V1.000,Al0.800Si0.200,290.4912,1.68e-06,3.960000000000001,0.09560464,0.0,1.0,1.103961399999999,0.1949969236303933,0.0,0.0,0.0,17.272000000000002,1.668,1.61,0.0,0.0134559999999999,1.63,1.0,13.0,225.4,-81.9079
Fe2VAl0.8Si0.2,Fe2.000,V1.000,Al0.800Si0.200,402.9712,2.47e-06,3.960000000000001,0.09560464,0.0,1.0,1.103961399999999,0.1949969236303933,0.0,0.0,0.0,17.272000000000002,1.668,1.61,0.0,0.0134559999999999,1.63,1.0,13.0,225.4,-100.5387
Fe2V0.9AlTi0.1,Fe2.000,V1.000,Al0.909Ti0.091,302.2167,1.8e-05,0.2100000000000008,0.0,0.0,9.0,20.885461399999997,36.08223442303651,8.0,2.25333333333e-05,8.0,16.49911,1.60363,1.54,0.0,0.0004053231,1.63,3.0,4.0,222.179,67.1623
Fe2V0.9AlTi0.1,Fe2.000,V1.000,Al0.909Ti0.091,364.2857,2.21e-05,0.2100000000000008,0.0,0.0,9.0,20.885461399999997,36.08223442303651,8.0,2.25333333333e-05,8.0,16.49911,1.60363,1.54,0.0,0.0004053231,1.63,3.0,4.0,222.179,78.9563
Fe2V0.9AlTi0.1,Fe2.000,V1.000,Al0.909Ti0.091,427.8325,2.61e-05,0.2100000000000008,0.0,0.0,9.0,20.885461399999997,36.08223442303651,8.0,2.25333333333e-05,8.0,16.49911,1.60363,1.54,0.0,0.0004053231,1.63,3.0,4.0,222.179,85.8211
Fe2V0.9AlTi0.1,Fe2.000,V1.000,Al0.909Ti0.091,526.1084,3.15e-05,0.2100000000000008,0.0,0.0,9.0,20.885461399999997,36.08223442303651,8.0,2.25333333333e-05,8.0,16.49911,1.60363,1.54,0.0,0.0004053231,1.63,3.0,4.0,222.179,77.882
Fe2V0.9AlTi0.1,Fe2.000,V1.000,Al0.909Ti0.091,643.5961,3.59e-05,0.2100000000000008,0.0,0.0,9.0,20.885461399999997,36.08223442303651,8.0,2.25333333333e-05,8.0,16.49911,1.60363,1.54,0.0,0.0004053231,1.63,3.0,4.0,222.179,54.8188
Fe2V0.9AlTi0.1,Fe2.000,V1.000,Al0.909Ti0.091,727.0936,3.74e-05,0.2100000000000008,0.0,0.0,9.0,20.885461399999997,36.08223442303651,8.0,2.25333333333e-05,8.0,16.49911,1.60363,1.54,0.0,0.0004053231,1.63,3.0,4.0,222.179,38.0169
Fe2V0.9AlTi0.1,Fe2.000,V1.000,Al0.909Ti0.091,803.202,3.8e-05,0.2100000000000008,0.0,0.0,9.0,20.885461399999997,36.08223442303651,8.0,2.25333333333e-05,8.0,16.49911,1.60363,1.54,0.0,0.0004053231,1.63,3.0,4.0,222.179,25.1616
Fe2V0.8Al0.9Ti0.3,Fe2.000,V0.727Ti0.273,Al1.000,294.8276,4.02e-05,0.0,0.0,2.25333333333e-05,0.0,0.0,0.0,0.0,0.0,0.0,16.48,1.61,1.61,35.0,0.0,1.60543,0.0,13.0,225.0,113.4925
Fe2V0.8Al0.9Ti0.3,Fe2.000,V0.727Ti0.273,Al1.000,352.4631,4.52e-05,0.0,0.0,2.25333333333e-05,0.0,0.0,0.0,0.0,0.0,0.0,16.48,1.61,1.61,35.0,0.0,1.60543,0.0,13.0,225.0,122.3319
Fe2V0.8Al0.9Ti0.3,Fe2.000,V0.727Ti0.273,Al1.000,464.0394,5.07e-05,0.0,0.0,2.25333333333e-05,0.0,0.0,0.0,0.0,0.0,0.0,16.48,1.61,1.61,35.0,0.0,1.60543,0.0,13.0,225.0,114.057
Fe2V0.8Al0.9Ti0.3,Fe2.000,V0.727Ti0.273,Al1.000,627.3399,4.68e-05,0.0,0.0,2.25333333333e-05,0.0,0.0,0.0,0.0,0.0,0.0,16.48,1.61,1.61,35.0,0.0,1.60543,0.0,13.0,225.0,68.627
Fe2V0.8Al0.9Ti0.3,Fe2.000,V0.727Ti0.273,Al1.000,704.9261,4.3e-05,0.0,0.0,2.25333333333e-05,0.0,0.0,0.0,0.0,0.0,0.0,16.48,1.61,1.61,35.0,0.0,1.60543,0.0,13.0,225.0,45.2572
Fe2V0.8Al0.9Ti0.3,Fe2.000,V0.727Ti0.273,Al1.000,864.532,3.54e-05,0.0,0.0,2.25333333333e-05,0.0,0.0,0.0,0.0,0.0,0.0,16.48,1.61,1.61,35.0,0.0,1.60543,0.0,13.0,225.0,12.6429
Fe2V1.1Al0.9,Fe2.000,V1.000,Al1.000,299.6328,2.19e-05,0.0,0.0,0.0,0.0,0.0,0.0,0.0,0.0,0.0,16.48,1.61,1.61,0.0,0.0,1.63,0.0,13.0,225.0,-114.2625
Fe2V1.1Al0.9,Fe2.000,V1.000,Al1.000,375.7938,2.69e-05,0.0,0.0,0.0,0.0,0.0,0.0,0.0,0.0,0.0,16.48,1.61,1.61,0.0,0.0,1.63,0.0,13.0,225.0,-132.4364
Fe2V1.1Al0.9,Fe2.000,V1.000,Al1.000,450.426,3.17e-05,0.0,0.0,0.0,0.0,0.0,0.0,0.0,0.0,0.0,16.48,1.61,1.61,0.0,0.0,1.63,0.0,13.0,225.0,-144.0446
Fe2V1.1Al0.9,Fe2.000,V1.000,Al1.000,517.6041,3.48e-05,0.0,0.0,0.0,0.0,0.0,0.0,0.0,0.0,0.0,16.48,1.61,1.61,0.0,0.0,1.63,0.0,13.0,225.0,-146.4519
Fe2V1.1Al0.9,Fe2.000,V1.000,Al1.000,614.9669,3.58e-05,0.0,0.0,0.0,0.0,0.0,0.0,0.0,0.0,0.0,16.48,1.61,1.61,0.0,0.0,1.63,0.0,13.0,225.0,-139.7203
Fe2V1.1Al0.9,Fe2.000,V1.000,Al1.000,696.0193,3.41e-05,0.0,0.0,0.0,0.0,0.0,0.0,0.0,0.0,0.0,16.48,1.61,1.61,0.0,0.0,1.63,0.0,13.0,225.0,-123.7733
Fe2VAl0.8T0.2,Fe2.000,V1.000,Al0.800H0.200,293.6256,3.33e-05,9.865,9.86713744,0.0,12.0,25.9735986,107.94045187742752,0.0,0.0,0.0,14.507,1.7280000000000002,1.61,0.0,0.055696,1.63,4.0,1.0,218.8,-101.4543
Fe2VAl0.8T0.2,Fe2.000,V1.000,Al0.800H0.200,373.453,4e-05,9.865,9.86713744,0.0,12.0,25.9735986,107.94045187742752,0.0,0.0,0.0,14.507,1.7280000000000002,1.61,0.0,0.055696,1.63,4.0,1.0,218.8,-116.6808
Fe2VAl0.8T0.2,Fe2.000,V1.000,Al0.800H0.200,448.0693,4.55e-05,9.865,9.86713744,0.0,12.0,25.9735986,107.94045187742752,0.0,0.0,0.0,14.507,1.7280000000000002,1.61,0.0,0.055696,1.63,4.0,1.0,218.8,-126.3199
Fe2VAl0.8T0.2,Fe2.000,V1.000,Al0.800H0.200,540.9987,4.86e-05,9.865,9.86713744,0.0,12.0,25.9735986,107.94045187742752,0.0,0.0,0.0,14.507,1.7280000000000002,1.61,0.0,0.055696,1.63,4.0,1.0,218.8,-118.9247
Fe2VAl0.8T0.2,Fe2.000,V1.000,Al0.800H0.200,656.6745,4.72e-05,9.865,9.86713744,0.0,12.0,25.9735986,107.94045187742752,0.0,0.0,0.0,14.507,1.7280000000000002,1.61,0.0,0.055696,1.63,4.0,1.0,218.8,-95.1586
Fe2VAl0.8T0.2,Fe2.000,V1.000,Al0.800H0.200,755.3654,4.3e-05,9.865,9.86713744,0.0,12.0,25.9735986,107.94045187742752,0.0,0.0,0.0,14.507,1.7280000000000002,1.61,0.0,0.055696,1.63,4.0,1.0,218.8,-70.0521
Fe2VAl0.8T0.2,Fe2.000,V1.000,Al0.800H0.200,804.7016,4.14e-05,9.865,9.86713744,0.0,12.0,25.9735986,107.94045187742752,0.0,0.0,0.0,14.507,1.7280000000000002,1.61,0.0,0.055696,1.63,4.0,1.0,218.8,-56.3502
Fe2V0.9Al0.7T0.4,Fe2.000,V1.000,Al0.636H0.364,288.4515,3.91e-05,9.865,14.276761161935998,0.0,12.0,25.9735986,156.17903982144986,0.0,0.0,0.0,12.88914,1.82476,1.61,0.0,0.0805865424,1.63,4.0,1.0,213.716,-100.4614
Fe2V0.9Al0.7T0.4,Fe2.000,V1.000,Al0.636H0.364,361.6341,4.38e-05,9.865,14.276761161935998,0.0,12.0,25.9735986,156.17903982144986,0.0,0.0,0.0,12.88914,1.82476,1.61,0.0,0.0805865424,1.63,4.0,1.0,213.716,-115.3488
Fe2V0.9Al0.7T0.4,Fe2.000,V1.000,Al0.636H0.364,454.6586,4.9e-05,9.865,14.276761161935998,0.0,12.0,25.9735986,156.17903982144986,0.0,0.0,0.0,12.88914,1.82476,1.61,0.0,0.0805865424,1.63,4.0,1.0,213.716,-119.7675
Fe2V0.9Al0.7T0.4,Fe2.000,V1.000,Al0.636H0.364,552.7356,4.85e-05,9.865,14.276761161935998,0.0,12.0,25.9735986,156.17903982144986,0.0,0.0,0.0,12.88914,1.82476,1.61,0.0,0.0805865424,1.63,4.0,1.0,213.716,-110.0836
Fe2V0.9Al0.7T0.4,Fe2.000,V1.000,Al0.636H0.364,654.4156,4.41e-05,9.865,14.276761161935998,0.0,12.0,25.9735986,156.17903982144986,0.0,0.0,0.0,12.88914,1.82476,1.61,0.0,0.0805865424,1.63,4.0,1.0,213.716,-89.5762
Fe2V0.9Al0.7T0.4,Fe2.000,V1.000,Al0.636H0.364,756.077,3.87e-05,9.865,14.276761161935998,0.0,12.0,25.9735986,156.17903982144986,0.0,0.0,0.0,12.88914,1.82476,1.61,0.0,0.0805865424,1.63,4.0,1.0,213.716,-66.7716
Fe2V0.9Al0.7T0.4,Fe2.000,V1.000,Al0.636H0.364,857.7807,3.37e-05,9.865,14.276761161935998,0.0,12.0,25.9735986,156.17903982144986,0.0,0.0,0.0,12.88914,1.82476,1.61,0.0,0.0805865424,1.63,4.0,1.0,213.716,-49.2177
Fe2V0.9Ti0.1Al,Fe2.000,V1.000,Ti0.091Al0.909,348.894,3.25e-06,0.2100000000000008,0.0,0.0,9.0,20.885461399999997,36.08223442303651,8.0,2.25333333333e-05,8.0,16.49911,1.60363,1.54,0.0,0.0004053231,1.63,3.0,4.0,222.179,85.3985
Fe2V0.9Ti0.1Al,Fe2.000,V1.000,Ti0.091Al0.909,389.686,3.42e-06,0.2100000000000008,0.0,0.0,9.0,20.885461399999997,36.08223442303651,8.0,2.25333333333e-05,8.0,16.49911,1.60363,1.54,0.0,0.0004053231,1.63,3.0,4.0,222.179,88.1196
Fe2V0.9Ti0.1Al,Fe2.000,V1.000,Ti0.091Al0.909,443.297,3.62e-06,0.2100000000000008,0.0,0.0,9.0,20.885461399999997,36.08223442303651,8.0,2.25333333333e-05,8.0,16.49911,1.60363,1.54,0.0,0.0004053231,1.63,3.0,4.0,222.179,82.8577
Fe2V0.9Ti0.1Al,Fe2.000,V1.000,Ti0.091Al0.909,490.464,3.68e-06,0.2100000000000008,0.0,0.0,9.0,20.885461399999997,36.08223442303651,8.0,2.25333333333e-05,8.0,16.49911,1.60363,1.54,0.0,0.0004053231,1.63,3.0,4.0,222.179,76.9206
Fe2V0.9Ti0.1Al,Fe2.000,V1.000,Ti0.091Al0.909,542.988,3.79e-06,0.2100000000000008,0.0,0.0,9.0,20.885461399999997,36.08223442303651,8.0,2.25333333333e-05,8.0,16.49911,1.60363,1.54,0.0,0.0004053231,1.63,3.0,4.0,222.179,69.6573
Fe2V0.9Ti0.1Al,Fe2.000,V1.000,Ti0.091Al0.909,594.404,3.85e-06,0.2100000000000008,0.0,0.0,9.0,20.885461399999997,36.08223442303651,8.0,2.25333333333e-05,8.0,16.49911,1.60363,1.54,0.0,0.0004053231,1.63,3.0,4.0,222.179,57.7259
Fe2V0.9Ti0.1Al,Fe2.000,V1.000,Ti0.091Al0.909,644.748,3.7e-06,0.2100000000000008,0.0,0.0,9.0,20.885461399999997,36.08223442303651,8.0,2.25333333333e-05,8.0,16.49911,1.60363,1.54,0.0,0.0004053231,1.63,3.0,4.0,222.179,45.793
Fe2V0.9Ti0.1Al,Fe2.000,V1.000,Ti0.091Al0.909,696.174,3.66e-06,0.2100000000000008,0.0,0.0,9.0,20.885461399999997,36.08223442303651,8.0,2.25333333333e-05,8.0,16.49911,1.60363,1.54,0.0,0.0004053231,1.63,3.0,4.0,222.179,35.1949
Fe2V0.9Ti0.1Al,Fe2.000,V1.000,Ti0.091Al0.909,747.606,3.54e-06,0.2100000000000008,0.0,0.0,9.0,20.885461399999997,36.08223442303651,8.0,2.25333333333e-05,8.0,16.49911,1.60363,1.54,0.0,0.0004053231,1.63,3.0,4.0,222.179,25.2635
Fe2VAl,Fe2.000,V1.000,Al1.000,348.107,9.57e-06,0.0,0.0,0.0,0.0,0.0,0.0,0.0,0.0,0.0,16.48,1.61,1.61,0.0,0.0,1.63,0.0,13.0,225.0,-24.6025
Fe2VAl,Fe2.000,V1.000,Al1.000,397.483,7.77e-06,0.0,0.0,0.0,0.0,0.0,0.0,0.0,0.0,0.0,16.48,1.61,1.61,0.0,0.0,1.63,0.0,13.0,225.0,-21.87
Fe2VAl,Fe2.000,V1.000,Al1.000,442.572,6.56e-06,0.0,0.0,0.0,0.0,0.0,0.0,0.0,0.0,0.0,16.48,1.61,1.61,0.0,0.0,1.63,0.0,13.0,225.0,-18.4766
Fe2VAl,Fe2.000,V1.000,Al1.000,495.176,5.54e-06,0.0,0.0,0.0,0.0,0.0,0.0,0.0,0.0,0.0,16.48,1.61,1.61,0.0,0.0,1.63,0.0,13.0,225.0,-14.4064
Fe2VAl,Fe2.000,V1.000,Al1.000,542.406,4.92e-06,0.0,0.0,0.0,0.0,0.0,0.0,0.0,0.0,0.0,16.48,1.61,1.61,0.0,0.0,1.63,0.0,13.0,225.0,-11.6768
Fe2VAl,Fe2.000,V1.000,Al1.000,592.84,4.44e-06,0.0,0.0,0.0,0.0,0.0,0.0,0.0,0.0,0.0,16.48,1.61,1.61,0.0,0.0,1.63,0.0,13.0,225.0,-10.9429
Fe2VAl,Fe2.000,V1.000,Al1.000,644.348,4.1e-06,0.0,0.0,0.0,0.0,0.0,0.0,0.0,0.0,0.0,16.48,1.61,1.61,0.0,0.0,1.63,0.0,13.0,225.0,-10.2075
Fe2VAl,Fe2.000,V1.000,Al1.000,693.704,3.88e-06,0.0,0.0,0.0,0.0,0.0,0.0,0.0,0.0,0.0,16.48,1.61,1.61,0.0,0.0,1.63,0.0,13.0,225.0,-10.1417
Fe2VAl,Fe2.000,V1.000,Al1.000,750.581,3.48e-06,0.0,0.0,0.0,0.0,0.0,0.0,0.0,0.0,0.0,16.48,1.61,1.61,0.0,0.0,1.63,0.0,13.0,225.0,-8.7326
Fe2V0.75Ti0.15W0.1Al,Fe2.000,V0.833Ti0.167,W0.091Al0.909,350.62,9.82e-06,0.4299999999999997,0.0,2.25333333333e-05,61.0,156.8584614,2035.2659976478592,6.0,0.0,6.0,16.44087,1.6782500000000002,1.61,35.0,0.0465294374999999,1.6149699999999998,1.0,6.0,225.364,26.7342
Fe2V0.75Ti0.15W0.1Al,Fe2.000,V0.833Ti0.167,W0.091Al0.909,392.4,8.36e-06,0.4299999999999997,0.0,2.25333333333e-05,61.0,156.8584614,2035.2659976478592,6.0,0.0,6.0,16.44087,1.6782500000000002,1.61,35.0,0.0465294374999999,1.6149699999999998,1.0,6.0,225.364,17.4565
Fe2V0.75Ti0.15W0.1Al,Fe2.000,V0.833Ti0.167,W0.091Al0.909,442.801,7.18e-06,0.4299999999999997,0.0,2.25333333333e-05,61.0,156.8584614,2035.2659976478592,6.0,0.0,6.0,16.44087,1.6782500000000002,1.61,35.0,0.0465294374999999,1.6149699999999998,1.0,6.0,225.364,13.5237
Fe2V0.75Ti0.15W0.1Al,Fe2.000,V0.833Ti0.167,W0.091Al0.909,494.265,6.19e-06,0.4299999999999997,0.0,2.25333333333e-05,61.0,156.8584614,2035.2659976478592,6.0,0.0,6.0,16.44087,1.6782500000000002,1.61,35.0,0.0465294374999999,1.6149699999999998,1.0,6.0,225.364,8.259
Fe2V0.75Ti0.15W0.1Al,Fe2.000,V0.833Ti0.167,W0.091Al0.909,544.666,5.51e-06,0.4299999999999997,0.0,2.25333333333e-05,61.0,156.8584614,2035.2659976478592,6.0,0.0,6.0,16.44087,1.6782500000000002,1.61,35.0,0.0465294374999999,1.6149699999999998,1.0,6.0,225.364,4.3262
Fe2V0.75Ti0.15W0.1Al,Fe2.000,V0.833Ti0.167,W0.091Al0.909,592.921,4.97e-06,0.4299999999999997,0.0,2.25333333333e-05,61.0,156.8584614,2035.2659976478592,6.0,0.0,6.0,16.44087,1.6782500000000002,1.61,35.0,0.0465294374999999,1.6149699999999998,1.0,6.0,225.364,0.3906
Fe2V0.75Ti0.15W0.1Al,Fe2.000,V0.833Ti0.167,W0.091Al0.909,648.697,4.49e-06,0.4299999999999997,0.0,2.25333333333e-05,61.0,156.8584614,2035.2659976478592,6.0,0.0,6.0,16.44087,1.6782500000000002,1.61,35.0,0.0465294374999999,1.6149699999999998,1.0,6.0,225.364,-2.2017
Fe2V0.75Ti0.15W0.1Al,Fe2.000,V0.833Ti0.167,W0.091Al0.909,694.815,4.16e-06,0.4299999999999997,0.0,2.25333333333e-05,61.0,156.8584614,2035.2659976478592,6.0,0.0,6.0,16.44087,1.6782500000000002,1.61,35.0,0.0465294374999999,1.6149699999999998,1.0,6.0,225.364,-4.8069
Fe2V0.75Ti0.15W0.1Al,Fe2.000,V0.833Ti0.167,W0.091Al0.909,746.323,3.91e-06,0.4299999999999997,0.0,2.25333333333e-05,61.0,156.8584614,2035.2659976478592,6.0,0.0,6.0,16.44087,1.6782500000000002,1.61,35.0,0.0465294374999999,1.6149699999999998,1.0,6.0,225.364,-4.0716
Fe2V0.7Ti0.2W0.1Al,Fe2.000,V0.778Ti0.222,W0.091Al0.909,348.866,7.57e-06,0.4299999999999997,0.0,2.25333333333e-05,61.0,156.8584614,2035.2659976478592,6.0,0.0,6.0,16.44087,1.6782500000000002,1.61,35.0,0.0465294374999999,1.61002,1.0,6.0,225.364,81.3985
Fe2V0.7Ti0.2W0.1Al,Fe2.000,V0.778Ti0.222,W0.091Al0.909,393.887,7e-06,0.4299999999999997,0.0,2.25333333333e-05,61.0,156.8584614,2035.2659976478592,6.0,0.0,6.0,16.44087,1.6782500000000002,1.61,35.0,0.0465294374999999,1.61002,1.0,6.0,225.364,75.4585
Fe2V0.7Ti0.2W0.1Al,Fe2.000,V0.778Ti0.222,W0.091Al0.909,445.29,6.34e-06,0.4299999999999997,0.0,2.25333333333e-05,61.0,156.8584614,2035.2659976478592,6.0,0.0,6.0,16.44087,1.6782500000000002,1.61,35.0,0.0465294374999999,1.61002,1.0,6.0,225.364,61.5271
Fe2V0.7Ti0.2W0.1Al,Fe2.000,V0.778Ti0.222,W0.091Al0.909,494.556,5.82e-06,0.4299999999999997,0.0,2.25333333333e-05,61.0,156.8584614,2035.2659976478592,6.0,0.0,6.0,16.44087,1.6782500000000002,1.61,35.0,0.0465294374999999,1.61002,1.0,6.0,225.364,48.9261
Fe2V0.7Ti0.2W0.1Al,Fe2.000,V0.778Ti0.222,W0.091Al0.909,543.832,5.24e-06,0.4299999999999997,0.0,2.25333333333e-05,61.0,156.8584614,2035.2659976478592,6.0,0.0,6.0,16.44087,1.6782500000000002,1.61,35.0,0.0465294374999999,1.61002,1.0,6.0,225.364,37.6584
Fe2V0.7Ti0.2W0.1Al,Fe2.000,V0.778Ti0.222,W0.091Al0.909,595.267,4.77e-06,0.4299999999999997,0.0,2.25333333333e-05,61.0,156.8584614,2035.2659976478592,6.0,0.0,6.0,16.44087,1.6782500000000002,1.61,35.0,0.0465294374999999,1.61002,1.0,6.0,225.364,28.3937
Fe2V0.7Ti0.2W0.1Al,Fe2.000,V0.778Ti0.222,W0.091Al0.909,645.63,4.39e-06,0.4299999999999997,0.0,2.25333333333e-05,61.0,156.8584614,2035.2659976478592,6.0,0.0,6.0,16.44087,1.6782500000000002,1.61,35.0,0.0465294374999999,1.61002,1.0,6.0,225.364,19.1275
Fe2V0.7Ti0.2W0.1Al,Fe2.000,V0.778Ti0.222,W0.091Al0.909,698.158,4.07e-06,0.4299999999999997,0.0,2.25333333333e-05,61.0,156.8584614,2035.2659976478592,6.0,0.0,6.0,16.44087,1.6782500000000002,1.61,35.0,0.0465294374999999,1.61002,1.0,6.0,225.364,12.5309
Fe2V0.7Ti0.2W0.1Al,Fe2.000,V0.778Ti0.222,W0.091Al0.909,748.559,3.79e-06,0.4299999999999997,0.0,2.25333333333e-05,61.0,156.8584614,2035.2659976478592,6.0,0.0,6.0,16.44087,1.6782500000000002,1.61,35.0,0.0465294374999999,1.61002,1.0,6.0,225.364,8.5981
Fe2V0.65Ti0.25W0.1Al,Fe2.000,V0.722Ti0.278,W0.091Al0.909,351.107,4.65e-06,0.4299999999999997,0.0,2.25333333333e-05,61.0,156.8584614,2035.2659976478592,6.0,0.0,6.0,16.44087,1.6782500000000002,1.61,35.0,0.0465294374999999,1.60498,1.0,6.0,225.364,94.7348
Fe2V0.65Ti0.25W0.1Al,Fe2.000,V0.722Ti0.278,W0.091Al0.909,396.162,4.69e-06,0.4299999999999997,0.0,2.25333333333e-05,61.0,156.8584614,2035.2659976478592,6.0,0.0,6.0,16.44087,1.6782500000000002,1.61,35.0,0.0465294374999999,1.60498,1.0,6.0,225.364,93.4615
Fe2V0.65Ti0.25W0.1Al,Fe2.000,V0.722Ti0.278,W0.091Al0.909,443.32,4.62e-06,0.4299999999999997,0.0,2.25333333333e-05,61.0,156.8584614,2035.2659976478592,6.0,0.0,6.0,16.44087,1.6782500000000002,1.61,35.0,0.0465294374999999,1.60498,1.0,6.0,225.364,86.1911
Fe2V0.65Ti0.25W0.1Al,Fe2.000,V0.722Ti0.278,W0.091Al0.909,492.615,4.59e-06,0.4299999999999997,0.0,2.25333333333e-05,61.0,156.8584614,2035.2659976478592,6.0,0.0,6.0,16.44087,1.6782500000000002,1.61,35.0,0.0465294374999999,1.60498,1.0,6.0,225.364,77.5902
Fe2V0.65Ti0.25W0.1Al,Fe2.000,V0.722Ti0.278,W0.091Al0.909,548.324,4.43e-06,0.4299999999999997,0.0,2.25333333333e-05,61.0,156.8584614,2035.2659976478592,6.0,0.0,6.0,16.44087,1.6782500000000002,1.61,35.0,0.0465294374999999,1.60498,1.0,6.0,225.364,65.6644
Fe2V0.65Ti0.25W0.1Al,Fe2.000,V0.722Ti0.278,W0.091Al0.909,594.357,4.23e-06,0.4299999999999997,0.0,2.25333333333e-05,61.0,156.8584614,2035.2659976478592,6.0,0.0,6.0,16.44087,1.6782500000000002,1.61,35.0,0.0465294374999999,1.60498,1.0,6.0,225.364,51.0591
Fe2V0.65Ti0.25W0.1Al,Fe2.000,V0.722Ti0.278,W0.091Al0.909,644.71,4.01e-06,0.4299999999999997,0.0,2.25333333333e-05,61.0,156.8584614,2035.2659976478592,6.0,0.0,6.0,16.44087,1.6782500000000002,1.61,35.0,0.0465294374999999,1.60498,1.0,6.0,225.364,40.4596
Fe2V0.65Ti0.25W0.1Al,Fe2.000,V0.722Ti0.278,W0.091Al0.909,692.917,3.76e-06,0.4299999999999997,0.0,2.25333333333e-05,61.0,156.8584614,2035.2659976478592,6.0,0.0,6.0,16.44087,1.6782500000000002,1.61,35.0,0.0465294374999999,1.60498,1.0,6.0,225.364,29.8572
Fe2V0.65Ti0.25W0.1Al,Fe2.000,V0.722Ti0.278,W0.091Al0.909,748.645,3.75e-06,0.4299999999999997,0.0,2.25333333333e-05,61.0,156.8584614,2035.2659976478592,6.0,0.0,6.0,16.44087,1.6782500000000002,1.61,35.0,0.0465294374999999,1.60498,1.0,6.0,225.364,20.5982
Fe2V0.6Ti0.3W0.1Al,Fe2.000,V0.667Ti0.333,W0.091Al0.909,349.934,3.17e-06,0.4299999999999997,0.0,2.25333333333e-05,61.0,156.8584614,2035.2659976478592,6.0,0.0,6.0,16.44087,1.6782500000000002,1.61,35.0,0.0465294374999999,1.60003,1.0,6.0,225.364,80.7332
Fe2V0.6Ti0.3W0.1Al,Fe2.000,V0.667Ti0.333,W0.091Al0.909,392.905,3.39e-06,0.4299999999999997,0.0,2.25333333333e-05,61.0,156.8584614,2035.2659976478592,6.0,0.0,6.0,16.44087,1.6782500000000002,1.61,35.0,0.0465294374999999,1.60003,1.0,6.0,225.364,88.1239
Fe2V0.6Ti0.3W0.1Al,Fe2.000,V0.667Ti0.333,W0.091Al0.909,446.544,3.7e-06,0.4299999999999997,0.0,2.25333333333e-05,61.0,156.8584614,2035.2659976478592,6.0,0.0,6.0,16.44087,1.6782500000000002,1.61,35.0,0.0465294374999999,1.60003,1.0,6.0,225.364,86.8621
Fe2V0.6Ti0.3W0.1Al,Fe2.000,V0.667Ti0.333,W0.091Al0.909,493.731,3.73e-06,0.4299999999999997,0.0,2.25333333333e-05,61.0,156.8584614,2035.2659976478592,6.0,0.0,6.0,16.44087,1.6782500000000002,1.61,35.0,0.0465294374999999,1.60003,1.0,6.0,225.364,83.5916
Fe2V0.6Ti0.3W0.1Al,Fe2.000,V0.667Ti0.333,W0.091Al0.909,541.981,3.82e-06,0.4299999999999997,0.0,2.25333333333e-05,61.0,156.8584614,2035.2659976478592,6.0,0.0,6.0,16.44087,1.6782500000000002,1.61,35.0,0.0465294374999999,1.60003,1.0,6.0,225.364,78.9893
Fe2V0.6Ti0.3W0.1Al,Fe2.000,V0.667Ti0.333,W0.091Al0.909,595.563,3.88e-06,0.4299999999999997,0.0,2.25333333333e-05,61.0,156.8584614,2035.2659976478592,6.0,0.0,6.0,16.44087,1.6782500000000002,1.61,35.0,0.0465294374999999,1.60003,1.0,6.0,225.364,69.7274
Fe2V0.6Ti0.3W0.1Al,Fe2.000,V0.667Ti0.333,W0.091Al0.909,643.761,3.82e-06,0.4299999999999997,0.0,2.25333333333e-05,61.0,156.8584614,2035.2659976478592,6.0,0.0,6.0,16.44087,1.6782500000000002,1.61,35.0,0.0465294374999999,1.60003,1.0,6.0,225.364,57.7917
Fe2V0.6Ti0.3W0.1Al,Fe2.000,V0.667Ti0.333,W0.091Al0.909,695.173,3.66e-06,0.4299999999999997,0.0,2.25333333333e-05,61.0,156.8584614,2035.2659976478592,6.0,0.0,6.0,16.44087,1.6782500000000002,1.61,35.0,0.0465294374999999,1.60003,1.0,6.0,225.364,45.1936
Fe2V0.6Ti0.3W0.1Al,Fe2.000,V0.667Ti0.333,W0.091Al0.909,746.623,3.74e-06,0.4299999999999997,0.0,2.25333333333e-05,61.0,156.8584614,2035.2659976478592,6.0,0.0,6.0,16.44087,1.6782500000000002,1.61,35.0,0.0465294374999999,1.60003,1.0,6.0,225.364,37.9288
