Composition,Temperature,Seebeck Coefficient,Electrical Resistivity
Co2MnSn,50.0,-3.354977399136763,8.399694145012535e-07
Co2MnSn,100.0,-4.672589063778919,9.03088338446992e-07
Co2MnSn,150.0,-5.234692593633818,9.815212436429606e-07
Co2MnSn,200.0,-6.7043258952104425,1.0626692680566503e-06
Co2MnSn,250.0,-10.045594560873425,1.1411070049175664e-06
Co2MnSn,300.0,-15.864399451723976,1.2201952022279977e-06
Co2MnSn,350.0,-24.74916428048085,1.3136934622737882e-06
Co2Mn0.8Ti0.2Sn,50.0,-1.6326929727349349,1.57532553818023e-06
Co2Mn0.8Ti0.2Sn,100.0,-2.7079087903721444,1.623350308757472e-06
Co2Mn0.8Ti0.2Sn,150.0,-3.9498945789288333,1.6806388360920652e-06
Co2Mn0.8Ti0.2Sn,200.0,-5.6183617029906445,1.7365690161495376e-06
Co2Mn0.8Ti0.2Sn,250.0,-7.570607394804116,1.796728661343138e-06
Co2Mn0.8Ti0.2Sn,300.0,-9.517717049266096,1.869446963860976e-06
Co2Mn0.8Ti0.2Sn,350.0,-11.280766518913138,1.9523259589931612e-06
Co2Mn0.6Ti0.4Sn,100.0,-3.8102963902254348,3.887084512297501e-06
Co2Mn0.6Ti0.4Sn,150.0,-6.9670027704404855,4.13295073527493e-06
Co2Mn0.6Ti0.4Sn,200.0,-11.783579821601338,4.461386749475217e-06
Co2Mn0.6Ti0.4Sn,250.0,-20.47265337987441,4.926336620823119e-06
Co2Mn0.6Ti0.4Sn,300.0,-34.68157077400728,5.5215814542191e-06
Co2Mn0.6Ti0.4Sn,350.0,-49.41983928772619,6.072147440052999e-06
Co2Mn0.4Ti0.6Sn,50.0,0.08690234080040535,3.6264090999727e-06
Co2Mn0.4Ti0.6Sn,100.0,0.021364656180545425,3.6950765340166783e-06
Co2Mn0.4Ti0.6Sn,150.0,-0.46520696778042914,3.783661332489912e-06
Co2Mn0.4Ti0.6Sn,200.0,-1.5785097625701323,3.87498234972192e-06
Co2Mn0.4Ti0.6Sn,250.0,-3.2638999574631895,3.963259210223981e-06
Co2Mn0.4Ti0.6Sn,300.0,-5.642153346177499,4.05422034831119e-06
Co2Mn0.4Ti0.6Sn,350.0,-9.445225853530376,4.165211047724533e-06
Co2Mn0.2Ti0.8Sn,50.0,0.3531805608191083,1.363812041258493e-05
Co2Mn0.2Ti0.8Sn,100.0,0.2323207456578905,1.413315757695213e-05
Co2Mn0.2Ti0.8Sn,150.0,-0.4115871676209105,1.4888270856313664e-05
Co2Mn0.2Ti0.8Sn,200.0,-2.138148804028635,1.5754030822873956e-05
Co2Mn0.2Ti0.8Sn,250.0,-5.641880690001414,1.6578572315204156e-05
Co2Mn0.2Ti0.8Sn,300.0,-11.08657842727174,1.7262222675423373e-05
Co2Mn0.2Ti0.8Sn,350.0,-17.43968486674002,1.7812129986379928e-05
Co2TiSn,50.0,-2.099039368375657,2.4649296924297625e-06
Co2TiSn,100.0,-3.9626041284305455,2.572429466393716e-06
Co2TiSn,150.0,-6.110146119283538,2.7149158808275538e-06
Co2TiSn,200.0,-10.585921254665381,2.8973751419048975e-06
Co2TiSn,250.0,-19.875800211978493,3.147644004972738e-06
Co2TiSn,300.0,-34.060211976648624,3.4571705184293556e-06
Co2TiSn,350.0,-47.967087386476514,3.721774767602244e-06
Fe2VAl0.9Si0.1,350.0,-125.8433683167,1.074205791769195e-05
Fe2VAl0.9Si0.1,400.0,-113.2675189227,1.090589417821016e-05
Fe2VAl0.9Si0.1,450.0,-99.76625614549289,1.0570174974224604e-05
Fe2VAl0.9Si0.1,500.0,-84.53075446438092,1.0113184539698196e-05
Fe2VAl0.9Si0.1,550.0,-68.67330727111784,9.68886798378148e-06
Fe2VAl0.9Si0.1,600.0,-54.187983758457534,9.310651420963713e-06
Fe2VAl0.9Si0.1,650.0,-42.911285809154634,8.935262101224454e-06
Fe2VAl0.9Si0.1,700.0,-35.482804884907516,8.54654854018533e-06
Fe2VAl0.9Si0.1,400.0,-121.4067269761,4.19446554390405e-06
Fe2VAl0.9Si0.1,450.0,-107.8089375257,4.2324141879469e-06
Fe2VAl0.9Si0.1,500.0,-90.50220089683812,4.205080455523524e-06
Fe2VAl0.9Si0.1,550.0,-73.3195645423938,4.121242921146807e-06
Fe2VAl0.9Si0.1,600.0,-58.49136458044432,3.990492313883392e-06
Fe2VAl0.9Si0.1,650.0,-46.99920305821568,3.832749142397502e-06
Fe2VAl0.9Si0.1,700.0,-38.92992521619082,3.687781319994666e-06
Fe2VAl,400.0,32.908147520860666,5.149544097224843e-06
Fe2VAl,450.0,27.110745665586037,4.357330564299565e-06
Fe2VAl,500.0,18.262265637665166,3.833581245312828e-06
Fe2VAl,550.0,9.180319128900406,3.5013353181955793e-06
Fe2VTa0.03Al0.97,100.0,-91.11061815589018,2.8773148693770207e-06
Fe2VTa0.03Al0.97,150.0,-111.4491805879,3.2952183636649145e-06
Fe2VTa0.03Al0.97,200.0,-134.7358883163,3.711162412368651e-06
Fe2VTa0.03Al0.97,250.0,-153.4714828262,4.073783743183186e-06
Fe2VTa0.03Al0.97,300.0,-163.4087476529,4.34950025198489e-06
Fe2VTa0.03Al0.97,350.0,-163.00248906689998,4.520219197036054e-06
Fe2VTa0.03Al0.97,400.0,-152.8595167571,4.5810453931893945e-06
Fe2VTa0.03Al0.97,450.0,-135.1886245158,4.53798940609256e-06
Fe2VTa0.03Al0.97,500.0,-113.2505709222,4.405675746392637e-06
Fe2VTa0.03Al0.97,550.0,-90.80806002686748,4.205051063940648e-06
Fe2VTa0.03Al0.97,600.0,-71.5757220357294,3.961092341996067e-06
Fe2VTa0.03Al0.97,650.0,-58.67009399437674,3.7005150914313305e-06
Fe2VTa0.03Al0.97,700.0,-54.059600472063366,3.4494815449363167e-06
Fe2VTa0.05Al0.95,150.0,-81.6797871856788,1.8595107040001635e-06
Fe2VTa0.05Al0.95,200.0,-102.8451867236,2.265186190452218e-06
Fe2VTa0.05Al0.95,250.0,-122.87489259120001,2.6846401920371176e-06
Fe2VTa0.05Al0.95,300.0,-139.1132186204,3.0775798515849815e-06
Fe2VTa0.05Al0.95,350.0,-149.8687569434,3.4155341728100553e-06
Fe2VTa0.05Al0.95,400.0,-154.3071234012,3.680486549072113e-06
Fe2VTa0.05Al0.95,450.0,-152.3437029513,3.8635072921378615e-06
Fe2VTa0.05Al0.95,500.0,-144.5363950768,3.963386160942347e-06
Fe2VTa0.05Al0.95,550.0,-131.9783591945,3.985264890350364e-06
Fe2VTa0.05Al0.95,600.0,-116.1907600628,3.939269719917847e-06
Fe2VTa0.05Al0.95,650.0,-99.01551319082226,3.839143922653288e-06
Fe2VTa0.08Al0.92,150.0,-62.13421944061169,1.6177229678983654e-06
Fe2VTa0.08Al0.92,200.0,-77.78224508981043,1.9586560730254684e-06
Fe2VTa0.08Al0.92,250.0,-93.0358816225749,2.3333215336347447e-06
Fe2VTa0.08Al0.92,300.0,-107.728757586,2.704326805619701e-06
Fe2VTa0.08Al0.92,350.0,-120.8633820079,3.043684324082643e-06
Fe2VTa0.08Al0.92,400.0,-131.00668132200002,3.3318378694260987e-06
Fe2VTa0.08Al0.92,450.0,-136.6855362927,3.556688933444227e-06
Fe2VTa0.08Al0.92,500.0,-136.78231894060002,3.712623085414252e-06
Fe2VTa0.08Al0.92,550.0,-130.9304294673,3.7995363381878657e-06
Fe2VTa0.08Al0.92,600.0,-119.909833181,3.821861514282657e-06
Fe2VTa0.08Al0.92,650.0,-106.0425974209,3.7875946119735297e-06
Fe2VTa0.08Al0.92,700.0,-93.58842848314207,3.7073211713841166e-06
Fe2VTa0.12Al0.88,150.0,-39.78719425598506,1.5908832138774296e-06
Fe2VTa0.12Al0.88,200.0,-51.49568799484489,1.8468253549804712e-06
Fe2VTa0.12Al0.88,250.0,-62.529303597161366,2.1325100590374377e-06
Fe2VTa0.12Al0.88,300.0,-73.05056006506288,2.4265574186954624e-06
Fe2VTa0.12Al0.88,350.0,-82.82314739985863,2.711333444398371e-06
Fe2VTa0.12Al0.88,400.0,-91.35345020968776,2.9727215804301135e-06
Fe2VTa0.12Al0.88,450.0,-98.03207131716856,3.199894220958208e-06
Fe2VTa0.12Al0.88,500.0,-102.275355367,3.3850842260771733e-06
Fe2VTa0.12Al0.88,550.0,-103.66691243380001,3.5233564378519668e-06
Fe2VTa0.12Al0.88,600.0,-102.0991416295,3.612379196361421e-06
Fe2VTa0.12Al0.88,650.0,-97.91475471108691,3.652195855741679e-06
Fe2.08V0.92Si,350.0,-46.17820056121162,2.361417944922407e-06
Fe2.08V0.92Si,400.0,-50.350205604550126,2.454860609687164e-06
Fe2.08V0.92Si,450.0,-52.94033339117365,2.530637612702966e-06
Fe2.08V0.92Si,500.0,-54.415991370008506,2.5929363664417465e-06
Fe2.08V0.92Si,550.0,-55.115650841559955,2.644270665150644e-06
Fe2.08V0.92Si,600.0,-55.26757342742893,2.6858421023960517e-06
Fe2.08V0.92Si,650.0,-55.00853753982927,2.717901488607674e-06
Fe2.08V0.92Si,700.0,-54.40256485110483,2.7401102686225648e-06
Fe2.08V0.92Si,750.0,-53.45964676324678,2.751901939229195e-06
Fe2.08V0.92Si,800.0,-52.154470877409494,2.752843466711488e-06
Fe2.08V0.92Si,850.0,-50.44514746342901,2.7429967043928862e-06
Fe2.08V0.92Si,900.0,-48.291935929339324,2.723279810180384e-06
Fe2.08V0.92Si,950.0,-45.675971290889606,2.6958286641085895e-06
Fe2.08V0.92Si,1000.0,-42.61799064106129,2.66435828588378e-06
Ti0.3Zr0.35Hf0.35Ni2Sn,400.0,-8.358476593055308,9.178041083887056e-07
Ti0.3Zr0.35Hf0.35Ni2Sn,450.0,-9.490223489242947,9.683596944172129e-07
Ti0.3Zr0.35Hf0.35Ni2Sn,500.0,-10.252038887058852,1.0448205169285849e-06
Ti0.3Zr0.35Hf0.35Ni2Sn,550.0,-10.682379223031576,1.112539007452526e-06
Ti0.3Zr0.35Hf0.35Ni2Sn,600.0,-10.94349987930633,1.1569584773203112e-06
Ti0.3Zr0.35Hf0.35Ni2Sn,650.0,-11.194124855788592,1.199341724101312e-06
Ti0.3Zr0.35Hf0.35Ni2Sn,700.0,-11.46211644228536,1.3124996380394352e-06
Fe2VAl,350.0,-18.412405329497112,8.713928141590896e-06
Fe2VAl,400.0,-16.764681888821347,7.2429883384005235e-06
Fe2VAl,450.0,-14.15678147060614,6.25278916549436e-06
Fe2VAl,500.0,-11.929745636107912,5.5717451423579705e-06
Fe2VAl,550.0,-10.576812882963024,5.005249273724211e-06
Fe2VAl,600.0,-10.04635060166862,4.498709452011471e-06
Fe2V0.98W0.02Al,400.0,-78.69656344069433,7.136938595368183e-06
Fe2V0.98W0.02Al,450.0,-68.89063415721833,6.240350704542895e-06
Fe2V0.98W0.02Al,500.0,-58.5638699298922,5.525209681496733e-06
Fe2V0.98W0.02Al,550.0,-47.42468525341555,4.965029175382166e-06
Fe2V0.98W0.02Al,600.0,-37.46063670474926,4.5385961775704285e-06
Fe2V0.98W0.02Al,650.0,-30.757604165367656,4.214577508168779e-06
Fe2V0.98W0.02Al,700.0,-27.318972043504417,3.9361263025379585e-06
Fe2V0.96W0.04Al,400.0,-92.1028714028554,6.573593149835522e-06
Fe2V0.96W0.04Al,450.0,-78.9151802117966,5.931727812380992e-06
Fe2V0.96W0.04Al,500.0,-65.39868096486386,5.3557756896416205e-06
Fe2V0.96W0.04Al,550.0,-51.185783596851934,4.841718067166203e-06
Fe2V0.96W0.04Al,600.0,-39.41755131137408,4.402787491777804e-06
Fe2V0.96W0.04Al,650.0,-32.944765601527514,4.05524622543846e-06
Fe2V0.96W0.04Al,700.0,-30.528991270618693,3.8041646991140334e-06
Fe2V0.94W0.06Al,350.0,-116.4027479712,6.008466079478008e-06
Fe2V0.94W0.06Al,400.0,-110.42004396739999,5.700759609619865e-06
Fe2V0.94W0.06Al,450.0,-95.90113301306825,5.3516384600382155e-06
Fe2V0.94W0.06Al,500.0,-80.95686736187685,4.990897612552571e-06
Fe2V0.94W0.06Al,550.0,-68.43972986023388,4.642999335473452e-06
Fe2V0.94W0.06Al,600.0,-58.069785849799736,4.325908504740396e-06
Fe2V0.94W0.06Al,650.0,-48.56063506998359,4.0499279250599085e-06
Fe2V0.94W0.06Al,700.0,-39.74536356045506,3.816533651043436e-06
Fe2V0.92W0.08Al,400.0,-100.991521576,5.070874293879916e-06
Fe2V0.92W0.08Al,450.0,-94.5831989044056,4.876391231564599e-06
Fe2V0.92W0.08Al,500.0,-85.62205319809007,4.686647649589504e-06
Fe2V0.92W0.08Al,550.0,-74.0827795772574,4.49474949294907e-06
Fe2V0.92W0.08Al,600.0,-62.41918473071963,4.287413216762857e-06
Fe2V0.92W0.08Al,650.0,-53.10617433778101,4.058761744395002e-06
Fe2V0.92W0.08Al,700.0,-46.181740490102136,3.824120425573642e-06
Fe2V0.90W0.10Al,400.0,-110.8266738034,4.495484593279616e-06
Fe2V0.90W0.10Al,450.0,-103.0740042372,4.457254532801206e-06
Fe2V0.90W0.10Al,500.0,-90.68471004742749,4.3649119331442e-06
Fe2V0.90W0.10Al,550.0,-77.68039562983326,4.2404256391826114e-06
Fe2V0.90W0.10Al,600.0,-66.19771402814915,4.1081895239539955e-06
Fe2V0.90W0.10Al,650.0,-56.80596142677765,3.986505669542067e-06
Fe2V0.90W0.10Al,700.0,-48.82467164364938,3.879067547959211e-06
Fe2.06V1.01Al0.93,350.0,21.969067801311862,5.94766680365612e-06
Fe2.06V1.01Al0.93,400.0,18.122992640603936,5.250466788730943e-06
Fe2.06V1.01Al0.93,450.0,14.630186814732548,4.650711341706781e-06
Fe2.06V1.01Al0.93,500.0,11.33494535616436,4.165729774493967e-06
Fe2.06V1.01Al0.93,550.0,8.227737767526664,3.7931239103776944e-06
Fe2.06V1.01Al0.93,600.0,5.385747178321116,3.5169865754828575e-06
Fe2.06V1.01Al0.93,650.0,2.9134095016382506,3.3141200902387184e-06
Fe2.06V1.01Al0.93,700.0,0.8829525908709125,3.160254760843723e-06
Fe2.06V1.01Al0.93,750.0,-0.725064603571276,3.036267370730166e-06
Fe2.06V1.01Al0.93,800.0,-2.0812128775476166,2.934399672028983e-06
Fe2.06V1.01Al0.93,850.0,-3.5666536164723737,2.8644768770345447e-06
Fe2VAl,100.0,17.40736659333346,1.8727420194424634e-05
Fe2VAl,150.0,22.29695837033583,1.5448535910022205e-05
Fe2VAl,200.0,25.52072167536582,1.2462349900131811e-05
Fe2VAl,250.0,26.769546152371134,9.876911513498415e-06
Fe2VAl,300.0,27.23506408271046,7.748704653749373e-06
Fe2VAl,350.0,27.580538950859896,6.0905781255630685e-06
Fe2VAl0.95Ge0.05,100.0,-80.29770639025833,2.1776042481170022e-06
Fe2VAl0.95Ge0.05,150.0,-103.7397676706,2.726230653113967e-06
Fe2VAl0.95Ge0.05,200.0,-125.11667218810001,3.2784283386598974e-06
Fe2VAl0.95Ge0.05,250.0,-135.7079211738,3.737394097288095e-06
Fe2VAl0.95Ge0.05,300.0,-131.3829028885,4.048189845489574e-06
Fe2VAl0.95Ge0.05,350.0,-115.07066452240001,4.1908225929548835e-06
Fe2VAl0.95Ge0.05,400.0,-99.22968409406349,4.173324411815935e-06
Fe2VAl0.90Ge0.10,100.0,-67.61742554075741,9.222718892694154e-07
Fe2VAl0.90Ge0.10,150.0,-86.83370781362125,1.30050622832308e-06
Fe2VAl0.90Ge0.10,200.0,-104.4891990024,1.7562165404423088e-06
Fe2VAl0.90Ge0.10,250.0,-117.7448723617,2.2163371307646146e-06
Fe2VAl0.90Ge0.10,300.0,-123.2215890624,2.6308795980542884e-06
Fe2VAl0.90Ge0.10,350.0,-118.9662232536,2.9696974362521695e-06
Fe2VAl0.90Ge0.10,400.0,-106.4177871243,3.2192506360253944e-06
Fe2VAl0.97Ge0.03,150.0,-93.1170792008454,6.180534677464694e-06
Fe2VAl0.97Ge0.03,200.0,-113.066858106,6.3513625878168335e-06
Fe2VAl0.97Ge0.03,250.0,-121.3058997159,6.279564118248828e-06
Fe2VAl0.97Ge0.03,300.0,-113.8263816635,5.997718905083857e-06
Fe2VAl0.97Ge0.03,350.0,-93.29541559930746,5.554118877983037e-06
Fe2VAl0.97Ge0.03,400.0,-67.72980282642314,5.007377458352355e-06
Fe2VAl0.80Ge0.20,150.0,-63.555851160165346,1.0944655929683988e-06
Fe2VAl0.80Ge0.20,200.0,-77.3187749789494,1.3773623999272643e-06
Fe2VAl0.80Ge0.20,250.0,-89.620268224686,1.6835442193484834e-06
Fe2VAl0.80Ge0.20,300.0,-98.64276991645164,1.988121163070349e-06
Fe2VAl0.80Ge0.20,350.0,-102.84846088699999,2.2722014211229502e-06
Fe2VAl0.80Ge0.20,400.0,-104.0504879078,2.522296360993422e-06
CePd2Pt,100.0,110.79377959600001,2.1188031104718054e-06
CePd2Pt,150.0,112.6811431122,1.761620043669229e-06
CePd2Pt,200.0,107.0646679922,1.4910139134715074e-06
CePd2Pt,250.0,102.59694893080001,1.326080172139485e-06
CePd2Pt,300.0,98.96843804614082,1.2161140323255696e-06
CePd2Pt,100.0,112.8535556194,2.0941383580787982e-06
CePd2Pt,150.0,114.10832050590001,1.7405111765362055e-06
CePd2Pt,200.0,109.2279581049,1.4851789136444365e-06
CePd2Pt,250.0,104.6088786521,1.33293395285539e-06
CePd2Pt,300.0,98.81770219420123,1.2263772322783768e-06
Fe2VAl,350.0,6.391506287640826,3.3663189593729733e-06
Fe2VAl,400.0,5.864904053103602,3.222100950098911e-06
Fe2VAl,450.0,5.427545680559265,3.144043057010874e-06
Fe2VAl,500.0,5.094730221729549,3.00084170082665e-06
Fe2VAl,550.0,5.016500214983225,2.92402615531545e-06
Fe2VAl,600.0,5.303742620060429,3.086541723400178e-06
Fe2VAl,650.0,5.854289752795462,3.4813329132607094e-06
Fe2VAl,350.0,5.988097770022503,3.511284401786925e-06
Fe2VAl,400.0,5.215026447740628,3.427497537609046e-06
Fe2VAl,450.0,5.199708828261822,3.230472942952211e-06
Fe2VAl,500.0,4.941981806825136,3.077518078887148e-06
Fe2VAl,550.0,4.645887212395192,3.0238469113239225e-06
Fe2VAl,600.0,4.8785375312089325,3.1168213112672756e-06
Fe2VAl,650.0,5.728981630327896,3.4901924550710672e-06
Fe2VAl,400.0,20.307896966982142,4.51211624381496e-06
Fe2VAl,450.0,18.96064347613679,4.292144983552108e-06
Fe2VAl,500.0,16.72887408618419,4.0735214026561324e-06
Fe2VAl,550.0,14.610846866510457,3.852887164670067e-06
Fe2VAl,600.0,13.288933792991525,3.6339962211220943e-06
Fe2VAl,650.0,12.549169499172448,3.457229115016763e-06
Fe2VAl,400.0,25.137495007515664,6.965524500040783e-06
Fe2VAl,450.0,22.591387397832104,6.164653451390021e-06
Fe2VAl,500.0,19.577279552362384,5.557676888436037e-06
Fe2VAl,550.0,16.549044852637046,5.225852236161069e-06
Fe2VAl,600.0,13.689964151132083,4.953001304575295e-06
Fe2VAl,650.0,11.14389442960457,4.584853910362689e-06
Fe2VAl,350.0,71.86585587452919,8.52285838644852e-06
Fe2VAl,400.0,63.67684638082255,8.01921652174928e-06
Fe2VAl,450.0,56.70582514933405,7.59497696230711e-06
Fe2VAl,500.0,48.465154158133664,7.0886271637338394e-06
Fe2VAl,550.0,39.507753297130876,6.483192614947035e-06
Fe2VAl,600.0,31.48132895457699,5.843170720166456e-06
Fe2VAl,650.0,25.18260260358585,5.2514646809099694e-06
Fe2VAl,400.0,70.52880750339715,5.022081054742196e-06
Fe2VAl,450.0,64.7597652212089,4.705166889985968e-06
Fe2VAl,500.0,56.72207430750626,4.3704834634920835e-06
Fe2VAl,550.0,48.07921600900791,4.0530410806663785e-06
Fe2VAl,600.0,40.24895556556255,3.753006317127955e-06
Fe2VAl,650.0,33.549977880778805,3.451480262043877e-06
PuPd2Sn,50.0,-2.7639569301299627,1.1054182853553595e-06
PuPd2Sn,100.0,-2.5590128696874803,1.1272592731605938e-06
PuPd2Sn,150.0,-1.705513836053404,1.1477263129777977e-06
PuPd2Sn,200.0,-0.9454295443999541,1.1873302499514975e-06
PuPd2Sn,250.0,0.00011560530516709364,1.1952679583120165e-06
Fe2VAl0.9Si0.1,350.0,-142.1583423766,4.708360214793811e-06
Fe2VAl0.9Si0.1,400.0,-127.7019099638,4.615665675842738e-06
Fe2VAl0.9Si0.1,450.0,-106.1672669131,4.489193736920145e-06
Fe2VAl0.9Si0.1,500.0,-84.24966691930233,4.310610344712154e-06
Fe2VAl0.9Si0.1,550.0,-65.4211041449717,4.072543565103578e-06
Fe2VAl0.9Si0.1,600.0,-50.83035277108944,3.787152604337602e-06
Fe2VAl0.9Si0.1,650.0,-40.20300654753112,3.4946968301754768e-06
Fe2VAl0.9Si0.1,700.0,-32.7415183435703,3.2721047930562276e-06
Fe2VAl0.9Si0.1,350.0,-124.65242166760001,5.3932145542088296e-06
Fe2VAl0.9Si0.1,400.0,-110.9956588007,5.415389015679088e-06
Fe2VAl0.9Si0.1,450.0,-91.46727569457266,5.311663015982783e-06
Fe2VAl0.9Si0.1,500.0,-73.13024663028068,5.105976123617765e-06
Fe2VAl0.9Si0.1,550.0,-58.59907110940731,4.844787346619383e-06
Fe2VAl0.9Si0.1,600.0,-47.68766669236173,4.5805220710843295e-06
Fe2VAl0.9Si0.1,650.0,-39.0572618368056,4.355018999694557e-06
Fe2VAl0.9Si0.1,700.0,-31.864288736006397,4.182977090241192e-06
Fe2VAl0.9Si0.1,350.0,-123.09301925509999,1.0815531500008865e-05
Fe2VAl0.9Si0.1,400.0,-110.2050943554,1.0994675874102004e-05
Fe2VAl0.9Si0.1,450.0,-97.9039731792378,1.0616391882293292e-05
Fe2VAl0.9Si0.1,500.0,-83.55608351619748,1.0127283501298627e-05
Fe2VAl0.9Si0.1,550.0,-67.91055008742464,9.699846621110108e-06
Fe2VAl0.9Si0.1,600.0,-53.39069975825346,9.336030027191054e-06
Fe2VAl0.9Si0.1,650.0,-42.385566751200486,8.970796382668026e-06
Fe2VAl0.9Si0.1,700.0,-35.54139785888759,8.575683210525919e-06
Fe2VAl0.9Si0.1,350.0,-116.8648700018,3.0994202160249866e-06
Fe2VAl0.9Si0.1,400.0,-112.09158288729999,3.4110954510466825e-06
Fe2VAl0.9Si0.1,450.0,-101.5416039125,3.718447372637288e-06
Fe2VAl0.9Si0.1,500.0,-87.02092083517823,3.882653599983002e-06
Fe2VAl0.9Si0.1,550.0,-71.36363679114875,3.896889896395076e-06
Fe2VAl0.9Si0.1,600.0,-57.43691588347774,3.826453011871627e-06
Fe2VAl0.9Si0.1,650.0,-47.14592877070998,3.7488835256589985e-06
Fe2VAl0.9Si0.1,700.0,-40.43879825552907,3.69408868881364e-06
Fe2(Ti0.7Cr0.3)Al,300.0,40.84047912956274,2.0321566618036573e-06
Fe2(Ti0.7Cr0.3)Al,350.0,45.16927496710189,2.2703658689162895e-06
Fe2(Ti0.7Cr0.3)Al,400.0,48.76438487809811,2.4822764513826676e-06
Fe2(Ti0.7Cr0.3)Al,450.0,51.157244245945975,2.653429439071573e-06
Fe2(Ti0.7Cr0.3)Al,500.0,51.716277549406676,2.8256639637305953e-06
Fe2(Ti0.6Cr0.4)Al,300.0,49.19837200074973,2.273757979219548e-06
Fe2(Ti0.6Cr0.4)Al,350.0,52.158485176306094,2.516032657942256e-06
Fe2(Ti0.6Cr0.4)Al,400.0,52.534963436182096,2.633855224327703e-06
Fe2(Ti0.6Cr0.4)Al,450.0,51.81961920909701,2.974993180209721e-06
Fe2(Ti0.5Cr0.5)Al,300.0,48.15040518557504,7.381517498897551e-06
Fe2(Ti0.5Cr0.5)Al,350.0,47.96267426103408,7.601268601126784e-06
Fe2(Ti0.5Cr0.5)Al,400.0,45.47776258924884,7.68719685917559e-06
Fe2(Ti0.5Cr0.5)Al,450.0,41.48488002698428,7.682641618589285e-06
(Fe0.3Co0.7)2TiAl,300.0,-33.86950955758196,2.5132064633240792e-06
(Fe0.3Co0.7)2TiAl,350.0,-37.40752300307709,2.685173655917329e-06
(Fe0.3Co0.7)2TiAl,400.0,-41.72496922664256,2.672384114234673e-06
(Fe0.3Co0.7)2TiAl,450.0,-45.595363460490276,3.078787105137903e-06
(Fe0.2Co0.8)2TiAl,300.0,-34.15088371653283,1.9146507783876087e-06
(Fe0.2Co0.8)2TiAl,350.0,-38.09807716600652,2.1237160883788944e-06
(Fe0.2Co0.8)2TiAl,400.0,-42.45680972865496,2.3128451251340737e-06
(Fe0.2Co0.8)2TiAl,450.0,-45.980265954153815,2.2843479939092088e-06
LaPd2Ge,50.0,-1.327288994084091,4.477912734326716e-07
LaPd2Ge,100.0,-1.0712998194385221,9.232897501927944e-07
LaPd2Ge,150.0,-0.08997100335521917,1.3658788363570392e-06
LaPd2Ge,200.0,1.5770953244305137,1.7546111539518853e-06
LaPd2Ge,250.0,3.755556089211251,2.111992393672739e-06
Fe2VAl,100.0,-8.602681731740578,2.823400130477549e-05
Fe2VAl,150.0,-16.662905180648885,2.493655959139955e-05
Fe2VAl,200.0,-23.431736411272784,2.10209345413405e-05
Fe2VAl,250.0,-27.43992938784883,1.5809767808848176e-05
Fe2VAl,300.0,-28.278400862955248,1.1096683556336226e-05
Fe2VAl,350.0,-26.333057121875125,8.531033061238294e-06
Fe2VAl,400.0,-22.51962072695924,7.002639322865493e-06
Fe2VAl0.99Sb0.01,150.0,-60.82942332257692,1.7870409262221626e-05
Fe2VAl0.99Sb0.01,200.0,-72.31489554845633,1.4913421562932316e-05
Fe2VAl0.99Sb0.01,250.0,-75.52078530893499,1.2225099264618947e-05
Fe2VAl0.99Sb0.01,300.0,-71.10227160642292,9.9339588187969e-06
Fe2VAl0.99Sb0.01,350.0,-60.95727592087053,8.091210285213726e-06
Fe2VAl0.99Sb0.01,400.0,-47.71914461351371,6.687535357134043e-06
Fe2VAl0.99Sb0.01,450.0,-34.24933133062014,5.669865386624359e-06
Fe2VAl0.99Sb0.01,500.0,-23.130079407234057,4.958159409837854e-06
Fe2VAl0.99Sb0.01,550.0,-16.157104270922552,4.46218217229937e-06
Fe2VAl0.99Sb0.01,600.0,-13.832275845521018,4.098282154190061e-06
Fe2VAl0.99Sb0.01,650.0,-14.856300954878305,3.8061695956324295e-06
Fe2VAl0.99Sb0.01,700.0,-15.621405726602443,3.5656945219750234e-06
Fe2VAl0.98Sb0.02,100.0,-79.10682643024377,1.0846178384185194e-05
Fe2VAl0.98Sb0.02,150.0,-109.52140017229999,1.06090285108479e-05
Fe2VAl0.98Sb0.02,200.0,-124.34690786780001,1.000339893117873e-05
Fe2VAl0.98Sb0.02,250.0,-125.45619575819998,9.183881720356483e-06
Fe2VAl0.98Sb0.02,300.0,-115.7977723656,8.2713829719357e-06
Fe2VAl0.98Sb0.02,350.0,-98.96862571501028,7.356702260421442e-06
Fe2VAl0.98Sb0.02,400.0,-78.78704055595492,6.5041121038440765e-06
Fe2VAl0.98Sb0.02,450.0,-58.86541558450734,5.754937426334052e-06
Fe2VAl0.98Sb0.02,500.0,-42.18308066503236,5.1311350206966705e-06
Fe2VAl0.98Sb0.02,550.0,-30.659114052077147,4.638873010986872e-06
Fe2VAl0.98Sb0.02,600.0,-24.725159612228204,4.272110315084031e-06
Fe2VAl0.98Sb0.02,650.0,-22.898244045970095,4.016176107266687e-06
Fe2VAl0.98Sb0.02,700.0,-21.353594109543373,3.851349280787348e-06
Fe2VAl0.97Sb0.03,100.0,-74.25183278120645,6.467374690240056e-06
Fe2VAl0.97Sb0.03,150.0,-97.7908693234088,7.0756792743580974e-06
Fe2VAl0.97Sb0.03,200.0,-115.2651192368,7.383654229862029e-06
Fe2VAl0.97Sb0.03,250.0,-123.58018594050002,7.402793716011293e-06
Fe2VAl0.97Sb0.03,300.0,-122.1159685158,7.1737013975769755e-06
Fe2VAl0.97Sb0.03,350.0,-112.12745083739999,6.757041732589119e-06
Fe2VAl0.97Sb0.03,400.0,-96.14549070346251,6.224491260084029e-06
Fe2VAl0.97Sb0.03,450.0,-77.37760896712739,5.649689887851591e-06
Fe2VAl0.97Sb0.03,500.0,-59.10877866711834,5.09919218018258e-06
Fe2VAl0.97Sb0.03,550.0,-44.10221415854416,4.623418645615959e-06
Fe2VAl0.97Sb0.03,600.0,-34.00016024375653,4.247607024686212e-06
Fe2VAl0.97Sb0.03,650.0,-28.724681303180944,3.962763577670633e-06
Fe2VAl0.97Sb0.03,700.0,-25.87845042614816,3.7166143723366585e-06
Fe2VAl0.95Sb0.05,150.0,-96.7707708246441,6.879032066704063e-06
Fe2VAl0.95Sb0.05,200.0,-110.84310870499999,7.089272557643444e-06
Fe2VAl0.95Sb0.05,250.0,-116.0790127781,7.065086189745942e-06
Fe2VAl0.95Sb0.05,300.0,-113.8560355798,6.86510884451894e-06
Fe2VAl0.95Sb0.05,350.0,-105.8499857704,6.540421699282326e-06
Fe2VAl0.95Sb0.05,400.0,-93.89673713178571,6.135376781369918e-06
Fe2VAl0.95Sb0.05,450.0,-79.85403756256393,5.688422522330873e-06
Fe2VAl0.95Sb0.05,500.0,-65.46331807531912,5.2329293121311e-06
Fe2VAl0.95Sb0.05,550.0,-52.21150179243534,4.798015053354684e-06
Fe2VAl0.95Sb0.05,600.0,-41.19281294248639,4.409370715405274e-06
Fe2VAl0.95Sb0.05,650.0,-32.9705858565284,4.090085888707512e-06
Fe2VAl0.95Sb0.05,700.0,-27.43907396439055,3.861474338908455e-06
Fe2VAl0.9Sb0.1,100.0,-68.92727446587317,7.639356831651056e-06
Fe2VAl0.9Sb0.1,150.0,-85.61654514409285,7.388602161147979e-06
Fe2VAl0.9Sb0.1,200.0,-97.79474755855992,7.125359995256837e-06
Fe2VAl0.9Sb0.1,250.0,-104.4684392445,6.8387708304688665e-06
Fe2VAl0.9Sb0.1,300.0,-105.5176749323,6.52372876071452e-06
Fe2VAl0.9Sb0.1,350.0,-101.5053753574,6.180282869706384e-06
Fe2VAl0.9Sb0.1,400.0,-93.48669607117245,5.8130386232820985e-06
Fe2VAl0.9Sb0.1,450.0,-82.81839625101493,5.43055926174727e-06
Fe2VAl0.9Sb0.1,500.0,-70.96820751127292,5.044767192218392e-06
Fe2VAl0.9Sb0.1,550.0,-59.324202713367725,4.6703453809657665e-06
Fe2VAl0.9Sb0.1,600.0,-49.004164776339536,4.3241387457564115e-06
Fe2VAl0.9Sb0.1,650.0,-40.664955487306074,4.024555548196987e-06
Fe2VAl0.9Sb0.1,700.0,-34.31188431191907,3.7909687860767097e-06
Fe2VAl0.97Sb0.03,100.0,-73.06853285753125,6.671009408148693e-06
Fe2VAl0.97Sb0.03,150.0,-95.68090211959198,7.246793548121451e-06
Fe2VAl0.97Sb0.03,200.0,-113.2000589693,7.576919088236053e-06
Fe2VAl0.97Sb0.03,250.0,-121.97736285090001,7.629153362528515e-06
Fe2VAl0.97Sb0.03,300.0,-121.0388878145,7.420223573980657e-06
Fe2VAl0.97Sb0.03,350.0,-111.44913602070001,7.002517192048698e-06
Fe2VAl0.97Sb0.03,400.0,-95.67475124646063,6.45078235019181e-06
Fe2VAl0.97Sb0.03,450.0,-76.94823238907014,5.848828243400708e-06
Fe2VAl0.97Sb0.03,500.0,-58.63164697206838,5.2762255257262195e-06
Fe2VAl0.97Sb0.03,550.0,-43.58034464984386,4.795006707807856e-06
Fe2VAl0.97Sb0.03,600.0,-33.50667071275306,4.4363665544023805e-06
Fe2VAl0.97Sb0.03,650.0,-28.343679592151723,4.187362481912434e-06
Fe2VAl0.97Sb0.03,700.0,-25.608848365427253,3.977614955914991e-06
Fe2VAl0.96Si0.01Sb0.03,100.0,-81.6530819956919,4.742997511066736e-06
Fe2VAl0.96Si0.01Sb0.03,150.0,-111.07917038789999,5.227584360336674e-06
Fe2VAl0.96Si0.01Sb0.03,200.0,-130.35554717419998,5.676539090260118e-06
Fe2VAl0.96Si0.01Sb0.03,250.0,-138.22821468360002,5.983664843146111e-06
Fe2VAl0.96Si0.01Sb0.03,300.0,-135.339478848,6.100035576909696e-06
Fe2VAl0.96Si0.01Sb0.03,350.0,-123.7245785558,6.022074007668866e-06
Fe2VAl0.96Si0.01Sb0.03,400.0,-106.30831500640001,5.779629552341505e-06
Fe2VAl0.96Si0.01Sb0.03,450.0,-86.4016810639033,5.42405627124235e-06
Fe2VAl0.96Si0.01Sb0.03,500.0,-67.19849061166344,5.0162908106799295e-06
Fe2VAl0.96Si0.01Sb0.03,550.0,-51.27200790619081,4.614930345553508e-06
Fe2VAl0.96Si0.01Sb0.03,600.0,-40.071576931330085,4.264310521950045e-06
Fe2VAl0.96Si0.01Sb0.03,650.0,-33.41925075239428,3.982583399741129e-06
Fe2VAl0.96Si0.01Sb0.03,700.0,-29.00642087029433,3.7497953951799776e-06
Fe2VAl0.93Si0.04Sb0.03,100.0,-68.86437370270352,2.4247332355478823e-06
Fe2VAl0.93Si0.04Sb0.03,150.0,-86.17978675022917,2.819215302243872e-06
Fe2VAl0.93Si0.04Sb0.03,200.0,-104.3001874853,3.308066512424262e-06
Fe2VAl0.93Si0.04Sb0.03,250.0,-118.0514856412,3.782597595783444e-06
Fe2VAl0.93Si0.04Sb0.03,300.0,-124.729936809,4.172497258373303e-06
Fe2VAl0.93Si0.04Sb0.03,350.0,-123.62766200749999,4.439900594203886e-06
Fe2VAl0.93Si0.04Sb0.03,400.0,-115.5581672525,4.573457496844043e-06
Fe2VAl0.93Si0.04Sb0.03,450.0,-102.3818631261,4.582401071022116e-06
Fe2VAl0.93Si0.04Sb0.03,500.0,-86.5315843466117,4.490616044226558e-06
Fe2VAl0.93Si0.04Sb0.03,550.0,-70.53810933762578,4.330707178306634e-06
Fe2VAl0.93Si0.04Sb0.03,600.0,-56.55567979773359,4.138067681073043e-06
Fe2VAl0.93Si0.04Sb0.03,650.0,-45.88752026989395,3.944947617898619e-06
Fe2VAl0.93Si0.04Sb0.03,700.0,-38.51135771093761,3.774522323318937e-06
Fe2VAl0.9Si0.07Sb0.03 ,100.0,-52.95845678186107,1.6358918047765363e-06
Fe2VAl0.9Si0.07Sb0.03 ,150.0,-75.21301533931738,1.8945885069205157e-06
Fe2VAl0.9Si0.07Sb0.03 ,200.0,-96.65138985519528,2.2539696337984897e-06
Fe2VAl0.9Si0.07Sb0.03 ,250.0,-112.784607573,2.632041028884658e-06
Fe2VAl0.9Si0.07Sb0.03 ,300.0,-121.4033971365,2.9737987407356662e-06
Fe2VAl0.9Si0.07Sb0.03 ,350.0,-122.1221220652,3.2469848139695e-06
Fe2VAl0.9Si0.07Sb0.03 ,400.0,-115.9227142293,3.4378430802443727e-06
Fe2VAl0.9Si0.07Sb0.03 ,450.0,-104.69860732619999,3.546874949237622e-06
Fe2VAl0.9Si0.07Sb0.03 ,500.0,-90.79867035492305,3.5845951996245928e-06
Fe2VAl0.9Si0.07Sb0.03 ,550.0,-76.57114109217386,3.567287770057554e-06
Fe2VAl0.9Si0.07Sb0.03 ,600.0,-63.90755956774542,3.5127615501445395e-06
Fe2VAl0.9Si0.07Sb0.03 ,650.0,-53.786701539897386,3.4361061714283023e-06
Fe2VAl0.9Si0.07Sb0.03 ,700.0,-45.818511970868514,3.345447798365168e-06
Fe2VAl0.87Si0.1Sb0.03,150.0,-41.07236278891526,1.648392790695534e-06
Fe2VAl0.87Si0.1Sb0.03,200.0,-61.271546963934505,1.9817293730871116e-06
Fe2VAl0.87Si0.1Sb0.03,250.0,-81.39292575543065,2.33840351027155e-06
Fe2VAl0.87Si0.1Sb0.03,300.0,-97.05466806504384,2.6889093966420353e-06
Fe2VAl0.87Si0.1Sb0.03,350.0,-106.0762495127,3.0065554458979763e-06
Fe2VAl0.87Si0.1Sb0.03,400.0,-108.0244020436,3.2691049100980424e-06
Fe2VAl0.87Si0.1Sb0.03,450.0,-103.7590635346,3.4604164987132207e-06
Fe2VAl0.87Si0.1Sb0.03,500.0,-94.97932740107379,3.572084997679848e-06
Fe2VAl0.87Si0.1Sb0.03,550.0,-83.76939220348268,3.605081888452668e-06
Fe2VAl0.87Si0.1Sb0.03,600.0,-72.14451125441936,3.5713959670578673e-06
Fe2VAl0.87Si0.1Sb0.03,650.0,-61.59694222505202,3.4956739631461292e-06
Fe2VAl0.87Si0.1Sb0.03,700.0,-52.641896751908924,3.4168611590456725e-06
Fe2VAl,350.0,-96.08914010700384,9.253974475829524e-06
Fe2VAl,400.0,-83.45492924777741,8.193259418081845e-06
Fe2VAl,450.0,-68.04466081907347,7.330464021878531e-06
Fe2VAl,500.0,-53.39763187802013,6.6212450901729354e-06
Fe2VAl,550.0,-41.40638671157901,6.033513065773018e-06
Fe2VAl,600.0,-32.68084026318281,5.544687903409155e-06
Fe2VAl,650.0,-26.912401559372046,5.13895494180185e-06
Fe2VAl,700.0,-23.23809713643298,4.80452077572951e-06
Fe2VAl,750.0,-20.60469446702937,4.530869128096223e-06
Fe2VAl,800.0,-18.13282538684841,4.3060167219994895e-06
Fe2VAl,850.0,-15.481109521228698,4.11376915279794e-06
Fe2VAl,900.0,-13.21027771180607,3.930976760179101e-06
Fe2VAl,950.0,-13.147295443141227,3.7247905002273633e-06
Fe2V0.95Nb0.05Al,350.0,-109.7386680903,7.143974365659063e-06
Fe2V0.95Nb0.05Al,400.0,-97.22093871094938,6.639697330334296e-06
Fe2V0.95Nb0.05Al,450.0,-83.21998273368348,6.092308931454542e-06
Fe2V0.95Nb0.05Al,500.0,-69.63688085259847,5.576850409206681e-06
Fe2V0.95Nb0.05Al,550.0,-57.6081364610328,5.13173588087945e-06
Fe2V0.95Nb0.05Al,600.0,-47.652994021759625,4.767200028677548e-06
Fe2V0.95Nb0.05Al,650.0,-39.82075743715383,4.473745787535539e-06
Fe2V0.95Nb0.05Al,700.0,-33.83810841935824,4.230592032931616e-06
Fe2V0.95Nb0.05Al,750.0,-29.256424860449954,4.014121268701826e-06
Fe2V0.95Nb0.05Al,800.0,-25.59909920260583,3.806327314853693e-06
Fe2V0.95Nb0.05Al,850.0,-22.50885680827572,3.603262995380276e-06
Fe2V0.95Nb0.05Al,900.0,-19.895074330336943,3.4234878260741705e-06
Fe2V0.95Nb0.05Al,950.0,-18.081098082273943,3.3165157023413635e-06
Fe2V0.9Nb0.1Al,350.0,-80.29912689010696,6.91353078075024e-06
Fe2V0.9Nb0.1Al,400.0,-72.15437542599948,6.222522935721221e-06
Fe2V0.9Nb0.1Al,450.0,-62.40127286411608,5.638293657954808e-06
Fe2V0.9Nb0.1Al,500.0,-52.83601601575687,5.1529323862123975e-06
Fe2V0.9Nb0.1Al,550.0,-44.45954779700573,4.7547939476740205e-06
Fe2V0.9Nb0.1Al,600.0,-37.65004679156576,4.429825886176611e-06
Fe2V0.9Nb0.1Al,650.0,-32.335416813590406,4.162895790452244e-06
Fe2V0.9Nb0.1Al,700.0,-28.16577647052137,3.939118622366416e-06
Fe2V0.9Nb0.1Al,750.0,-24.685948725921538,3.7451840451562977e-06
Fe2V0.9Nb0.1Al,800.0,-21.507950462303842,3.570683751668977e-06
Fe2V0.9Nb0.1Al,850.0,-18.48348204397865,3.409438792599744e-06
Fe2V0.9Nb0.1Al,900.0,-15.876416879874217,3.2608269047303283e-06
Fe2V0.9Nb0.1Al,950.0,-14.535290986377717,3.1311098391671782e-06
Fe2V0.8Nb0.2Al,350.0,6.457922710209376,6.2383369411112935e-06
Fe2V0.8Nb0.2Al,400.0,3.177759573030711,5.535944092500585e-06
Fe2V0.8Nb0.2Al,450.0,0.19164961373932202,4.9904767693787015e-06
Fe2V0.8Nb0.2Al,500.0,-2.287231907260956,4.562155894384124e-06
Fe2V0.8Nb0.2Al,550.0,-4.178956137160836,4.221863496651612e-06
Fe2V0.8Nb0.2Al,600.0,-5.507656541506582,3.949087865672375e-06
Fe2V0.8Nb0.2Al,650.0,-6.372344814962647,3.7298687051541582e-06
Fe2V0.8Nb0.2Al,700.0,-6.917726792073134,3.55474228688125e-06
Fe2V0.8Nb0.2Al,750.0,-7.305018358023411,3.4166866045747457e-06
Fe2V0.8Nb0.2Al,800.0,-7.682761359402759,3.309066527752503e-06
Fe2V0.8Nb0.2Al,850.0,-8.157639514965869,3.223578955589297e-06
Fe2V0.8Nb0.2Al,900.0,-8.765294326394198,3.148197970776983e-06
Fe2V0.8Nb0.2Al,950.0,-9.441140989058349,3.065119993384463e-06
Fe2VGa,350.0,24.52785658160338,1.4269780653642343e-06
Fe2VGa,400.0,22.013029771184197,1.4830962512897322e-06
Fe2VGa,450.0,17.823222726421328,1.58250955749317e-06
Fe2VGa,500.0,13.617210222513279,1.7101968367789951e-06
Fe2VGa,550.0,9.8065800448005,1.8527577954894472e-06
Fe2VGa,600.0,6.247614541582251,1.9968461835224737e-06
Fe2VGa,650.0,2.9331721769118277,2.127602984349651e-06
Fe2V0.95Ti0.05Ga,350.0,54.163856941426104,1.3193228736413158e-06
Fe2V0.95Ti0.05Ga,400.0,44.851384344456264,1.3790262711607029e-06
Fe2V0.95Ti0.05Ga,450.0,35.360939090204596,1.479086652565884e-06
Fe2V0.95Ti0.05Ga,500.0,27.91940502247037,1.6094323140635725e-06
Fe2V0.95Ti0.05Ga,550.0,22.16677077022445,1.7513473464750488e-06
Fe2V0.95Ti0.05Ga,600.0,16.85494940690223,1.8859616008009595e-06
Fe2V0.95Ti0.05Ga,650.0,11.546598109671033,2.002740653786121e-06
Fe2V0.9Ti0.1Ga,350.0,55.65505190415989,9.392483010420544e-07
Fe2V0.9Ti0.1Ga,400.0,51.313037670724,1.0931686381546535e-06
Fe2V0.9Ti0.1Ga,450.0,45.3931739360952,1.267522565442438e-06
Fe2V0.9Ti0.1Ga,500.0,39.128963261485424,1.4577594411322765e-06
Fe2V0.9Ti0.1Ga,550.0,33.05712075005835,1.6501218323311764e-06
Fe2V0.9Ti0.1Ga,600.0,27.317710473188647,1.828509225947708e-06
Fe2V0.9Ti0.1Ga,650.0,21.954281896728535,1.9813417396132585e-06
Fe2V0.9Ti0.1Ga,700.0,17.214006307262263,2.1084238326035195e-06
Fe2V0.85Ti0.15Ga,350.0,45.60197318995455,9.639296250783546e-07
Fe2V0.85Ti0.15Ga,400.0,45.26748106628461,1.1224838188358195e-06
Fe2V0.85Ti0.15Ga,450.0,42.727744418500585,1.3024324559645765e-06
Fe2V0.85Ti0.15Ga,500.0,38.914010519415875,1.4926343284330625e-06
Fe2V0.85Ti0.15Ga,550.0,34.239987455419175,1.6797959196594909e-06
Fe2V0.85Ti0.15Ga,600.0,28.87826166939202,1.850902859161368e-06
Fe2V0.85Ti0.15Ga,650.0,23.036715503631427,1.995651377205054e-06
Fe2V0.8Ti0.2Ga,350.0,51.74028502878181,9.275369259770068e-07
Fe2V0.8Ti0.2Ga,400.0,53.91020196631358,1.0909008588553978e-06
Fe2V0.8Ti0.2Ga,450.0,53.39149226291171,1.2690826621166782e-06
Fe2V0.8Ti0.2Ga,500.0,51.00029366578173,1.4474890367741963e-06
Fe2V0.8Ti0.2Ga,550.0,46.89324528376487,1.6206792710838123e-06
Fe2V0.8Ti0.2Ga,600.0,41.15525259056692,1.7838215768426115e-06
Fe2V0.8Ti0.2Ga,650.0,34.387252427971085,1.9241494256876145e-06
Fe2V0.75Ti0.25Ga,350.0,40.94354298260689,9.59857464213259e-07
Fe2V0.75Ti0.25Ga,400.0,44.52665715550571,1.1249423364780231e-06
Fe2V0.75Ti0.25Ga,450.0,46.43210769178323,1.3047920779895638e-06
Fe2V0.75Ti0.25Ga,500.0,46.758734490064946,1.4877218605440766e-06
Fe2V0.75Ti0.25Ga,550.0,44.935760841964154,1.6698651765386865e-06
Fe2V0.75Ti0.25Ga,600.0,40.548504855404396,1.8469309490706008e-06
Fe2V0.75Ti0.25Ga,650.0,34.16409087791993,2.005960642036352e-06
Fe2V0.75Ti0.25Ga,700.0,28.157160919978523,2.1170853702309585e-06
Fe2VAl0.95Si0.05,200.0,-103.49193437929999,3.727713801492743e-06
Fe2VAl0.95Si0.05,250.0,-120.0160603511,4.604394822853547e-06
Fe2VAl0.95Si0.05,300.0,-127.04393400340001,5.353565276471949e-06
Fe2VAl0.95Si0.05,350.0,-117.6322534543,5.822574464045746e-06
Fe2(V0.975Ta0.025)Al0.95Si0.05,250.0,-131.01749418010002,4.523679689556735e-06
Fe2(V0.975Ta0.025)Al0.95Si0.05,300.0,-135.7788881462,4.9884230600061424e-06
Fe2(V0.975Ta0.025)Al0.95Si0.05,350.0,-128.87143657619998,5.242807329361463e-06
Fe2(V0.95Ta0.05)Al0.95Si0.05,200.0,-139.5227144156,3.2251697637333554e-06
Fe2(V0.95Ta0.05)Al0.95Si0.05,250.0,-151.96704767559999,3.7027873238785703e-06
Fe2(V0.95Ta0.05)Al0.95Si0.05,300.0,-150.08414581890003,4.108982286397039e-06
Fe2(V0.95Ta0.05)Al0.95Si0.05,350.0,-137.3410250372,4.353490520422004e-06
Fe2(V0.9Ti0.1)Al ,250.0,76.30951391754799,2.556023044942808e-06
Fe2(V0.9Ti0.1)Al ,300.0,83.59173502803206,2.8571983733044858e-06
Fe2(V0.9Ti0.1)Al ,350.0,88.47891262349047,3.179708855688845e-06
Fe2(V0.8Ta0.1Ti0.1)Al ,200.0,52.13469178464661,2.0164537095260216e-06
Fe2(V0.8Ta0.1Ti0.1)Al ,250.0,62.48212323353036,2.2199765490523164e-06
Fe2(V0.8Ta0.1Ti0.1)Al ,300.0,71.89702862709616,2.441134943670096e-06
Fe2(V0.8Ta0.1Ti0.1)Al ,350.0,79.20841391003916,2.668890096099753e-06
Fe2(V0.7Ta0.2Ti0.1)Al ,200.0,59.28447682289708,1.8332278939657496e-06
Fe2(V0.7Ta0.2Ti0.1)Al ,250.0,70.57993184803307,2.063961332348752e-06
Fe2(V0.7Ta0.2Ti0.1)Al ,300.0,79.28277353745867,2.3223197020002807e-06
Fe2(V0.7Ta0.2Ti0.1)Al ,350.0,88.44403123969879,2.606909097441519e-06
Fe2(V0.9Ti0.1)Al,350.0,89.34261617715711,3.2018087298209606e-06
Fe2(V0.8W0.05Ti0.15)Al ,350.0,76.4173359860676,2.224339982640017e-06
Fe2(V0.7W0.1Ti0.2)Al,350.0,76.46704683815508,2.24272692773722e-06
Fe2V0.75Ti0.15W0.1Al,400.0,17.055136449170735,8.279854163838607e-06
Fe2V0.75Ti0.15W0.1Al,450.0,12.05415862988576,7.044223375983609e-06
Fe2V0.75Ti0.15W0.1Al,500.0,8.145021356001369,6.111912349363948e-06
Fe2V0.75Ti0.15W0.1Al,550.0,4.0666315554310515,5.4126101527054345e-06
Fe2V0.75Ti0.15W0.1Al,600.0,0.052647619305790094,4.881303624801211e-06
Fe2V0.75Ti0.15W0.1Al,650.0,-2.9927908388443365,4.466666189184683e-06
Fe2V0.75Ti0.15W0.1Al,700.0,-4.319333223887527,4.139446668802489e-06
Fe2V0.7Ti0.2W0.1Al,350.0,81.4352692546246,7.57513980231268e-06
Fe2V0.7Ti0.2W0.1Al,400.0,73.79536668558184,6.910582440962736e-06
Fe2V0.7Ti0.2W0.1Al,450.0,60.58408025365856,6.278172687405225e-06
Fe2V0.7Ti0.2W0.1Al,500.0,47.47324328709243,5.695959115779054e-06
Fe2V0.7Ti0.2W0.1Al,550.0,36.41786965216968,5.176582588801175e-06
Fe2V0.7Ti0.2W0.1Al,600.0,27.208223536931502,4.72976305555702e-06
Fe2V0.7Ti0.2W0.1Al,650.0,19.021889234899398,4.364786349290924e-06
Fe2V0.7Ti0.2W0.1Al,700.0,11.97584092877584,4.092990985196624e-06
Fe2V0.65Ti0.25W0.1Al,400.0,92.46418714308771,4.690391858415761e-06
Fe2V0.65Ti0.25W0.1Al,450.0,85.948871484016,4.665661628589317e-06
Fe2V0.65Ti0.25W0.1Al,500.0,76.01442713808997,4.594409448939032e-06
Fe2V0.65Ti0.25W0.1Al,550.0,63.87241478957164,4.454139282451949e-06
Fe2V0.65Ti0.25W0.1Al,600.0,50.99677161528058,4.235339315135747e-06
Fe2V0.65Ti0.25W0.1Al,650.0,38.82865759027889,3.965363093126327e-06
Fe2V0.65Ti0.25W0.1Al,700.0,28.481301793559936,3.73231065979632e-06
Fe2V0.6Ti0.3W0.1Al,350.0,80.85503387477007,3.2159656755047e-06
Fe2V0.6Ti0.3W0.1Al,400.0,88.10036983327883,3.428089790843323e-06
Fe2V0.6Ti0.3W0.1Al,450.0,87.03659604454269,3.616633153040848e-06
Fe2V0.6Ti0.3W0.1Al,500.0,83.166220169688,3.7664323143850546e-06
Fe2V0.6Ti0.3W0.1Al,550.0,77.43125901781998,3.84858958992083e-06
Fe2V0.6Ti0.3W0.1Al,600.0,68.76829600009626,3.843401424655874e-06
Fe2V0.6Ti0.3W0.1Al,650.0,56.66353858386867,3.763286760766365e-06
Fe2V0.6Ti0.3W0.1Al,700.0,43.70787574674686,3.675715404802521e-06
Fe2V0.9Ti0.1Al,350.0,85.75875859367466,3.279092477243589e-06
Fe2V0.9Ti0.1Al,400.0,87.06623324936947,3.458200051174043e-06
Fe2V0.9Ti0.1Al,450.0,82.83171902891432,3.6311741551563415e-06
Fe2V0.9Ti0.1Al,500.0,75.83192056701037,3.750202757378566e-06
Fe2V0.9Ti0.1Al,550.0,67.10292300943611,3.795941320916114e-06
Fe2V0.9Ti0.1Al,600.0,56.841204403611194,3.7734696861439743e-06
Fe2V0.9Ti0.1Al,650.0,45.304648089171,3.708248953148853e-06
Fe2V0.9Ti0.1Al,700.0,33.71355508854337,3.642078364141456e-06
Fe2VAl,350.0,-24.53596436049549,9.46683339960068e-06
Fe2VAl,400.0,-21.791443702840645,7.668494700939523e-06
Fe2VAl,450.0,-17.720194922117496,6.393029379578304e-06
Fe2VAl,500.0,-14.072401622170698,5.4898821464749415e-06
Fe2VAl,550.0,-11.665924280868644,4.848988577975169e-06
Fe2VAl,600.0,-10.57517956846223,4.392841029729063e-06
Fe2VAl,650.0,-10.320019665953948,4.068554550607626e-06
Fe2VAl,700.0,-10.054611583450017,3.839932796619123e-06
Fe1.98(V0.97Ta0.05)Al,150.0,-109.4304387641,1.7666682043219682e-05
Fe1.98(V0.97Ta0.05)Al,200.0,-144.6365249339,1.6881550683759887e-05
Fe1.98(V0.97Ta0.05)Al,250.0,-151.912782063,1.527771708782106e-05
Fe1.98(V0.97Ta0.05)Al,300.0,-137.034711502,1.3105692695486016e-05
Fe1.98(V0.97Ta0.05)Al,350.0,-116.92053088499999,1.083370170119834e-05
Fe1.98(V0.97Ta0.05)(Al0.97Si0.03),150.0,-125.9618598213,7.259299911645334e-06
Fe1.98(V0.97Ta0.05)(Al0.97Si0.03),200.0,-152.7573506011,7.476683744666427e-06
Fe1.98(V0.97Ta0.05)(Al0.97Si0.03),250.0,-169.3231945766,7.5527059715921e-06
Fe1.98(V0.97Ta0.05)(Al0.97Si0.03),300.0,-171.98672403319998,7.463299331963101e-06
Fe1.98(V0.97Ta0.05)(Al0.97Si0.03),350.0,-160.1881861582,7.218729946068954e-06
Fe1.98(V0.97Ta0.05)(Al0.95Si0.05),150.0,-113.0210725888,4.870731672545164e-06
Fe1.98(V0.97Ta0.05)(Al0.95Si0.05),200.0,-147.2231100448,5.339336519523394e-06
Fe1.98(V0.97Ta0.05)(Al0.95Si0.05),250.0,-168.33017892759997,5.6915386733238135e-06
Fe1.98(V0.97Ta0.05)(Al0.95Si0.05),300.0,-173.2204765647,5.959723931122497e-06
Fe1.98(V0.97Ta0.05)(Al0.95Si0.05),350.0,-166.42509434689998,6.2112928555812215e-06
Fe1.98(V0.97Ta0.05)(Al0.9Si0.1),150.0,-86.6960266416195,2.13300181773177e-06
Fe1.98(V0.97Ta0.05)(Al0.9Si0.1),200.0,-107.63147571159999,2.6102011070518697e-06
Fe1.98(V0.97Ta0.05)(Al0.9Si0.1),250.0,-125.21610034919999,3.053939282060919e-06
Fe1.98(V0.97Ta0.05)(Al0.9Si0.1),300.0,-139.03538052789997,3.4922623886586036e-06
Fe1.98(V0.97Ta0.05)(Al0.9Si0.1),350.0,-148.2838750729,3.943065520694599e-06
Fe1.95(V1.00Ta0.05)Al,150.0,-116.0816501776,3.558681892536467e-05
Fe1.95(V1.00Ta0.05)Al,200.0,-142.40517294920002,2.7186085961198792e-05
Fe1.95(V1.00Ta0.05)Al,250.0,-149.6273183856,2.092506546807369e-05
Fe1.95(V1.00Ta0.05)Al,300.0,-142.1025657053,1.653811129385734e-05
Fe1.95(V1.00Ta0.05)Al,350.0,-127.9135330697,1.3452805067084536e-05
Fe 1.95(V1.00Ta0.05)(Al0.97Si0.03),150.0,-155.13540527790002,1.2985656353677028e-05
Fe 1.95(V1.00Ta0.05)(Al0.97Si0.03),200.0,-184.9557233607,1.1537320205232094e-05
Fe 1.95(V1.00Ta0.05)(Al0.97Si0.03),250.0,-195.0789126573,1.0312812942285682e-05
Fe 1.95(V1.00Ta0.05)(Al0.97Si0.03),300.0,-190.6597604335,9.379409697274408e-06
Fe 1.95(V1.00Ta0.05)(Al0.97Si0.03),350.0,-178.4316907496,8.647169634507206e-06
Fe1.95(V1.00Ta0.05)(Al0.95Si0.05),150.0,-148.7534335212,1.0082488590416348e-05
Fe1.95(V1.00Ta0.05)(Al0.95Si0.05),200.0,-173.63393734,9.065563237531586e-06
Fe1.95(V1.00Ta0.05)(Al0.95Si0.05),250.0,-186.4779871031,8.613059649758843e-06
Fe1.95(V1.00Ta0.05)(Al0.95Si0.05),300.0,-190.1664081846,8.323751071711848e-06
Fe1.95(V1.00Ta0.05)(Al0.95Si0.05),350.0,-188.5800079663,7.803878775244208e-06
Fe 1.95(V1.00Ta0.05)(Al0.9Si0.1),150.0,-112.7931905897,5.747106591738977e-06
Fe 1.95(V1.00Ta0.05)(Al0.9Si0.1),200.0,-132.96679801710002,5.869548981611288e-06
Fe 1.95(V1.00Ta0.05)(Al0.9Si0.1),250.0,-146.76229476170002,6.035542330972767e-06
Fe 1.95(V1.00Ta0.05)(Al0.9Si0.1),300.0,-154.5943597508,6.191348391119601e-06
Fe 1.95(V1.00Ta0.05)(Al0.9Si0.1),350.0,-157.5631067596,6.286286059988625e-06
Fe2VGa,50.0,21.97414060484277,2.918235103724382e-06
Fe2VGa,100.0,30.758784832052704,2.870222382735359e-06
Fe2VGa,150.0,33.85674429837757,2.8110720285416698e-06
Fe2VGa,200.0,34.2882082642624,2.765198760509873e-06
Fe2VGa,250.0,33.537643451364985,2.700949807604714e-06
Fe2VGa0.98Ge0.02,50.0,-12.368107942048896,2.4592986366827615e-06
Fe2VGa0.98Ge0.02,100.0,-17.029311406654212,2.510652928043826e-06
Fe2VGa0.98Ge0.02,150.0,-14.279915783487013,2.5131279947387066e-06
Fe2VGa0.98Ge0.02,200.0,-6.225628913377949,2.4808386949806833e-06
Fe2VGa0.98Ge0.02,250.0,3.422466524061542,2.4368904171062067e-06
Fe2VGa0.95Ge0.05,50.0,-16.674539649223792,1.2579118368527015e-06
Fe2VGa0.95Ge0.05,100.0,-22.316825177339783,1.4498731541934809e-06
Fe2VGa0.95Ge0.05,150.0,-18.118051881824087,1.649557068115437e-06
Fe2VGa0.95Ge0.05,200.0,-7.63702174966459,1.7736669260255462e-06
Fe2VGa0.95Ge0.05,250.0,4.091557875107283,1.8544155973049837e-06
Fe2VGa0.9Ge0.1,50.0,-62.093838225668556,1.0977518776774526e-06
Fe2VGa0.9Ge0.1,100.0,-82.61336984889476,1.1675295748151275e-06
Fe2VGa0.9Ge0.1,150.0,-81.17873040730676,1.3037298858402076e-06
Fe2VGa0.9Ge0.1,200.0,-72.99002744450911,1.4774044435280757e-06
Fe2VGa0.9Ge0.1,250.0,-60.60192307834054,1.6371125497962735e-06
Fe2VGa0.8Ge0.2,50.0,-20.5881096509312,8.130582961655839e-07
Fe2VGa0.8Ge0.2,100.0,-33.00514815579186,9.749407728856694e-07
Fe2VGa0.8Ge0.2,150.0,-39.77943547722807,1.1667345621866865e-06
Fe2VGa0.8Ge0.2,200.0,-42.52599946133882,1.3585144549023797e-06
Fe2VGa0.8Ge0.2,250.0,-41.50145002640408,1.5182611403521715e-06
Fe2VAl,100.0,17.21122456209881,1.9770926397009176e-05
Fe2VAl,150.0,22.2013544357706,1.6056797038558458e-05
Fe2VAl,200.0,24.976769565663332,1.2846377487898448e-05
Fe2VAl,250.0,26.403549028057487,1.014360752498216e-05
Fe2VAl,300.0,27.06270320644144,7.935680273573395e-06
Fe2VAl,350.0,27.11770776940021,6.1954967301043934e-06
(Fe1.97Co0.03)(V0.94Ti0.06)Al ,150.0,32.18173313332507,3.672020729162775e-06
(Fe1.97Co0.03)(V0.94Ti0.06)Al ,200.0,43.696248986693924,3.610240656778613e-06
(Fe1.97Co0.03)(V0.94Ti0.06)Al ,250.0,60.45287569709796,3.557525385181655e-06
(Fe1.97Co0.03)(V0.94Ti0.06)Al ,300.0,75.43758761798493,3.5076423352953134e-06
(Fe1.97Co0.03)(V0.94Ti0.06)Al ,350.0,81.55883093029486,3.456653583113609e-06
(Fe1.97Co0.03)(V0.94Ti0.06)Al ,400.0,81.78402268952588,3.4025679721225793e-06
(Fe1.97Co0.03)(V0.9Ti0.1)Al,150.0,34.67233969630851,1.220310536644183e-06
(Fe1.97Co0.03)(V0.9Ti0.1)Al,200.0,44.98992317985982,1.4168735123284692e-06
(Fe1.97Co0.03)(V0.9Ti0.1)Al,250.0,57.56421766245119,1.6591952249164797e-06
(Fe1.97Co0.03)(V0.9Ti0.1)Al,300.0,69.9471804067126,1.9190845401436087e-06
(Fe1.97Co0.03)(V0.9Ti0.1)Al,350.0,79.52551615047258,2.1748167270516996e-06
(Fe1.97Co0.03)(V0.9Ti0.1)Al,400.0,86.1377582161072,2.410468491572166e-06
Fe2VAl0.97Sb0.03,350.0,-110.57644930670001,6.973613386414624e-06
Fe2VAl0.97Sb0.03,400.0,-94.64859478717383,6.400826766590729e-06
Fe2VAl0.97Sb0.03,450.0,-76.00869068600342,5.8302379735458036e-06
Fe2VAl0.97Sb0.03,500.0,-58.973878517826556,5.330438069291127e-06
Fe2VAl0.97Sb0.03,550.0,-45.45298325128212,4.90978804372633e-06
Fe2VAl0.97Sb0.03,600.0,-35.69800971760348,4.5463034262406526e-06
Fe2VAl0.97Sb0.03,650.0,-29.05563901912868,4.217538897315034e-06
Fe2VAl0.97Sb0.03,700.0,-24.718724937802676,3.930472900123437e-06
Fe2V0.84Ti0.16Al0.97Sb0.03,350.0,89.99041185458069,4.04135414528267e-06
Fe2V0.84Ti0.16Al0.97Sb0.03,400.0,90.35674940451348,4.090561205008974e-06
Fe2V0.84Ti0.16Al0.97Sb0.03,450.0,82.75010525327521,4.121455975851115e-06
Fe2V0.84Ti0.16Al0.97Sb0.03,500.0,72.22384310612392,4.087755602476641e-06
Fe2V0.84Ti0.16Al0.97Sb0.03,550.0,61.02656039567089,3.996273569450432e-06
Fe2V0.84Ti0.16Al0.97Sb0.03,600.0,49.7263098654529,3.87704733872592e-06
Fe2V0.84Ti0.16Al0.97Sb0.03,650.0,38.3348211534869,3.753465987136359e-06
Fe2V0.84Ti0.16Al0.97Sb0.03,700.0,27.4317223758556,3.612397843886089e-06
Fe2V0.90Ti0.10Al,350.0,85.32785184727572,4.240435830999687e-06
Fe2V0.90Ti0.10Al,400.0,86.9736215120924,4.28133323101216e-06
Fe2V0.90Ti0.10Al,450.0,79.49872882115154,4.253189408331846e-06
Fe2V0.90Ti0.10Al,500.0,68.04179122888019,4.167289212355258e-06
Fe2V0.90Ti0.10Al,550.0,55.44399068892767,4.034318591926362e-06
Fe2V0.90Ti0.10Al,600.0,43.034172251198505,3.867878408000615e-06
Fe2V0.90Ti0.10Al,650.0,31.413942658876188,3.687998246308974e-06
Fe2V0.90Ti0.10Al,700.0,21.24276894545558,3.5246502300218797e-06
Fe2VAl0.90Si0.07Sb0.03,400.0,-111.7996198985,4.241714182068203e-06
Fe2VAl0.90Si0.07Sb0.03,450.0,-103.4118306857,4.310442483689332e-06
Fe2VAl0.90Si0.07Sb0.03,500.0,-91.51240627368892,4.330737671149422e-06
Fe2VAl0.90Si0.07Sb0.03,550.0,-78.4560782776055,4.303589471661136e-06
Fe2VAl0.90Si0.07Sb0.03,600.0,-65.81662929481071,4.2157428046382054e-06
Fe2VAl0.90Si0.07Sb0.03,650.0,-54.563655843834844,4.0666161473944696e-06
Fe2VAl0.90Si0.07Sb0.03,700.0,-45.23933130381021,3.895219900842218e-06
Fe2VAl0.90Si0.10,400.0,-113.5986206256,4.246566619795984e-06
Fe2VAl0.90Si0.10,450.0,-106.38864536370001,4.344047840360213e-06
Fe2VAl0.90Si0.10,500.0,-95.53390174638596,4.356580279137758e-06
Fe2VAl0.90Si0.10,550.0,-81.40556328444566,4.268292088937496e-06
Fe2VAl0.90Si0.10,600.0,-66.94071287220108,4.092374563068064e-06
Fe2VAl0.90Si0.10,650.0,-55.17670122150891,3.870611632498958e-06
Fe2VAl0.90Si0.10,700.0,-46.785505295994426,3.6729093630213903e-06
(Fe0.5Co0.5)2TiAl,100.0,-5.799129616216134,2.5377821057930328e-06
(Fe0.5Co0.5)2TiAl,150.0,-7.102880345766438,2.654322158032418e-06
(Fe0.5Co0.5)2TiAl,200.0,-9.874263791751096,2.7678928674211243e-06
(Fe0.5Co0.5)2TiAl,250.0,-13.275555022998347,2.8709761694860944e-06
(Fe0.5Co0.5)2TiAl,300.0,-16.835505535443886,2.9582079790681664e-06
(Fe0.5Co0.5)2TiAl,350.0,-20.360666185789825,3.02614373727607e-06
(Fe0.5Co0.5)2TiAl,400.0,-23.84671012516368,3.0730239584404206e-06
(Fe0.5Co0.5)2TiAl,450.0,-27.389755732777523,3.0985397770677163e-06
(Fe0.5Co0.5)2TiAl,500.0,-31.097689549586896,3.1035984947943323e-06
(Fe0.5Co0.5)2TiAl,550.0,-35.00148921194969,3.0900891273405173e-06
(Fe0.5Co0.5)2TiAl,600.0,-38.96654638528552,3.0606479514643883e-06
(Fe0.5Co0.5)2TiAl,650.0,-42.60398969773434,3.018424051915927e-06
(Fe0.5Co0.5)2TiAl,700.0,-45.18200767381584,2.966844868390973e-06
(Fe0.55Co0.45)2TiAl,150.0,-1.393410303850891,2.538961025600662e-06
(Fe0.55Co0.45)2TiAl,200.0,-1.5330925199016008,2.6779315833706613e-06
(Fe0.55Co0.45)2TiAl,250.0,-1.8508363578031184,2.805182186728301e-06
(Fe0.55Co0.45)2TiAl,300.0,-2.4464546712780715,2.914228876161139e-06
(Fe0.55Co0.45)2TiAl,350.0,-3.3986373830257173,3.000917499330611e-06
(Fe0.55Co0.45)2TiAl,400.0,-4.76551909155855,3.0631327872528927e-06
(Fe0.55Co0.45)2TiAl,450.0,-6.58524667803893,3.100507430479763e-06
(Fe0.55Co0.45)2TiAl,500.0,-8.876546913115689,3.114131155279466e-06
(Fe0.55Co0.45)2TiAl,550.0,-11.639294063760744,3.106259799817572e-06
(Fe0.55Co0.45)2TiAl,600.0,-14.85507750010573,3.080024390337845e-06
(Fe0.55Co0.45)2TiAl,650.0,-18.48776930227863,3.0391402173430974e-06
(Fe0.55Co0.45)2TiAl,700.0,-22.48409186724031,2.987615911776062e-06
(Fe0.65Co0.35)2TiAl,100.0,6.754929837741742,1.9308486745530257e-06
(Fe0.65Co0.35)2TiAl,150.0,9.516772636404415,2.0857726794749052e-06
(Fe0.65Co0.35)2TiAl,200.0,13.382973718324841,2.247786073341948e-06
(Fe0.65Co0.35)2TiAl,250.0,17.303606420543908,2.406223448648166e-06
(Fe0.65Co0.35)2TiAl,300.0,20.550924109136147,2.552873025220069e-06
(Fe0.65Co0.35)2TiAl,350.0,22.672513227210963,2.6817472774185685e-06
(Fe0.65Co0.35)2TiAl,400.0,23.44444634291372,2.788853561340879e-06
(Fe0.65Co0.35)2TiAl,450.0,22.82443519742691,2.8719647420224184e-06
(Fe0.65Co0.35)2TiAl,500.0,20.9049837529714,2.9303898206387093e-06
(Fe0.65Co0.35)2TiAl,550.0,17.866541240807607,2.9647445617072818e-06
(Fe0.65Co0.35)2TiAl,600.0,13.93065520923659,2.976722120289577e-06
(Fe0.65Co0.35)2TiAl,650.0,9.31312457160113,2.968863669192843e-06
(Fe0.65Co0.35)2TiAl,700.0,4.177152654287363,2.9443290261720417e-06
(Fe0.75Co0.25)2TiAl,100.0,9.788023295758824,1.3413397381136705e-06
(Fe0.75Co0.25)2TiAl,150.0,14.341826896590328,1.4856331455504262e-06
(Fe0.75Co0.25)2TiAl,200.0,19.422590726742506,1.6490862718397022e-06
(Fe0.75Co0.25)2TiAl,250.0,24.358667910680836,1.819817022456957e-06
(Fe0.75Co0.25)2TiAl,300.0,28.695951373940304,1.9882672945440012e-06
(Fe0.75Co0.25)2TiAl,350.0,32.15426093976532,2.1470081890038903e-06
(Fe0.75Co0.25)2TiAl,400.0,34.58373042574973,2.290545222595815e-06
(Fe0.75Co0.25)2TiAl,450.0,35.92119474047672,2.4151235400299954e-06
(Fe0.75Co0.25)2TiAl,500.0,36.1465769801587,2.51853312606257e-06
(Fe0.75Co0.25)2TiAl,550.0,35.23927552527742,2.59991401759049e-06
(Fe0.75Co0.25)2TiAl,600.0,33.134551137223795,2.659561515746412e-06
(Fe0.75Co0.25)2TiAl,650.0,29.679914054937782,2.698731397993584e-06
(Fe0.75Co0.25)2TiAl,700.0,24.591511091548593,2.7194451302207476e-06
(Fe0.3Co0.7)2TiAl,100.0,-6.99019557337252,1.1280466911827528e-06
(Fe0.3Co0.7)2TiAl,150.0,-11.505958277899236,1.271092028369568e-06
(Fe0.3Co0.7)2TiAl,200.0,-19.017704376880772,1.4179919297196515e-06
(Fe0.3Co0.7)2TiAl,250.0,-27.303460337017448,1.5626522443435338e-06
(Fe0.3Co0.7)2TiAl,300.0,-35.02454327740847,1.7003409255920089e-06
(Fe0.3Co0.7)2TiAl,350.0,-41.54564867142541,1.827558936680428e-06
(Fe0.3Co0.7)2TiAl,400.0,-46.75493804858631,1.941911156312995e-06
(Fe0.3Co0.7)2TiAl,450.0,-50.88412669642898,2.041977284307058e-06
(Fe0.3Co0.7)2TiAl,500.0,-54.32857136238483,2.127182747217406e-06
(Fe0.3Co0.7)2TiAl,550.0,-57.467357955652844,2.1976696039605617e-06
(Fe0.3Co0.7)2TiAl,600.0,-60.48338924907265,2.2541674514390732e-06
(Fe0.3Co0.7)2TiAl,650.0,-63.183472580999485,2.2978643301658127e-06
(Fe0.3Co0.7)2TiAl,700.0,-64.81840755717518,2.3302776298882686e-06
Fe2(V0.90Ta0.10)Al ,300.0,32.894249549746625,8.755711924844103e-06
Fe2(V0.90Ta0.10)Al ,350.0,38.193953964281505,6.73336322781327e-06
Fe2(V0.90Ta0.10)Al ,400.0,38.930752322018584,5.388436814181841e-06
Fe2(V0.90Ta0.10)Al ,450.0,35.35849572299958,4.528531715494342e-06
Fe2(V0.90Ta0.10)Al ,500.0,28.691203732530685,4.000840938295577e-06
Fe2(V0.90Ta0.10)Al ,550.0,20.867686300119267,3.6877862640670586e-06
Fe2(V0.87Ti0.03Ta0.10)Al ,150.0,51.63906297238172,1.7727538427865788e-06
Fe2(V0.87Ti0.03Ta0.10)Al ,200.0,64.25318025302148,1.94539656008153e-06
Fe2(V0.87Ti0.03Ta0.10)Al ,250.0,75.39675117545222,2.146142776826658e-06
Fe2(V0.87Ti0.03Ta0.10)Al ,300.0,84.10416874358445,2.350795225951035e-06
Fe2(V0.87Ti0.03Ta0.10)Al ,350.0,88.86255056184034,2.5416301904082694e-06
Fe2(V0.87Ti0.03Ta0.10)Al ,400.0,88.30660506420037,2.7066431994061643e-06
Fe2(V0.87Ti0.03Ta0.10)Al ,450.0,81.91349774324976,2.838794724636385e-06
Fe2(V0.87Ti0.03Ta0.10)Al ,500.0,70.69771737922493,2.935255876504116e-06
Fe2(V0.87Ti0.03Ta0.10)Al ,550.0,57.905942269060716,2.996654100357733e-06
Fe2(V0.8Ti0.1Ta0.10)Al,150.0,32.68670437415278,6.407564175964639e-07
Fe2(V0.8Ti0.1Ta0.10)Al,200.0,39.34960506876225,8.213541880526208e-07
Fe2(V0.8Ti0.1Ta0.10)Al,250.0,46.57810289267681,1.0550151021170735e-06
Fe2(V0.8Ti0.1Ta0.10)Al,300.0,54.32256794135101,1.3185361108645295e-06
Fe2(V0.8Ti0.1Ta0.10)Al,350.0,61.94952499956968,1.592676691779507e-06
Fe2(V0.8Ti0.1Ta0.10)Al,400.0,68.47671610348739,1.8618680137872123e-06
Fe2(V0.8Ti0.1Ta0.10)Al,450.0,72.80816310266812,2.1139221022844075e-06
Fe2(V0.8Ti0.1Ta0.10)Al,500.0,73.96923022212515,2.339741004170288e-06
Fe2(V0.8Ti0.1Ta0.10)Al,550.0,71.34168662436012,2.5330259528773536e-06
(Fe1.98)V1.02Al ,100.0,-60.16378805383463,5.667952418725244e-06
(Fe1.98)V1.02Al ,150.0,-92.7415608893456,6.197048984064848e-06
(Fe1.98)V1.02Al ,200.0,-107.180055541,6.574654539027119e-06
(Fe1.98)V1.02Al ,250.0,-100.6084936186,6.725507548715349e-06
(Fe1.98)V1.02Al ,300.0,-79.06894666914587,6.626060245368138e-06
(Fe1.98)V1.02Al ,350.0,-53.583277929128634,6.294285597861935e-06
(Fe1.98)V1.02Al ,400.0,-36.22008407748414,5.7794842812135755e-06
(Fe1.9Ir0.03)V1.02Al ,100.0,-84.71315278530537,2.2038035674728416e-06
(Fe1.9Ir0.03)V1.02Al ,150.0,-114.63141816849999,2.7061422642647328e-06
(Fe1.9Ir0.03)V1.02Al ,200.0,-140.6361114787,3.248839222320997e-06
(Fe1.9Ir0.03)V1.02Al ,250.0,-156.77685062380002,3.7361648338099305e-06
(Fe1.9Ir0.03)V1.02Al ,300.0,-156.9506186075,4.108318891934773e-06
(Fe1.9Ir0.03)V1.02Al ,350.0,-141.5013471616,4.336007828838999e-06
(Fe1.88Ir0.1)V1.02Al,100.0,-58.270277554046764,9.46113587859548e-07
(Fe1.88Ir0.1)V1.02Al,150.0,-78.12026624737541,1.2683524903327658e-06
(Fe1.88Ir0.1)V1.02Al,200.0,-96.74085682719813,1.6637399543730692e-06
(Fe1.88Ir0.1)V1.02Al,250.0,-113.35424604079999,2.081665218630243e-06
(Fe1.88Ir0.1)V1.02Al,300.0,-125.1547655493,2.4836362829053854e-06
(Fe1.88Ir0.1)V1.02Al,350.0,-130.4172818899,2.8420323736601433e-06
(Fe1.88Ir0.1)V1.02Al,400.0,-131.6055964384,3.138856409525936e-06
Fe2VAl0.95Si0.05,200.0,-103.5799557972,3.7738826672794983e-06
Fe2VAl0.95Si0.05,250.0,-119.4598199917,4.622328869032965e-06
Fe2VAl0.95Si0.05,300.0,-127.34373524760001,5.317659492776969e-06
Fe2VAl0.95Si0.05,350.0,-117.5125747914,5.7585466493252955e-06
Fe2(V0.975Ta0.025)Al0.95Si0.05,200.0,-116.5437543629,3.228010564285982e-06
Fe2(V0.975Ta0.025)Al0.95Si0.05,250.0,-130.04989271730003,3.706422400076574e-06
Fe2(V0.975Ta0.025)Al0.95Si0.05,300.0,-134.8470280032,4.1043251661765215e-06
Fe2(V0.975Ta0.025)Al0.95Si0.05,350.0,-127.5302667739,4.347353948284386e-06
Fe2(V0.95Ta0.05)Al0.95Si0.05,250.0,-152.76198267520002,4.540125909639898e-06
Fe2(V0.95Ta0.05)Al0.95Si0.05,300.0,-150.103820043,4.998298767805151e-06
Fe2(V0.95Ta0.05)Al0.95Si0.05,350.0,-136.64521108120002,5.257770463471418e-06
Fe2(V0.9Ti0.1)Al ,350.0,89.75150185041441,3.0876180966347905e-06
Fe2(V0.8W0.05Ti0.15)Al,350.0,76.81277968407673,2.135828553551704e-06
Fe2(V0.9Ti0.1)Al,250.0,76.77341756496028,2.5830905562694005e-06
Fe2(V0.9Ti0.1)Al,300.0,83.61417724690452,2.883652375872396e-06
Fe2(V0.9Ti0.1)Al,350.0,88.73437683700575,3.1947881232330087e-06
Fe2(V0.8Ta0.1Ti0.1)Al,250.0,62.49324470989975,2.238234438148974e-06
Fe2(V0.8Ta0.1Ti0.1)Al,300.0,71.7146704604407,2.462705173311268e-06
Fe2(V0.8Ta0.1Ti0.1)Al,350.0,79.06227487231563,2.6974805109319067e-06
Fe2(V0.7Ta0.2Ti0.1)Al ,250.0,70.3978037446489,2.0828910267180813e-06
Fe2(V0.7Ta0.2Ti0.1)Al ,300.0,79.58842485236315,2.342363580096367e-06
Fe2(V0.7Ta0.2Ti0.1)Al ,350.0,89.23295501011441,2.620749783889007e-06
Fe2(V0.7W0.1Ti0.2)Al ,300.0,70.33456054191673,1.8830344632932536e-06
Fe2(V0.7W0.1Ti0.2)Al ,350.0,76.25260146354451,2.11822122683472e-06
Fe2V1.09Al0.91,350.0,-103.5750607563,2.3695347636301984e-06
Fe2V1.09Al0.91,400.0,-109.88246700959999,2.6740786385485916e-06
Fe2V1.09Al0.91,450.0,-111.85460307870001,2.965366493770431e-06
Fe2V1.09Al0.91,500.0,-109.5253660624,3.211361356282023e-06
Fe2V1.09Al0.91,550.0,-103.4714126905,3.3907094393452985e-06
Fe2V1.09Al0.91,600.0,-94.61343829169402,3.4937971265556624e-06
Fe2V1.09Al0.91,650.0,-84.01745575943305,3.52380795589983e-06
Fe2V1.09Al0.91,700.0,-72.69607451971844,3.4977796038136976e-06
Fe1.99V1.1Al0.91,350.0,-99.38683191786404,2.206261217628998e-06
Fe1.99V1.1Al0.91,400.0,-106.50637665869999,2.521035634612884e-06
Fe1.99V1.1Al0.91,450.0,-110.51877050050001,2.8108690329388098e-06
Fe1.99V1.1Al0.91,500.0,-110.0690834901,3.0751978571969385e-06
Fe1.99V1.1Al0.91,550.0,-105.2735854252,3.29123109458567e-06
Fe1.99V1.1Al0.91,600.0,-97.09179900513202,3.431574227417855e-06
Fe1.99V1.1Al0.91,650.0,-86.69855298112266,3.481853185627148e-06
Fe1.99V1.1Al0.91,700.0,-74.85603530700449,3.45833829927418e-06
Fe2.03V0.89Al1.08,350.0,68.6676962068218,1.4517982447937836e-06
Fe2.03V0.89Al1.08,400.0,73.52050769809482,1.691768290648948e-06
Fe2.03V0.89Al1.08,450.0,75.20919322146533,1.924354608469e-06
Fe2.03V0.89Al1.08,500.0,73.01654431112966,2.1232341346456227e-06
Fe2.03V0.89Al1.08,550.0,67.61040710529225,2.2855127058345555e-06
Fe2.03V0.89Al1.08,600.0,60.255424737849765,2.4164688890072453e-06
Fe2.03V0.89Al1.08,650.0,52.024779730076744,2.5142978115024993e-06
Fe2.03V0.89Al1.08,700.0,43.01193638230744,2.554854991078075e-06
Fe2.01V0.91Al1.08 ,350.0,53.68320150293837,1.24079815822213e-06
Fe2.01V0.91Al1.08 ,400.0,60.35541737871032,1.4423806103059594e-06
Fe2.01V0.91Al1.08 ,450.0,64.61789815886027,1.6488134019742645e-06
Fe2.01V0.91Al1.08 ,500.0,65.5131708097881,1.85317853133017e-06
Fe2.01V0.91Al1.08 ,550.0,63.13294058740319,2.043297341780167e-06
Fe2.01V0.91Al1.08 ,600.0,58.2314808642802,2.206279836826463e-06
Fe2.01V0.91Al1.08 ,650.0,51.83902295680646,2.3330739948593984e-06
Fe2.01V0.91Al1.08 ,700.0,44.87514595233463,2.4230150839497743e-06
Fe2.02V0.9Al1.08,350.0,69.45314489245301,1.5473321401719957e-06
Fe2.02V0.9Al1.08,400.0,74.90330561457954,1.7725973614705546e-06
Fe2.02V0.9Al1.08,450.0,76.17611092712114,2.002623540100925e-06
Fe2.02V0.9Al1.08,500.0,73.61827740354758,2.223739365734779e-06
Fe2.02V0.9Al1.08,550.0,68.18435733812618,2.4147176172622124e-06
Fe2.02V0.9Al1.08,600.0,60.946706892140455,2.559240337903971e-06
Fe2.02V0.9Al1.08,650.0,52.605454240111264,2.658364010323677e-06
Fe2.02V0.9Al1.08,700.0,42.998467716016805,2.7429847317401616e-06
Fe2V0.96Al1.04,400.0,85.8740225791715,3.307045860003785e-06
Fe2V0.96Al1.04,450.0,81.1854966669117,3.420558993972019e-06
Fe2V0.96Al1.04,500.0,72.55467676096613,3.464479890942388e-06
Fe2V0.96Al1.04,550.0,60.678314725073676,3.4559790062854415e-06
Fe2V0.96Al1.04,600.0,47.99075691202712,3.42258631497436e-06
Fe2V0.96Al1.04,650.0,36.96804296183967,3.384474311656132e-06
Fe2V0.96Al1.04,700.0,28.4320045999052,3.3367410107231544e-06
Fe2V0.94Al1.06,350.0,67.774349344134,2.0515007595342326e-06
Fe2V0.94Al1.06,400.0,78.51026023110438,2.230683688985553e-06
Fe2V0.94Al1.06,450.0,80.20968731974902,2.3939100349310644e-06
Fe2V0.94Al1.06,500.0,75.03131294442814,2.554694682485523e-06
Fe2V0.94Al1.06,550.0,65.54465560268945,2.6932371194179824e-06
Fe2V0.94Al1.06,600.0,54.338861791730174,2.780107998956475e-06
Fe2V0.94Al1.06,650.0,43.631497844860014,2.7999357025919416e-06
Fe2V0.94Al1.06,700.0,34.877341767963024,2.7750929028832582e-06
Fe2V0.9Al1.1,400.0,66.53873925933831,1.9178392629952434e-06
Fe2V0.9Al1.1,450.0,71.92041974785101,2.1494128498138916e-06
Fe2V0.9Al1.1,500.0,72.76496488654516,2.344759986826912e-06
Fe2V0.9Al1.1,550.0,69.93084800678437,2.507476343710097e-06
Fe2V0.9Al1.1,600.0,64.67028732556722,2.65221025326253e-06
Fe2V0.9Al1.1,650.0,58.171490311581685,2.7845572917266253e-06
Fe2V0.9Al1.1,700.0,51.100898051269496,2.8809548591084497e-06
 Fe2VAl,400.0,-7.763946367415734,7.281396763212888e-06
 Fe2VAl,450.0,-5.833433431855737,6.041460311031146e-06
 Fe2VAl,500.0,-4.797951624917988,5.193317105548826e-06
 Fe2VAl,550.0,-4.628119133779187,4.601548481717664e-06
 Fe2VAl,600.0,-4.9757267771327784,4.182235254755748e-06
 Fe2VAl,650.0,-5.495928927031976,3.883451913082141e-06
 Fe2VAl,700.0,-6.169434430728738,3.665760811252282e-06
Fe2V1.04Al0.96,400.0,-131.7324758521,5.070487542589243e-06
Fe2V1.04Al0.96,450.0,-115.47673856089999,5.028012829810294e-06
Fe2V1.04Al0.96,500.0,-97.38211993331656,4.86250697824699e-06
Fe2V1.04Al0.96,550.0,-80.01951039838812,4.617778229207399e-06
Fe2V1.04Al0.96,600.0,-64.75511489357642,4.343110498913057e-06
Fe2V1.04Al0.96,650.0,-52.14444540981001,4.0833582565148325e-06
Fe2V1.04Al0.96,700.0,-42.32631353681606,3.869041402108613e-06
Fe2V1.06Al0.94,400.0,-135.31570689950001,4.017103424533703e-06
Fe2V1.06Al0.94,450.0,-128.93512860759998,4.216854282470176e-06
Fe2V1.06Al0.94,500.0,-118.4583517328,4.2868127347900115e-06
Fe2V1.06Al0.94,550.0,-104.2967677242,4.254019202716447e-06
Fe2V1.06Al0.94,600.0,-88.3447251800362,4.156906067565178e-06
Fe2V1.06Al0.94,650.0,-72.95895642531451,4.022576213310747e-06
Fe2V1.06Al0.94,700.0,-59.93800409030237,3.844081569153051e-06
Fe2V1.1Al0.9,400.0,-106.5716721295,3.0280324769299644e-06
Fe2V1.1Al0.9,450.0,-112.7285491048,3.298961156545585e-06
Fe2V1.1Al0.9,500.0,-112.52384695820001,3.5117401538711904e-06
Fe2V1.1Al0.9,550.0,-106.0396742005,3.649811486342139e-06
Fe2V1.1Al0.9,600.0,-95.93731260294564,3.716152896111051e-06
Fe2V1.1Al0.9,650.0,-85.38944349372086,3.7248997871847496e-06
Fe2V1.1Al0.9,700.0,-76.01237405418897,3.69296716256082e-06
Fe2VAl,50.0,11.339872355133737,2.248551395312322e-05
Fe2VAl,100.0,17.497694003888842,1.9928934919806872e-05
Fe2VAl,150.0,23.71910602315858,1.750715970407819e-05
Fe2VAl,200.0,30.560615252516563,1.5097235921000568e-05
Fe2VAl,250.0,36.714827453096795,1.2578157552240896e-05
Fe2VAl0.98Si0.02,50.0,-49.36889947796097,7.82989820131809e-06
Fe2VAl0.98Si0.02,100.0,-71.61545212705795,8.406169517627639e-06
Fe2VAl0.98Si0.02,150.0,-97.38346652628044,9.341510957257014e-06
Fe2VAl0.98Si0.02,200.0,-116.0651580948,1.0210524687063708e-05
Fe2VAl0.98Si0.02,250.0,-111.5597527558,1.0461016968876046e-05
Fe2VAl0.95Si0.05,50.0,-46.29093052791814,3.623128599226906e-06
Fe2VAl0.95Si0.05,100.0,-70.77782951588905,4.277714784660058e-06
Fe2VAl0.95Si0.05,150.0,-92.00451179405876,5.181408663051693e-06
Fe2VAl0.95Si0.05,200.0,-111.8827711907,6.19000664374162e-06
Fe2VAl0.95Si0.05,250.0,-124.49269003090001,7.132736165366529e-06
Fe2VAl0.9Si0.1,50.0,-37.44071943624103,2.025062200848439e-06
Fe2VAl0.9Si0.1,100.0,-60.09540168761164,2.508735087154515e-06
Fe2VAl0.9Si0.1,150.0,-80.76459380121642,3.1897541949534745e-06
Fe2VAl0.9Si0.1,200.0,-97.40408088409903,4.052029758303652e-06
Fe2VAl0.9Si0.1,250.0,-108.53743531459999,5.068156852248934e-06
Fe2VAl0.8Si0.2,50.0,-15.228185006326363,1.136050977696824e-06
Fe2VAl0.8Si0.2,100.0,-31.144738957764694,1.7306818752910725e-06
Fe2VAl0.8Si0.2,150.0,-42.33401665729205,2.5205843039824904e-06
Fe2VAl0.8Si0.2,200.0,-50.951860060620376,3.3894461120323898e-06
Fe2VAl0.8Si0.2,250.0,-59.00783514866648,4.321886203776497e-06
Fe2VAl0.7Si0.3,50.0,-15.228154766032661,9.422484880139862e-07
Fe2VAl0.7Si0.3,100.0,-30.146671180376725,1.4638273929732232e-06
Fe2VAl0.7Si0.3,150.0,-38.54607898312451,2.138655400479505e-06
Fe2VAl0.7Si0.3,200.0,-44.36596477491854,2.8792298629164155e-06
Fe2VAl0.7Si0.3,250.0,-51.46945980500205,3.6836252789225648e-06
Fe2VAl0.6Si0.4,50.0,-15.218264031123065,8.573709793766169e-07
Fe2VAl0.6Si0.4,100.0,-29.1623196781929,1.175207438158618e-06
Fe2VAl0.6Si0.4,150.0,-37.76699770787221,1.5747210095721051e-06
Fe2VAl0.6Si0.4,200.0,-43.46408956453865,1.99985692875412e-06
Fe2VAl0.6Si0.4,250.0,-48.46845516371886,2.426811071388119e-06
Fe2VAl0.5Si0.5,50.0,-17.374276183687808,8.283508566255803e-07
Fe2VAl0.5Si0.5,100.0,-31.207939866224073,1.1209796236045177e-06
Fe2VAl0.5Si0.5,150.0,-37.54822039227809,1.4517123935508645e-06
Fe2VAl0.5Si0.5,200.0,-41.79400949890001,1.7903185588290418e-06
Fe2VAl0.5Si0.5,250.0,-47.77640369380683,2.14425668127466e-06
Co2TiAl0.25Si0.75,50.0,-1.1447340857967516,1.3605698852296792e-06
Co2TiAl0.25Si0.75,100.0,-2.694838644826806,1.524396250389732e-06
Co2TiAl0.25Si0.75,150.0,-7.681396646105466,1.797393389139963e-06
Co2TiAl0.25Si0.75,200.0,-14.266324644346925,2.1142221677345525e-06
Co2TiAl0.25Si0.75,250.0,-21.11043237734296,2.427294413440813e-06
Co2TiAl0.25Si0.75,300.0,-27.310179177847022,2.704603949651588e-06
Co2TiAl0.25Si0.75,350.0,-32.334430385458376,2.9275576309976485e-06
Co2TiAl0.25Si0.75,400.0,-35.961213758506084,3.0888063784600948e-06
Co2TiAl0.25Si0.75,450.0,-38.214475885933226,3.1900762144827542e-06
Co2TiAl0.25Si0.75,500.0,-39.30083859918115,3.239999298084577e-06
Co2TiAl0.25Si0.75,550.0,-39.54635538407303,3.2519449599720375e-06
Co2TiAl0.25Si0.75,600.0,-39.33326779269862,3.2418507376515375e-06
Co2TiAl0.25Si0.75,650.0,-39.03676185529823,3.226053410541791e-06
Co2TiAl0.25Si0.75,700.0,-38.961724492146224,3.219120035086235e-06
Co2TiAl0.25Si0.75,750.0,-39.27949992543591,3.231678979865429e-06
Co2TiAl0.25Si0.75,800.0,-39.96464609116319,3.2682509607094546e-06
Co2TiAl0.25Si0.75,850.0,-40.731691051010976,3.325080075810297e-06
Co2TiAl0.5Si0.5,50.0,-4.616059702465129,6.883435291165553e-07
Co2TiAl0.5Si0.5,100.0,-5.943302325578496,8.759385743832472e-07
Co2TiAl0.5Si0.5,150.0,-10.406831164376156,1.1146417871726166e-06
Co2TiAl0.5Si0.5,200.0,-16.20332006317774,1.3669672144569498e-06
Co2TiAl0.5Si0.5,250.0,-22.05945180380728,1.6062128935747303e-06
Co2TiAl0.5Si0.5,300.0,-27.158797094754892,1.815098925587265e-06
Co2TiAl0.5Si0.5,350.0,-31.068693560338517,1.9844055486353084e-06
Co2TiAl0.5Si0.5,400.0,-33.66712472986557,2.1116112112956902e-06
Co2TiAl0.5Si0.5,450.0,-35.06959902679482,2.199530645937942e-06
Co2TiAl0.5Si0.5,500.0,-35.556028757897856,2.2549529420809194e-06
Co2TiAl0.5Si0.5,550.0,-35.49760910242098,2.2872796197494297e-06
Co2TiAl0.5Si0.5,600.0,-35.28369710124685,2.3071627028308573e-06
Co2TiAl0.5Si0.5,650.0,-35.24869064605619,2.3251427924317896e-06
Co2TiAl0.5Si0.5,700.0,-35.598907468489465,2.3502871402346465e-06
Co2TiAl0.5Si0.5,750.0,-36.33946412930871,2.3888277218543026e-06
Co2TiAl0.5Si0.5,800.0,-37.201155007559144,2.4427993101947057e-06
Co2TiAl0.5Si0.5,850.0,-37.567331289730724,2.5086775488055102e-06
Co2TiAl0.75Si0.25,50.0,-4.483343590160017,9.335967993780892e-07
Co2TiAl0.75Si0.25,100.0,-12.206539994013587,1.2981812159197345e-06
Co2TiAl0.75Si0.25,150.0,-22.33054492814688,1.7292571706942756e-06
Co2TiAl0.75Si0.25,200.0,-32.776793596961724,2.1649628359955737e-06
Co2TiAl0.75Si0.25,250.0,-42.16503323223351,2.5624411866989325e-06
Co2TiAl0.75Si0.25,300.0,-49.70822672097038,2.8953402067012145e-06
Co2TiAl0.75Si0.25,350.0,-55.107456233272366,3.151313095360957e-06
Co2TiAl0.75Si0.25,400.0,-58.4468268501906,3.329518473938484e-06
Co2TiAl0.75Si0.25,450.0,-60.08837019158634,3.438120592036026e-06
Co2TiAl0.75Si0.25,500.0,-60.56694804399059,3.49178953403783e-06
Co2TiAl0.75Si0.25,550.0,-60.48515598846249,3.5092014255502853e-06
Co2TiAl0.75Si0.25,600.0,-60.40822702844932,3.5105386398420234e-06
Co2TiAl0.75Si0.25,650.0,-60.75893521764502,3.5149900042840474e-06
Co2TiAl0.75Si0.25,700.0,-61.71249928784972,3.5382510067898337e-06
Co2TiAl0.75Si0.25,750.0,-63.091486276828626,3.5900240022554634e-06
Co2TiAl0.75Si0.25,800.0,-64.26071515617187,3.671518418999724e-06
Co2TiAl0.75Si0.25,850.0,-64.02216045915297,3.772950965204221e-06
Co2Dy0.5Mn0.5Sn,50.0,-3.701919187402877,2.359915079554443e-06
Co2Dy0.5Mn0.5Sn,100.0,-5.048026987414541,2.38191495726616e-06
Co2Dy0.5Mn0.5Sn,150.0,-6.316319778890984,2.4450358344977852e-06
Co2Dy0.5Mn0.5Sn,200.0,-8.115395613982859,2.534547954414254e-06
Co2Dy0.5Mn0.5Sn,250.0,-10.18656618285357,2.6114598149749324e-06
Co2Dy0.5Mn0.5Sn,300.0,-12.086780650617959,2.6696818742274395e-06
Co2Dy0.5Mn0.5Sn,350.0,-13.871549494281215,2.7931902556014685e-06
Co2MnSn,50.0,-3.568239375682463,8.455474816092231e-07
Co2MnSn,100.0,-4.630561236603718,9.136583402675788e-07
Co2MnSn,150.0,-5.299664501143917,9.981828184026968e-07
Co2MnSn,200.0,-7.065427638138443,1.0853001200003289e-06
Co2MnSn,250.0,-10.502371553742934,1.1660305639757103e-06
Co2MnSn,300.0,-15.955636615024522,1.247090023755894e-06
Co2MnSn,350.0,-24.226959673553054,1.3617443668620765e-06
DyPd2Bi,50.0,10.571676398244232,2.4357014784879396e-06
DyPd2Bi,100.0,10.424939253968056,2.0918705525137595e-06
DyPd2Bi,150.0,5.623813856977568,1.4921017770030585e-06
DyPd2Bi,200.0,2.512287038791579,1.0762832622411626e-06
DyPd2Bi,250.0,3.028137204374178,1.0786658571455167e-06
Fe2VAl0.9Si0.1,350.0,-142.7146128824,4.70455916406954e-06
Fe2VAl0.9Si0.1,400.0,-130.44454112030002,4.6724201769970085e-06
Fe2VAl0.9Si0.1,450.0,-107.3944992234,4.531311130140194e-06
Fe2VAl0.9Si0.1,500.0,-84.41591954405897,4.380282980498784e-06
Fe2VAl0.9Si0.1,550.0,-66.03604371041875,4.204445614208147e-06
Fe2VAl0.9Si0.1,600.0,-52.631841099101855,3.951863478641307e-06
Fe2VAl0.9Si0.1,650.0,-42.60392730784075,3.610451214511163e-06
Fe2VAl0.9Si0.1,700.0,-34.55048262810366,3.284869287971688e-06
Fe2VAl0.9Si0.1,350.0,-125.96672189969999,5.426226259994334e-06
Fe2VAl0.9Si0.1,400.0,-112.9019203273,5.485852029553084e-06
Fe2VAl0.9Si0.1,450.0,-93.65270835583932,5.418253359390394e-06
Fe2VAl0.9Si0.1,500.0,-75.41202283839823,5.19925384217617e-06
Fe2VAl0.9Si0.1,550.0,-60.70071032684196,4.886077414682785e-06
Fe2VAl0.9Si0.1,600.0,-49.25826642781985,4.570487172071854e-06
Fe2VAl0.9Si0.1,650.0,-39.93357515867397,4.331924182180426e-06
Fe2VAl0.9Si0.1,700.0,-32.575648303372326,4.1906462998079005e-06
Fe2VAl0.9Si0.1,350.0,-125.10785547969999,1.088787855649026e-05
Fe2VAl0.9Si0.1,400.0,-113.5383846787,1.1075406948954987e-05
Fe2VAl0.9Si0.1,450.0,-99.98892423087214,1.0703223450146308e-05
Fe2VAl0.9Si0.1,500.0,-84.51654771504408,1.021272263476594e-05
Fe2VAl0.9Si0.1,550.0,-68.76309670843706,9.77335447360298e-06
Fe2VAl0.9Si0.1,600.0,-54.87039142863586,9.3868555992196e-06
Fe2VAl0.9Si0.1,650.0,-44.3954413755479,8.991480571633184e-06
Fe2VAl0.9Si0.1,700.0,-37.22565597335387,8.566233144002042e-06
Fe2VAl0.9Si0.1,400.0,-114.3010937918,3.4545842748535876e-06
Fe2VAl0.9Si0.1,450.0,-103.2638004847,3.713857342015784e-06
Fe2VAl0.9Si0.1,500.0,-88.11727298472074,3.846109899109537e-06
Fe2VAl0.9Si0.1,550.0,-72.61421145349851,3.871734925250164e-06
Fe2VAl0.9Si0.1,600.0,-59.05066988810891,3.844908770744826e-06
Fe2VAl0.9Si0.1,650.0,-48.43990388670675,3.815457335195637e-06
Fe2VAl0.9Si0.1,700.0,-40.68621841444588,3.79072224560334e-06
Fe2VAl0.9Si0.1,750.0,-34.75881556934336,3.69742703447026e-06
Fe2V0.9Ti0.1Al,400.0,90.07771525855496,5.021952926805906e-06
Fe2V0.9Ti0.1Al,450.0,80.94595546974816,4.824265636522554e-06
Fe2V0.9Ti0.1Al,500.0,67.44781192519197,4.598492824641936e-06
Fe2V0.9Ti0.1Al,550.0,52.42315844373121,4.353017268086829e-06
Fe2V0.9Ti0.1Al,600.0,38.512046536592976,4.1054890248245145e-06
Fe2V0.9Ti0.1Al,650.0,27.407496303967665,3.875222639467159e-06
Fe2V0.9Ti0.1Al,700.0,19.108287331592596,3.675594348872184e-06
Fe2VAl,100.0,18.0265462681098,1.8989592276998104e-05
Fe2VAl,150.0,22.672024798983088,1.56416931222636e-05
Fe2VAl,200.0,25.32225453909961,1.2557123327816331e-05
Fe2VAl,250.0,26.83481353464996,9.870156027409024e-06
Fe2VAl,300.0,27.40377434803691,7.654346986288784e-06
Fe2VAl,350.0,27.09140784629185,5.931981732245124e-06
Fe2V(Al0.97Si0.03),100.0,-59.83533576599983,7.035838617421928e-06
Fe2V(Al0.97Si0.03),150.0,-85.88376938225157,7.2940263049316385e-06
Fe2V(Al0.97Si0.03),200.0,-105.9345663971,7.304044455204008e-06
Fe2V(Al0.97Si0.03),250.0,-106.5219145172,7.057264637329503e-06
Fe2V(Al0.97Si0.03),300.0,-87.92199401650228,6.583665684157165e-06
Fe2V(Al0.97Si0.03),350.0,-59.676999188725844,5.941646257467082e-06
Fe2V(Al0.9Si0.1),100.0,-60.77866281285639,7.52244724363097e-07
Fe2V(Al0.9Si0.1),150.0,-77.54559321631983,1.1395821380250553e-06
Fe2V(Al0.9Si0.1),200.0,-93.58067440374913,1.6282254350423643e-06
Fe2V(Al0.9Si0.1),250.0,-107.7816256041,2.1299207667627564e-06
Fe2V(Al0.9Si0.1),300.0,-119.61345821020001,2.5834732105484864e-06
Fe2V(Al0.9Si0.1),350.0,-127.3465066572,2.9510970597550914e-06
Fe2V(Al0.8Si0.2),100.0,-42.28941581203449,4.677493042237305e-07
Fe2V(Al0.8Si0.2),150.0,-54.7590052288903,6.889827581447221e-07
Fe2V(Al0.8Si0.2),200.0,-66.44869645026297,9.648978279068376e-07
Fe2V(Al0.8Si0.2),250.0,-76.76129411301743,1.2779487471089248e-06
Fe2V(Al0.8Si0.2),300.0,-85.92692991082141,1.6099217462403845e-06
Fe2V(Al0.8Si0.2),350.0,-94.20740659141832,1.942712688296571e-06
Fe2V(Al0.95Si0.05),100.0,-69.70051438858668,2.179793568574611e-06
Fe2V(Al0.95Si0.05),150.0,-89.54968436361077,2.7550324920904644e-06
Fe2V(Al0.95Si0.05),200.0,-110.026945466,3.344723555268222e-06
Fe2V(Al0.95Si0.05),250.0,-126.5086509404,3.834193481439818e-06
Fe2V(Al0.95Si0.05),300.0,-132.4349883923,4.160136050266706e-06
Fe2V(Al0.95Si0.05),350.0,-124.33131604389999,4.301544157848525e-06
Fe2V0.9Ti0.1Al,400.0,90.07608068572908,5.047630276080775e-06
Fe2V0.9Ti0.1Al,450.0,81.11344790558307,4.860472042311954e-06
Fe2V0.9Ti0.1Al,500.0,67.91701498982746,4.64345173435777e-06
Fe2V0.9Ti0.1Al,550.0,53.0982487146762,4.400016350842508e-06
Fe2V0.9Ti0.1Al,600.0,39.208112846298356,4.147718675560907e-06
Fe2V0.9Ti0.1Al,650.0,27.98059029360673,3.910038475801194e-06
Fe2V0.9Ti0.1Al,700.0,19.576205261052124,3.70820370066812e-06
Fe2V0.9Ti0.1Al,750.0,11.82554540140105,3.5530116794061873e-06
Fe2VAl,100.0,58.37039900502973,5.2008570636624215e-06
Fe2VAl,150.0,70.65606587799579,5.102793624732541e-06
Fe2VAl,200.0,78.07090637579914,5.014267276614563e-06
Fe2VAl,250.0,83.09501351760302,4.941650553293432e-06
Fe2VAl,300.0,86.7772782540565,4.897031884126967e-06
Fe2VAl0.94Si0.06,100.0,-106.1441832437,7.367279932630318e-06
Fe2VAl0.94Si0.06,150.0,-134.32757185390003,7.2503119579987695e-06
Fe2VAl0.94Si0.06,200.0,-150.9455362449,7.615577975532625e-06
Fe2VAl0.94Si0.06,250.0,-149.9428419406,7.821396520919943e-06
Fe2VAl0.9Si0.1,100.0,-67.63805365859677,1.5345403495046445e-06
Fe2VAl0.9Si0.1,150.0,-86.53533187513091,1.7924625566113218e-06
Fe2VAl0.9Si0.1,200.0,-104.0528995361,2.180146905063019e-06
Fe2VAl0.9Si0.1,250.0,-117.4411121754,2.823897905625829e-06
Fe2VAl0.95Sn0.05,100.0,-98.02874814918964,8.759012182775859e-06
Fe2VAl0.95Sn0.05,150.0,-126.32411025609998,9.205063340458003e-06
Fe2VAl0.95Sn0.05,200.0,-139.98027085310002,9.430322456586278e-06
Fe2VAl0.95Sn0.05,250.0,-136.19390958809998,9.200433708955136e-06
Fe2VAl0.9Si0.1,400.0,-124.52269668470001,4.091959018287953e-06
Fe2VAl0.9Si0.1,450.0,-116.6277774165,4.205740085771191e-06
Fe2VAl0.9Si0.1,500.0,-104.19872726400001,4.247470185760539e-06
Fe2VAl0.9Si0.1,550.0,-89.60117916061944,4.21120644641055e-06
Fe2VAl0.9Si0.1,600.0,-75.14288148944219,4.103668813773297e-06
Fe2VAl0.9Si0.1,650.0,-62.598295165214616,3.945526915091652e-06
Fe2VAl0.9Si0.1,700.0,-52.73319071587339,3.77268692209255e-06
Fe2VAl0.9Si0.1,400.0,-54.83829291448823,4.636304213800039e-06
Fe2VAl0.9Si0.1,450.0,-52.675500454486915,4.455212531841175e-06
Fe2VAl0.9Si0.1,500.0,-48.62603489368376,4.265492785044239e-06
Fe2VAl0.9Si0.1,550.0,-43.5168540270336,4.08056967002342e-06
Fe2VAl0.9Si0.1,600.0,-38.11903047269662,3.909907180812016e-06
Fe2VAl0.9Si0.1,650.0,-33.1084017427251,3.757847998361607e-06
Fe2VAl0.9Si0.1,700.0,-29.026220313750848,3.622452880041201e-06
Fe2VAl0.9Si0.1,350.0,-116.4295798444,3.936616225894118e-06
Fe2VAl0.9Si0.1,400.0,-116.7629482685,4.0323368951812295e-06
Fe2VAl0.9Si0.1,450.0,-109.2920086354,4.105758432832915e-06
Fe2VAl0.9Si0.1,500.0,-97.4138972576573,4.122820306214903e-06
Fe2VAl0.9Si0.1,550.0,-84.00522478758113,4.064864368017799e-06
Fe2VAl0.9Si0.1,600.0,-71.17738588471764,3.932922990682431e-06
Fe2VAl0.9Si0.1,650.0,-60.031868882182614,3.7520072008252376e-06
Fe2VAl0.9Si0.1,700.0,-50.41556545347668,3.5753948136636023e-06
Fe2VAl0.9Si0.1,400.0,-112.0349041019,3.988235666037154e-06
Fe2VAl0.9Si0.1,450.0,-107.2187642679,4.03817903878753e-06
Fe2VAl0.9Si0.1,500.0,-96.86077298884605,4.004437512303136e-06
Fe2VAl0.9Si0.1,550.0,-84.4770465696957,3.9210216067171464e-06
Fe2VAl0.9Si0.1,600.0,-72.62638551756385,3.814449642559235e-06
Fe2VAl0.9Si0.1,650.0,-62.60612072498761,3.7010696784811066e-06
Fe2VAl0.9Si0.1,700.0,-54.147959653613135,3.584381448982031e-06
Fe2V0.9Ti0.1Al ,350.0,97.42610960036764,4.738406662578104e-06
Fe2V0.9Ti0.1Al ,400.0,97.78003603454077,4.7502666229724865e-06
Fe2V0.9Ti0.1Al ,450.0,89.81266730570205,4.60463956682778e-06
Fe2V0.9Ti0.1Al ,500.0,76.83134682670588,4.4208629141516005e-06
Fe2V0.9Ti0.1Al ,550.0,61.89750351380096,4.240962046632374e-06
Fe2V0.9Ti0.1Al ,600.0,47.50488695817246,4.063349818355379e-06
Fe2V0.9Ti0.1Al ,650.0,35.25780259748578,3.876526066518955e-06
Fe2V0.9Ti0.1Al ,700.0,25.549346887427728,3.6927771221502046e-06
Fe2V0.9Ti0.1Al,350.0,82.04044244643596,4.255924909405865e-06
Fe2V0.9Ti0.1Al,400.0,81.97587770914645,4.155640624772248e-06
Fe2V0.9Ti0.1Al,450.0,75.86708006502728,4.143972368750726e-06
Fe2V0.9Ti0.1Al,500.0,66.01366661932785,4.124753756110367e-06
Fe2V0.9Ti0.1Al,550.0,54.473191260510774,4.034781962426547e-06
Fe2V0.9Ti0.1Al,600.0,42.91610836896186,3.854175544529802e-06
Fe2V0.9Ti0.1Al,650.0,32.48073652569876,3.6167322609545775e-06
Fe2V0.9Ti0.1Al,700.0,23.628222221079195,3.4202868923880787e-06
Fe2V0.9Ti0.1Al,400.0,83.57405900182333,5.024659639824017e-06
Fe2V0.9Ti0.1Al,450.0,74.1258619312001,4.82530914560058e-06
Fe2V0.9Ti0.1Al,500.0,61.7374746347824,4.655899833264082e-06
Fe2V0.9Ti0.1Al,550.0,48.84798700364925,4.447486915395438e-06
Fe2V0.9Ti0.1Al,600.0,37.18885328161562,4.176282168954376e-06
Fe2V0.9Ti0.1Al,650.0,27.567113823065167,3.874679257216775e-06
Fe2V0.9Ti0.1Al,700.0,19.648616850782734,3.6422790517121135e-06
Fe2V0.9Ti0.1Al,400.0,41.31086189854646,7.1298034687942715e-06
Fe2V0.9Ti0.1Al,450.0,32.5590889246393,6.209540885316236e-06
Fe2V0.9Ti0.1Al,500.0,24.207597323550015,5.446419854161673e-06
Fe2V0.9Ti0.1Al,550.0,16.631746700821168,4.838838144878014e-06
Fe2V0.9Ti0.1Al,600.0,10.265072784056068,4.377303085599611e-06
Ti50Ni25Cu25,50.0,1.7450249451102422,5.775924174592456e-07
Ti50Ni25Cu25,100.0,1.7408492836810565,6.227877044733217e-07
Ti50Ni25Cu25,150.0,1.5622570934628215,6.71676159869574e-07
Ti50Ni25Cu25,200.0,1.7459620920519663,7.202552170374873e-07
Ti50Ni25Cu25,250.0,1.8972009946981063,7.684231193221322e-07
Ti50Ni25Cu25,300.0,2.336709774608512,8.089506721398566e-07
Ti50Ni25Cu25,350.0,5.747699923252452,8.164529950939753e-07
Ti50Ni25Cu25,350.0,6.658716697693912,8.146600529137447e-07
Fe2.04V0.96Al,100.0,37.84765463073377,1.5691827623054642e-05
Fe2.04V0.96Al,150.0,47.64067908846527,1.286363893461642e-05
Fe2.04V0.96Al,200.0,56.4203186798241,1.0593978216247808e-05
Fe2.04V0.96Al,250.0,57.748271470445275,8.794122902577285e-06
Fe2.04V0.96Al,300.0,53.85663788248404,7.3846611246083795e-06
Fe2.04V0.96Al,350.0,48.25063606000578,6.295085980337277e-06
Fe2.04(V0.95Ti0.01)Al,100.0,52.57351728329277,1.0137005519093511e-05
Fe2.04(V0.95Ti0.01)Al,150.0,66.37731013775434,8.613535926908985e-06
Fe2.04(V0.95Ti0.01)Al,200.0,75.36140883237141,7.419453696941996e-06
Fe2.04(V0.95Ti0.01)Al,250.0,78.42757113558508,6.484072610056364e-06
Fe2.04(V0.95Ti0.01)Al,300.0,74.941185616128,5.749458318657042e-06
Fe2.04(V0.95Ti0.01)Al,350.0,66.52350127229454,5.1690706394322436e-06
Fe2.04(V0.93Ti0.03)Al,150.0,77.34475978022019,4.818248491087604e-06
Fe2.04(V0.93Ti0.03)Al,200.0,92.508785738526,4.523075578487338e-06
Fe2.04(V0.93Ti0.03)Al,250.0,104.4530313952,4.275325198007007e-06
Fe2.04(V0.93Ti0.03)Al,300.0,110.2179653092,4.071245530958274e-06
Fe2.04(V0.93Ti0.03)Al,350.0,107.37572579590001,3.905685643298931e-06
Fe2.04(V0.91Ti0.05)Al,100.0,43.382621549224496,3.7389281059348e-06
Fe2.04(V0.91Ti0.05)Al,150.0,60.97016278877142,3.6191706024893113e-06
Fe2.04(V0.91Ti0.05)Al,200.0,76.19212864412971,3.5508002571544128e-06
Fe2.04(V0.91Ti0.05)Al,250.0,90.2356462262888,3.5196736977813364e-06
Fe2.04(V0.91Ti0.05)Al,300.0,99.63590753922756,3.5128983420733827e-06
Fe2.04(V0.91Ti0.05)Al,350.0,101.66705821410001,3.518962620246109e-06
Fe2.04(V0.86Ti0.10)Al,100.0,38.97526493576317,1.2765769569975738e-06
Fe2.04(V0.86Ti0.10)Al,150.0,48.954030413237724,1.3591649668278265e-06
Fe2.04(V0.86Ti0.10)Al,200.0,60.43545687533986,1.4959769714034034e-06
Fe2.04(V0.86Ti0.10)Al,250.0,72.82022529342527,1.676641725431806e-06
Fe2.04(V0.86Ti0.10)Al,300.0,83.34936864746004,1.8888567013290824e-06
Fe2.04(V0.86Ti0.10)Al,350.0,89.92523283142594,2.119108671581581e-06
Fe2.04(V0.86Ti0.10)Al,400.0,93.9324375587255,2.353394291107701e-06
TiNi2Sn,350.0,-8.780867298184125,1.0041072888086756e-07
TiNi2Sn,400.0,-7.082397522063279,2.908404134832838e-07
TiNi2Sn,450.0,-5.85320084204948,6.553368915421286e-07
TiNi2Sn,500.0,-6.594312263229771,4.154791044101453e-07
TiNi2Sn,550.0,-8.849903061349018,-1.935482399548477e-07
TiNi2Sn,600.0,-11.276431188006692,-5.379962008105355e-07
TiNi2Sn,650.0,-12.711791675855185,-2.0059313843203818e-07
TiNi2Sn,700.0,-13.24446704378487,4.044137520654509e-07
 TiNiCo0.75Sn,350.0,-71.89981340282941,0.0001371253617038
 TiNiCo0.75Sn,400.0,-79.32066473791166,0.000139074502286
 TiNiCo0.75Sn,450.0,-86.55621844202565,0.0001396756625796
 TiNiCo0.75Sn,500.0,-93.87529857635624,0.0001376569562299
 TiNiCo0.75Sn,550.0,-100.7936867728,0.0001267246806103
 TiNiCo0.75Sn,600.0,-106.6962529305,0.0001024456055936
 TiNiCo0.75Sn,650.0,-111.45908591150001,6.912926232355461e-05
 TiNiCo0.75Sn,700.0,-116.0716242376,4.6710231985642656e-05
Ru2VGa,50.0,2.573320207783226,2.4669557338205484e-06
Ru2VGa,100.0,3.497356446312627,2.5571418431738936e-06
Ru2VGa,150.0,4.318921375661137,2.621180190365445e-06
Ru2VGa,200.0,5.673142497597484,2.672969252920712e-06
Ru2VGa,250.0,7.098740151279913,2.710722420500615e-06
Fe2V0.9Ti0.1Al,350.0,-0.8819926623077068,6.085024931352827e-06
Fe2V0.9Ti0.1Al,400.0,-7.028504563875992,5.882892205732643e-06
Fe2V0.9Ti0.1Al,450.0,1.5547103030602585,5.692300913719011e-06
Fe2V0.9Ti0.1Al,500.0,-0.7878922387780096,5.557230924300435e-06
Fe2V0.9Ti0.1Al,350.0,-0.9728101141429947,5.558483063312985e-06
Fe2V0.9Ti0.1Al,400.0,-1.375245528489541,5.344272289999642e-06
Fe2V0.9Ti0.1Al,450.0,-2.6939226428716183,5.1203506211020205e-06
Fe2V0.9Ti0.1Al,500.0,-3.4510613338028553,4.89665657444901e-06
Fe2V0.9Ti0.1Al,350.0,-9.910633678259298,4.816870455152987e-06
Fe2V0.9Ti0.1Al,400.0,-11.855308765542931,4.58203567557666e-06
Fe2V0.9Ti0.1Al,450.0,-12.540170839717492,4.348159354934714e-06
Fe2V0.9Ti0.1Al,500.0,-13.30547742265471,4.124013900030822e-06
Fe2V0.9Ti0.1Al,350.0,-12.982445620032337,5.433524755339639e-06
Fe2V0.9Ti0.1Al,400.0,-13.579876143308619,5.043439252564049e-06
Fe2V0.9Ti0.1Al,450.0,-14.29466791239703,4.698368975718524e-06
Fe2V0.9Ti0.1Al,500.0,-14.647697414068348,4.383928697809507e-06
	Fe2V0.9Ti0.1Al,350.0,-17.366780146758387,6.129387834980143e-06
	Fe2V0.9Ti0.1Al,400.0,-18.090656314096503,5.7944050389788506e-06
	Fe2V0.9Ti0.1Al,450.0,-17.831747434417146,5.473404587688811e-06
	Fe2V0.9Ti0.1Al,500.0,-18.026724464003525,5.144233777099489e-06
Fe2V0.9Ti0.1Al,350.0,-18.249748104078165,6.826390763479834e-06
Fe2V0.9Ti0.1Al,400.0,-18.83320643955599,6.431214185851204e-06
Fe2V0.9Ti0.1Al,450.0,-19.355302274619376,6.003674088563184e-06
Fe2V0.9Ti0.1Al,500.0,-18.963518658439426,5.5911862654756534e-06
Fe1.99Ti0.66Cr0.45Al0.90,50.0,2.8200080176823485,2.570419518923975e-06
Fe1.99Ti0.66Cr0.45Al0.90,100.0,9.456394569525893,2.677816783877856e-06
Fe1.99Ti0.66Cr0.45Al0.90,150.0,16.570309142386385,2.7804165165105502e-06
Fe1.99Ti0.66Cr0.45Al0.90,200.0,23.66787504676134,2.897771705004691e-06
Fe1.99Ti0.66Cr0.45Al0.90,250.0,30.310856514740234,3.030313026396049e-06
Fe1.99Ti0.66Cr0.45Al0.90,300.0,36.09968672603414,3.1655172907993385e-06
Fe1.99Ti0.66Cr0.45Al0.90,350.0,40.65649583400535,3.284075885634021e-06
Fe1.99Ti0.66Cr0.45Al0.90,400.0,43.60813899169698,3.366063219850107e-06
Fe1.99Ti0.66Cr0.45Al0.90,450.0,44.56922437786255,3.397105168153969e-06
Fe1.99Ti0.66Cr0.45Al0.90,500.0,43.125141222995744,3.3745475152341353e-06
Fe1.99Ti0.66Cr0.45Al0.90,550.0,38.81508783535985,3.3136243999871e-06
Fe2V1.05Al0.95,150.0,-4.950748386923259,3.2837810818659647e-06
Fe2V1.05Al0.95,200.0,-5.798506902098548,3.2205540361124574e-06
Fe2V1.05Al0.95,250.0,-6.045913066177219,3.0524924855549914e-06
Fe2V1.05Al0.95,300.0,-5.924645304493078,2.9126242726595513e-06
Fe2V1.05Al0.95,350.0,-5.630259887322536,2.87525873645544e-06
Fe2V1.05Al0.95,400.0,-5.320270643960545,2.9664690038182057e-06
Fe2V1.05Al0.95,450.0,-5.112228676796635,3.174574280752629e-06
Fe2V1.05Al0.95,500.0,-5.081802075390829,3.460622143675622e-06
Fe2V1.05Al0.95,550.0,-5.260855630549679,3.7688708306992336e-06
Fe2V1.05Al0.95,600.0,-5.635530548402199,4.037271532913507e-06
Fe2V1.05Al0.95,650.0,-6.144324164475874,4.207950685669549e-06
Fe2V1.05Al0.95,150.0,-65.73537114926835,1.81392269564564e-06
Fe2V1.05Al0.95,200.0,-83.9352752841025,2.305991187955619e-06
Fe2V1.05Al0.95,250.0,-102.8671220346,2.8935252963986495e-06
Fe2V1.05Al0.95,300.0,-118.56861987190001,3.4507689990728126e-06
Fe2V1.05Al0.95,350.0,-128.610480015,3.897641201772378e-06
Fe2V1.05Al0.95,400.0,-131.89761312599998,4.192677253313116e-06
Fe2V1.05Al0.95,450.0,-128.4703260046,4.325970460857573e-06
Fe2V1.05Al0.95,500.0,-119.305518283,4.312113605240417e-06
Fe2V1.05Al0.95,550.0,-106.11787912,4.1831404562937095e-06
Fe2V1.05Al0.95,600.0,-91.16108389662199,3.9814672881722186e-06
Fe2V1.05Al0.95,650.0,-77.02899090973355,3.752834394678705e-06
Fe2V1.05Al0.95,150.0,-73.9353026525084,1.537799330553503e-06
Fe2V1.05Al0.95,200.0,-92.8188723851598,1.9425230016107247e-06
Fe2V1.05Al0.95,250.0,-107.834930434,2.37618396800588e-06
Fe2V1.05Al0.95,300.0,-118.6435802643,2.792674842308687e-06
Fe2V1.05Al0.95,350.0,-125.184735909,3.1587955153083684e-06
Fe2V1.05Al0.95,400.0,-127.5811383913,3.4528336656168177e-06
Fe2V1.05Al0.95,450.0,-126.04137214750001,3.663145269271764e-06
Fe2V1.05Al0.95,500.0,-120.7628814486,3.786735109339957e-06
Fe2V1.05Al0.95,550.0,-111.8349868234,3.82783728552031e-06
Fe2V1.05Al0.95,600.0,-99.14190148081516,3.7964957237470943e-06
Fe2V1.05Al0.95,650.0,-82.26574773200213,3.7071446857930992e-06
Fe2VTa0.05Al0.95,150.0,-92.28834792042974,2.7309342664355862e-06
Fe2VTa0.05Al0.95,200.0,-110.9618318263,3.2280227737265143e-06
Fe2VTa0.05Al0.95,250.0,-124.3299759164,3.687041194570292e-06
Fe2VTa0.05Al0.95,300.0,-132.7577314196,4.042971029341452e-06
Fe2VTa0.05Al0.95,350.0,-136.7342761745,4.26172846645411e-06
Fe2VTa0.05Al0.95,400.0,-136.8408139209,4.33486493703606e-06
Fe2VTa0.05Al0.95,450.0,-133.7183735905,4.274267669602869e-06
Fe2VTa0.05Al0.95,500.0,-128.0356085988,4.106860244731986e-06
Fe2VTa0.05Al0.95,550.0,-120.4565961361,3.869303149736814e-06
Fe2VTa0.05Al0.95,600.0,-111.60863645859999,3.6026943333408375e-06
Fe2VTa0.05Al0.95,650.0,-102.05005217989999,3.347269760351688e-06
Fe2VTa0.05Al0.95,150.0,-60.39608331154256,1.8953855333684875e-06
Fe2VTa0.05Al0.95,200.0,-88.53082120335024,2.3105510008916704e-06
Fe2VTa0.05Al0.95,250.0,-109.0859786837,2.7397589299572777e-06
Fe2VTa0.05Al0.95,300.0,-122.76958557120001,3.1382834122198907e-06
Fe2VTa0.05Al0.95,350.0,-130.3258443943,3.4753610803343972e-06
Fe2VTa0.05Al0.95,400.0,-132.52400957740002,3.7324586599397033e-06
Fe2VTa0.05Al0.95,450.0,-130.1472666265,3.901540521642453e-06
Fe2VTa0.05Al0.95,500.0,-123.9816113156,3.983336233000739e-06
Fe2VTa0.05Al0.95,550.0,-114.8047288718,3.985608110507825e-06
Fe2VTa0.05Al0.95,600.0,-103.3748731622,3.921418771575854e-06
Fe2VTa0.05Al0.95,650.0,-90.41974587910288,3.8073986865195872e-06
Fe2VTa0.05Al0.95,150.0,-35.326764700978494,3.4814853028514493e-06
Fe2VTa0.05Al0.95,200.0,-41.711480180498114,3.411788068015909e-06
Fe2VTa0.05Al0.95,250.0,-45.57290160959631,3.297378367603434e-06
Fe2VTa0.05Al0.95,300.0,-46.951923917182924,3.2059128050526315e-06
Fe2VTa0.05Al0.95,350.0,-46.38284265552989,3.1746900894699595e-06
Fe2VTa0.05Al0.95,400.0,-44.67535450831716,3.215995188170003e-06
Fe2VTa0.05Al0.95,450.0,-42.69655779867876,3.3224434792157685e-06
Fe2VTa0.05Al0.95,500.0,-41.15295299724867,3.472324903958972e-06
Fe2VTa0.05Al0.95,550.0,-40.3724432302073,3.634948119580328e-06
Fe2VTa0.05Al0.95,600.0,-40.08633478732695,3.775984651629819e-06
Fe2VTa0.05Al0.95,650.0,-39.21133763001773,3.862813046567029e-06
Fe2V0.95Ta0.05Al0.9Si0.1,50.0,-43.484600020374096,7.873283997764559e-07
Fe2V0.95Ta0.05Al0.9Si0.1,100.0,-78.53267471671958,1.0057500424028457e-06
Fe2V0.95Ta0.05Al0.9Si0.1,150.0,-105.4133602524,1.3438535204031158e-06
Fe2V0.95Ta0.05Al0.9Si0.1,200.0,-123.07638792860001,1.7368209444428496e-06
Fe2V0.95Ta0.05Al0.9Si0.1,250.0,-131.44513101360002,2.1329559182141923e-06
Fe2V0.95Ta0.05Al0.9Si0.1,300.0,-131.2384548293,2.49298549430093e-06
Fe2V0.95Ta0.05Al0.9Si0.1,350.0,-123.792566838,2.789362130043566e-06
Fe2V0.95Ta0.05Al0.9Si0.1,400.0,-110.8828667298,3.005565643404396e-06
Fe2V0.95Ta0.05Al0.9Si0.1,450.0,-94.54579650881746,3.1354051688325925e-06
Fe2V0.95Ta0.05Al0.9Si0.1,500.0,-76.90069058035347,3.1823211131292782e-06
Fe2V0.95Ta0.05Al0.9Si0.1,550.0,-59.97162583770256,3.158687111312592e-06
Fe2V0.95Ta0.05Al0.9Si0.1,600.0,-45.50927174893337,3.085111982482792e-06
Fe2V0.95Ta0.05Al0.9Si0.1,650.0,-34.81274044375445,2.9897416856872976e-06
Fe2V0.95Ta0.05Al0.9Si0.1,700.0,-28.55143680035535,2.9075612757858163e-06
Fe2V0.95Ta0.05Al0.9Si0.1,750.0,-26.586908532246326,2.879696859315361e-06
Fe2V0.95Ta0.05Al0.9Si0.1,50.0,-49.05484375358555,1.0792168172184143e-06
Fe2V0.95Ta0.05Al0.9Si0.1,100.0,-89.13914563886047,1.3396296089386185e-06
Fe2V0.95Ta0.05Al0.9Si0.1,150.0,-122.7748192128,1.7313816680255796e-06
Fe2V0.95Ta0.05Al0.9Si0.1,200.0,-146.64439702479999,2.183969212680533e-06
Fe2V0.95Ta0.05Al0.9Si0.1,250.0,-159.24734694720001,2.6373102165059107e-06
Fe2V0.95Ta0.05Al0.9Si0.1,300.0,-160.59982121500002,3.0425117691168345e-06
Fe2V0.95Ta0.05Al0.9Si0.1,350.0,-151.93440546399998,3.362637436752601e-06
Fe2V0.95Ta0.05Al0.9Si0.1,400.0,-135.39986777020002,3.5734746228881744e-06
Fe2V0.95Ta0.05Al0.9Si0.1,450.0,-113.7609076879,3.6643019288456743e-06
Fe2V0.95Ta0.05Al0.9Si0.1,500.0,-90.09790528916471,3.638656514405863e-06
Fe2V0.95Ta0.05Al0.9Si0.1,550.0,-67.5066702020231,3.5151014584196426e-06
Fe2V0.95Ta0.05Al0.9Si0.1,600.0,-48.79819064980134,3.3279931194195323e-06
Fe2V0.95Ta0.05Al0.9Si0.1,650.0,-36.198382489621814,3.128248496231172e-06
Fe2V0.95Ta0.05Al0.9Si0.1,700.0,-31.047838251268978,2.9841125885848037e-06
Fe2V0.95Ta0.05Al0.9Si0.1,750.0,-33.50157617599715,2.9819257577267538e-06
Fe2V0.95Ta0.05Al0.9Si0.1,50.0,-26.935098401311315,7.272693686567554e-07
Fe2V0.95Ta0.05Al0.9Si0.1,100.0,-50.79921229106446,9.268288097552064e-07
Fe2V0.95Ta0.05Al0.9Si0.1,150.0,-71.37779642042454,1.2211721172402696e-06
Fe2V0.95Ta0.05Al0.9Si0.1,200.0,-87.76359511196235,1.5801660299599611e-06
Fe2V0.95Ta0.05Al0.9Si0.1,250.0,-99.35461599943979,1.97238078588739e-06
Fe2V0.95Ta0.05Al0.9Si0.1,300.0,-105.854581845,2.3668854723636024e-06
Fe2V0.95Ta0.05Al0.9Si0.1,350.0,-107.2733823568,2.7350433763404385e-06
Fe2V0.95Ta0.05Al0.9Si0.1,400.0,-103.9275260058,3.052307334623376e-06
Fe2V0.95Ta0.05Al0.9Si0.1,450.0,-96.44059184326102,3.300015084114384e-06
Fe2V0.95Ta0.05Al0.9Si0.1,500.0,-85.74368131803855,3.4671846120547714e-06
Fe2V0.95Ta0.05Al0.9Si0.1,550.0,-73.07587009392734,3.5523095062680366e-06
Fe2V0.95Ta0.05Al0.9Si0.1,600.0,-59.984659866820245,3.565154305402716e-06
Fe2V0.95Ta0.05Al0.9Si0.1,650.0,-48.326430182027764,3.528549849175241e-06
Fe2V0.95Ta0.05Al0.9Si0.1,700.0,-40.266890251556276,3.480188628612773e-06
Fe2V0.95Ta0.05Al0.9Si0.1,750.0,-38.28153077138655,3.4744201362960714e-06
Ni2MnGa,37.6191,0.34,7.3205
Ni2MnGa,57.9526,-2.07,7.8439
Ni2MnGa,76.9811,-4.49,8.8013
Ni2MnGa,99.2721,-6.90,10.5906
Ni2MnGa,122.2301,-9.65,13.2962
Ni2MnGa,150.4042,-12.30,17.7853
Ni2MnGa,187.6785,-14.15,23.922
Ni2MnGa,218.378,-14.85,27.9066
Ni2MnGa,252.2286,-12.99,32.3688
Ni2MnGa,279.5478,-10.99,37.1638
Ni2MnGa,310.7883,-9.13,44.6853
Ni2MnGa,347.2552,-7.41,56.0358
Ni2MnGa,373.2879,-5.84,62.0243
Ni2MnGa,396.7539,-5.27,62.024
Ni2MnGa0.97Al0.03,27.8499,-0.09,10.6314
Ni2MnGa0.97Al0.03,51.448,-2.55,13.7481
Ni2MnGa0.97Al0.03,71.8187,-5.82,17.6689
Ni2MnGa0.97Al0.03,98.7373,-9.61,23.918
Ni2MnGa0.97Al0.03,123.0437,-13.35,29.933
Ni2MnGa0.97Al0.03,148.6015,-15.86,35.9008
Ni2MnGa0.97Al0.03,174.1242,-17.57,40.7541
Ni2MnGa0.97Al0.03,203.5083,-18.03,45.0828
Ni2MnGa0.97Al0.03,245.9202,-17.98,60.6387
Ni2MnGa0.97Al0.03,269.4048,-17.83,65.2846
Ni2MnGa0.97Al0.03,275.1433,-14.74,62.8092
Ni2MnGa0.97Al0.03,308.3021,-11.98,72.5262
Ni2MnGa0.97Al0.03,340.1848,-9.88,90.8438
Ni2MnGa0.97Al0.03,364.9104,-8.27,99.0788
Ni2MnGa0.97Al0.03,394.8831,-7.26,104.3296
Ni2MnGa0.95Al0.05,18.0992,-0.94,26.557
Ni2MnGa0.95Al0.05,42.3107,-2.50,31.0037
Ni2MnGa0.95Al0.05,61.3639,-5.49,33.8957
Ni2MnGa0.95Al0.05,87.6258,-9.19,37.5528
Ni2MnGa0.95Al0.05,109.3139,-12.74,40.7468
Ni2MnGa0.95Al0.05,132.9534,-16.15,44.9153
Ni2MnGa0.95Al0.05,160.5038,-19.47,51.3582
Ni2MnGa0.95Al0.05,195.1742,-21.45,63.091
Ni2MnGa0.95Al0.05,228.4652,-21.73,75.372
Ni2MnGa0.95Al0.05,242.1062,-20.30,78.5232
Ni2MnGa0.95Al0.05,248.6377,-20.44,79.7476
Ni2MnGa0.95Al0.05,285.6889,-17.16,87.9121
Ni2MnGa0.95Al0.05,320.8074,-14.45,102.2325
Ni2MnGa0.95Al0.05,351.352,-11.59,119.8325
Ni2MnGa0.95Al0.05,374.7251,-8.88,132.8803
Ni2MnGa0.95Al0.05,396.8923,-8.45,139.5222
Ni2MnGa0.90Al0.10,20.6721,-0.09,45.3493
Ni2MnGa0.90Al0.10,39.6841,-2.12,47.2333
Ni2MnGa0.90Al0.10,55.4664,-4.92,48.8285
Ni2MnGa0.90Al0.10,75.8639,-8.81,51.1011
Ni2MnGa0.90Al0.10,92.9885,-12.46,53.3345
Ni2MnGa0.90Al0.10,106.8298,-15.64,55.448
Ni2MnGa0.90Al0.10,126.6037,-20.19,59.0852
Ni2MnGa0.90Al0.10,150.2783,-24.41,64.6401
Ni2MnGa0.90Al0.10,184.3787,-28.29,74.5738
Ni2MnGa0.90Al0.10,213.8351,-30.42,82.1825
Ni2MnGa0.90Al0.10,246.3807,-28.56,89.9564
Ni2MnGa0.90Al0.10,266.4664,-25.28,96.4922
Ni2MnGa0.90Al0.10,301.5332,-21.38,110.948
Ni2MnGa0.90Al0.10,332.6891,-17.58,125.4903
Ni2MnGa0.90Al0.10,357.361,-14.72,139.2312
Ni2MnGa0.90Al0.10,377.4694,-11.96,148.193
Ni2MnGa0.90Al0.10,398.9737,-11.30,149.7019
Ni2MnGa0.85Al0.15,22.6751,-1.13,69.7241
Ni2MnGa0.85Al0.15,38.4286,-3.26,71.1081
Ni2MnGa0.85Al0.15,59.4683,-6.91,73.389
Ni2MnGa0.85Al0.15,75.9424,-10.61,75.4982
Ni2MnGa0.85Al0.15,95.6915,-14.59,78.3738
Ni2MnGa0.85Al0.15,113.4645,-18.15,81.2613
Ni2MnGa0.85Al0.15,135.1649,-21.99,85.1379
Ni2MnGa0.85Al0.15,162.7319,-25.69,90.5588
Ni2MnGa0.85Al0.15,187.6083,-27.53,95.8628
Ni2MnGa0.85Al0.15,205.247,-28.00,99.8257
Ni2MnGa0.85Al0.15,233.2125,-25.86,106.4116
Ni2MnGa0.85Al0.15,258.5225,-22.67,113.0042
Ni2MnGa0.85Al0.15,292.9472,-19.01,124.0887
Ni2MnGa0.85Al0.15,324.7473,-15.02,137.2678
Ni2MnGa0.85Al0.15,353.3199,-11.83,148.8994
Ni2MnGa0.85Al0.15,365.6559,-10.40,152.8653
Ni2MnGa0.85Al0.15,394.3441,-9.87,157.3976
Ni2MnGa0.80Al0.20,27.8437,0.06,110.634
Ni2MnGa0.80Al0.20,48.173,-2.26,111.0852
Ni2MnGa0.80Al0.20,69.1942,-5.49,112.103
Ni2MnGa0.80Al0.20,90.8719,-8.80,113.6894
Ni2MnGa0.80Al0.20,113.2105,-12.31,115.8395
Ni2MnGa0.80Al0.20,140.7651,-15.72,119.1272
Ni2MnGa0.80Al0.20,180.0052,-17.76,124.8201
Ni2MnGa0.80Al0.20,208.7285,-18.03,129.617
Ni2MnGa0.80Al0.20,252.3711,-16.27,139.0055
Ni2MnGa0.80Al0.20,281.0077,-14.55,147.6912
Ni2MnGa0.80Al0.20,314.8294,-12.03,160.3074
Ni2MnGa0.80Al0.20,349.9644,-9.69,174.0991
Ni2MnGa0.80Al0.20,377.298,-8.02,183.1221
Ni2MnGa0.80Al0.20,398.1477,-7.31,187.4895
,,,
,,,
,,,
,,,
,,,
,,,
,,,
,,,
,,,
,,,
,,,
,,,
,,,
,,,
,,,
,,,
,,,
,,,
,,,
,,,
,,,
,,,
,,,
,,,
,,,
,,,
,,,
,,,
,,,
,,,
,,,
,,,
,,,
,,,
,,,
,,,
,,,
,,,
,,,
,,,
,,,
,,,
,,,
,,,
,,,
,,,
,,,
,,,
,,,
,,,
,,,
,,,
,,,
,,,
,,,
,,,
,,,
,,,
,,,
,,,
,,,
,,,
,,,
,,,
,,,
,,,
,,,
,,,
,,,
,,,
,,,
,,,
,,,
,,,
,,,
,,,
,,,
,,,
,,,
,,,
,,,
,,,
,,,
,,,
,,,
,,,
,,,
,,,
,,,
,,,
,,,
,,,
,,,
,,,
,,,
,,,
,,,
,,,
,,,
,,,
,,,
,,,
,,,
,,,
,,,
,,,
,,,
,,,
,,,
,,,
,,,
,,,
,,,
,,,
,,,
,,,
,,,
,,,
,,,
,,,
,,,
,,,
,,,
,,,
,,,
,,,
,,,
,,,
,,,
,,,
,,,
Fe2CoAl,2.5138,1.0473,1.27E-06
Fe2CoAl,22.9273,-0.8559,1.27E-06
Fe2CoAl,43.9779,-2.9054,1.29E-06
Fe2CoAl,78.4342,-5.2477,1.32E-06
Fe2CoAl,111.6193,-7.0045,1.33E-06
Fe2CoAl,144.8044,-8.7613,1.34E-06
Fe2CoAl,182.4505,-11.3964,1.35E-06
Fe2CoAl,221.3735,-14.0315,1.36E-06
Fe2CoAl,267.323,-16.3739,1.37E-06
Fe2CoAl,311.3526,-19.1554,1.37E-06
Fe2CoAl,324.7512,-20.1802,1.37E-06
Fe2CoGa,4.402,-1.7342,4.61E-07
Fe2CoGa,13.3094,-4.955,4.64E-07
Fe2CoGa,37.5108,-11.25,4.70E-07
Fe2CoGa,56.62,-15.9347,4.76E-07
Fe2CoGa,77.6491,-20.1802,4.84E-07
Fe2CoGa,112.068,-26.3288,5.00E-07
Fe2CoGa,150.9551,-32.6239,5.23E-07
Fe2CoGa,184.7413,-38.1869,5.54E-07
Fe2CoGa,226.8253,-44.0428,5.81E-07
Fe2CoGa,263.8184,-48.1419,6.01E-07
Fe2CoGa,300.1788,-51.6554,6.32E-07
Fe2CoGa,321.2308,-53.5586,6.55E-07
Fe2NiAl,3.7879,0.7545,3.28E-07
Fe2NiAl,32.4905,-2.3198,3.39E-07
Fe2NiAl,65.6727,-4.3694,3.52E-07
Fe2NiAl,106.5329,-4.8086,3.62E-07
Fe2NiAl,155.6907,-5.5405,3.80E-07
Fe2NiAl,193.3511,-6.7117,3.86E-07
Fe2NiAl,231.6486,-8.0293,3.98E-07
Fe2NiAl,265.4822,-8.7613,4.08E-07
Fe2NiAl,301.8685,-9.6396,4.19E-07
Fe2NiAl,324.2105,-10.2252,4.22E-07
Fe2NiGa,5.6962,0.0225,2.75E-07
Fe2NiGa,17.8005,-2.759,2.80E-07
Fe2NiGa,42.6865,-4.3694,2.90E-07
Fe2NiGa,69.4793,-6.8581,3.04E-07
Fe2NiGa,91.1742,-8.3221,3.18E-07
Fe2NiGa,126.9076,-10.6644,3.34E-07
Fe2NiGa,157.5458,-11.6892,3.54E-07
Fe2NiGa,190.7266,-13.8851,3.82E-07
Fe2NiGa,219.445,-15.3491,4.10E-07
Fe2NiGa,245.5979,-17.9842,4.27E-07
Fe2NiGa,273.6707,-20.1802,4.47E-07
Fe2NiGa,299.8408,-21.0586,4.73E-07
Fe2NiGa,322.1799,-21.9369,4.98E-07
Co2MnSi,40.6926,-3.02,9.0432
Co2MnSi,84.4156,-3.54,11.4623
Co2MnSi,157.5758,-7.34,16.8705
Co2MnSi,232.4675,-11.80,21.8893
Co2MnSi,297.8355,-15.94,26.4357
Co2MnSi,400.4329,-22.63,34.6208
Co2MnSi0.67Al0.33,12.1212,-0.26,46.0916
Co2MnSi0.67Al0.33,39.3939,-7.10,46.7125
Co2MnSi0.67Al0.33,101.7316,-7.88,49.8635
Co2MnSi0.67Al0.33,153.6797,-10.44,54.1249
Co2MnSi0.67Al0.33,210.3896,-14.83,59.3266
Co2MnSi0.67Al0.33,287.013,-21.53,66.0059
Co2MnSi0.67Al0.33,351.0823,-27.05,71.7997
Co2MnSi0.67Al0.33,401.7316,-31.12,76.9059
Co2MnSi0.33Al0.67,22.5108,-11.31,142.6256
Co2MnSi0.33Al0.67,36.7965,-21.57,142.9595
Co2MnSi0.33Al0.67,45.8874,-22.30,143.2476
Co2MnSi0.33Al0.67,79.6537,-17.75,144.7991
Co2MnSi0.33Al0.67,105.6277,-17.55,146.465
Co2MnSi0.33Al0.67,164.9351,-21.35,151.4577
Co2MnSi0.33Al0.67,223.8095,-27.00,156.6752
Co2MnSi0.33Al0.67,292.2078,-33.97,162.0547
Co2MnSi0.33Al0.67,347.1861,-39.22,166.4719
Co2MnSi0.33Al0.67,396.5368,-43.62,171.0154
Co2MnAl,15.5844,-0.66,199.9911
Co2MnAl,51.0823,-10.32,198.897
Co2MnAl,97.8355,-9.66,198.2749
Co2MnAl,165.368,-13.00,198.3891
Co2MnAl,236.3636,-19.50,198.7069
Co2MnAl,307.7922,-26.07,197.8813
Co2MnAl,369.2641,-30.60,197.6018
Co2MnAl,403.0303,-32.37,198.5105
Co2FeAl,13.4199,-0.20,83.9962
Co2FeAl,58.4416,-8.74,84.23
Co2FeAl,100.4329,-10.25,85.851
Co2FeAl,166.2338,-14.58,88.8102
Co2FeAl,235.0649,-19.96,90.8697
Co2FeAl,299.1342,-23.83,93.6415
Co2FeAl,357.1429,-27.57,97.0443
Co2FeAl,401.2987,-29.93,99.9483
Co2TiAl,6.9085,-12.86,0.1325
Co2TiAl,38.413,-22.93,0.14
Co2TiAl,60.1829,-31.92,0.1866
Co2TiAl,90.6054,-39.42,0.2872
Co2TiAl,124.332,-44.35,0.418
Co2TiAl,175.5857,-49.07,0.5794
Co2TiAl,275.7073,-50.60,0.7169
Co2TiAl,448.6716,-52.57,0.9092
Co2TiAl,611.9012,-53.47,1.118
Co2TiAl,765.5043,-54.65,1.2787
Co2TiAl,846.2362,-55.03,1.3302
Co2VAl,15.5395,-0.09,1.1759
Co2VAl,69.2997,-3.25,1.1947
Co2VAl,127.7589,-10.32,1.23
Co2VAl,194.1869,-18.33,1.2662
Co2VAl,254.5541,-27.34,1.2836
Co2VAl,305.8249,-32.27,1.2923
Co2VAl,342.9067,-35.28,1.2982
Co2VAl,423.6273,-35.51,1.311
Co2VAl,558.8146,-36.76,1.3287
Co2VAl,701.0253,-38.08,1.3409
Co2VAl,814.2538,-38.97,1.3477
Co2NbAl,18.0801,1.05,1.35
Co2NbAl,94.4999,-0.26,1.463
Co2NbAl,197.6457,-6.70,1.7289
Co2NbAl,270.2085,-14.64,1.9112
Co2NbAl,330.5245,-23.00,2.0722
Co2NbAl,378.2182,-27.08,2.1668
Co2NbAl,436.2905,-29.31,2.1968
Co2NbAl,557.3742,-29.70,2.2164
Co2NbAl,697.802,-30.66,2.2622
Co2NbAl,842.5362,-30.63,2.3078
Fe2VAl,300.9457,-54.17,29.9938
Fe2VAl,365.1643,-44.77,25.4434
Fe2VAl,445.8307,-34.29,20.0026
Fe2VAl,509.3189,-26.10,15.8704
Fe2VAl,584.4138,-18.38,11.0751
Fe2CoAl,298.5633,-19.99,5.2922
Fe2CoAl,382.4241,-22.94,5.5638
Fe2CoAl,471.5197,-25.65,5.6233
Fe2CoAl,528.8013,-27.77,5.6162
Fe2CoAl,584.9549,-29.53,5.6276
Fe2CoAl,297.351,-14.00,1.3653
Fe2CoAl,401.7521,-14.30,1.501
Fe2CoAl,487.0701,-14.61,1.4149
Fe2CoAl,537.2154,-14.94,1.3632
Fe2CoAl,586.6123,-15.27,1.3571
CeCoGe2,9.6077,6.67,51.9317
CeCoGe2,23.0584,18.40,60.7394
CeCoGe2,36.269,27.47,73.2352
CeCoGe2,55.004,33.72,86.9949
CeCoGe2,76.3811,35.53,94.603
CeCoGe2,110.9688,32.77,101.5169
CeCoGe2,149.1593,28.13,105.6065
CeCoGe2,188.0705,22.54,107.6746
CeCoGe2,231.5452,16.95,109.6048
CeCoGe2,255.0841,14.39,110.8197
CeCoGe2,299.0392,9.92,113.7763
LaCoGe2,9.3529,-0.33,35.4863
LaCoGe2,20.8363,-0.55,36.4715
LaCoGe2,39.1495,0.02,38.2716
LaCoGe2,73.6023,-0.55,42.3357
LaCoGe2,128.6681,-2.08,50.2818
LaCoGe2,219.2346,-4.78,65.5662
LaCoGe2,298.9626,-7.01,79.4755
PrInAg2,5.2905,-0.13,13.3256
PrInAg2,12.5,-0.74,14.4361
PrInAg2,34.928,-1.51,17.7448
PrInAg2,76.5309,-1.98,23.3653
PrInAg2,137.2938,-2.08,30.6407
PrInAg2,183.2574,-2.42,35.6696
PrInAg2,219.4155,-2.67,39.4992
PrInAg2,262.3306,-2.96,44.0623
PrInAg2,285.6288,-3.02,46.6082
PrInCu2,12.7169,-0.14,29.0183
PrInCu2,37.1025,-0.58,30.1457
PrInCu2,65.0649,-0.35,32.0219
PrInCu2,129.8875,-0.50,37.616
PrInCu2,194.1103,-1.02,42.9427
PrInCu2,243.4735,-1.49,46.7428
PrInCu2,286.0797,-1.92,50.3402
LaInAg2,11.4455,-0.53,X
LaInAg2,43.0372,-1.56,X
LaInAg2,86.9784,-1.91,X
LaInAg2,110.3381,-2.28,X
LaInAg2,142.4,-2.30,X
LaInAg2,190.0475,-2.62,X
LaInAg2,238.696,-2.89,X
LaInAg2,285.2789,-2.96,X
LaInCu2,14.411,-0.17,X
LaInCu2,32.7634,-0.81,X
LaInCu2,81.7766,-1.22,X
LaInCu2,113.9,-1.54,X
LaInCu2,177.1138,-2.08,X
LaInCu2,225.8078,-2.57,X
LaInCu2,266.3676,-2.89,X
LaInCu2,284.2654,-2.96,X
Fe2VAl,299.8866,-128.84,X
Fe2VAl,330.9511,-113.64,X
Fe2VAl,384.509,-89.75,X
Fe2VAl,441.3545,-67.48,X
Fe2VAl,487.5651,-49.02,X
Fe2VAl,553.8792,-34.50,X
Fe2VAl,616.5304,-24.67,X
Co2MnSi,325.1895,-22.95,4.0816326530612245e-05
Co2MnSi,419.595,-28.50,4.830917874396135e-05
Co2MnSi,468.791,-31.21,5.2631578947368424e-05
Co2MnSi,546.037,-34.09,6.0240963855421684e-05
Co2MnSi,627.1903,-36.22,6.944444444444444e-05
Co2MnSi,682.5818,-37.28,7.751937984496124e-05
Co2MnSi,729.3402,-39.72,8.620689655172413e-05
Co2MnSi,784.468,-38.72,0.0001001001001001001
Co2MnSi,823.091,-40.16,0.00011299435028248587
Co2MnSi,884.7263,-39.96,0.00014124293785310735
Co2MnSi,921.7301,-41.26,0.00016366612111292964
Co2MnSi,983.9992,-39.75,0.000211864406779661
Co2MnSi,1029.4,-37.46,0.00025188916876574307
Co2MnSi(SiC)0.02,328.2609,-21.92,0.3833914810412913
Co2MnSi(SiC)0.02,368.67,-24.80,4.184100418410042e-05
Co2MnSi(SiC)0.02,414.3728,-25.25,4.184100418410042e-05
Co2MnSi(SiC)0.02,523.9013,-30.08,5.076142131979695e-05
Co2MnSi(SiC)0.02,579.3543,-31.63,5.2356020942408376e-05
Co2MnSi(SiC)0.02,634.2173,-34.81,5.8139534883720933e-05
Co2MnSi(SiC)0.02,682.4763,-36.46,6.622516556291391e-05
Co2MnSi(SiC)0.02,732.9619,-36.74,7.692307692307693e-05
Co2MnSi(SiC)0.02,776.3677,-38.00,8.695652173913044e-05
Co2MnSi(SiC)0.02,928.6078,-38.69,0.00013966480446927373
Co2MnSi(SiC)0.02,1026.9,-36.94,0.00020120724346076458
Co2MnSi(SiC)0.04,332.9647,-21.13,2.915451895043732e-05
Co2MnSi(SiC)0.04,429.9835,-28.33,3.663003663003663e-05
Co2MnSi(SiC)0.04,479.5628,-27.78,4.0816326530612245e-05
Co2MnSi(SiC)0.04,526.3652,-30.56,4.5045045045045046e-05
Co2MnSi(SiC)0.04,627.6,-33.17,5.555555555555556e-05
Co2MnSi(SiC)0.04,679.7312,-33.79,6.25e-05
Co2MnSi(SiC)0.04,731.3735,-36.84,7.042253521126761e-05
Co2MnSi(SiC)0.04,784.1077,-35.91,8.064516129032258e-05
Co2MnSi(SiC)0.04,824.4773,-38.48,9.009009009009009e-05
Co2MnSi(SiC)0.04,928.7967,-40.16,0.00012706480304955527
Co2MnSi(SiC)0.04,971.327,-40.85,0.000151285930408472
Co2MnSi(SiC)0.04,1026.6,-40.64,0.0002
Co2MnSi(SiC)0.06,337.0961,-22.13,3.745318352059925e-05
Co2MnSi(SiC)0.06,370.9318,-23.70,3.968253968253968e-05
Co2MnSi(SiC)0.06,475.572,-27.89,4.926108374384237e-05
Co2MnSi(SiC)0.06,583.288,-31.08,6.329113924050633e-05
Co2MnSi(SiC)0.06,682.2215,-34.47,8e-05
Co2MnSi(SiC)0.06,777.1026,-37.49,0.0001002004008016032
Co2MnSi(SiC)0.06,824.4421,-38.21,0.00011337868480725624
Co2MnSi(SiC)0.06,878.1441,-38.59,0.00013315579227696404
Co2MnSi(SiC)0.06,976.8447,-40.16,0.0001976284584980237
Co2MnSi(SiC)0.06,1023.4,-34.92,0.00026041666666666666
Fe2V1.02Al0.98,118.9363,-102.59,2.7508
Fe2V1.02Al0.98,180.5802,-135.25,3.4787
Fe2V1.02Al0.98,241.4182,-154.92,4.246
Fe2V1.02Al0.98,271.2329,-155.31,4.5671
Fe2V1.02Al0.98,330.8622,-133.45,4.8513
Fe2V1.02Al0.98,390.8944,-96.90,4.7019
Fe2V1.02Al0.98,481.5471,-47.75,4.0666
Fe2V1.02Al0.98,539.9678,-28.83,3.6936
Fe2V1.02Al0.98,600.4029,-20.39,3.4246
Fe2V1.03Al0.97,120.145,-97.55,2.1633
Fe2V1.03Al0.97,209.589,-140.26,3.0554
Fe2V1.03Al0.97,271.2329,-155.31,3.7352
Fe2V1.03Al0.97,361.0798,-135.10,4.3708
Fe2V1.03Al0.97,420.3062,-109.46,4.4485
Fe2V1.03Al0.97,483.1587,-79.21,4.2541
Fe2V1.03Al0.97,538.7591,-55.67,3.9759
Fe2V1.03Al0.97,600.4029,-40.52,3.7282
Fe2V1.08Al0.92,119.3392,-50.99,1.1345
Fe2V1.08Al0.92,211.2006,-86.99,1.6391
Fe2V1.08Al0.92,301.4504,-107.47,2.1983
Fe2V1.08Al0.92,390.0886,-115.78,2.8299
Fe2V1.08Al0.92,450.5238,-116.15,3.2213
Fe2V1.08Al0.92,538.7591,-102.23,3.5925
Fe2V1.08Al0.92,599.1942,-87.92,3.6972
Fe2V0.93Al1.07,120.145,18.22,0.5156
Fe2V0.93Al1.07,241.0153,35.94,0.8871
Fe2V0.93Al1.07,332.8767,47.76,1.26
Fe2V0.93Al1.07,420.3062,59.16,1.6429
Fe2V0.93Al1.07,480.7413,64.24,1.9188
Fe2V0.93Al1.07,541.9823,61.78,2.1862
Fe2V0.93Al1.07,600.0,59.31,2.4049
Fe2V0.95Al1.07,119.3392,27.45,0.7001
Fe2V0.95Al1.07,210.7977,40.11,0.9426
Fe2V0.95Al1.07,301.4504,52.35,1.2366
Fe2V0.95Al1.07,390.8944,62.91,1.6249
Fe2V0.95Al1.07,479.5326,68.86,2.0161
Fe2V0.95Al1.07,539.5649,66.81,2.2587
Fe2V0.95Al1.07,600.4029,57.63,2.4747
Fe2V0.985Al1.07,118.9363,62.26,2.398
Fe2V0.985Al1.07,180.9831,76.16,2.4238
Fe2V0.985Al1.07,270.4271,90.08,2.4741
Fe2V0.985Al1.07,298.2272,93.03,2.5402
Fe2V0.985Al1.07,328.0419,93.06,2.6409
Fe2V0.985Al1.07,390.0886,75.49,2.7423
Fe2V0.985Al1.07,448.1064,57.93,2.7409
Fe2V0.985Al1.07,540.7736,35.35,2.7454
Fe2V0.985Al1.07,598.7913,24.08,2.7912
Fe2CoGa,298.2659,-43.8816,5.83E-07
Fe2CoGa,345.8569,-45.7237,6.40E-07
Fe2CoGa,391.0045,-47.3026,6.93E-07
Fe2CoGa,434.5111,-47.9605,7.52E-07
Fe2CoGa,486.1457,-48.4868,8.20E-07
Fe2CoGa,538.1804,-48.6184,8.92E-07
Fe2CoGa,597.9343,-48.4868,9.84E-07
Fe1.75Co1.25Ga,301.1211,-44.3749,4.93E-07
Fe1.75Co1.25Ga,344.1704,-46.4518,5.38E-07
Fe1.75Co1.25Ga,391.2556,-48.9208,5.98E-07
Fe1.75Co1.25Ga,445.5157,-50.7272,6.63E-07
Fe1.75Co1.25Ga,497.5336,-52.0088,7.29E-07
Fe1.75Co1.25Ga,550.4484,-52.2371,8.09E-07
Fe1.75Co1.25Ga,597.5336,-51.943,8.78E-07
Fe1.50Co1.50Ga,301.5695,-37.5325,3.85E-07
Fe1.50Co1.50Ga,345.0673,-40.5302,4.06E-07
Fe1.50Co1.50Ga,397.0852,-42.7328,4.36E-07
Fe1.50Co1.50Ga,443.722,-45.2021,4.76E-07
Fe1.50Co1.50Ga,490.8072,-46.6185,5.15E-07
Fe1.50Co1.50Ga,536.9955,-47.3776,5.61E-07
Fe1.50Co1.50Ga,599.7758,-47.9942,6.28E-07
Fe1.25Co1.75Ga,302.4664,-30.4266,3.97E-07
Fe1.25Co1.75Ga,363.4529,-32.8865,4.42E-07
Fe1.25Co1.75Ga,421.7489,-35.6113,5.10E-07
Fe1.25Co1.75Ga,476.9058,-37.6803,5.81E-07
Fe1.25Co1.75Ga,517.713,-38.3113,6.38E-07
Fe1.25Co1.75Ga,560.3139,-38.5464,7.08E-07
Fe1.25Co1.75Ga,598.4305,-38.6529,7.83E-07
FeCo2Ga,304.9021,-11.6333,2.20E-07
FeCo2Ga,352.7865,-12.9561,2.51E-07
FeCo2Ga,393.1708,-13.7759,2.74E-07
FeCo2Ga,443.3629,-14.42,3.13E-07
FeCo2Ga,499.3241,-14.7217,3.69E-07
FeCo2Ga,551.8238,-14.8565,4.30E-07
FeCo2Ga,600.285,-15.1632,4.78E-07
GdPd2Bi,11.1111,0.64,213.7599
GdPd2Bi,14.8148,0.71,213.8711
GdPd2Bi,38.4615,-0.39,213.1466
GdPd2Bi,67.5214,-1.12,209.4409
GdPd2Bi,83.1909,-1.30,205.257
GdPd2Bi,119.0883,-1.14,187.3559
GdPd2Bi,147.2934,-1.31,174.5381
GdPd2Bi,192.5926,-1.97,166.99
GdPd2Bi,224.7863,-2.49,170.0877
GdPd2Bi,237.8917,-2.71,170.961
GdPd2Bi,267.8063,-3.00,172.826
Fe1.94Re0.06V0.94Ti0.14Al0.92,310.3957,101.1739,12.997
Fe1.94Re0.06V0.94Ti0.14Al0.92,411.3438,79.2819,9.4304
Fe1.94Re0.06V0.94Ti0.14Al0.92,526.0801,45.0284,6.6678
Fe1.94Re0.06V0.94Ti0.14Al0.92,631.1499,22.0134,5.2457
Fe1.94Re0.06V0.94Ti0.14Al0.92,716.266,10.0936,4.5806
Fe1.94Re0.06V0.94Ti0.14Al0.92,799.9823,3.0913,4.01
Fe1.94Re0.06V0.90Ti0.18Al0.92,310.382,103.5626,4.8344
Fe1.94Re0.06V0.90Ti0.18Al0.92,359.7478,106.5273,5.1675
Fe1.94Re0.06V0.90Ti0.18Al0.92,451.7162,95.7335,5.3034
Fe1.94Re0.06V0.90Ti0.18Al0.92,561.6441,62.7433,4.912
Fe1.94Re0.06V0.90Ti0.18Al0.92,651.6328,38.319,4.4005
Fe1.94Re0.06V0.90Ti0.18Al0.92,726.4762,23.7264,4.0103
Fe1.94Re0.06V0.90Ti0.18Al0.92,775.907,15.3094,3.8348
Fe1.94Re0.06V0.82Ti0.26Al0.92,313.9198,84.5941,2.4507
Fe1.94Re0.06V0.82Ti0.26Al0.92,412.6144,96.9872,2.8743
Fe1.94Re0.06V0.82Ti0.26Al0.92,472.9742,96.4421,3.1396
Fe1.94Re0.06V0.82Ti0.26Al0.92,582.1255,79.3299,3.4433
Fe1.94Re0.06V0.82Ti0.26Al0.92,678.9688,55.61,3.4098
Fe1.94Re0.06V0.82Ti0.26Al0.92,777.1679,34.7008,3.2506
Fe1.94Re0.06V0.78Ti0.30Al0.92,309.8624,74.4758,1.8929
Fe1.94Re0.06V0.78Ti0.30Al0.92,408.553,87.5715,2.3372
Fe1.94Re0.06V0.78Ti0.30Al0.92,462.7239,89.835,2.5788
Fe1.94Re0.06V0.78Ti0.30Al0.92,545.0547,85.2211,2.905
Fe1.94Re0.06V0.78Ti0.30Al0.92,628.8128,70.9121,3.142
Fe1.94Re0.06V0.78Ti0.30Al0.92,713.276,53.2309,3.2403
Fe1.94Re0.06V0.78Ti0.30Al0.92,775.0798,40.0398,3.2129
Fe1.94Re0.06V0.74Ti0.34Al0.92,312.6412,68.294,2.5901
Fe1.94Re0.06V0.74Ti0.34Al0.92,418.874,81.8133,3.26
Fe1.94Re0.06V0.74Ti0.34Al0.92,472.3501,85.6222,3.5309
Fe1.94Re0.06V0.74Ti0.34Al0.92,571.823,81.8563,3.9147
Fe1.94Re0.06V0.74Ti0.34Al0.92,684.4076,64.0425,4.1432
Fe1.94Re0.06V0.74Ti0.34Al0.92,768.8708,46.3613,4.0284
Fe2VAl,300.0824,85.106100,582.8767
Fe2VAl,450.3905,45.342200,384.0409
Fe2VAl,599.9199,16.630800,321.954
Fe2V1.02Al0.98,117.6942,-102.9371,273.5677
Fe2V1.02Al0.98,178.799,-135.664300,342.3118
Fe2V1.02Al0.98,239.1353,-156.433600,420.4646
Fe2V1.02Al0.98,269.1113,-156.433600,452.9185
Fe2V1.02Al0.98,359.0392,-117.412600,483.3742
Fe2V1.02Al0.98,451.273,-63.286700,425.8863
Fe2V1.02Al0.98,510.8407,-38.741300,381.9997
Fe2V1.02Al0.98,601.1529,-22.377600,337.0603
Fe2V1.03Al0.97,117.6942,-97.272700,211.0466
Fe2V1.03Al0.97,206.4692,-140.489500,295.2468
Fe2V1.03Al0.97,267.5741,-155.804200,361.2987
Fe2V1.03Al0.97,358.6549,-135.454500,431.4562
Fe2V1.03Al0.97,450.1201,-94.755200,434.6195
Fe2V1.03Al0.97,539.6637,-58.042000,397.8373
Fe2V1.03Al0.97,598.4628,-42.517500,368.0214
Fe2V1.08Al0.92,118.0785,-53.846200,104.1594
Fe2V1.08Al0.92,234.1393,-94.755200,175.8446
Fe2V1.08Al0.92,330.9848,-109.021000,242.5849
Fe2V1.08Al0.92,420.9127,-118.461500,301.9848
Fe2V1.08Al0.92,479.7118,-115.314700,333.9861
Fe2V1.08Al0.92,540.048,-105.244800,357.0131
Fe2V1.08Al0.92,600.0,-89.510500,367.3605
Fe2V0.93Al1.07,117.7072,16.365700,51.0275
Fe2V0.93Al1.07,242.7098,35.470800,91.2326
Fe2V0.93Al1.07,331.2159,46.606800,128.7873
Fe2V0.93Al1.07,419.3546,57.343500,167.2912
Fe2V0.93Al1.07,505.6707,62.089200,203.285
Fe2V0.93Al1.07,600.139,57.243200,242.016
Fe2V0.95Al1.05,118.7738,27.283900,65.7209
Fe2V0.95Al1.05,238.9893,43.861700,99.1082
Fe2V0.95Al1.05,299.8269,54.347200,122.9672
Fe2V0.95Al1.05,390.9309,61.353900,162.637
Fe2V0.95Al1.05,450.6823,66.247500,188.8363
Fe2V0.95Al1.05,508.9721,67.280500,213.7767
Fe2V0.95Al1.05,601.2513,55.777900,253.211
Fe2V0.97Al1.03,119.8398,38.335200,79.3278
Fe2V0.97Al1.03,211.669,48.803600,101.3978
Fe2V0.97Al1.03,329.6724,64.983100,146.8567
Fe2V0.97Al1.03,420.7828,70.258800,187.7096
Fe2V0.97Al1.03,508.244,64.617700,222.9294
Fe2V0.97Al1.03,600.9152,46.856600,245.3877
Fe2V0.985Al1.015,119.7573,60.705500,242.8882
Fe2V0.985Al1.015,206.7612,79.032700,240.5275
Fe2V0.985Al1.015,271.2917,88.584100,250.5745
Fe2V0.985Al1.015,330.6863,90.149000,262.3693
Fe2V0.985Al1.015,417.479,65.733300,273.2613
Fe2V0.985Al1.015,511.65,41.446700,274.5561
Fe2V0.985Al1.015,599.1619,22.090600,283.2734
Fe2VAl,3.0519,5.574900,2.29E+03
Fe2VAl,73.2452,49.477400,1.74E+03
Fe2VAl,166.8362,74.564500,1.46E+03
Fe2VAl,270.6002,67.247400,1.03E+03
Fe2VAl,468.9725,34.146300,491.7004
Fe2VAl,661.2411,5.923300,354.0328
Fe2VAl,865.7172,-4.878000,319.2563
Fe2V0.85W0.15Al,8.1384,-4.878000,600.718
Fe2V0.85W0.15Al,100.7121,-64.111500,642.9254
Fe2V0.85W0.15Al,173.9573,-100.696900,722.8137
Fe2V0.85W0.15Al,267.5483,-125.087100,788.4726
Fe2V0.85W0.15Al,378.4334,-100.696900,771.268
Fe2V0.85W0.15Al,521.8718,-49.825800,679.9685
Fe2V0.85W0.15Al,664.293,-19.163800,580.7656
Fe2V0.85W0.15Al,771.1089,-25.784000,523.148
Fe2V0.85W0.15Al,819.939,-25.784000,505.6531
Fe2V0.8W0.2Al,9.1556,-3.832800,273.2538
Fe2V0.8W0.2Al,79.3489,-43.205600,302.2312
Fe2V0.8W0.2Al,157.6806,-80.139400,351.158
Fe2V0.8W0.2Al,209.5626,-98.954700,388.0978
Fe2V0.8W0.2Al,267.5483,-112.195100,429.143
Fe2V0.8W0.2Al,371.3123,-101.045300,488.5429
Fe2V0.8W0.2Al,527.9756,-71.777000,520.1256
Fe2V0.8W0.2Al,720.2442,-43.554000,481.7019
Fe2V0.8W0.2Al,824.0081,-34.843200,450.9671
Fe2V0.95W0.05Al,2.0346,-8.013900,525.6676
Fe2V0.95W0.05Al,82.4008,-70.731700,572.827
Fe2V0.95W0.05Al,160.7325,-110.104500,656.5878
Fe2V0.95W0.05Al,246.1851,-132.404200,710.8477
Fe2V0.95W0.05Al,346.8973,-117.421600,663.1493
Fe2V0.95W0.05Al,436.4191,-70.383300,567.3326
Fe2V0.95W0.05Al,572.7365,-32.752600,430.3729
Fe2V0.95W0.05Al,668.3622,-22.299700,385.3523
Fe2V0.95W0.05Al,817.9044,-18.118500,346.9616
Fe2V0.9W0.1Al,15.2594,-10.104500,493.9125
Fe2V0.9W0.1Al,88.5046,-83.972100,538.0043
Fe2V0.9W0.1Al,195.3204,-135.540100,750.1571
Fe2V0.9W0.1Al,268.5656,-158.536600,847.7425
Fe2V0.9W0.1Al,410.9868,-118.815300,866.6371
Fe2V0.9W0.1Al,523.9064,-77.700300,791.2228
Fe2V0.9W0.1Al,662.2584,-46.341500,685.9774
Fe2V0.9W0.1Al,762.9705,-31.010500,636.9709
Fe2V0.9W0.1Al,814.8525,-29.616700,617.6801
Fe2VAl,7.3949,2.935600,2.91E+03
Fe2VAl,58.1922,13.488400,2.53E+03
Fe2VAl,142.0574,23.639200,2.24E+03
Fe2VAl,212.2031,32.512000,1.87E+03
Fe2VAl,287.0255,41.893700,1.49E+03
Fe1.98V1.02Al,6.4927,-4.254100,X
Fe1.98V1.02Al,43.0638,-20.011700,3.11E+03
Fe1.98V1.02Al,78.7118,-38.498100,3.05E+03
Fe1.98V1.02Al,120.0083,-64.155600,2.90E+03
Fe1.98V1.02Al,157.8584,-86.601000,2.74E+03
Fe1.98V1.02Al,185.069,-101.889500,2.62E+03
Fe1.98V1.02Al,217.5501,-110.223800,2.47E+03
Fe1.98V1.02Al,242.8136,-109.408700,2.37E+03
Fe1.98V1.02Al,275.5313,-101.633300,2.26E+03
Fe1.98V1.02Al,298.2576,-91.903500,2.21E+03
Fe1.95V1.05Al,5.8735,-5.247100,4.58E+03
Fe1.95V1.05Al,36.8807,-31.925100,4.16E+03
Fe1.95V1.05Al,87.2698,-67.470100,3.76E+03
Fe1.95V1.05Al,131.3923,-97.084900,3.52E+03
Fe1.95V1.05Al,183.3052,-124.942800,3.16E+03
Fe1.95V1.05Al,226.398,-134.486200,2.79E+03
Fe1.95V1.05Al,263.506,-131.655000,2.48E+03
Fe1.95V1.05Al,287.182,-124.896500,2.30E+03
Fe1.89V1.11Al,7.7161,0.953900,X
Fe1.89V1.11Al,44.3,-17.529900,8.10E+03
Fe1.89V1.11Al,76.8228,-34.786000,6.95E+03
Fe1.89V1.11Al,138.6899,-56.667700,5.00E+03
Fe1.89V1.11Al,194.3298,-81.045500,3.81E+03
Fe1.89V1.11Al,249.311,-97.990100,2.95E+03
Fe1.89V1.11Al,276.474,-103.117600,2.59E+03
Fe1.89V1.11Al,298.0083,-105.287100,2.30E+03
Fe2VGa,8.267,6.740700,278.6886
Fe2VGa,37.9886,20.326800,290.8814
Fe2VGa,87.1072,30.003500,292.0381
Fe2VGa,133.002,34.577100,284.6924
Fe2VGa,200.8404,35.098900,277.1361
Fe2VGa,253.0635,34.290000,273.3794
Fe2VGa,287.451,33.313100,270.9283
Fe1.98V1.02Ga,9.1723,0.185900,334.145
Fe1.98V1.02Ga,46.4004,-4.138300,325.7508
Fe1.98V1.02Ga,88.41,-7.873700,320.8601
Fe1.98V1.02Ga,136.2046,-4.754600,316.9716
Fe1.98V1.02Ga,188.1861,4.488700,309.4769
Fe1.98V1.02Ga,245.2765,15.486500,294.9232
Fe1.98V1.02Ga,300.0997,21.528200,290.3062
Fe1.95V1.05Ga,8.493,-5.351100,406.4331
Fe1.95V1.05Ga,25.5971,-17.567500,405.2111
Fe1.95V1.05Ga,58.8532,-41.564400,395.4919
Fe1.95V1.05Ga,95.6581,-59.583700,378.0172
Fe1.95V1.05Ga,126.4945,-66.829600,362.229
Fe1.95V1.05Ga,160.8852,-67.369400,346.7191
Fe1.95V1.05Ga,217.332,-57.246500,327.0499
Fe1.95V1.05Ga,287.8652,-37.490600,302.1146
Fe1.89V1.11Ga,8.1979,-2.292000,638.8437
Fe1.89V1.11Ga,54.9435,-11.412000,648.8887
Fe1.89V1.11Ga,108.6844,-21.980100,618.9834
Fe1.89V1.11Ga,164.6602,-31.816900,573.9328
Fe1.89V1.11Ga,207.9393,-36.133500,532.7594
Fe1.89V1.11Ga,255.3853,-36.948400,489.3404
Fe1.89V1.11Ga,298.7134,-34.854700,458.542
TiMnSi2,387.8561,12.6368,22.2764
TiMnSi2,582.6676,16.9605,17.7181
TiMnSi2,777.5123,20.4565,11.2394
TiMnSi2,888.1569,22.6396,13.3927
TiMnSi2,989.2148,23.772,22.4902
TiMnSi2,1181.7,27.134,67.6669
Fe2VAl,10.3321,2.8546,2.88E-05
Fe2VAl,86.5314,16.4112,2.49E-05
Fe2VAl,151.107,23.7799,2.17E-05
Fe2VAl,223.4317,33.2226,1.81E-05
Fe2VAl,287.3616,40.5895,1.45E-05
Fe1.98V1.02Al,7.1976,-2.8571,3.09E-05
Fe1.98V1.02Al,57.0842,-27.3466,3.05E-05
Fe1.98V1.02Al,114.5167,-59.804,2.92E-05
Fe1.98V1.02Al,163.1457,-90.9555,2.74E-05
Fe1.98V1.02Al,210.9362,-109.4587,2.51E-05
Fe1.98V1.02Al,246.9887,-110.0189,2.36E-05
Fe1.98V1.02Al,298.9714,-91.8891,2.18E-05
Fe1.95V1.05Al,7.3988,-5.6379,4.61E-05
Fe1.95V1.05Al,58.0079,-47.5761,4.04E-05
Fe1.95V1.05Al,107.1847,-81.1769,3.67E-05
Fe1.95V1.05Al,161.6134,-115.5208,3.37E-05
Fe1.95V1.05Al,203.6285,-132.0806,3.03E-05
Fe1.95V1.05Al,244.2112,-134.6157,2.68E-05
Fe1.95V1.05Al,288.6136,-125.3859,2.32E-05
Fe1.89V1.11Al,8.6359,0.5685,1.15E-04
Fe1.89V1.11Al,63.2604,-27.5025,7.50E-05
Fe1.89V1.11Al,120.9196,-49.0233,5.66E-05
Fe1.89V1.11Al,170.3418,-69.8796,4.46E-05
Fe1.89V1.11Al,233.6369,-95.171,3.22E-05
Fe1.89V1.11Al,299.0996,-105.3076,2.32E-05
Fe2VGa,9.6398,6.8686,2.78E-06
Fe2VGa,50.4237,22.1935,2.96E-06
Fe2VGa,107.5212,32.0995,2.91E-06
Fe2VGa,171.2924,34.8788,2.87E-06
Fe2VGa,240.2542,33.587,2.79E-06
Fe2VGa,287.7119,32.614,2.77E-06
Fe1.98V1.02Ga,10.3814,-0.2638,3.39E-06
Fe1.98V1.02Ga,92.6907,-7.9964,3.26E-06
Fe1.98V1.02Ga,146.822,-3.5281,3.22E-06
Fe1.98V1.02Ga,215.0424,9.4457,3.09E-06
Fe1.98V1.02Ga,262.5,17.6439,2.98E-06
Fe1.98V1.02Ga,299.5763,20.3973,2.96E-06
Fe1.95V1.05Ga,10.3814,-5.0193,4.10E-06
Fe1.95V1.05Ga,45.2331,-30.461,4.06E-06
Fe1.95V1.05Ga,77.1186,-51.8295,3.95E-06
Fe1.95V1.05Ga,117.161,-65.7173,3.71E-06
Fe1.95V1.05Ga,146.822,-68.4059,3.60E-06
Fe1.95V1.05Ga,181.6737,-64.9753,3.48E-06
Fe1.95V1.05Ga,236.5466,-53.3731,3.29E-06
Fe1.95V1.05Ga,290.678,-37.6956,3.09E-06
Fe1.89V1.11Ga,10.3814,-2.6415,6.43E-06
Fe1.89V1.11Ga,71.928,-14.4704,6.50E-06
Fe1.89V1.11Ga,137.1822,-26.6353,6.07E-06
Fe1.89V1.11Ga,201.6949,-36.4233,5.49E-06
Fe1.89V1.11Ga,255.8263,-37.3897,5.02E-06
Fe1.89V1.11Ga,298.8347,-35.6496,4.69E-06
Fe2VAl,10.2911,-9.6889,9.92E-05
Fe2VAl,41.1578,-35.9240,1.20E-04
Fe2VAl,78.0144,-62.0126,1.28E-04
Fe2VAl,121.7083,-84.3125,1.13E-04
Fe2VAl,165.9641,-102.8356,1.04E-04
Fe2VAl,216.7683,-115.9524,9.54E-05
Fe2VAl,262.9888,-120.4481,8.55E-05
Fe2VAl,316.6076,-116.9737,7.49E-05
Fe2VAl,348.2581,-111.6538,7.11E-05
Fe2.05VAl0.95,9.9963,-5.5093,6.15E-05
Fe2.05VAl0.95,69.9444,-25.6204,6.99E-05
Fe2.05VAl0.95,118.7727,-47.9104,8.54E-05
Fe2.05VAl0.95,165.3047,-63.8671,8.81E-05
Fe2.05VAl0.95,218.9619,-77.2481,8.10E-05
Fe2.05VAl0.95,286.0144,-85.6141,7.39E-05
Fe2.05VAl0.95,313.1108,-84.6180,7.10E-05
Fe2.05VAl0.95,347.622,-82.9334,6.66E-05
Fe2.03VAl0.97,10.2846,-6.8572,8.32E-05
Fe2.03VAl0.97,47.136,-30.6535,1.03E-04
Fe2.03VAl0.97,79.7019,-51.4916,1.24E-04
Fe2.03VAl0.97,122.248,-70.8271,1.16E-04
Fe2.03VAl0.97,173.9175,-88.1224,9.90E-05
Fe2.03VAl0.97,227.856,-99.7499,9.16E-05
Fe2.03VAl0.97,268.9408,-103.7160,8.41E-05
Fe2.03VAl0.97,318.2834,-101.3286,7.50E-05
Fe2.03VAl0.97,344.2323,-97.5030,7.17E-05
Fe2.10VAl0.90,11.9822,-0.7860,4.29E-05
Fe2.10VAl0.90,51.3608,-7.0478,4.31E-05
Fe2.10VAl0.90,110.1421,-15.8342,4.69E-05
Fe2.10VAl0.90,173.7809,-28.2521,5.27E-05
Fe2.10VAl0.90,219.7343,-40.7040,5.60E-05
Fe2.10VAl0.90,270.528,-49.2362,5.75E-05
Fe2.10VAl0.90,319.0293,-53.1880,5.62E-05
Fe2.10VAl0.90,349.2673,-53.9388,5.37E-05
Fe2VAl,99.8643,35.1305,X
Fe2VAl,157.3144,44.3758,X
Fe2VAl,220.0438,49.1011,X
Fe2VAl,319.8589,51.6688,X
Fe2VAl0.97Ce0.03,12.1938,-17.3815,1.28E-04
Fe2VAl0.97Ce0.03,49.1011,-59.9109,1.29E-04
Fe2VAl0.97Ce0.03,97.5302,-93.4199,1.33E-04
Fe2VAl0.97Ce0.03,165.3701,-131.4613,1.42E-04
Fe2VAl0.97Ce0.03,220.0473,-150.1020,1.49E-04
Fe2VAl0.97Ce0.03,258.5804,-157.8387,1.54E-04
Fe2VAl0.97Ce0.03,298.338,-154.9522,1.56E-04
Fe2VAl0.97Dy0.03,11.9439,-7.2883,4.64E-05
Fe2VAl0.97Dy0.03,58.0224,-39.7328,5.02E-05
Fe2VAl0.97Dy0.03,131.1956,-70.0765,6.24E-05
Fe2VAl0.97Dy0.03,207.6307,-95.1110,8.27E-05
Fe2VAl0.97Dy0.03,299.6892,-115.6440,1.09E-04
Fe2VAl0.97Sm0.03,10.1611,-11.0052,1.09E-04
Fe2VAl0.97Sm0.03,63.8355,-56.7367,1.10E-04
Fe2VAl0.97Sm0.03,117.565,-89.9848,1.05E-04
Fe2VAl0.97Sm0.03,190.1552,-118.9999,9.66E-05
Fe2VAl0.97Sm0.03,235.7528,-127.0084,9.32E-05
Fe2VAl0.97Sm0.03,299.6774,-118.3000,8.76E-05
Fe1.94Re0.06V0.94Ti0.14Al0.92,312.6661,101.6803,1.27E-04
Fe1.94Re0.06V0.94Ti0.14Al0.92,374.4698,90.3505,1.06E-04
Fe1.94Re0.06V0.94Ti0.14Al0.92,472.5734,59.7517,7.77E-05
Fe1.94Re0.06V0.94Ti0.14Al0.92,575.8926,32.2491,5.78E-05
Fe1.94Re0.06V0.94Ti0.14Al0.92,677.7889,14.8479,4.69E-05
Fe1.94Re0.06V0.94Ti0.14Al0.92,797.9961,3.0984,3.90E-05
Fe1.94Re0.06V0.90Ti0.18Al0.92,313.2957,104.1043,4.83E-05
Fe1.94Re0.06V0.90Ti0.18Al0.92,359.8573,106.5160,5.09E-05
Fe1.94Re0.06V0.90Ti0.18Al0.92,447.2457,95.7181,5.22E-05
Fe1.94Re0.06V0.90Ti0.18Al0.92,543.3396,68.8909,4.90E-05
Fe1.94Re0.06V0.90Ti0.18Al0.92,626.2895,43.9527,4.38E-05
Fe1.94Re0.06V0.90Ti0.18Al0.92,709.1569,26.5566,3.88E-05
Fe1.94Re0.06V0.90Ti0.18Al0.92,778.1741,15.6290,3.64E-05
Fe1.94Re0.06V0.82Ti0.26Al0.92,309.5708,84.7114,2.36E-05
Fe1.94Re0.06V0.82Ti0.26Al0.92,423.6118,96.8019,2.96E-05
Fe1.94Re0.06V0.82Ti0.26Al0.92,476.7704,95.9795,3.14E-05
Fe1.94Re0.06V0.82Ti0.26Al0.92,571.4165,81.5432,3.30E-05
Fe1.94Re0.06V0.82Ti0.26Al0.92,647.731,63.3409,3.30E-05
Fe1.94Re0.06V0.82Ti0.26Al0.92,725.3594,45.0034,3.19E-05
Fe1.94Re0.06V0.82Ti0.26Al0.92,774.6914,34.0811,3.07E-05
Fe1.94Re0.06V0.78Ti0.30Al0.92,309.0369,73.5331,1.86E-05
Fe1.94Re0.06V0.78Ti0.30Al0.92,385.6865,84.6909,2.09E-05
Fe1.94Re0.06V0.78Ti0.30Al0.92,465.0286,89.6527,2.51E-05
Fe1.94Re0.06V0.78Ti0.30Al0.92,551.0487,83.9730,2.91E-05
Fe1.94Re0.06V0.78Ti0.30Al0.92,657.5574,64.8197,3.03E-05
Fe1.94Re0.06V0.78Ti0.30Al0.92,725.2975,50.6600,3.03E-05
Fe1.94Re0.06V0.78Ti0.30Al0.92,772.664,39.4688,3.10E-05
Fe1.94Re0.06V0.74Ti0.34Al0.92,311.7116,68.9533,2.67E-05
Fe1.94Re0.06V0.74Ti0.34Al0.92,417.2224,81.0460,3.14E-05
Fe1.94Re0.06V0.74Ti0.34Al0.92,466.3866,85.4772,3.36E-05
Fe1.94Re0.06V0.74Ti0.34Al0.92,545.1432,83.9745,3.67E-05
Fe1.94Re0.06V0.74Ti0.34Al0.92,641.7371,71.4233,3.92E-05
Fe1.94Re0.06V0.74Ti0.34Al0.92,719.3331,56.0488,3.95E-05
Fe1.94Re0.06V0.74Ti0.34Al0.92,768.6533,46.2039,3.87E-05
Fe2.01Ti0.56V0.67Al0.76,40.7273,8.5065,5.03E-05
Fe2.01Ti0.56V0.67Al0.76,72.0456,3.9220,5.18E-05
Fe2.01Ti0.56V0.67Al0.76,120.6003,31.9177,5.54E-05
Fe2.01Ti0.56V0.67Al0.76,169.7417,53.3648,6.02E-05
Fe2.01Ti0.56V0.67Al0.76,210.3827,69.1818,6.48E-05
Fe2.01Ti0.56V0.67Al0.76,252.6822,73.4243,6.98E-05
Fe2.01Ti0.56V0.67Al0.76,296.3771,86.9554,7.48E-05
Fe2.01Ti0.56V0.67Al0.76,329.5049,98.8167,7.76E-05
Fe2.01Ti0.56V0.67Al0.76,392.107,92.3890,7.94E-05
Fe2.01Ti0.56V0.67Al0.76,501.4683,56.3944,7.15E-05
Fe2.01Ti0.56V0.67Al0.76,566.3251,31.0823,6.30E-05
Fe2.18Ti0.73Al1.09,34.7633,1.6567,7.04E-06
Fe2.18Ti0.73Al1.09,121.8525,12.5770,8.92E-06
Fe2.18Ti0.73Al1.09,204.8736,26.2404,1.19E-05
Fe2.18Ti0.73Al1.09,262.3299,28.0387,1.38E-05
Fe2.18Ti0.73Al1.09,327.6212,48.2593,1.56E-05
Fe2.18Ti0.73Al1.09,427.4192,50.9498,1.80E-05
Fe2.18Ti0.73Al1.09,519.7425,46.6390,2.05E-05
Fe2.18Ti0.73Al1.09,563.1674,41.5915,2.18E-05
Fe1.99Ti0.66Cr0.45Al0.90,20.657,0.7502,2.49E-05
Fe1.99Ti0.66Cr0.45Al0.90,80.1187,3.4611,2.68E-05
Fe1.99Ti0.66Cr0.45Al0.90,167.6238,21.3862,2.84E-05
Fe1.99Ti0.66Cr0.45Al0.90,244.1612,29.4184,2.95E-05
Fe1.99Ti0.66Cr0.45Al0.90,324.1897,40.4946,3.11E-05
Fe1.99Ti0.66Cr0.45Al0.90,422.9447,45.9267,3.32E-05
Fe1.99Ti0.66Cr0.45Al0.90,513.2608,40.8554,3.36E-05
Fe1.99Ti0.66Cr0.45Al0.90,569.2736,37.1722,3.28E-05
FeTiSn,11.2259,3.5051,0.08536793580331227
FeTiSn,50.7166,7.9709,0.08523695874531197
FeTiSn,123.6947,16.6132,0.09098353198071149
FeTiSn,199.6777,32.7659,0.10047612621931548
FeTiSn,266.9164,44.9236,0.10756492269147659
FeTiSn,311.3635,49.0939,0.11155646932699098
FeTiSn,360.5769,46.0421,0.11220493468326341
FeTiSn0.9Sb0.1,7.2404,7.6049,0.04373879193456677
FeTiSn0.9Sb0.1,17.408,11.2090,0.04593899301727306
FeTiSn0.9Sb0.1,59.2384,6.4052,0.05427702996092054
FeTiSn0.9Sb0.1,154.3216,22.1571,0.0648508430609598
FeTiSn0.9Sb0.1,213.3852,36.1729,0.06799020940984499
FeTiSn0.9Sb0.1,278.4383,51.0635,0.06887052341597796
FeTiSn0.9Sb0.1,305.2499,53.4876,0.06776904310111141
FeTiSn0.9Sb0.1,358.0676,47.5069,0.0633031588276255
FeTiSn0.9Sb0.1,378.2884,44.5688,0.06095702529716549
FeTiSn0.8Sb0.2,8.3263,6.5312,0.3319938488179691
FeTiSn0.8Sb0.2,38.5307,15.0021,0.3167444749469374
FeTiSn0.8Sb0.2,68.2372,14.5953,0.3133758856002527
FeTiSn0.8Sb0.2,161.4678,33.9580,0.33692302353373627
FeTiSn0.8Sb0.2,218.1141,45.5361,0.3438807284081589
FeTiSn0.8Sb0.2,273.0249,55.7494,0.32772862758721266
FeTiSn0.8Sb0.2,317.5548,56.4075,0.3055779900729934
FeTiSn0.8Sb0.2,372.7553,54.3280,0.27307385309664384
FeTiSn0.5Sb0.5,9.3869,6.5306,0.7874127349836455
FeTiSn0.5Sb0.5,55.5167,14.3097,0.48585387847434114
FeTiSn0.5Sb0.5,125.2003,27.7343,0.3960819572786001
FeTiSn0.5Sb0.5,177.9416,39.9976,0.34524974330681585
FeTiSn0.5Sb0.5,221.6012,47.5830,0.27903093671801577
FeTiSn0.5Sb0.5,269.2233,52.0442,0.2216747840277998
FeTiSn0.5Sb0.5,319.0379,53.4799,0.1996120738955913
FeTiSn0.5Sb0.5,375.9993,51.6920,0.18944036663530797
FeTiSn0.4Sb0.6,11.1776,5.5540,1.664829804449091
FeTiSn0.4Sb0.6,29.1024,10.0318,1.697412464439209
FeTiSn0.4Sb0.6,94.025,15.4590,1.4967863996000588
FeTiSn0.4Sb0.6,166.918,27.7110,1.1096525345018715
FeTiSn0.4Sb0.6,231.3859,37.4312,0.8755670391036995
FeTiSn0.4Sb0.6,284.1915,46.9627,0.7512623084938468
FeTiSn0.4Sb0.6,314.5408,49.2873,0.6903683943826104
FeTiSn0.4Sb0.6,372.8864,48.7669,0.5800339551877367
Fe2VGa,294.3998,22.4907,1.42E-05
Fe2VGa,376.9595,23.9726,1.45E-05
Fe2VGa,458.8626,16.1270,1.61E-05
Fe2VGa,540.743,10.3736,1.83E-05
Fe2VGa,622.6254,4.4458,2.06E-05
Fe2VGa,699.9415,0.4359,2.23E-05
Fe2V0.95Ti0.05Ga,294.7809,57.2727,1.29E-05
Fe2V0.95Ti0.05Ga,382.7654,47.5093,1.36E-05
Fe2V0.95Ti0.05Ga,458.673,33.6488,1.51E-05
Fe2V0.95Ti0.05Ga,540.6129,22.4035,1.73E-05
Fe2V0.95Ti0.05Ga,622.5188,14.2964,1.95E-05
Fe2V0.95Ti0.05Ga,701.3793,7.5841,2.12E-05
Fe2V0.90Ti0.10Ga,294.0347,56.2267,7.82E-06
Fe2V0.90Ti0.10Ga,374.3613,54.0473,1.01E-05
Fe2V0.90Ti0.10Ga,457.8069,43.6737,1.29E-05
Fe2V0.90Ti0.10Ga,548.8349,32.6899,1.65E-05
Fe2V0.90Ti0.10Ga,617.8535,25.3674,1.88E-05
Fe2V0.90Ti0.10Ga,699.766,16.6501,2.10E-05
Fe2V0.85Ti0.15Ga,297.2159,42.2790,8.42E-06
Fe2V0.85Ti0.15Ga,356.2748,45.2428,9.92E-06
Fe2V0.85Ti0.15Ga,440.3883,43.1507,1.27E-05
Fe2V0.85Ti0.15Ga,547.2999,34.5205,1.66E-05
Fe2V0.85Ti0.15Ga,630.7351,25.1059,1.95E-05
Fe2V0.85Ti0.15Ga,699.7604,17.1731,2.11E-05
Fe2V0.80Ti0.20Ga,297.181,45.5044,7.95E-06
Fe2V0.80Ti0.20Ga,366.8016,52.5654,9.94E-06
Fe2V0.80Ti0.20Ga,428.9068,54.0473,1.20E-05
Fe2V0.80Ti0.20Ga,503.1935,49.9502,1.46E-05
Fe2V0.80Ti0.20Ga,606.3342,39.7509,1.81E-05
Fe2V0.80Ti0.20Ga,701.1566,28.1569,2.02E-05
Fe2V0.75Ti0.25Ga,295.0328,33.9975,8.38E-06
Fe2V0.75Ti0.25Ga,380.5342,43.6737,1.06E-05
Fe2V0.75Ti0.25Ga,465.3459,47.0735,1.37E-05
Fe2V0.75Ti0.25Ga,550.9859,43.9352,1.69E-05
Fe2V0.75Ti0.25Ga,622.2697,37.3101,1.93E-05
Fe2V0.75Ti0.25Ga,701.1651,27.3724,2.12E-05
Fe2TiSn,301.2263,34.3551,0.048623942429252165
Fe2TiSn,373.9721,20.4876,0.04801920768307323
Fe2TiSn,498.3221,9.2073,0.0447047252894631
Fe2TiSn,649.9582,2.3589,0.04047272138578598
Fe2TiSn,826.118,1.8962,0.037309256426519416
Fe2TiSn,977.9958,4.7187,0.03575003575003575
Fe2Ti0.94V0.06Sn,297.816,10.3829,0.04666355576294914
Fe2Ti0.94V0.06Sn,475.778,7.0402,0.03914200720212933
Fe2Ti0.94V0.06Sn,626.6493,7.0845,0.033584094572810315
Fe2Ti0.94V0.06Sn,773.7233,5.1730,0.03024345985180705
Fe2Ti0.94V0.06Sn,928.3301,4.7041,0.02805285157236233
Fe2Ti0.94V0.06Sn,974.8335,4.9418,0.02773771219349828
Fe2Ti0.85V0.15Sn,298.5346,1.6383,0.059035362181946986
Fe2Ti0.85V0.15Sn,427.7088,-4.0851,0.05348737697903294
Fe2Ti0.85V0.15Sn,572.9858,-2.9107,0.04756468797564688
Fe2Ti0.85V0.15Sn,775.4844,0.6468,0.041807767883272715
Fe2Ti0.85V0.15Sn,873.8928,4.0194,0.03986446083316723
Fe2Ti0.85V0.15Sn,976.0328,5.0887,0.03820877273421978
Fe2Ti0.80V0.20Sn,294.488,-10.2971,0.05499037668408029
Fe2Ti0.80V0.20Sn,423.8731,-7.5841,0.04889258299515964
Fe2Ti0.80V0.20Sn,581.4531,-1.5707,0.041013862685587724
Fe2Ti0.80V0.20Sn,723.0614,2.7919,0.03618599601954044
Fe2Ti0.80V0.20Sn,872.1022,4.5846,0.03334889615153738
Fe2Ti0.80V0.20Sn,978.0472,6.7763,0.031866415984194256
Fe2VAl,324.1993,-126.1005,0.057696745903531035
Fe2VAl,435.2313,-80.7177,0.048185804462005495
Fe2VAl,576.1566,-42.0335,0.03888932099245548
Fe2VAl,659.4306,-27.4641,0.035060654933034154
Fe2VAl,851.6014,-17.0813,0.03023248783142365
Fe1.95VW0.05Al,317.0819,-93.7799,0.018969212967353984
Fe1.95VW0.05Al,417.4377,-108.0144,0.024106841521623838
Fe1.95VW0.05Al,517.7936,-105.0000,0.02841151234480211
Fe1.95VW0.05Al,662.9893,-75.8612,0.030825190345550382
Fe1.95VW0.05Al,810.3203,-50.2392,0.029118015316076055
Fe1.95VW0.05Al,858.0071,-43.2057,0.02816504717645402
Fe1.90VW0.10Al,324.1993,-126.1005,0.03764209892343597
Fe1.90VW0.10Al,423.8434,-124.4258,0.04085801838610827
Fe1.90VW0.10Al,565.4804,-89.9282,0.04227793514564749
Fe1.90VW0.10Al,660.8541,-66.3158,0.03980574795000398
Fe1.90VW0.10Al,853.7367,-36.1722,0.033826066366742215
Fe1.85VW0.15Al,323.4875,-129.9522,0.04748789058790009
Fe1.85VW0.15Al,420.2847,-121.5789,0.04433803316484881
Fe1.85VW0.15Al,514.2349,-89.7608,0.040433446546983665
Fe1.85VW0.15Al,609.6085,-70.3349,0.03639539962148784
Fe1.85VW0.15Al,707.8292,-45.5502,0.0326211058554885
Fe1.85VW0.15Al,855.8719,-26.6268,0.028050490883590466
Fe2VAl,83.3879,53.2973,5.24E-05
Fe2VAl,154.1442,73.2089,5.10E-05
Fe2VAl,222.7167,82.6097,4.98E-05
Fe2VAl,303.4724,87.4920,4.91E-05
Fe2V0.97Si0.03Al,80.7027,-42.6036,X
Fe2V0.97Si0.03Al,126.1036,-56.1246,X
Fe2V0.97Si0.03Al,182.5574,-65.4926,X
Fe2V0.97Si0.03Al,223.1146,-61.2243,X
Fe2V0.97Si0.03Al,303.0834,-38.5369,X
Fe2V0.94Si0.06Al,86.0061,-93.2678,7.44E-05
Fe2V0.94Si0.06Al,142.9032,-129.5748,7.23E-05
Fe2V0.94Si0.06Al,183.8898,-147.2226,7.48E-05
Fe2V0.94Si0.06Al,223.7372,-153.0027,7.81E-05
Fe2V0.94Si0.06Al,272.0242,-143.2247,7.63E-05
Fe2V0.94Si0.06Al,295.2274,-131.7183,7.02E-05
Fe2V0.90Si0.10Al,80.3781,-58.5866,1.48E-05
Fe2V0.90Si0.10Al,134.6543,-80.7486,1.65E-05
Fe2V0.90Si0.10Al,195.5603,-99.6883,2.13E-05
Fe2V0.90Si0.10Al,254.2445,-115.4404,2.83E-05
Fe2V0.90Si0.10Al,305.1636,-123.9169,3.65E-05
Fe2V0.80Si0.20Al,78.1198,-42.1571,1.65E-05
Fe2V0.80Si0.20Al,142.3462,-61.5404,2.13E-05
Fe2V0.80Si0.20Al,216.908,-84.0797,3.25E-05
Fe2V0.80Si0.20Al,305.1068,-103.3692,4.72E-05
Fe2VAl,88.0457,28.2392,5.27E-05
Fe2VAl,131.6919,43.5216,5.18E-05
Fe2VAl,197.7712,53.1561,5.06E-05
Fe2VAl,245.5648,58.1395,4.97E-05
Fe2VAl,301.5934,58.4718,4.86E-05
Fe2V0.95Sn0.05Al,80.2474,-84.0532,8.47E-05
Fe2V0.95Sn0.05Al,127.4366,-117.2757,8.96E-05
Fe2V0.95Sn0.05Al,170.4587,-134.8837,9.35E-05
Fe2V0.95Sn0.05Al,203.7266,-141.1960,9.49E-05
Fe2V0.95Sn0.05Al,257.493,-135.2159,9.13E-05
Fe2V0.95Sn0.05Al,301.1367,-119.2691,8.59E-05
Fe2V0.90Sn0.10Al,88.011,-62.4585,3.74E-05
Fe2V0.90Sn0.10Al,141.1556,-90.0332,4.15E-05
Fe2V0.90Sn0.10Al,209.2577,-121.9269,4.64E-05
Fe2V0.90Sn0.10Al,254.5271,-141.1960,4.94E-05
Fe2V0.90Sn0.10Al,300.1241,-148.1728,5.22E-05
Fe2V0.80Sn0.20Al,80.41,-27.5748,1.62E-05
Fe2V0.80Sn0.20Al,143.2379,-47.5083,2.04E-05
Fe2V0.80Sn0.20Al,204.5531,-62.4585,2.38E-05
Fe2V0.80Sn0.20Al,299.8771,-82.0598,2.74E-05
Fe2VAl,141.3428,13.4213,1.70E-04
Fe2VAl,287.3969,30.7200,8.08E-05
Fe2VAl,358.0683,35.4277,5.81E-05
Fe2VAl,401.4134,36.4648,4.89E-05
Fe2VAl,507.8916,16.7177,3.68E-05
Fe2VAl,601.1779,2.2315,3.28E-05
Fe2VTa0.03Al0.97,100.8245,-88.0172,2.88E-05
Fe2VTa0.03Al0.97,192.2261,-130.6254,3.72E-05
Fe2VTa0.03Al0.97,262.8975,-155.3545,4.36E-05
Fe2VTa0.03Al0.97,336.3958,-164.5777,4.78E-05
Fe2VTa0.03Al0.97,418.3746,-147.2579,4.75E-05
Fe2VTa0.03Al0.97,513.5453,-97.8774,4.20E-05
Fe2VTa0.03Al0.97,584.2167,-76.3487,3.83E-05
Fe2VTa0.03Al0.97,701.0601,-52.2069,3.45E-05
Fe2VTa0.05Al0.95,96.1131,-63.5726,1.67E-05
Fe2VTa0.05Al0.95,230.8598,-114.3428,2.56E-05
Fe2VTa0.05Al0.95,307.1849,-140.9135,3.15E-05
Fe2VTa0.05Al0.95,353.3569,-148.2879,3.50E-05
Fe2VTa0.05Al0.95,425.9128,-153.5683,3.94E-05
Fe2VTa0.05Al0.95,468.3157,-150.6911,4.06E-05
Fe2VTa0.05Al0.95,587.9859,-122.3449,3.94E-05
Fe2VTa0.05Al0.95,702.9446,-83.7469,3.64E-05
Fe2VTa0.08Al0.92,98.9399,-45.4383,1.45E-05
Fe2VTa0.08Al0.92,259.1284,-96.2169,2.38E-05
Fe2VTa0.08Al0.92,387.2792,-128.3241,3.24E-05
Fe2VTa0.08Al0.92,476.7962,-137.0268,3.72E-05
Fe2VTa0.08Al0.92,519.1991,-137.0407,3.85E-05
Fe2VTa0.08Al0.92,616.2544,-115.7835,3.85E-05
Fe2VTa0.08Al0.92,703.8869,-91.6321,3.68E-05
Fe2VTa0.12Al0.88,103.6514,-28.3560,1.43E-05
Fe2VTa0.12Al0.88,265.7244,-65.9938,2.18E-05
Fe2VTa0.12Al0.88,381.6254,-89.9492,2.84E-05
Fe2VTa0.12Al0.88,493.7574,-101.0249,3.43E-05
Fe2VTa0.12Al0.88,572.9093,-101.5765,3.68E-05
Fe2VTa0.12Al0.88,702.9446,-89.7920,3.64E-05
(Fe2/3V1/3)75Al25,90.0344,16.6099,1.90E-04
(Fe2/3V1/3)75Al25,176.6323,24.0058,1.43E-04
(Fe2/3V1/3)75Al25,288.6598,27.5051,7.59E-05
(Fe2/3V1/3)75Al25,356.0137,27.9097,5.37E-05
(Fe2/3V1/3)75Al25,399.3127,26.7644,4.57E-05
(Fe2/3V1/3)74.7Al25.3,87.9725,28.4121,5.22E-05
(Fe2/3V1/3)74.7Al25.3,174.5704,50.9432,4.87E-05
(Fe2/3V1/3)74.7Al25.3,253.6082,70.1331,4.45E-05
(Fe2/3V1/3)74.7Al25.3,306.5292,75.6619,4.13E-05
(Fe2/3V1/3)74.7Al25.3,344.3299,76.0218,3.87E-05
(Fe2/3V1/3)74.7Al25.3,401.3746,70.6595,3.42E-05
(Fe2/3V1/3)74.5Al25.5,88.6598,19.0294,2.43E-05
(Fe2/3V1/3)74.5Al25.5,162.8866,31.2499,2.56E-05
(Fe2/3V1/3)74.5Al25.5,257.732,56.5177,3.01E-05
(Fe2/3V1/3)74.5Al25.5,314.7766,69.3176,3.24E-05
(Fe2/3V1/3)74.5Al25.5,360.1375,72.1106,3.34E-05
(Fe2/3V1/3)74.5Al25.5,397.9381,73.0759,3.37E-05
(Fe2/3V1/3)75.2Al24.8,88.6598,-20.0192,X
(Fe2/3V1/3)75.2Al24.8,162.1993,-32.6215,X
(Fe2/3V1/3)75.2Al24.8,219.9313,-38.5881,X
(Fe2/3V1/3)75.2Al24.8,296.2199,-29.6943,X
(Fe2/3V1/3)75.2Al24.8,397.9381,-15.0106,X
(Fe2/3V1/3)73.7Al26.3,2.6709,X,3.83E-05
(Fe2/3V1/3)73.7Al26.3,32.395,X,3.38E-05
(Fe2/3V1/3)73.7Al26.3,89.8105,X,3.16E-05
(Fe2/3V1/3)73.7Al26.3,147.2442,X,3.07E-05
(Fe2/3V1/3)73.7Al26.3,236.6337,X,3.27E-05
(Fe2/3V1/3)73.7Al26.3,326.0414,X,3.59E-05
(Fe2/3V1/3)73.7Al26.3,392.0491,X,3.95E-05
(Fe2/3V1/3)76.4Al24.6,87.9725,-49.0797,1.73E-04
(Fe2/3V1/3)76.4Al24.6,140.2062,-69.5845,1.52E-04
(Fe2/3V1/3)76.4Al24.6,204.1237,-87.9526,1.26E-04
(Fe2/3V1/3)76.4Al24.6,243.299,-91.2230,1.10E-04
(Fe2/3V1/3)76.4Al24.6,285.9107,-85.7099,9.39E-05
(Fe2/3V1/3)76.4Al24.6,399.3127,-58.2950,5.65E-05
(Fe2/3V1/3)76.7Al24.3,87.9725,-75.4149,7.39E-05
(Fe2/3V1/3)76.7Al24.3,164.9485,-115.8605,7.22E-05
(Fe2/3V1/3)76.7Al24.3,195.8763,-127.0137,6.96E-05
(Fe2/3V1/3)76.7Al24.3,242.6117,-136.6295,6.65E-05
(Fe2/3V1/3)76.7Al24.3,305.1546,-126.8483,6.40E-05
(Fe2/3V1/3)76.7Al24.3,400.0,-99.4615,5.85E-05
Fe2V0.9Cr0.1Al0.9Si0.1,13.638,-2.3222,6.16E-05
Fe2V0.9Cr0.1Al0.9Si0.1,52.7398,-8.6575,6.10E-05
Fe2V0.9Cr0.1Al0.9Si0.1,98.9616,-17.1937,6.20E-05
Fe2V0.9Cr0.1Al0.9Si0.1,135.3691,-25.8642,6.30E-05
Fe2V0.9Cr0.1Al0.9Si0.1,163.1271,-33.2179,6.35E-05
Fe2V0.9Cr0.1Al0.9Si0.1,198.0894,-39.0524,6.24E-05
Fe2V0.9Cr0.1Al0.9Si0.1,239.0738,-45.5753,6.03E-05
Fe2V0.9Cr0.1Al0.9Si0.1,270.3166,-49.0169,5.83E-05
Fe2V0.9Cr0.1Al0.9Si0.1,307.5959,-52.5164,5.66E-05
Fe2VAl,5.6256,2.3823,2.48E-05
Fe2VAl,65.4735,12.8532,2.18E-05
Fe2VAl,144.6603,22.1607,1.78E-05
Fe2VAl,237.0337,33.795,1.32E-05
Fe2VAl,298.9661,40.7756,1.04E-05
Fe2V0.97Nb0.03Al,7.8004,-7.313,2.69E-05
Fe2V0.97Nb0.03Al,59.9915,-29.8061,2.45E-05
Fe2V0.97Nb0.03Al,115.1772,-48.4211,2.15E-05
Fe2V0.97Nb0.03Al,191.6851,-64.7091,1.67E-05
Fe2V0.97Nb0.03Al,256.6459,-56.1773,1.31E-05
Fe2V0.97Nb0.03Al,301.1832,-41.8283,1.08E-05
Fe2V0.94Nb0.06Al,7.8623,-11.5789,3.53E-05
Fe2V0.94Nb0.06Al,56.1717,-46.8698,3.18E-05
Fe2V0.94Nb0.06Al,118.5943,-73.6288,2.55E-05
Fe2V0.94Nb0.06Al,166.5318,-83.3241,2.01E-05
Fe2V0.94Nb0.06Al,243.4931,-60.831,1.30E-05
Fe2V0.94Nb0.06Al,299.0197,-32.9086,1.01E-05
Fe2V0.9Nb0.1Al,6.7834,-7.313,4.57E-05
Fe2V0.9Nb0.1Al,87.714,-48.0332,3.44E-05
Fe2V0.9Nb0.1Al,162.1992,-65.097,2.37E-05
Fe2V0.9Nb0.1Al,229.1432,-53.0748,1.59E-05
Fe2V0.9Nb0.1Al,298.9577,-28.6427,1.13E-05
Fe2VAl0.95Si0.05,199.0327,-102.7366,3.71E-06
Fe2VAl0.95Si0.05,272.0595,-124.5743,4.96E-06
Fe2VAl0.95Si0.05,342.0464,-121.2346,5.76E-06
Fe2VAl0.95Si0.05,400.1884,-97.4564,6.01E-06
Fe2V0.975Ta0.025Al0.95Si0.05,200.8479,-115.6166,3.30E-06
Fe2V0.975Ta0.025Al0.95Si0.05,274.4491,-133.9353,3.97E-06
Fe2V0.975Ta0.025Al0.95Si0.05,341.488,-128.855,4.33E-06
Fe2V0.975Ta0.025Al0.95Si0.05,400.8295,-110.9292,4.45E-06
Fe2V0.95Ta0.05Al0.95Si0.05,199.1797,-140.2357,3.98E-06
Fe2V0.95Ta0.05Al0.95Si0.05,268.6427,-153.3053,4.76E-06
Fe2V0.95Ta0.05Al0.95Si0.05,341.5271,-138.8157,5.26E-06
Fe2V0.95Ta0.05Al0.95Si0.05,400.8548,-117.3744,5.27E-06
Fe2V0.9Ti0.1Al,200.0,62.3605,2.28E-06
Fe2V0.9Ti0.1Al,253.3708,77.619,2.56E-06
Fe2V0.9Ti0.1Al,313.4831,83.4506,2.91E-06
Fe2V0.9Ti0.1Al,352.2472,89.9205,3.14E-06
Fe2V0.9Ti0.1Al,398.8764,91.3474,3.44E-06
Fe2V0.8Ta0.1Ti0.1Al,200.5618,59.6648,2.02E-06
Fe2V0.8Ta0.1Ti0.1Al,266.8539,74.2709,2.29E-06
Fe2V0.8Ta0.1Ti0.1Al,332.0225,86.1785,2.57E-06
Fe2V0.8Ta0.1Ti0.1Al,398.3146,95.0543,2.89E-06
Fe2V0.7Ta0.2Ti0.1Al,201.1236,51.913,1.82E-06
Fe2V0.7Ta0.2Ti0.1Al,255.0562,63.1274,2.09E-06
Fe2V0.7Ta0.2Ti0.1Al,316.2921,73.343,2.40E-06
Fe2V0.7Ta0.2Ti0.1Al,367.9775,82.1942,2.69E-06
Fe2V0.7Ta0.2Ti0.1Al,399.4382,85.2809,2.88E-06
Fe2V0.8W0.05Ti0.15Al,299.3658,73.6366,1.94E-06
Fe2V0.8W0.05Ti0.15Al,333.916,75.9052,2.09E-06
Fe2V0.8W0.05Ti0.15Al,362.5219,77.1713,2.25E-06
Fe2V0.8W0.05Ti0.15Al,400.1867,79.7701,2.48E-06
Fe2V0.7W0.1Ti0.2Al,299.6668,69.8856,1.94E-06
Fe2V0.7W0.1Ti0.2Al,340.4397,74.1784,2.15E-06
Fe2V0.7W0.1Ti0.2Al,399.8986,80.7939,2.46E-06
Fe1.98V1.02Al,98.75343258,-19.65601966,log scale 
Fe1.98V1.02Al,181.0,-46.06879607,
Fe1.98V1.02Al,240.0,-58.35380835,
Fe1.98V1.02Al,349.0,-46.06879607,
Fe1.98V1.02Al,400.0,-39.31203931,
Fe1.98V1.02Al0.97Si0.03,99.02803873,-42.997543,
Fe1.98V1.02Al0.97Si0.03,179.0,-95.20884521,
Fe1.98V1.02Al0.97Si0.03,235.0,-1.35E+02,
Fe1.98V1.02Al0.97Si0.03,281.0,-1.44E+02,
Fe1.98V1.02Al0.97Si0.03,401.0,-1.16E+02,
Fe1.98V1.02Al0.95Si0.05,99.06417112,-46.06879607,
Fe1.98V1.02Al0.95Si0.05,172.0,-90.29484029,
Fe1.98V1.02Al0.95Si0.05,229.0,-1.25E+02,
Fe1.98V1.02Al0.95Si0.05,300.0,-1.57E+02,
Fe1.98V1.02Al0.95Si0.05,402.0,-1.41E+02,
Fe2VAl0.95Si0.05,97.39242716,-54.53665069,
Fe2VAl0.95Si0.05,181.0,-94.80697266,
Fe2VAl0.95Si0.05,263.0,-1.23E+02,
Fe2VAl0.95Si0.05,323.0,-1.23E+02,
Fe2VAl0.95Si0.05,393.0,-99.88821272,
Fe1.95V1.05Al,98.62985856,-15.93118208,
Fe1.95V1.05Al,201.0,-49.42253201,
Fe1.95V1.05Al,283.0,-7.74E+01,
Fe1.95V1.05Al,400.0,-7.35E+01,
Fe1.95V1.05Al0.97Si0.03,97.53589747,-79.04616157,
Fe1.95V1.05Al0.97Si0.03,161.0,-1.29E+02,
Fe1.95V1.05Al0.97Si0.03,240.0,-1.69E+02,
Fe1.95V1.05Al0.97Si0.03,325.0,-1.72E+02,
Fe1.95V1.05Al0.97Si0.03,398.0,-1.53E+02,
Fe1.95V1.05Al0.95Si0.05,97.53589747,-79.04616157,
Fe1.95V1.05Al0.95Si0.05,167.0,-1.25E+02,
Fe1.95V1.05Al0.95Si0.05,258.0,-1.64E+02,
Fe1.95V1.05Al0.95Si0.05,332.0,-1.64E+02,
Fe1.95V1.05Al0.95Si0.05,399.0,-1.54E+02,
Fe1.98V0.97Ta0.05Al1,101.0,-74.63322048,
Fe1.98V0.97Ta0.05Al1,161.0,-1.17E+02,
Fe1.98V0.97Ta0.05Al1,206.0,-1.48E+02,
Fe1.98V0.97Ta0.05Al1,263.0,-1.51E+02,
Fe1.98V0.97Ta0.05Al1,339.0,-1.21E+02,
Fe1.98V0.97Ta0.05Al1,399.0,-96.79559523,
Fe1.98V0.97Ta0.05Al0.97Si0.03,99.5331897,-93.29537294,
Fe1.98V0.97Ta0.05Al0.97Si0.03,176.0,-1.43E+02,
Fe1.98V0.97Ta0.05Al0.97Si0.03,251.0,-1.71E+02,
Fe1.98V0.97Ta0.05Al0.97Si0.03,324.0,-1.67E+02,
Fe1.98V0.97Ta0.05Al0.97Si0.03,399.0,-1.38E+02,
Fe1.98V0.97Ta0.05Al0.95Si0.05,99.48189186,-81.63366506,
Fe1.98V0.97Ta0.05Al0.95Si0.05,179.0,-1.33E+02,
Fe1.98V0.97Ta0.05Al0.95Si0.05,249.0,-1.68E+02,
Fe1.98V0.97Ta0.05Al0.95Si0.05,329.0,-1.71E+02,
Fe1.98V0.97Ta0.05Al0.95Si0.05,399.0,-1.52E+02,
Fe1.98V0.97Ta0.05Al0.9Si0.1,101.0,-64.72076878,
Fe1.98V0.97Ta0.05Al0.9Si0.1,158.0,-89.68400533,
Fe1.98V0.97Ta0.05Al0.9Si0.1,226.0,-1.18E+02,
Fe1.98V0.97Ta0.05Al0.9Si0.1,318.0,-1.43E+02,
Fe1.98V0.97Ta0.05Al0.9Si0.1,394.0,-1.52E+02,
Fe1.95V1Ta0.05Al,102.0,-83.13649266,
Fe1.95V1Ta0.05Al,167.0,-1.26E+02,
Fe1.95V1Ta0.05Al,217.0,-1.48E+02,
Fe1.95V1Ta0.05Al,272.0,-1.47E+02,
Fe1.95V1Ta0.05Al,399.0,-1.10E+02,
Fe1.95V1Ta0.05Al0.97Si0.03,99.6477388,-1.09E+02,
Fe1.95V1Ta0.05Al0.97Si0.03,154.0,-1.57E+02,
Fe1.95V1Ta0.05Al0.97Si0.03,203.0,-1.86E+02,
Fe1.95V1Ta0.05Al0.97Si0.03,269.0,-1.95E+02,
Fe1.95V1Ta0.05Al0.97Si0.03,400.0,-1.59E+02,
Fe1.95V1Ta0.05Al0.95Si0.05,101.0,-1.12E+02,
Fe1.95V1Ta0.05Al0.95Si0.05,164.0,-1.56E+02,
Fe1.95V1Ta0.05Al0.95Si0.05,237.0,-1.83E+02,
Fe1.95V1Ta0.05Al0.95Si0.05,318.0,-1.90E+02,
Fe1.95V1Ta0.05Al0.95Si0.05,400.0,-1.83E+02,
Fe1.95V1Ta0.05Al0.9Si0.1,99.76743921,-88.95393244,
Fe1.95V1Ta0.05Al0.9Si0.1,221.0,-1.39E+02,
Fe1.95V1Ta0.05Al0.9Si0.1,317.0,-1.56E+02,
Fe1.95V1Ta0.05Al0.9Si0.1,402.0,-1.52E+02,
Fe2VAl,87.5,16.4277,1.98E-05
Fe2VAl,204.1667,27.3993,1.25E-05
Fe2VAl,320.8333,28.7026,6.87E-06
Fe2VAl,404.1667,27.1149,4.76E-06
Fe2VAl0.97Si0.03,88.8889,-54.0916,6.54E-06
Fe2VAl0.97Si0.03,144.4444,-83.5861,7.31E-06
Fe2VAl0.97Si0.03,212.5,-106.8069,7.58E-06
Fe2VAl0.97Si0.03,250.0,-108.4597,7.41E-06
Fe2VAl0.97Si0.03,318.0556,-74.2397,6.42E-06
Fe2VAl0.97Si0.03,398.6111,-34.3148,5.19E-06
Fe2VAl0.95Si0.05,87.5,-63.1931,2.08E-06
Fe2VAl0.95Si0.05,158.3333,-93.2346,2.68E-06
Fe2VAl0.95Si0.05,256.9444,-128.3551,3.86E-06
Fe2VAl0.95Si0.05,320.8333,-129.9704,4.29E-06
Fe2VAl0.95Si0.05,400.0,-104.2654,4.19E-06
Fe2VAl0.9Si0.1,86.1111,-52.9581,1.04E-06
Fe2VAl0.9Si0.1,190.2778,-89.7769,1.62E-06
Fe2VAl0.9Si0.1,283.3333,-115.237,2.44E-06
Fe2VAl0.9Si0.1,361.1111,-127.6382,3.10E-06
Fe2VAl0.9Si0.1,402.7778,-124.7354,3.24E-06
Fe2VAl0.8Si0.2,88.8889,-37.5987,5.48E-07
Fe2VAl0.8Si0.2,191.6667,-64.7512,9.52E-07
Fe2VAl0.8Si0.2,284.7222,-82.8179,1.56E-06
Fe2VAl0.8Si0.2,402.7778,-99.7117,2.35E-06
Fe2VAl,100.5385,-9.0531,2.82E-05
Fe2VAl,228.7426,-26.1894,1.79E-05
Fe2VAl,322.4279,-28.1293,9.45E-06
Fe2VAl,534.3219,-13.5797,1.89E-05
Fe2VAl,753.0131,-10.6697,1.46E-04
Fe2VAl0.99Sb0.01,98.3784,-43.3256,2.09E-05
Fe2VAl0.99Sb0.01,210.8079,-73.0716,1.45E-05
Fe2VAl0.99Sb0.01,259.3458,-77.2748,1.20E-05
Fe2VAl0.99Sb0.01,393.3692,-44.9423,6.97E-06
Fe2VAl0.99Sb0.01,582.8678,-17.1363,4.09E-06
Fe2VAl0.99Sb0.01,752.993,-12.2864,3.32E-06
Fe2VAl0.98Sb0.02,92.7435,-77.9215,1.10E-05
Fe2VAl0.98Sb0.02,173.8364,-115.7506,1.03E-05
Fe2VAl0.98Sb0.02,225.7128,-130.6236,9.65E-06
Fe2VAl0.98Sb0.02,361.5476,-92.1478,7.39E-06
Fe2VAl0.98Sb0.02,485.3191,-46.8822,5.56E-06
Fe2VAl0.98Sb0.02,655.7008,-21.3395,4.00E-06
Fe2VAl0.97Sb0.02,747.7429,-15.843,3.52E-06
Fe2VAl0.97Sb0.03,96.2983,-71.1316,6.47E-06
Fe2VAl0.97Sb0.03,194.7007,-112.5173,7.43E-06
Fe2VAl0.97Sb0.03,281.3324,-123.5104,7.32E-06
Fe2VAl0.97Sb0.03,422.3252,-88.9145,5.91E-06
Fe2VAl0.97Sb0.03,539.0871,-49.1455,4.66E-06
Fe2VAl0.95Sb0.03,685.1498,-25.5427,3.69E-06
Fe2VAl0.95Sb0.03,759.8303,-20.6928,3.45E-06
Fe2VAl0.95Sb0.05,87.6857,-65.9584,6.25E-06
Fe2VAl0.95Sb0.05,161.8933,-99.261,6.91E-06
Fe2VAl0.95Sb0.05,262.3316,-116.3972,7.10E-06
Fe2VAl0.95Sb0.05,425.824,-86.6513,5.79E-06
Fe2VAl0.95Sb0.05,552.958,-50.1155,4.65E-06
Fe2VAl0.95Sb0.05,751.1134,-23.9261,3.73E-06
Fe2VAl0.9Sb0.1,94.6071,-67.5751,7.43E-06
Fe2VAl0.9Sb0.1,200.0912,-97.6443,7.10E-06
Fe2VAl0.9Sb0.1,304.1405,-103.4642,6.60E-06
Fe2VAl0.9Sb0.1,444.941,-84.388,5.58E-06
Fe2VAl0.9Sb0.1,596.3539,-49.1455,4.32E-06
Fe2VAl0.9Sb0.1,749.3099,-29.4226,3.76E-06
Fe2VAl0.96Si0.01Sb0.03,102.8944,-80.2384,4.82E-06
Fe2VAl0.96Si0.01Sb0.03,183.9932,-123.3594,5.55E-06
Fe2VAl0.96Si0.01Sb0.03,256.1919,-137.7725,6.00E-06
Fe2VAl0.96Si0.01Sb0.03,384.6034,-112.3349,5.82E-06
Fe2VAl0.96Si0.01Sb0.03,517.0659,-61.3508,4.92E-06
Fe2VAl0.96Si0.01Sb0.03,749.583,-23.7542,3.52E-06
Fe2VAl0.93Si0.04Sb0.03,99.3538,-67.2853,2.46E-06
Fe2VAl0.93Si0.04Sb0.03,199.0928,-104.4726,3.45E-06
Fe2VAl0.93Si0.04Sb0.03,326.8779,-126.2844,4.40E-06
Fe2VAl0.93Si0.04Sb0.03,503.7436,-86.1891,4.54E-06
Fe2VAl0.93Si0.04Sb0.03,673.2126,-43.9874,3.83E-06
Fe2VAl0.93Si0.04Sb0.03,755.0307,-32.859,3.59E-06
Fe2VAl0.9Si0.07Sb0.03,97.7112,-51.1839,1.60E-06
Fe2VAl0.9Si0.07Sb0.03,210.2667,-101.6823,2.34E-06
Fe2VAl0.9Si0.07Sb0.03,304.6368,-123.8149,3.08E-06
Fe2VAl0.9Si0.07Sb0.03,447.7999,-105.7402,3.56E-06
Fe2VAl0.9Si0.07Sb0.03,587.5059,-68.4124,3.46E-06
Fe2VAl0.9Si0.07Sb0.03,749.3881,-38.4541,3.29E-06
Fe2VAl0.87Si0.1Sb0.03,101.7575,-25.9874,1.41E-06
Fe2VAl0.87Si0.1Sb0.03,242.206,-72.6603,2.29E-06
Fe2VAl0.87Si0.1Sb0.03,330.8825,-104.2379,2.88E-06
Fe2VAl0.87Si0.1Sb0.03,406.9234,-108.8544,3.28E-06
Fe2VAl0.87Si0.1Sb0.03,578.1232,-76.1042,3.60E-06
Fe2VAl0.87Si0.1Sb0.03,751.1467,-45.8056,3.31E-06
Fe2VAl,304.0725,-139.5739,8.130081300813007e-06
Fe2VAl,380.5431,-102.8653,7.2463768115942025e-06
Fe2VAl,467.4422,-68.4659,6.41025641025641e-06
Fe2VAl,573.732,-39.6136,5.649717514124294e-06
Fe2VAl,705.4676,-22.7958,4.975124378109453e-06
Fe2VAl,803.2769,-16.6761,4.484304932735426e-06
Fe2VAl,10.678,4.0352,2.92E-05
Fe2VAl,99.661,17.6582,2.50E-05
Fe2VAl,205.2542,31.3703,1.94E-05
Fe2VAl,289.4915,41.2119,1.49E-05
Fe1.98V1.02Al,10.678,-3.4766,3.00E-05
Fe1.98V1.02Al,59.322,-26.6897,3.05E-05
Fe1.98V1.02Al,122.2034,-64.85,2.98E-05
Fe1.98V1.02Al,212.3729,-108.4977,2.54E-05
Fe1.98V1.02Al,266.9492,-105.3879,2.34E-05
Fe1.98V1.02Al,301.3559,-91.1188,2.23E-05
Fe1.95V1.05Al,8.3051,-7.2452,4.55E-05
Fe1.95V1.05Al,86.6102,-65.041,3.79E-05
Fe1.95V1.05Al,164.9153,-116.264,3.38E-05
Fe1.95V1.05Al,225.4237,-133.7797,2.91E-05
Fe1.95V1.05Al,289.4915,-124.0463,2.36E-05
Fe1.89V1.11Al,10.678,1.2183,1.14E-04
Fe1.89V1.11Al,68.8136,-28.5168,7.26E-05
Fe1.89V1.11Al,134.0678,-53.5187,5.21E-05
Fe1.89V1.11Al,215.9322,-88.7602,3.52E-05
Fe1.89V1.11Al,302.5424,-105.1969,2.36E-05
Fe2VGa,10.678,7.9906,2.78E-06
Fe2VGa,60.5085,23.6923,2.83E-06
Fe2VGa,126.9492,33.4928,2.83E-06
Fe2VGa,207.6271,34.6946,2.77E-06
Fe2VGa,288.3051,33.2024,2.74E-06
Fe1.98V1.02Ga,13.0508,-0.0877,3.32E-06
Fe1.98V1.02Ga,85.4237,-8.0582,3.22E-06
Fe1.98V1.02Ga,161.3559,-1.4757,3.13E-06
Fe1.98V1.02Ga,242.0339,13.7347,3.00E-06
Fe1.98V1.02Ga,298.9831,20.2878,2.88E-06
Fe1.95V1.05Ga,10.678,-6.018,4.01E-06
Fe1.95V1.05Ga,67.6271,-45.8011,4.00E-06
Fe1.95V1.05Ga,129.322,-67.2578,3.68E-06
Fe1.95V1.05Ga,206.4407,-60.6736,3.32E-06
Fe1.95V1.05Ga,288.3051,-37.9182,3.04E-06
Fe1.89V1.11Ga,10.678,-2.2465,6.39E-06
Fe1.89V1.11Ga,113.8983,-23.1005,6.22E-06
Fe1.89V1.11Ga,200.5085,-36.437,5.48E-06
Fe1.89V1.11Ga,297.7966,-34.6709,4.61E-06
Fe2VAl,2.7835,6.7941,2.40E-05
Fe2VAl,62.0536,49.7121,1.96E-05
Fe2VAl,168.2512,75.8484,1.40E-05
Fe2VAl,428.0543,43.6203,5.86E-06
Fe2VAl,666.6219,5.5826,3.73E-06
Fe2VAl,864.5676,-4.7558,3.22E-06
Fe2V0.95W0.05Al,0.723,-2.6704,5.28E-06
Fe2V0.95W0.05Al,90.5809,-72.6388,5.98E-06
Fe2V0.95W0.05Al,244.1915,-131.7312,7.17E-06
Fe2V0.95W0.05Al,299.4903,-128.8589,7.13E-06
Fe2V0.95W0.05Al,545.639,-35.8342,4.85E-06
Fe2V0.95W0.05Al,815.7241,-17.827,3.65E-06
Fe2V0.9W0.1Al,19.9288,-10.6941,5.28E-06
Fe2V0.9W0.1Al,101.3484,-90.8505,6.11E-06
Fe2V0.9W0.1Al,265.6386,-155.776,8.38E-06
Fe2V0.9W0.1Al,526.7689,-75.1409,7.81E-06
Fe2V0.9W0.1Al,820.0517,-28.0243,6.23E-06
Fe2V0.85W0.15Al,4.9628,-0.4891,5.95E-06
Fe2V0.85W0.15Al,94.7433,-59.535,6.69E-06
Fe2V0.85W0.15Al,212.1473,-113.504,7.54E-06
Fe2V0.85W0.15Al,288.821,-124.4822,7.96E-06
Fe2V0.85W0.15Al,435.2997,-77.9869,7.64E-06
Fe2V0.85W0.15Al,581.794,-33.6761,6.42E-06
Fe2V0.85W0.15Al,673.1805,-19.1795,5.87E-06
Fe2V0.85W0.15Al,815.7757,-25.1086,5.17E-06
Fe2V0.8W0.2Al,4.9628,-0.4891,2.69E-06
Fe2V0.8W0.2Al,116.0097,-58.0942,3.54E-06
Fe2V0.8W0.2Al,263.1908,-110.6285,4.36E-06
Fe2V0.8W0.2Al,513.9977,-74.4034,5.20E-06
Fe2V0.8W0.2Al,822.2311,-35.3075,4.73E-06
Fe2VAl,142.6357,11.1034,1.10E-05
Fe2VAl,341.0853,34.4915,6.51E-06
Fe2VAl,407.2351,34.9734,4.97E-06
Fe2VAl,605.6848,1.1962,3.32E-06
Fe2VTa0.03Al0.97,97.1576,-90.4582,2.80E-06
Fe2VTa0.03Al0.97,194.3152,-135.0604,3.74E-06
Fe2VTa0.03Al0.97,324.5478,-166.4295,4.68E-06
Fe2VTa0.03Al0.97,514.7287,-99.145,4.22E-06
Fe2VTa0.03Al0.97,706.9767,-53.8057,3.44E-06
Fe2VTa0.05Al0.95,101.292,-63.9025,1.86E-06
Fe2VTa0.05Al0.95,225.323,-114.8952,2.59E-06
Fe2VTa0.05Al0.95,363.8243,-151.4731,3.64E-06
Fe2VTa0.05Al0.95,465.1163,-155.6613,4.04E-06
Fe2VTa0.05Al0.95,700.7752,-85.5553,3.72E-06
Fe2VTa0.08Al0.92,97.1576,-46.5737,1.54E-06
Fe2VTa0.08Al0.92,264.5995,-98.7839,2.43E-06
Fe2VTa0.08Al0.92,432.0413,-135.4036,3.57E-06
Fe2VTa0.08Al0.92,518.863,-138.9935,3.84E-06
Fe2VTa0.08Al0.92,702.8424,-94.2197,3.66E-06
Fe2VTa0.12Al0.88,97.1576,-28.096,1.45E-06
Fe2VTa0.12Al0.88,268.7339,-68.1862,2.21E-06
Fe2VTa0.12Al0.88,483.7209,-101.9874,3.39E-06
Fe2VTa0.12Al0.88,704.9096,-92.4904,3.69E-06
Fe2VAl,336.6453,-97.7885,9.75E-06
Fe2VAl,501.2402,-52.0192,6.59E-06
Fe2VAl,652.8289,-27.7885,5.14E-06
Fe2VAl,799.6539,-16.3462,4.36E-06
Fe2VAl,968.671,-13.6538,3.70E-06
Fe2V0.95Nb0.05Al,326.9068,-114.6154,7.50E-06
Fe2V0.95Nb0.05Al,483.1452,-72.8846,5.75E-06
Fe2V0.95Nb0.05Al,651.447,-40.5769,4.53E-06
Fe2V0.95Nb0.05Al,789.7529,-26.4423,3.89E-06
Fe2V0.95Nb0.05Al,968.7686,-17.6923,3.38E-06
Fe2V0.9Nb0.1Al,324.4519,-82.9808,7.42E-06
Fe2V0.9Nb0.1Al,514.7343,-50.6731,5.05E-06
Fe2V0.9Nb0.1Al,705.2281,-27.1154,3.96E-06
Fe2V0.9Nb0.1Al,860.5885,-19.0385,3.46E-06
Fe2V0.9Nb0.1Al,956.9003,-16.3462,3.27E-06
Fe2V0.8Nb0.2Al,334.0928,7.8846,6.52E-06
Fe2V0.8Nb0.2Al,528.7974,-2.8846,4.29E-06
Fe2V0.8Nb0.2Al,686.0925,-4.9038,3.53E-06
Fe2V0.8Nb0.2Al,812.9529,-6.9231,3.21E-06
Fe2V0.8Nb0.2Al,958.3798,-7.5962,3.03E-06
Fe2VAl,2.9115,2.0151,2.60E-05
Fe2VAl,69.8475,45.1385,2.35E-05
Fe2VAl,187.2926,74.5592,1.86E-05
Fe2VAl,308.7095,63.2746,1.21E-05
Fe2VAl,573.0538,19.7481,4.82E-06
Fe2VAl,786.9765,-0.4030,3.81E-06
Fe2VAl1.2,11.6097,4.0302,7.12E-06
Fe2VAl1.2,136.452,51.5869,6.60E-06
Fe2VAl1.2,246.6674,81.4106,6.96E-06
Fe2VAl1.2,368.4086,105.9950,7.52E-06
Fe2VAl1.2,491.2139,88.2620,7.17E-06
Fe2VAl1.2,648.4329,36.6751,6.03E-06
Fe2VAl1.2,798.608,6.0453,4.19E-06
Fe2VAl1.4,37.7916,19.7481,1.13E-05
Fe2VAl1.4,139.4983,68.5139,1.17E-05
Fe2VAl1.4,268.7389,122.5189,1.25E-05
Fe2VAl1.4,357.1889,145.0882,1.33E-05
Fe2VAl1.4,433.8288,141.4610,1.34E-05
Fe2VAl1.4,554.9287,95.1134,1.12E-05
Fe2VAl1.4,667.3523,49.1688,8.88E-06
Fe2VAl1.4,794.3373,13.7028,5.72E-06
Fe2VAl1.5,2.9297,4.0302,1.46E-05
Fe2VAl1.5,122.1275,67.3048,1.52E-05
Fe2VAl1.5,303.5752,135.4156,1.67E-05
Fe2VAl1.5,375.9844,143.8791,1.60E-05
Fe2VAl1.5,524.5817,98.7406,1.25E-05
Fe2VAl1.5,686.0641,38.6902,6.56E-06
Fe2VAl1.5,797.2087,11.2846,1.59E-06
Fe2VAl1.6,2.9297,4.0302,7.09E-06
Fe2VAl1.6,159.715,64.4836,7.77E-06
Fe2VAl1.6,310.5971,112.0403,8.04E-06
Fe2VAl1.6,411.9795,124.9370,8.12E-06
Fe2VAl1.6,573.666,87.4559,6.84E-06
Fe2VAl1.6,704.9471,47.1537,4.96E-06
Fe2VAl1.6,795.926,29.4207,3.62E-06
Fe2VAl1.8,10.1557,3.2242,8.31E-06
Fe2VAl1.8,120.4987,47.1537,8.93E-06
Fe2VAl1.8,264.1511,95.1134,9.24E-06
Fe2VAl1.8,393.1038,117.2796,9.28E-06
Fe2VAl1.8,576.4427,74.5592,7.34E-06
Fe2VAl1.8,765.5244,27.0025,4.56E-06
Fe2VAl2,7.2369,0.4030,5.67E-06
Fe2VAl2,194.1505,33.0479,6.01E-06
Fe2VAl2,388.2464,60.0504,6.25E-06
Fe2VAl2,537.2482,59.6474,6.07E-06
Fe2VAl,800.1494,16.5239,4.78E-06
Fe2VAl,96.9446,17.0174,1.95E-05
Fe2VAl,194.9361,24.3114,1.30E-05
Fe2VAl,299.4939,26.9682,7.74E-06
Fe2VAl,398.8501,25.4643,4.66E-06
Fe2VAl0.97Ge0.03,98.8418,-73.2626,5.23E-06
Fe2VAl0.97Ge0.03,164.3682,-98.8014,6.31E-06
Fe2VAl0.97Ge0.03,224.6446,-121.0933,6.67E-06
Fe2VAl0.97Ge0.03,253.4121,-122.5155,6.51E-06
Fe2VAl0.97Ge0.03,331.72,-103.6247,5.76E-06
Fe2VAl0.97Ge0.03,396.853,-68.9778,4.89E-06
Fe2VAl0.95Ge0.05,98.8842,-79.7441,2.07E-06
Fe2VAl0.95Ge0.05,155.2723,-107.1242,2.60E-06
Fe2VAl0.95Ge0.05,226.0335,-133.5949,3.74E-06
Fe2VAl0.95Ge0.05,296.6314,-135.0655,4.15E-06
Fe2VAl0.95Ge0.05,397.0558,-99.9966,4.15E-06
Fe2VAl0.9Ge0.1,98.7934,-65.8551,1.20E-06
Fe2VAl0.9Ge0.1,169.5668,-94.1777,1.64E-06
Fe2VAl0.9Ge0.1,252.0746,-117.8843,2.24E-06
Fe2VAl0.9Ge0.1,321.3865,-122.5942,2.81E-06
Fe2VAl0.9Ge0.1,401.0258,-107.4086,3.19E-06
Fe2VAl0.85Ge0.15,98.7238163,-55.20685977,X
Fe2VAl0.85Ge0.15,176.0,-82.61114599,X
Fe2VAl0.85Ge0.15,270.0,-1.09E+02,X
Fe2VAl0.85Ge0.15,338.0,-1.18E+02,X
Fe2VAl0.85Ge0.15,405.0,-1.18E+02,X
Fe2VAl0.8Ge0.2,99.9765,-46.875,8.49E-07
Fe2VAl0.8Ge0.2,212.6226,-81.7276,1.46E-06
Fe2VAl0.8Ge0.2,305.5548,-100.3537,2.11E-06
Fe2VAl0.8Ge0.2,399.7156,-106.9441,2.56E-06
Fe2VAl,300.8334,-1.2179,5.88E-06
Fe2VAl,417.4241,-3.9395,5.17E-06
Fe2VAl,518.7787,-5.822,4.56E-06
Fe2V0.9Mn0.1Al,296.7824,55.2999,6.65E-06
Fe2V0.9Mn0.1Al,413.1938,33.1664,5.12E-06
Fe2V0.9Mn0.1Al,527.3739,17.0252,4.01E-06
Fe2V0.8Mn0.2Al,302.9591,63.871,5.14E-06
Fe2V0.8Mn0.2Al,417.9305,50.8708,4.91E-06
Fe2V0.8Mn0.2Al,520.6934,36.4293,4.42E-06
Fe2V0.7Mn0.3Al,302.1442,58.1607,4.85E-06
Fe2V0.7Mn0.3Al,420.1881,47.7332,4.78E-06
Fe2V0.7Mn0.3Al,516.8534,33.2848,4.48E-06
Fe2V0.6Mn0.4Al,299.8338,55.5889,4.28E-06
Fe2V0.6Mn0.4Al,401.9453,53.1363,4.52E-06
Fe2V0.6Mn0.4Al,519.2033,40.1387,4.46E-06
Fe2V0.5Mn0.5Al,297.3362,32.7487,4.20E-06
Fe2V0.5Mn0.5Al,423.0154,23.7572,3.85E-06
Fe2V0.5Mn0.5Al,524.3066,15.0234,3.58E-06
Fe2V0.4Mn0.6Al,301.0022,17.0522,4.15E-06
Fe2V0.4Mn0.6Al,412.9907,11.1852,3.84E-06
Fe2V0.4Mn0.6Al,514.3136,5.8771,3.52E-06
Fe2V0.9Mn0.1Al1.1,302.8074,71.141,2.63E-06
Fe2V0.9Mn0.1Al1.1,394.1835,72.9035,2.87E-06
Fe2V0.9Mn0.1Al1.1,500.2118,64.6799,3.01E-06
Fe2V0.9Mn0.1Al1.2,300.8317,69.7969,2.55E-06
Fe2V0.9Mn0.1Al1.2,397.5617,64.8181,2.58E-06
Fe2V0.9Mn0.1Al1.2,499.6521,52.29,2.44E-06
Fe2V0.9Mn0.1Al1.3,297.0589,45.5595,1.82E-06
Fe2V0.9Mn0.1Al1.3,393.6573,56.4732,2.07E-06
Fe2V0.9Mn0.1Al1.3,498.2518,61.4502,2.27E-06
Fe2V0.9Mn0.1Al1.5,302.2075,63.5997,3.58E-06
Fe2V0.9Mn0.1Al1.5,399.4325,78.8223,3.83E-06
Fe2V0.9Mn0.1Al1.5,499.4024,82.4587,3.96E-06
Fe1.95Re0.05VAl,309.0545,75.8579,4.23E-06
Fe1.95Re0.05VAl,409.2107,65.084,3.91E-06
Fe1.95Re0.05VAl,561.8409,33.5996,3.43E-06
Fe1.95Re0.05VAl,667.8659,17.8757,3.10E-06
Fe1.95Re0.05VAl,801.364,6.5033,3.01E-06
Fe1.9Re0.1VAl,310.6608,65.023,3.52E-06
Fe1.9Re0.1VAl,407.7883,63.2255,3.75E-06
Fe1.9Re0.1VAl,557.4258,38.2408,3.80E-06
Fe1.9Re0.1VAl,795.5041,10.834,3.11E-06
Fe2VAl,297.1776,25.0647,7.575757575757576e-06
Fe2VAl,474.8579,21.1548,4.6728971962616825e-06
Fe2VAl,643.4784,14.5923,3.690036900369004e-06
Fe2VAl,847.3519,10.2861,3.3898305084745763e-06
Fe1.96Co0.04VAl,299.9833,-66.4561,6.7114093959731546e-06
Fe1.96Co0.04VAl,456.2707,-20.9854,4.405286343612335e-06
Fe1.96Co0.04VAl,599.5391,-10.8229,3.4129692832764506e-06
Fe1.96Co0.04VAl,732.7613,-11.6667,3.0211480362537765e-06
Fe1.96Co0.04VAl,853.4597,-12.5026,2.8011204481792718e-06
Fe1.9Co0.1VAl,300.8065,-111.6465,5.235602094240837e-06
Fe1.9Co0.1VAl,417.3352,-71.0873,4.6296296296296296e-06
Fe1.9Co0.1VAl,536.3762,-43.4411,3.98406374501992e-06
Fe1.9Co0.1VAl,686.3858,-28.3462,3.367003367003367e-06
Fe1.9Co0.1VAl,849.0785,-21.9935,3.0211480362537765e-06
Fe1.84Co0.16VAl,301.8551,-106.7104,4.201680672268908e-06
Fe1.84Co0.16VAl,426.7617,-88.5616,4.201680672268908e-06
Fe1.84Co0.16VAl,564.0261,-61.3067,3.92156862745098e-06
Fe1.84Co0.16VAl,699.1518,-41.6454,3.4965034965034966e-06
Fe1.84Co0.16VAl,853.8055,-31.4902,3.1847133757961785e-06
Fe1.76Co0.24VAl,301.3916,-81.2671,3.4722222222222224e-06
Fe1.76Co0.24VAl,409.5868,-83.2343,3.6496350364963505e-06
Fe1.76Co0.24VAl,573.2243,-66.2493,3.5714285714285714e-06
Fe1.76Co0.24VAl,742.5406,-48.5083,3.26797385620915e-06
Fe1.76Co0.24VAl,852.8123,-39.4642,3.012048192771084e-06
Fe1.70Co0.30VAl,295.6851,-80.504,3.1152647975077884e-06
Fe1.70Co0.30VAl,448.29,-82.8791,3.4482758620689654e-06
Fe1.70Co0.30VAl,597.1404,-66.6442,3.5087719298245615e-06
Fe1.70Co0.30VAl,741.4712,-52.3051,3.2894736842105265e-06
Fe1.70Co0.30VAl,850.6044,-43.2603,3.0864197530864196e-06
Fe1.60Co0.40VAl,301.0734,-63.7985,2.932551319648094e-06
Fe1.60Co0.40VAl,446.9716,-73.0048,3.3222591362126247e-06
Fe1.60Co0.40VAl,601.7015,-67.0268,3.4602076124567473e-06
Fe1.60Co0.40VAl,737.007,-57.239,3.3557046979865773e-06
Fe1.60Co0.40VAl,851.8605,-49.7168,3.2362459546925567e-06
Fe1.40Co0.60VAl,298.5265,-48.9868,2.4390243902439023e-06
Fe1.40Co0.60VAl,453.6091,-62.3761,2.7548209366391185e-06
Fe1.40Co0.60VAl,592.5379,-63.983,2.881844380403458e-06
Fe1.40Co0.60VAl,740.4849,-60.6589,2.8901734104046244e-06
Fe1.40Co0.60VAl,849.6941,-55.7913,2.8409090909090907e-06
Fe1.20Co0.80VAl,299.6236,-46.709,2.2026431718061673e-06
Fe1.20Co0.80VAl,486.5298,-57.0805,2.531645569620253e-06
Fe1.20Co0.80VAl,650.5269,-59.8425,2.6455026455026455e-06
Fe1.20Co0.80VAl,848.5556,-55.7906,2.6455026455026455e-06
FeCoVAl,302.9285,-40.6352,2.0120724346076457e-06
FeCoVAl,501.2684,-53.6721,2.288329519450801e-06
FeCoVAl,699.4285,-56.8355,2.4330900243309e-06
FeCoVAl,847.3894,-54.2709,2.463054187192118e-06
Fe2V0.9Nb0.1Al,199.3726,28.5475,1.10E-05
Fe2V0.9Nb0.1Al,324.3143,19.2408,7.77E-06
Fe2V0.9Nb0.1Al,431.002,7.0226,5.42E-06
Fe2V0.9Nb0.1Al,531.918,-3.0561,4.04E-06
Fe2V0.9Nb0.1Al,598.9862,-4.118,3.50E-06
Fe2V0.8Nb0.2Al,201.7717,21.3277,7.43E-06
Fe2V0.8Nb0.2Al,319.3154,16.7113,5.94E-06
Fe2V0.8Nb0.2Al,442.5807,5.713,4.60E-06
Fe2V0.8Nb0.2Al,599.8394,-1.9995,3.49E-06
Fe2V0.9Nb0.1Al0.9Ga0.1,199.9598,-61.818,7.12E-06
Fe2V0.9Nb0.1Al0.9Ga0.1,276.8401,-73.5172,6.21E-06
Fe2V0.9Nb0.1Al0.9Ga0.1,353.0929,-68.2447,5.44E-06
Fe2V0.9Nb0.1Al0.9Ga0.1,461.8284,-47.3785,4.50E-06
Fe2V0.9Nb0.1Al0.9Ga0.1,599.6487,-18.1201,3.53E-06
Fe2V0.8Nb0.2Al0.8Ga0.2,200.8131,10.3005,5.88E-06
Fe2V0.8Nb0.2Al0.8Ga0.2,309.2223,3.5919,4.75E-06
Fe2V0.8Nb0.2Al0.8Ga0.2,424.2666,-2.2893,3.83E-06
Fe2V0.8Nb0.2Al0.8Ga0.2,599.7741,-7.5144,2.83E-06
Fe2VAl0.9Ga0.1,200.3062,-32.5464,1.14E-05
Fe2VAl0.9Ga0.1,300.3789,-43.8951,7.53E-06
Fe2VAl0.9Ga0.1,382.3935,-41.6106,5.87E-06
Fe2VAl0.9Ga0.1,477.6531,-39.7925,4.68E-06
Fe2VAl0.9Ga0.1,592.7928,-37.6134,3.21E-06
Fe2VAl0.8Ga0.2,198.9009,-81.3298,7.98E-06
Fe2VAl0.8Ga0.2,276.6494,-89.6378,6.99E-06
Fe2VAl0.8Ga0.2,371.1912,-78.4841,5.81E-06
Fe2VAl0.8Ga0.2,487.4551,-51.2783,4.63E-06
Fe2VAl0.8Ga0.2,600.2509,-37.2129,3.56E-06
Fe2VAl0.97Sb0.03,348.9735,-110.4271,6.99E-06
Fe2VAl0.97Sb0.03,473.5874,-64.5729,5.62E-06
Fe2VAl0.97Sb0.03,593.2406,-35.6784,4.64E-06
Fe2VAl0.97Sb0.03,749.4117,-20.603,3.73E-06
Fe2V0.84Ti0.16Al0.97Sb0.03,349.9387,87.4372,4.00E-06
Fe2V0.84Ti0.16Al0.97Sb0.03,445.0545,86.1809,4.12E-06
Fe2V0.84Ti0.16Al0.97Sb0.03,576.6117,55.402,3.96E-06
Fe2V0.84Ti0.16Al0.97Sb0.03,748.3975,21.4824,3.45E-06
Fe2V0.9Ti0.1Al,345.0607,87.4372,4.27E-06
Fe2V0.9Ti0.1Al,464.5238,77.3869,4.24E-06
Fe2V0.9Ti0.1Al,598.5047,43.4673,3.91E-06
Fe2V0.9Ti0.1Al,750.7997,13.9447,3.41E-06
Fe2VAl0.9Si0.07Sb0.03,345.3181,-109.799,4.02E-06
Fe2VAl0.9Si0.07Sb0.03,444.1353,-102.2613,4.31E-06
Fe2VAl0.9Si0.07Sb0.03,571.1239,-69.598,4.33E-06
Fe2VAl0.9Si0.07Sb0.03,746.893,-36.9347,3.82E-06
Fe2VAl0.9Si0.1,350.1318,-122.9899,4.11E-06
Fe2VAl0.9Si0.1,478.2939,-99.7487,4.34E-06
Fe2VAl0.9Si0.1,627.2705,-59.5477,4.03E-06
Fe2VAl0.9Si0.1,748.1125,-36.9347,3.61E-06
Fe2VAlV0.9Ti0.1,327.3465,39.2393,5.783847218518954e-06
Fe2VAlV0.9Ti0.1,346.9378,38.7414,5.651636516127793e-06
Fe2VAlV0.9Ti0.1,365.4385,38.4647,5.532154541843558e-06
Fe2VAlV0.9Ti0.1,385.0285,38.0775,5.4285250534574e-06
Fe2VAlV0.9Ti0.1,410.3788,36.9156,5.2657602889006726e-06
Fe2VAlV0.9Ti0.1,440.7129,34.9239,5.033485260696785e-06
Fe2VAlV0.9Ti0.1,465.4331,34.4813,5.0486691708065755e-06
Fe1.95V1.05Al,100.0,-77.2674,1.47E-05
Fe1.95V1.05Al,118.8,-89.2815,1.46E-05
Fe1.95V1.05Al,139.2,-101.296,1.45E-05
Fe1.95V1.05Al,160.1,-111.19,1.42E-05
Fe1.95V1.05Al,177.8,-120.848,1.38E-05
Fe1.95V1.05Al,200.9,-129.093,1.32E-05
Fe1.95V1.05Al,219.7,-134.747,1.26E-05
Fe1.95V1.05Al,239.0,-136.631,1.21E-05
Fe1.95V1.05Al,258.8,-136.867,1.16E-05
Fe1.95V1.05Al,279.8,-134.511,1.10E-05
Fe1.95V1.05Al,301.8,-130.742,1.04E-05
Fe1.95V1.05Al,321.1,-125.324,9.87E-06
Fe1.95V1.05Al,341.5,-120.141,9.34E-06
Fe1.95V1.05Al,360.3,-113.781,8.82E-06
Fe1.95V1.05Al,381.3,-106.949,8.22E-06
Fe1.95V1.05Al,398.9,-103.651,7.75E-06
Fe1.95V1.05Al0.97Si0.03,98.9,-81.5077,9.33E-06
Fe1.95V1.05Al0.97Si0.03,119.9,-97.7621,9.46E-06
Fe1.95V1.05Al0.97Si0.03,140.3,-114.016,9.61E-06
Fe1.95V1.05Al0.97Si0.03,159.0,-130.035,9.64E-06
Fe1.95V1.05Al0.97Si0.03,181.1,-145.347,9.52E-06
Fe1.95V1.05Al0.97Si0.03,200.4,-157.833,9.35E-06
Fe1.95V1.05Al0.97Si0.03,219.1,-167.962,9.15E-06
Fe1.95V1.05Al0.97Si0.03,239.5,-175.265,8.93E-06
Fe1.95V1.05Al0.97Si0.03,259.4,-180.919,8.71E-06
Fe1.95V1.05Al0.97Si0.03,279.8,-182.568,8.48E-06
Fe1.95V1.05Al0.97Si0.03,299.1,-181.39,8.26E-06
Fe1.95V1.05Al0.97Si0.03,319.5,-179.505,8.01E-06
Fe1.95V1.05Al0.97Si0.03,340.4,-175.972,7.74E-06
Fe1.95V1.05Al0.97Si0.03,359.2,-171.26,7.50E-06
Fe1.95V1.05Al0.97Si0.03,380.1,-164.429,7.23E-06
Fe1.95V1.05Al0.97Si0.03,400.0,-160.895,6.95E-06
Fe1.95V1.05Al0.95Si0.05,102.2,-74.4405,7.04E-06
Fe1.95V1.05Al0.95Si0.05,119.9,-90.9305,7.12E-06
Fe1.95V1.05Al0.95Si0.05,140.3,-107.42,7.21E-06
Fe1.95V1.05Al0.95Si0.05,160.1,-123.439,7.26E-06
Fe1.95V1.05Al0.95Si0.05,180.5,-137.809,7.24E-06
Fe1.95V1.05Al0.95Si0.05,199.8,-149.352,7.17E-06
Fe1.95V1.05Al0.95Si0.05,220.2,-157.833,7.08E-06
Fe1.95V1.05Al0.95Si0.05,239.5,-164.429,6.98E-06
Fe1.95V1.05Al0.95Si0.05,261.0,-168.905,6.87E-06
Fe1.95V1.05Al0.95Si0.05,280.3,-171.26,6.78E-06
Fe1.95V1.05Al0.95Si0.05,300.2,-171.26,6.70E-06
Fe1.95V1.05Al0.95Si0.05,321.1,-170.789,6.63E-06
Fe1.95V1.05Al0.95Si0.05,339.9,-167.256,6.57E-06
Fe1.95V1.05Al0.95Si0.05,360.3,-163.251,6.46E-06
Fe1.95V1.05Al0.95Si0.05,379.0,-156.655,6.30E-06
Fe1.95V1.05Al0.95Si0.05,400.6,-154.064,6.10E-06
Fe1.95V1.05Al0.90Si0.10,99.45,-75.8539,3.32E-06
Fe1.95V1.05Al0.90Si0.10,118.2,-86.4547,3.43E-06
Fe1.95V1.05Al0.90Si0.10,139.7,-97.2909,3.56E-06
Fe1.95V1.05Al0.90Si0.10,159.0,-107.656,3.68E-06
Fe1.95V1.05Al0.90Si0.10,179.4,-117.079,3.80E-06
Fe1.95V1.05Al0.90Si0.10,197.6,-124.382,3.91E-06
Fe1.95V1.05Al0.90Si0.10,219.7,-132.155,4.03E-06
Fe1.95V1.05Al0.90Si0.10,239.0,-138.751,4.13E-06
Fe1.95V1.05Al0.90Si0.10,258.3,-145.819,4.23E-06
Fe1.95V1.05Al0.90Si0.10,279.8,-149.352,4.34E-06
Fe1.95V1.05Al0.90Si0.10,300.7,-154.535,4.45E-06
Fe1.95V1.05Al0.90Si0.10,318.9,-156.89,4.53E-06
Fe1.95V1.05Al0.90Si0.10,339.3,-157.126,4.62E-06
Fe1.95V1.05Al0.90Si0.10,359.7,-156.419,4.69E-06
Fe1.95V1.05Al0.90Si0.10,380.1,-155.948,4.73E-06
Fe1.95V1.05Al0.90Si0.10,401.1,-155.241,4.75E-06
Fe2.07V0.93Al,100.6,50.26,1.24E-05
Fe2.07V0.93Al,120.5,57.38,1.15E-05
Fe2.07V0.93Al,139.8,62.95,1.07E-05
Fe2.07V0.93Al,160.8,67.62,1.01E-05
Fe2.07V0.93Al,180.7,72.28,9.55E-06
Fe2.07V0.93Al,201.2,76.3,9.05E-06
Fe2.07V0.93Al,221.7,78.37,8.59E-06
Fe2.07V0.93Al,242.8,80.18,8.13E-06
Fe2.07V0.93Al,262.7,82.25,7.71E-06
Fe2.07V0.93Al,278.9,81.35,7.38E-06
Fe2.07V0.93Al,301.2,79.4,6.93E-06
Fe2.07V0.93Al,319.3,76.3,6.59E-06
Fe2.07V0.93Al,341.6,73.96,6.24E-06
Fe2.07V0.93Al,357.8,70.47,6.00E-06
Fe2.07V0.93Al,380.1,66.45,5.69E-06
Fe2.07V0.9Ti0.03Al,100.6,54.79,5.93E-06
Fe2.07V0.9Ti0.03Al,119.9,61.66,5.75E-06
Fe2.07V0.9Ti0.03Al,139.8,67.62,5.57E-06
Fe2.07V0.9Ti0.03Al,160.8,73.32,5.40E-06
Fe2.07V0.9Ti0.03Al,180.7,78.5,5.25E-06
Fe2.07V0.9Ti0.03Al,199.4,83.16,5.12E-06
Fe2.07V0.9Ti0.03Al,221.1,87.18,4.99E-06
Fe2.07V0.9Ti0.03Al,239.8,90.8,4.88E-06
Fe2.07V0.9Ti0.03Al,261.4,94.04,4.77E-06
Fe2.07V0.9Ti0.03Al,279.5,95.98,4.67E-06
Fe2.07V0.9Ti0.03Al,300.6,97.02,4.56E-06
Fe2.07V0.9Ti0.03Al,319.9,96.63,4.47E-06
Fe2.07V0.9Ti0.03Al,339.2,95.73,4.38E-06
Fe2.07V0.9Ti0.03Al,359.6,94.17,4.29E-06
Fe2.07V0.9Ti0.03Al,380.1,92.23,4.21E-06
Fe2.07V0.9Ti0.03Al,399.4,90.8,4.15E-06
Fe2.07V0.88Ti0.05Al,100.6,27.2,3.23E-06
Fe2.07V0.88Ti0.05Al,121.1,32.38,3.27E-06
Fe2.07V0.88Ti0.05Al,140.4,37.44,3.31E-06
Fe2.07V0.88Ti0.05Al,161.4,43.13,3.35E-06
Fe2.07V0.88Ti0.05Al,180.7,48.45,3.39E-06
Fe2.07V0.88Ti0.05Al,201.2,54.15,3.44E-06
Fe2.07V0.88Ti0.05Al,221.1,59.07,3.50E-06
Fe2.07V0.88Ti0.05Al,240.4,64.51,3.56E-06
Fe2.07V0.88Ti0.05Al,259.0,69.04,3.62E-06
Fe2.07V0.88Ti0.05Al,280.1,72.28,3.69E-06
Fe2.07V0.88Ti0.05Al,300.0,75.13,3.75E-06
Fe2.07V0.88Ti0.05Al,319.9,76.42,3.80E-06
Fe2.07V0.88Ti0.05Al,340.4,76.68,3.84E-06
Fe2.07V0.88Ti0.05Al,360.2,75.26,3.85E-06
Fe2.07V0.88Ti0.05Al,380.1,72.54,3.82E-06
Fe2.07V0.88Ti0.05Al,400.6,71.5,3.77E-06
Fe2.07V0.83Ti0.1Al,100.0,38.86,1.94E-06
Fe2.07V0.83Ti0.1Al,119.9,43.78,1.95E-06
Fe2.07V0.83Ti0.1Al,141.6,50.13,2.01E-06
Fe2.07V0.83Ti0.1Al,160.2,53.5,2.08E-06
Fe2.07V0.83Ti0.1Al,180.1,57.9,2.15E-06
Fe2.07V0.83Ti0.1Al,200.6,62.18,2.20E-06
Fe2.07V0.83Ti0.1Al,220.5,67.23,2.26E-06
Fe2.07V0.83Ti0.1Al,239.8,71.37,2.33E-06
Fe2.07V0.83Ti0.1Al,260.2,75.78,2.39E-06
Fe2.07V0.83Ti0.1Al,279.5,79.27,2.45E-06
Fe2.07V0.83Ti0.1Al,300.0,83.16,2.54E-06
Fe2.07V0.83Ti0.1Al,319.3,85.62,2.61E-06
Fe2.07V0.83Ti0.1Al,340.4,87.82,2.61E-06
Fe2.07V0.83Ti0.1Al,359.6,89.25,2.74E-06
Fe2.07V0.83Ti0.1Al,379.5,90.8,3.10E-06
Fe2.07V0.83Ti0.1Al,399.4,91.97,3.02E-06
Fe2V0.84Ti0.16Al0.97Sb0.03,346.318,89.3392,4.04E-06
Fe2V0.84Ti0.16Al0.97Sb0.03,395.012,91.0794,4.08E-06
Fe2V0.84Ti0.16Al0.97Sb0.03,442.518,84.1377,4.12E-06
Fe2V0.84Ti0.16Al0.97Sb0.03,491.211,73.4709,4.10E-06
Fe2V0.84Ti0.16Al0.97Sb0.03,541.093,63.4216,4.01E-06
Fe2V0.84Ti0.16Al0.97Sb0.03,594.537,52.1227,3.89E-06
Fe2V0.84Ti0.16Al0.97Sb0.03,642.043,38.3572,3.79E-06
Fe2V0.84Ti0.16Al0.97Sb0.03,694.299,29.5427,3.63E-06
Fe2V0.84Ti0.16Al0.97Sb0.03,746.556,19.4875,3.40E-06
Fe2V0.90Ti0.10Al,348.694,84.9908,4.24E-06
Fe2V0.90Ti0.10Al,391.449,87.9865,4.28E-06
Fe2V0.90Ti0.10Al,443.705,79.7923,4.27E-06
Fe2V0.90Ti0.10Al,497.15,69.7341,4.15E-06
Fe2V0.90Ti0.10Al,544.656,56.5889,4.05E-06
Fe2V0.90Ti0.10Al,593.349,44.0612,3.92E-06
Fe2V0.90Ti0.10Al,640.855,34.0177,3.69E-06
Fe2V0.90Ti0.10Al,694.299,22.0985,3.56E-06
Fe2V0.90Ti0.10Al,745.368,14.5276,3.44E-06
Fe2VAl0.90Si0.07Sb0.03,351.069,-113.526,4.08E-06
Fe2VAl0.90Si0.07Sb0.03,390.261,-112.383,4.22E-06
Fe2VAl0.90Si0.07Sb0.03,442.518,-105.689,4.30E-06
Fe2VAl0.90Si0.07Sb0.03,492.399,-92.7851,4.34E-06
Fe2VAl0.90Si0.07Sb0.03,544.656,-79.8875,4.31E-06
Fe2VAl0.90Si0.07Sb0.03,594.537,-67.6043,4.22E-06
Fe2VAl0.90Si0.07Sb0.03,644.418,-55.3211,4.09E-06
Fe2VAl0.90Si0.07Sb0.03,695.487,-46.1426,3.91E-06
Fe2VAl0.90Si0.07Sb0.03,744.181,-38.8193,3.81E-06
Fe2VAl0.90Si0.10,349.881,-122.208,4.11E-06
Fe2VAl0.90Si0.10,390.261,-113.623,4.23E-06
Fe2VAl0.90Si0.10,442.518,-109.411,4.32E-06
Fe2VAl0.90Si0.10,491.211,-97.1246,4.36E-06
Fe2VAl0.90Si0.10,543.468,-82.3659,4.29E-06
Fe2VAl0.90Si0.10,593.349,-69.4624,4.13E-06
Fe2VAl0.90Si0.10,642.043,-57.1763,3.88E-06
Fe2VAl0.90Si0.10,696.675,-46.7659,3.70E-06
Fe2VAl0.90Si0.10,742.993,-39.4367,3.60E-06
Fe2VAl0.97Sb0.03,348.694,-111.039,6.99E-06
Fe2VAl0.97Sb0.03,393.824,-96.2626,6.45E-06
Fe2VAl0.97Sb0.03,444.893,-79.0196,5.91E-06
Fe2VAl0.97Sb0.03,492.399,-60.527,5.41E-06
Fe2VAl0.97Sb0.03,543.468,-47.0061,4.93E-06
Fe2VAl0.97Sb0.03,592.162,-37.2014,4.61E-06
Fe2VAl0.97Sb0.03,643.23,-29.8839,4.27E-06
Fe2VAl0.97Sb0.03,693.112,-25.0449,3.95E-06
Fe2VAl0.97Sb0.03,742.993,-22.6873,3.76E-06
Fe2VAl,293.2606,29.2605,9.38E-05
Fe2VAl,375.5775,22.9736,1.62E-04
Fe2VAl,474.7543,14.9892,3.05E-04
Fe2VAl,612.8351,3.2694,6.18E-04
Fe2VAl,733.3587,-4.0439,9.99E-04
Fe2VAl,832.4228,-5.9340,1.39E-03
Fe2V0.975Nb0.025Al,303.7606,21.4703,1.02E-04
Fe2V0.975Nb0.025Al,433.3426,14.3237,5.96E-05
Fe2V0.975Nb0.025Al,589.5465,2.5989,3.88E-05
Fe2V0.975Nb0.025Al,692.563,-3.0167,3.49E-05
Fe2V0.975Nb0.025Al,792.9435,-6.0921,3.16E-05
Fe2V0.95Nb0.05Al,295.6336,40.9406,8.82E-05
Fe2V0.95Nb0.05Al,374.7299,33.8082,6.06E-05
Fe2V0.95Nb0.05Al,476.5865,20.9137,4.23E-05
Fe2V0.95Nb0.05Al,630.3015,3.7724,3.36E-05
Fe2V0.95Nb0.05Al,732.6833,-2.5201,3.15E-05
Fe2V0.95Nb0.05Al,816.2164,-4.5751,2.68E-05
Fe2V0.95Nb0.05Al,882.9179,-6.4561,1.87E-05
Fe2V0.925Nb0.075Al,301.3681,45.8483,7.71E-05
Fe2V0.925Nb0.075Al,435.0277,28.2047,4.38E-05
Fe2V0.925Nb0.075Al,538.9168,10.4003,3.72E-05
Fe2V0.925Nb0.075Al,635.5202,1.5702,3.17E-05
Fe2V0.925Nb0.075Al,741.1132,-3.3689,2.74E-05
Fe2V0.925Nb0.075Al,838.2512,-6.1049,3.04E-05
Fe2V0.90Nb0.10Al,292.6306,98.3296,5.25E-05
Fe2V0.90Nb0.10Al,362.8344,82.0582,4.75E-05
Fe2V0.90Nb0.10Al,431.181,61.2167,4.32E-05
Fe2V0.90Nb0.10Al,485.1847,45.9657,4.02E-05
Fe2V0.90Nb0.10Al,591.1564,20.5428,3.53E-05
Fe2V0.90Nb0.10Al,643.0619,13.7567,3.34E-05
Fe2V0.90Nb0.10Al,796.7049,0.5090,3.01E-05
Fe2V0.85Nb0.15Al,294.3853,73.4439,5.28E-05
Fe2V0.85Nb0.15Al,378.2033,55.9838,4.29E-05
Fe2V0.85Nb0.15Al,484.1844,30.0530,3.36E-05
Fe2V0.85Nb0.15Al,595.2278,10.3845,2.86E-05
Fe2V0.85Nb0.15Al,690.5367,1.5547,2.67E-05
Fe2V0.85Nb0.15Al,760.512,-2.3587,2.51E-05
Fe2V0.85Nb0.15Al,838.2324,-5.0892,2.17E-05
Fe2VAl,92.3591,16.5543,1.95E-05
Fe2VAl,204.9986,26.8332,1.24E-05
Fe2VAl,310.9703,28.9031,7.14E-06
Fe2VAl,401.0325,28.1806,4.78E-06
Fe2VAl0.97Si0.03,87.9911,-54.9182,6.46E-06
Fe2VAl0.97Si0.03,147.4326,-84.1295,7.24E-06
Fe2VAl0.97Si0.03,216.1789,-107.3028,7.48E-06
Fe2VAl0.97Si0.03,281.1563,-93.4007,6.90E-06
Fe2VAl0.97Si0.03,356.8714,-53.8182,6.00E-06
Fe2VAl0.97Si0.03,402.0109,-34.5426,5.35E-06
Fe2VAl0.95Si0.05,89.3067,-56.5491,2.07E-06
Fe2VAl0.95Si0.05,176.5573,-86.7377,3.03E-06
Fe2VAl0.95Si0.05,271.7731,-113.6209,4.19E-06
Fe2VAl0.95Si0.05,349.8453,-126.9378,4.36E-06
Fe2VAl0.95Si0.05,402.8387,-124.5392,4.32E-06
Fe2VAl0.9Si0.1,87.9911,-54.9182,1.04E-06
Fe2VAl0.9Si0.1,172.5957,-84.572,1.54E-06
Fe2VAl0.9Si0.1,255.9058,-108.7767,2.20E-06
Fe2VAl0.9Si0.1,360.4416,-126.8945,3.28E-06
Fe2VAl0.9Si0.1,401.5142,-124.5447,3.47E-06
Fe2VAl0.8Si0.2,92.0581,-37.9924,5.37E-07
Fe2VAl0.8Si0.2,203.1714,-64.2651,1.01E-06
Fe2VAl0.8Si0.2,290.4912,-81.9079,1.68E-06
Fe2VAl0.8Si0.2,402.9712,-100.5387,2.47E-06
Fe2V0.9AlTi0.1,302.2167,67.1623,1.80E-05
Fe2V0.9AlTi0.1,364.2857,78.9563,2.21E-05
Fe2V0.9AlTi0.1,427.8325,85.8211,2.61E-05
Fe2V0.9AlTi0.1,526.1084,77.8820,3.15E-05
Fe2V0.9AlTi0.1,643.5961,54.8188,3.59E-05
Fe2V0.9AlTi0.1,727.0936,38.0169,3.74E-05
Fe2V0.9AlTi0.1,803.202,25.1616,3.80E-05
Fe2V0.8Al0.9Ti0.3,294.8276,113.4925,4.02E-05
Fe2V0.8Al0.9Ti0.3,352.4631,122.3319,4.52E-05
Fe2V0.8Al0.9Ti0.3,464.0394,114.0570,5.07E-05
Fe2V0.8Al0.9Ti0.3,627.3399,68.6270,4.68E-05
Fe2V0.8Al0.9Ti0.3,704.9261,45.2572,4.30E-05
Fe2V0.8Al0.9Ti0.3,864.532,12.6429,3.54E-05
Fe2V0.7Al0.8Ti0.5,291.133,119.4085,5.94E-05
Fe2V0.7Al0.8Ti0.5,370.197,134.1502,6.48E-05
Fe2V0.7Al0.8Ti0.5,486.2069,116.3447,6.59E-05
Fe2V0.7Al0.8Ti0.5,614.7783,67.6482,5.68E-05
Fe2V0.7Al0.8Ti0.5,729.3103,31.4446,4.47E-05
Fe2V0.7Al0.8Ti0.5,867.4877,5.7416,3.58E-05
Fe2V0.6Al0.7Ti0.7,294.8276,118.4208,6.94E-05
Fe2V0.6Al0.7Ti0.7,345.8128,124.3069,7.33E-05
Fe2V0.6Al0.7Ti0.7,466.2562,114.0557,7.31E-05
Fe2V0.6Al0.7Ti0.7,578.5714,75.5534,6.38E-05
Fe2V0.6Al0.7Ti0.7,662.8079,46.2659,5.54E-05
Fe2V0.6Al0.7Ti0.7,727.8325,28.1598,4.90E-05
Fe2V0.6Al0.7Ti0.7,863.0542,9.3582,3.75E-05
Fe2V1.1Al0.9,299.6328,-114.2625,2.19E-05
Fe2V1.1Al0.9,375.7938,-132.4364,2.69E-05
Fe2V1.1Al0.9,450.426,-144.0446,3.17E-05
Fe2V1.1Al0.9,517.6041,-146.4519,3.48E-05
Fe2V1.1Al0.9,614.9669,-139.7203,3.58E-05
Fe2V1.1Al0.9,696.0193,-123.7733,3.41E-05
Fe2VAl0.8T0.2,293.6256,-101.4543,3.33E-05
Fe2VAl0.8T0.2,373.453,-116.6808,4.00E-05
Fe2VAl0.8T0.2,448.0693,-126.3199,4.55E-05
Fe2VAl0.8T0.2,540.9987,-118.9247,4.86E-05
Fe2VAl0.8T0.2,656.6745,-95.1586,4.72E-05
Fe2VAl0.8T0.2,755.3654,-70.0521,4.30E-05
Fe2VAl0.8T0.2,804.7016,-56.3502,4.14E-05
Fe2V0.9Al0.7T0.4,288.4515,-100.4614,3.91E-05
Fe2V0.9Al0.7T0.4,361.6341,-115.3488,4.38E-05
Fe2V0.9Al0.7T0.4,454.6586,-119.7675,4.90E-05
Fe2V0.9Al0.7T0.4,552.7356,-110.0836,4.85E-05
Fe2V0.9Al0.7T0.4,654.4156,-89.5762,4.41E-05
Fe2V0.9Al0.7T0.4,756.077,-66.7716,3.87E-05
Fe2V0.9Al0.7T0.4,857.7807,-49.2177,3.37E-05
Fe2V0.8Al0.6T0.6,308.3304,-94.5871,4.68E-05
Fe2V0.8Al0.6T0.6,397.7045,-103.9223,5.05E-05
Fe2V0.8Al0.6T0.6,477.4183,-105.0375,5.12E-05
Fe2V0.8Al0.6T0.6,570.3265,-95.0170,5.03E-05
Fe2V0.8Al0.6T0.6,680.8706,-75.5086,4.65E-05
Fe2V0.8Al0.6T0.6,777.3606,-52.0392,4.10E-05
Fe2V0.8Al0.6T0.6,874.6705,-38.7442,3.81E-05
Fe2V0.9Ti0.1Al,348.894,85.3985,3.25E-06
Fe2V0.9Ti0.1Al,389.686,88.1196,3.42E-06
Fe2V0.9Ti0.1Al,443.297,82.8577,3.62E-06
Fe2V0.9Ti0.1Al,490.464,76.9206,3.68E-06
Fe2V0.9Ti0.1Al,542.988,69.6573,3.79E-06
Fe2V0.9Ti0.1Al,594.404,57.7259,3.85E-06
Fe2V0.9Ti0.1Al,644.748,45.793,3.70E-06
Fe2V0.9Ti0.1Al,696.174,35.1949,3.66E-06
Fe2V0.9Ti0.1Al,747.606,25.2635,3.54E-06
Fe2VAl,348.107,-24.6025,9.57E-06
Fe2VAl,397.483,-21.87,7.77E-06
Fe2VAl,442.572,-18.4766,6.56E-06
Fe2VAl,495.176,-14.4064,5.54E-06
Fe2VAl,542.406,-11.6768,4.92E-06
Fe2VAl,592.84,-10.9429,4.44E-06
Fe2VAl,644.348,-10.2075,4.10E-06
Fe2VAl,693.704,-10.1417,3.88E-06
Fe2VAl,750.581,-8.7326,3.48E-06
Fe2V0.9W0.1Al,347.511,-107.9370,X
Fe2V0.9W0.1Al,393.639,-109.2080,X
Fe2V0.9W0.1Al,441.961,-103.8110,X
Fe2V0.9W0.1Al,491.404,-91.7448,X
Fe2V0.9W0.1Al,545.129,-81.0065,X
Fe2V0.9W0.1Al,596.736,-66.2710,X
Fe2V0.9W0.1Al,647.223,-58.2037,X
Fe2V0.9W0.1Al,698.797,-48.1349,X
Fe2V0.9W0.1Al,748.206,-40.7357,X
Fe2V0.75Ti0.15W0.1Al,350.62,26.7342,9.82E-06
Fe2V0.75Ti0.15W0.1Al,392.4,17.4565,8.36E-06
Fe2V0.75Ti0.15W0.1Al,442.801,13.5237,7.18E-06
Fe2V0.75Ti0.15W0.1Al,494.265,8.259,6.19E-06
Fe2V0.75Ti0.15W0.1Al,544.666,4.3262,5.51E-06
Fe2V0.75Ti0.15W0.1Al,592.921,0.3906,4.97E-06
Fe2V0.75Ti0.15W0.1Al,648.697,-2.2017,4.49E-06
Fe2V0.75Ti0.15W0.1Al,694.815,-4.8069,4.16E-06
Fe2V0.75Ti0.15W0.1Al,746.323,-4.0716,3.91E-06
Fe2V0.7Ti0.2W0.1Al,348.866,81.3985,7.57E-06
Fe2V0.7Ti0.2W0.1Al,393.887,75.4585,7.00E-06
Fe2V0.7Ti0.2W0.1Al,445.29,61.5271,6.34E-06
Fe2V0.7Ti0.2W0.1Al,494.556,48.9261,5.82E-06
Fe2V0.7Ti0.2W0.1Al,543.832,37.6584,5.24E-06
Fe2V0.7Ti0.2W0.1Al,595.267,28.3937,4.77E-06
Fe2V0.7Ti0.2W0.1Al,645.63,19.1275,4.39E-06
Fe2V0.7Ti0.2W0.1Al,698.158,12.5309,4.07E-06
Fe2V0.7Ti0.2W0.1Al,748.559,8.5981,3.79E-06
Fe2V0.65Ti0.25W0.1Al,351.107,94.7348,4.65E-06
Fe2V0.65Ti0.25W0.1Al,396.162,93.4615,4.69E-06
Fe2V0.65Ti0.25W0.1Al,443.32,86.1911,4.62E-06
Fe2V0.65Ti0.25W0.1Al,492.615,77.5902,4.59E-06
Fe2V0.65Ti0.25W0.1Al,548.324,65.6644,4.43E-06
Fe2V0.65Ti0.25W0.1Al,594.357,51.0591,4.23E-06
Fe2V0.65Ti0.25W0.1Al,644.71,40.4596,4.01E-06
Fe2V0.65Ti0.25W0.1Al,692.917,29.8572,3.76E-06
Fe2V0.65Ti0.25W0.1Al,748.645,20.5982,3.75E-06
Fe2V0.6Ti0.3W0.1Al,349.934,80.7332,3.17E-06
Fe2V0.6Ti0.3W0.1Al,392.905,88.1239,3.39E-06
Fe2V0.6Ti0.3W0.1Al,446.544,86.8621,3.70E-06
Fe2V0.6Ti0.3W0.1Al,493.731,83.5916,3.73E-06
Fe2V0.6Ti0.3W0.1Al,541.981,78.9893,3.82E-06
Fe2V0.6Ti0.3W0.1Al,595.563,69.7274,3.88E-06
Fe2V0.6Ti0.3W0.1Al,643.761,57.7917,3.82E-06
Fe2V0.6Ti0.3W0.1Al,695.173,45.1936,3.66E-06
Fe2V0.6Ti0.3W0.1Al,746.623,37.9288,3.74E-06
Fe2VAl,301.4237,-1.1558,5.91E-05
Fe2VAl,350.3986,-3.4656,5.55E-05
Fe2VAl,399.0888,-5.0176,5.24E-05
Fe2VAl,445.7859,-5.6212,4.94E-05
Fe2VAl,519.2483,-6.245,4.57E-05
Fe1.94Cu0.06VAl,294.59,-104.3703,8.72E-05
Fe1.94Cu0.06VAl,350.1139,-90.776,7.64E-05
Fe1.94Cu0.06VAl,397.3804,-74.3345,6.65E-05
Fe1.94Cu0.06VAl,449.4875,-59.6013,5.84E-05
Fe1.94Cu0.06VAl,500.4556,-46.7611,5.19E-05
Fe1.94Cu0.06VAl,522.9499,-41.6645,4.95E-05
Fe1.90Cu0.10VAl,301.4237,-144.3376,5.39E-05
Fe1.90Cu0.10VAl,349.2597,-138.1238,5.63E-05
Fe1.90Cu0.10VAl,396.2415,-127.7428,5.74E-05
Fe1.90Cu0.10VAl,445.2164,-112.439,5.65E-05
Fe1.90Cu0.10VAl,493.6219,-93.1574,5.42E-05
Fe1.90Cu0.10VAl,539.7494,-75.7681,5.07E-05
Fe1.80Cu0.20VAl,300.8542,-127.2917,4.86E-05
Fe1.80Cu0.20VAl,350.3986,-128.2762,5.26E-05
Fe1.80Cu0.20VAl,397.0957,-118.6525,5.37E-05
Fe1.80Cu0.20VAl,446.0706,-105.0532,5.39E-05
Fe1.80Cu0.20VAl,492.1982,-89.3685,5.19E-05
Fe1.80Cu0.20VAl,518.3941,-81.2444,4.98E-05
Fe1.70Cu0.30VAl,302.2779,-113.467,6.53E-05
Fe1.70Cu0.30VAl,337.5854,-110.6529,6.43E-05
Fe1.70Cu0.30VAl,375.1708,-106.7041,6.24E-05
Fe1.70Cu0.30VAl,411.9021,-99.5349,6.01E-05
Fe1.70Cu0.30VAl,455.467,-88.7725,5.71E-05
Fe1.70Cu0.30VAl,500.7403,-78.5795,5.43E-05
Fe1.70Cu0.30VAl,544.3052,-70.658,5.18E-05
Fe1.60Cu0.40VAl,303.4169,-73.8846,1.11E-04
Fe1.60Cu0.40VAl,350.3986,-73.352,9.59E-05
Fe1.60Cu0.40VAl,397.9499,-72.2516,8.45E-05
Fe1.60Cu0.40VAl,444.9317,-67.1736,7.59E-05
Fe1.60Cu0.40VAl,491.9134,-60.391,6.82E-05
Fe1.60Cu0.40VAl,516.1162,-56.4321,6.55E-05
