Host,Formula,Crystal Category,Dopant Material,Concentration,Dopant Site,Temperature (K) ,Seebeck Coefficient (µV/K),Resistivity(Ω*m),Electrical Conductivity (S/m),Crystal Structure,Microstructure,Experimental Preparation Notes,Paper (hyperlink),,,,,,
Ni2MnGa,Ni2MnGa,,X,X,X,37.6191,0.34,7.3205,,Poly,,"Arc melting, annealed at 1073 K for two days, furnace cooling",Thermal and transport properties of Ni2MnGa1xAlx alloys,,,,,,
Ni2MnGa,Ni2MnGa,,X,X,X,57.9526,-2.07,7.8439,,Poly,,"Arc melting, annealed at 1073 K for two days, furnace cooling",Thermal and transport properties of Ni2MnGa1xAlx alloys,,,,,,
Ni2MnGa,Ni2MnGa,,X,X,X,76.9811,-4.49,8.8013,,Poly,,"Arc melting, annealed at 1073 K for two days, furnace cooling",Thermal and transport properties of Ni2MnGa1xAlx alloys,,,,,,
Ni2MnGa,Ni2MnGa,,X,X,X,99.2721,-6.90,10.5906,,Poly,,"Arc melting, annealed at 1073 K for two days, furnace cooling",Thermal and transport properties of Ni2MnGa1xAlx alloys,,,,,,
Ni2MnGa,Ni2MnGa,,X,X,X,122.2301,-9.65,13.2962,,Poly,,"Arc melting, annealed at 1073 K for two days, furnace cooling",Thermal and transport properties of Ni2MnGa1xAlx alloys,,,,,,
Ni2MnGa,Ni2MnGa,,X,X,X,150.4042,-12.30,17.7853,,Poly,,"Arc melting, annealed at 1073 K for two days, furnace cooling",Thermal and transport properties of Ni2MnGa1xAlx alloys,,,,,,
Ni2MnGa,Ni2MnGa,,X,X,X,187.6785,-14.15,23.922,,Poly,,"Arc melting, annealed at 1073 K for two days, furnace cooling",Thermal and transport properties of Ni2MnGa1xAlx alloys,,,,,,
Ni2MnGa,Ni2MnGa,,X,X,X,218.378,-14.85,27.9066,,Poly,,"Arc melting, annealed at 1073 K for two days, furnace cooling",Thermal and transport properties of Ni2MnGa1xAlx alloys,,,,,,
Ni2MnGa,Ni2MnGa,,X,X,X,252.2286,-12.99,32.3688,,Poly,,"Arc melting, annealed at 1073 K for two days, furnace cooling",Thermal and transport properties of Ni2MnGa1xAlx alloys,,,,,,
Ni2MnGa,Ni2MnGa,,X,X,X,279.5478,-10.99,37.1638,,Poly,,"Arc melting, annealed at 1073 K for two days, furnace cooling",Thermal and transport properties of Ni2MnGa1xAlx alloys,,,,,,
Ni2MnGa,Ni2MnGa,,X,X,X,310.7883,-9.13,44.6853,,Poly,,"Arc melting, annealed at 1073 K for two days, furnace cooling",Thermal and transport properties of Ni2MnGa1xAlx alloys,,,,,,
Ni2MnGa,Ni2MnGa,,X,X,X,347.2552,-7.41,56.0358,,Poly,,"Arc melting, annealed at 1073 K for two days, furnace cooling",Thermal and transport properties of Ni2MnGa1xAlx alloys,,,,,,
Ni2MnGa,Ni2MnGa,,X,X,X,373.2879,-5.84,62.0243,,Poly,,"Arc melting, annealed at 1073 K for two days, furnace cooling",Thermal and transport properties of Ni2MnGa1xAlx alloys,,,,,,
Ni2MnGa,Ni2MnGa,,X,X,X,396.7539,-5.27,62.024,,Poly,,"Arc melting, annealed at 1073 K for two days, furnace cooling",Thermal and transport properties of Ni2MnGa1xAlx alloys,,,,,,
Ni2MnGa,Ni2MnGa0.97Al0.03,,Al,0.03,Ga,27.8499,-0.09,10.6314,,Poly,,"Arc melting, annealed at 1073 K for two days, furnace cooling",Thermal and transport properties of Ni2MnGa1xAlx alloys,,,,,,
Ni2MnGa,Ni2MnGa0.97Al0.03,,Al,0.03,Ga,51.448,-2.55,13.7481,,Poly,,"Arc melting, annealed at 1073 K for two days, furnace cooling",Thermal and transport properties of Ni2MnGa1xAlx alloys,,,,,,
Ni2MnGa,Ni2MnGa0.97Al0.03,,Al,0.03,Ga,71.8187,-5.82,17.6689,,Poly,,"Arc melting, annealed at 1073 K for two days, furnace cooling",Thermal and transport properties of Ni2MnGa1xAlx alloys,,,,,,
Ni2MnGa,Ni2MnGa0.97Al0.03,,Al,0.03,Ga,98.7373,-9.61,23.918,,Poly,,"Arc melting, annealed at 1073 K for two days, furnace cooling",Thermal and transport properties of Ni2MnGa1xAlx alloys,,,,,,
Ni2MnGa,Ni2MnGa0.97Al0.03,,Al,0.03,Ga,123.0437,-13.35,29.933,,Poly,,"Arc melting, annealed at 1073 K for two days, furnace cooling",Thermal and transport properties of Ni2MnGa1xAlx alloys,,,,,,
Ni2MnGa,Ni2MnGa0.97Al0.03,,Al,0.03,Ga,148.6015,-15.86,35.9008,,Poly,,"Arc melting, annealed at 1073 K for two days, furnace cooling",Thermal and transport properties of Ni2MnGa1xAlx alloys,,,,,,
Ni2MnGa,Ni2MnGa0.97Al0.03,,Al,0.03,Ga,174.1242,-17.57,40.7541,,Poly,,"Arc melting, annealed at 1073 K for two days, furnace cooling",Thermal and transport properties of Ni2MnGa1xAlx alloys,,,,,,
Ni2MnGa,Ni2MnGa0.97Al0.03,,Al,0.03,Ga,203.5083,-18.03,45.0828,,Poly,,"Arc melting, annealed at 1073 K for two days, furnace cooling",Thermal and transport properties of Ni2MnGa1xAlx alloys,,,,,,
Ni2MnGa,Ni2MnGa0.97Al0.03,,Al,0.03,Ga,245.9202,-17.98,60.6387,,Poly,,"Arc melting, annealed at 1073 K for two days, furnace cooling",Thermal and transport properties of Ni2MnGa1xAlx alloys,,,,,,
Ni2MnGa,Ni2MnGa0.97Al0.03,,Al,0.03,Ga,269.4048,-17.83,65.2846,,Poly,,"Arc melting, annealed at 1073 K for two days, furnace cooling",Thermal and transport properties of Ni2MnGa1xAlx alloys,,,,,,
Ni2MnGa,Ni2MnGa0.97Al0.03,,Al,0.03,Ga,275.1433,-14.74,62.8092,,Poly,,"Arc melting, annealed at 1073 K for two days, furnace cooling",Thermal and transport properties of Ni2MnGa1xAlx alloys,,,,,,
Ni2MnGa,Ni2MnGa0.97Al0.03,,Al,0.03,Ga,308.3021,-11.98,72.5262,,Poly,,"Arc melting, annealed at 1073 K for two days, furnace cooling",Thermal and transport properties of Ni2MnGa1xAlx alloys,,,,,,
Ni2MnGa,Ni2MnGa0.97Al0.03,,Al,0.03,Ga,340.1848,-9.88,90.8438,,Poly,,"Arc melting, annealed at 1073 K for two days, furnace cooling",Thermal and transport properties of Ni2MnGa1xAlx alloys,,,,,,
Ni2MnGa,Ni2MnGa0.97Al0.03,,Al,0.03,Ga,364.9104,-8.27,99.0788,,Poly,,"Arc melting, annealed at 1073 K for two days, furnace cooling",Thermal and transport properties of Ni2MnGa1xAlx alloys,,,,,,
Ni2MnGa,Ni2MnGa0.97Al0.03,,Al,0.03,Ga,394.8831,-7.26,104.3296,,Poly,,"Arc melting, annealed at 1073 K for two days, furnace cooling",Thermal and transport properties of Ni2MnGa1xAlx alloys,,,,,,
Ni2MnGa,Ni2MnGa0.95Al0.05,,Al,0.05,Ga,18.0992,-0.94,26.557,,Poly,,"Arc melting, annealed at 1073 K for two days, furnace cooling",Thermal and transport properties of Ni2MnGa1xAlx alloys,,,,,,
Ni2MnGa,Ni2MnGa0.95Al0.05,,Al,0.05,Ga,42.3107,-2.50,31.0037,,Poly,,"Arc melting, annealed at 1073 K for two days, furnace cooling",Thermal and transport properties of Ni2MnGa1xAlx alloys,,,,,,
Ni2MnGa,Ni2MnGa0.95Al0.05,,Al,0.05,Ga,61.3639,-5.49,33.8957,,Poly,,"Arc melting, annealed at 1073 K for two days, furnace cooling",Thermal and transport properties of Ni2MnGa1xAlx alloys,,,,,,
Ni2MnGa,Ni2MnGa0.95Al0.05,,Al,0.05,Ga,87.6258,-9.19,37.5528,,Poly,,"Arc melting, annealed at 1073 K for two days, furnace cooling",Thermal and transport properties of Ni2MnGa1xAlx alloys,,,,,,
Ni2MnGa,Ni2MnGa0.95Al0.05,,Al,0.05,Ga,109.3139,-12.74,40.7468,,Poly,,"Arc melting, annealed at 1073 K for two days, furnace cooling",Thermal and transport properties of Ni2MnGa1xAlx alloys,,,,,,
Ni2MnGa,Ni2MnGa0.95Al0.05,,Al,0.05,Ga,132.9534,-16.15,44.9153,,Poly,,"Arc melting, annealed at 1073 K for two days, furnace cooling",Thermal and transport properties of Ni2MnGa1xAlx alloys,,,,,,
Ni2MnGa,Ni2MnGa0.95Al0.05,,Al,0.05,Ga,160.5038,-19.47,51.3582,,Poly,,"Arc melting, annealed at 1073 K for two days, furnace cooling",Thermal and transport properties of Ni2MnGa1xAlx alloys,,,,,,
Ni2MnGa,Ni2MnGa0.95Al0.05,,Al,0.05,Ga,195.1742,-21.45,63.091,,Poly,,"Arc melting, annealed at 1073 K for two days, furnace cooling",Thermal and transport properties of Ni2MnGa1xAlx alloys,,,,,,
Ni2MnGa,Ni2MnGa0.95Al0.05,,Al,0.05,Ga,228.4652,-21.73,75.372,,Poly,,"Arc melting, annealed at 1073 K for two days, furnace cooling",Thermal and transport properties of Ni2MnGa1xAlx alloys,,,,,,
Ni2MnGa,Ni2MnGa0.95Al0.05,,Al,0.05,Ga,242.1062,-20.30,78.5232,,Poly,,"Arc melting, annealed at 1073 K for two days, furnace cooling",Thermal and transport properties of Ni2MnGa1xAlx alloys,,,,,,
Ni2MnGa,Ni2MnGa0.95Al0.05,,Al,0.05,Ga,248.6377,-20.44,79.7476,,Poly,,"Arc melting, annealed at 1073 K for two days, furnace cooling",Thermal and transport properties of Ni2MnGa1xAlx alloys,,,,,,
Ni2MnGa,Ni2MnGa0.95Al0.05,,Al,0.05,Ga,285.6889,-17.16,87.9121,,Poly,,"Arc melting, annealed at 1073 K for two days, furnace cooling",Thermal and transport properties of Ni2MnGa1xAlx alloys,,,,,,
Ni2MnGa,Ni2MnGa0.95Al0.05,,Al,0.05,Ga,320.8074,-14.45,102.2325,,Poly,,"Arc melting, annealed at 1073 K for two days, furnace cooling",Thermal and transport properties of Ni2MnGa1xAlx alloys,,,,,,
Ni2MnGa,Ni2MnGa0.95Al0.05,,Al,0.05,Ga,351.352,-11.59,119.8325,,Poly,,"Arc melting, annealed at 1073 K for two days, furnace cooling",Thermal and transport properties of Ni2MnGa1xAlx alloys,,,,,,
Ni2MnGa,Ni2MnGa0.95Al0.05,,Al,0.05,Ga,374.7251,-8.88,132.8803,,Poly,,"Arc melting, annealed at 1073 K for two days, furnace cooling",Thermal and transport properties of Ni2MnGa1xAlx alloys,,,,,,
Ni2MnGa,Ni2MnGa0.95Al0.05,,Al,0.05,Ga,396.8923,-8.45,139.5222,,Poly,,"Arc melting, annealed at 1073 K for two days, furnace cooling",Thermal and transport properties of Ni2MnGa1xAlx alloys,,,,,,
Ni2MnGa,Ni2MnGa0.90Al0.10,,Al,0.1,Ga,20.6721,-0.09,45.3493,,Poly,,"Arc melting, annealed at 1073 K for two days, furnace cooling",Thermal and transport properties of Ni2MnGa1xAlx alloys,,,,,,
Ni2MnGa,Ni2MnGa0.90Al0.10,,Al,0.1,Ga,39.6841,-2.12,47.2333,,Poly,,"Arc melting, annealed at 1073 K for two days, furnace cooling",Thermal and transport properties of Ni2MnGa1xAlx alloys,,,,,,
Ni2MnGa,Ni2MnGa0.90Al0.10,,Al,0.1,Ga,55.4664,-4.92,48.8285,,Poly,,"Arc melting, annealed at 1073 K for two days, furnace cooling",Thermal and transport properties of Ni2MnGa1xAlx alloys,,,,,,
Ni2MnGa,Ni2MnGa0.90Al0.10,,Al,0.1,Ga,75.8639,-8.81,51.1011,,Poly,,"Arc melting, annealed at 1073 K for two days, furnace cooling",Thermal and transport properties of Ni2MnGa1xAlx alloys,,,,,,
Ni2MnGa,Ni2MnGa0.90Al0.10,,Al,0.1,Ga,92.9885,-12.46,53.3345,,Poly,,"Arc melting, annealed at 1073 K for two days, furnace cooling",Thermal and transport properties of Ni2MnGa1xAlx alloys,,,,,,
Ni2MnGa,Ni2MnGa0.90Al0.10,,Al,0.1,Ga,106.8298,-15.64,55.448,,Poly,,"Arc melting, annealed at 1073 K for two days, furnace cooling",Thermal and transport properties of Ni2MnGa1xAlx alloys,,,,,,
Ni2MnGa,Ni2MnGa0.90Al0.10,,Al,0.1,Ga,126.6037,-20.19,59.0852,,Poly,,"Arc melting, annealed at 1073 K for two days, furnace cooling",Thermal and transport properties of Ni2MnGa1xAlx alloys,,,,,,
Ni2MnGa,Ni2MnGa0.90Al0.10,,Al,0.1,Ga,150.2783,-24.41,64.6401,,Poly,,"Arc melting, annealed at 1073 K for two days, furnace cooling",Thermal and transport properties of Ni2MnGa1xAlx alloys,,,,,,
Ni2MnGa,Ni2MnGa0.90Al0.10,,Al,0.1,Ga,184.3787,-28.29,74.5738,,Poly,,"Arc melting, annealed at 1073 K for two days, furnace cooling",Thermal and transport properties of Ni2MnGa1xAlx alloys,,,,,,
Ni2MnGa,Ni2MnGa0.90Al0.10,,Al,0.1,Ga,213.8351,-30.42,82.1825,,Poly,,"Arc melting, annealed at 1073 K for two days, furnace cooling",Thermal and transport properties of Ni2MnGa1xAlx alloys,,,,,,
Ni2MnGa,Ni2MnGa0.90Al0.10,,Al,0.1,Ga,246.3807,-28.56,89.9564,,Poly,,"Arc melting, annealed at 1073 K for two days, furnace cooling",Thermal and transport properties of Ni2MnGa1xAlx alloys,,,,,,
Ni2MnGa,Ni2MnGa0.90Al0.10,,Al,0.1,Ga,266.4664,-25.28,96.4922,,Poly,,"Arc melting, annealed at 1073 K for two days, furnace cooling",Thermal and transport properties of Ni2MnGa1xAlx alloys,,,,,,
Ni2MnGa,Ni2MnGa0.90Al0.10,,Al,0.1,Ga,301.5332,-21.38,110.948,,Poly,,"Arc melting, annealed at 1073 K for two days, furnace cooling",Thermal and transport properties of Ni2MnGa1xAlx alloys,,,,,,
Ni2MnGa,Ni2MnGa0.90Al0.10,,Al,0.1,Ga,332.6891,-17.58,125.4903,,Poly,,"Arc melting, annealed at 1073 K for two days, furnace cooling",Thermal and transport properties of Ni2MnGa1xAlx alloys,,,,,,
Ni2MnGa,Ni2MnGa0.90Al0.10,,Al,0.1,Ga,357.361,-14.72,139.2312,,Poly,,"Arc melting, annealed at 1073 K for two days, furnace cooling",Thermal and transport properties of Ni2MnGa1xAlx alloys,,,,,,
Ni2MnGa,Ni2MnGa0.90Al0.10,,Al,0.1,Ga,377.4694,-11.96,148.193,,Poly,,"Arc melting, annealed at 1073 K for two days, furnace cooling",Thermal and transport properties of Ni2MnGa1xAlx alloys,,,,,,
Ni2MnGa,Ni2MnGa0.90Al0.10,,Al,0.1,Ga,398.9737,-11.30,149.7019,,Poly,,"Arc melting, annealed at 1073 K for two days, furnace cooling",Thermal and transport properties of Ni2MnGa1xAlx alloys,,,,,,
Ni2MnGa,Ni2MnGa0.85Al0.15,,Al,0.15,Ga,22.6751,-1.13,69.7241,,Poly,,"Arc melting, annealed at 1073 K for two days, furnace cooling",Thermal and transport properties of Ni2MnGa1xAlx alloys,,,,,,
Ni2MnGa,Ni2MnGa0.85Al0.15,,Al,0.15,Ga,38.4286,-3.26,71.1081,,Poly,,"Arc melting, annealed at 1073 K for two days, furnace cooling",Thermal and transport properties of Ni2MnGa1xAlx alloys,,,,,,
Ni2MnGa,Ni2MnGa0.85Al0.15,,Al,0.15,Ga,59.4683,-6.91,73.389,,Poly,,"Arc melting, annealed at 1073 K for two days, furnace cooling",Thermal and transport properties of Ni2MnGa1xAlx alloys,,,,,,
Ni2MnGa,Ni2MnGa0.85Al0.15,,Al,0.15,Ga,75.9424,-10.61,75.4982,,Poly,,"Arc melting, annealed at 1073 K for two days, furnace cooling",Thermal and transport properties of Ni2MnGa1xAlx alloys,,,,,,
Ni2MnGa,Ni2MnGa0.85Al0.15,,Al,0.15,Ga,95.6915,-14.59,78.3738,,Poly,,"Arc melting, annealed at 1073 K for two days, furnace cooling",Thermal and transport properties of Ni2MnGa1xAlx alloys,,,,,,
Ni2MnGa,Ni2MnGa0.85Al0.15,,Al,0.15,Ga,113.4645,-18.15,81.2613,,Poly,,"Arc melting, annealed at 1073 K for two days, furnace cooling",Thermal and transport properties of Ni2MnGa1xAlx alloys,,,,,,
Ni2MnGa,Ni2MnGa0.85Al0.15,,Al,0.15,Ga,135.1649,-21.99,85.1379,,Poly,,"Arc melting, annealed at 1073 K for two days, furnace cooling",Thermal and transport properties of Ni2MnGa1xAlx alloys,,,,,,
Ni2MnGa,Ni2MnGa0.85Al0.15,,Al,0.15,Ga,162.7319,-25.69,90.5588,,Poly,,"Arc melting, annealed at 1073 K for two days, furnace cooling",Thermal and transport properties of Ni2MnGa1xAlx alloys,,,,,,
Ni2MnGa,Ni2MnGa0.85Al0.15,,Al,0.15,Ga,187.6083,-27.53,95.8628,,Poly,,"Arc melting, annealed at 1073 K for two days, furnace cooling",Thermal and transport properties of Ni2MnGa1xAlx alloys,,,,,,
Ni2MnGa,Ni2MnGa0.85Al0.15,,Al,0.15,Ga,205.247,-28.00,99.8257,,Poly,,"Arc melting, annealed at 1073 K for two days, furnace cooling",Thermal and transport properties of Ni2MnGa1xAlx alloys,,,,,,
Ni2MnGa,Ni2MnGa0.85Al0.15,,Al,0.15,Ga,233.2125,-25.86,106.4116,,Poly,,"Arc melting, annealed at 1073 K for two days, furnace cooling",Thermal and transport properties of Ni2MnGa1xAlx alloys,,,,,,
Ni2MnGa,Ni2MnGa0.85Al0.15,,Al,0.15,Ga,258.5225,-22.67,113.0042,,Poly,,"Arc melting, annealed at 1073 K for two days, furnace cooling",Thermal and transport properties of Ni2MnGa1xAlx alloys,,,,,,
Ni2MnGa,Ni2MnGa0.85Al0.15,,Al,0.15,Ga,292.9472,-19.01,124.0887,,Poly,,"Arc melting, annealed at 1073 K for two days, furnace cooling",Thermal and transport properties of Ni2MnGa1xAlx alloys,,,,,,
Ni2MnGa,Ni2MnGa0.85Al0.15,,Al,0.15,Ga,324.7473,-15.02,137.2678,,Poly,,"Arc melting, annealed at 1073 K for two days, furnace cooling",Thermal and transport properties of Ni2MnGa1xAlx alloys,,,,,,
Ni2MnGa,Ni2MnGa0.85Al0.15,,Al,0.15,Ga,353.3199,-11.83,148.8994,,Poly,,"Arc melting, annealed at 1073 K for two days, furnace cooling",Thermal and transport properties of Ni2MnGa1xAlx alloys,,,,,,
Ni2MnGa,Ni2MnGa0.85Al0.15,,Al,0.15,Ga,365.6559,-10.40,152.8653,,Poly,,"Arc melting, annealed at 1073 K for two days, furnace cooling",Thermal and transport properties of Ni2MnGa1xAlx alloys,,,,,,
Ni2MnGa,Ni2MnGa0.85Al0.15,,Al,0.15,Ga,394.3441,-9.87,157.3976,,Poly,,"Arc melting, annealed at 1073 K for two days, furnace cooling",Thermal and transport properties of Ni2MnGa1xAlx alloys,,,,,,
Ni2MnGa,Ni2MnGa0.80Al0.20,,Al,0.2,Ga,27.8437,0.06,110.634,,Poly,,"Arc melting, annealed at 1073 K for two days, furnace cooling",Thermal and transport properties of Ni2MnGa1xAlx alloys,,,,,,
Ni2MnGa,Ni2MnGa0.80Al0.20,,Al,0.2,Ga,48.173,-2.26,111.0852,,Poly,,"Arc melting, annealed at 1073 K for two days, furnace cooling",Thermal and transport properties of Ni2MnGa1xAlx alloys,,,,,,
Ni2MnGa,Ni2MnGa0.80Al0.20,,Al,0.2,Ga,69.1942,-5.49,112.103,,Poly,,"Arc melting, annealed at 1073 K for two days, furnace cooling",Thermal and transport properties of Ni2MnGa1xAlx alloys,,,,,,
Ni2MnGa,Ni2MnGa0.80Al0.20,,Al,0.2,Ga,90.8719,-8.80,113.6894,,Poly,,"Arc melting, annealed at 1073 K for two days, furnace cooling",Thermal and transport properties of Ni2MnGa1xAlx alloys,,,,,,
Ni2MnGa,Ni2MnGa0.80Al0.20,,Al,0.2,Ga,113.2105,-12.31,115.8395,,Poly,,"Arc melting, annealed at 1073 K for two days, furnace cooling",Thermal and transport properties of Ni2MnGa1xAlx alloys,,,,,,
Ni2MnGa,Ni2MnGa0.80Al0.20,,Al,0.2,Ga,140.7651,-15.72,119.1272,,Poly,,"Arc melting, annealed at 1073 K for two days, furnace cooling",Thermal and transport properties of Ni2MnGa1xAlx alloys,,,,,,
Ni2MnGa,Ni2MnGa0.80Al0.20,,Al,0.2,Ga,180.0052,-17.76,124.8201,,Poly,,"Arc melting, annealed at 1073 K for two days, furnace cooling",Thermal and transport properties of Ni2MnGa1xAlx alloys,,,,,,
Ni2MnGa,Ni2MnGa0.80Al0.20,,Al,0.2,Ga,208.7285,-18.03,129.617,,Poly,,"Arc melting, annealed at 1073 K for two days, furnace cooling",Thermal and transport properties of Ni2MnGa1xAlx alloys,,,,,,
Ni2MnGa,Ni2MnGa0.80Al0.20,,Al,0.2,Ga,252.3711,-16.27,139.0055,,Poly,,"Arc melting, annealed at 1073 K for two days, furnace cooling",Thermal and transport properties of Ni2MnGa1xAlx alloys,,,,,,
Ni2MnGa,Ni2MnGa0.80Al0.20,,Al,0.2,Ga,281.0077,-14.55,147.6912,,Poly,,"Arc melting, annealed at 1073 K for two days, furnace cooling",Thermal and transport properties of Ni2MnGa1xAlx alloys,,,,,,
Ni2MnGa,Ni2MnGa0.80Al0.20,,Al,0.2,Ga,314.8294,-12.03,160.3074,,Poly,,"Arc melting, annealed at 1073 K for two days, furnace cooling",Thermal and transport properties of Ni2MnGa1xAlx alloys,,,,,,
Ni2MnGa,Ni2MnGa0.80Al0.20,,Al,0.2,Ga,349.9644,-9.69,174.0991,,Poly,,"Arc melting, annealed at 1073 K for two days, furnace cooling",Thermal and transport properties of Ni2MnGa1xAlx alloys,,,,,,
Ni2MnGa,Ni2MnGa0.80Al0.20,,Al,0.2,Ga,377.298,-8.02,183.1221,,Poly,,"Arc melting, annealed at 1073 K for two days, furnace cooling",Thermal and transport properties of Ni2MnGa1xAlx alloys,,,,,,
Ni2MnGa,Ni2MnGa0.80Al0.20,,Al,0.2,Ga,398.1477,-7.31,187.4895,,Poly,,"Arc melting, annealed at 1073 K for two days, furnace cooling",Thermal and transport properties of Ni2MnGa1xAlx alloys,,,,,,
CeAl2,CeAl2,,,,,2.6338,-8.00,,,,,"arc furnace, Ce rich samples annealed at 800C for two days and at 873 C for five days. U rich samples kept at 850C for five days",Thermopower studies of doped CeAl2 and UAl2,,,,,,
CeAl2,CeAl2,,,,,4.3648,-12.34,,,,,"arc furnace, Ce rich samples annealed at 800C for two days and at 873 C for five days. U rich samples kept at 850C for five days",Thermopower studies of doped CeAl2 and UAl2,,,,,,
CeAl2,CeAl2,,,,,6.3335,-15.51,,,,,"arc furnace, Ce rich samples annealed at 800C for two days and at 873 C for five days. U rich samples kept at 850C for five days",Thermopower studies of doped CeAl2 and UAl2,,,,,,
CeAl2,CeAl2,,,,,12.6236,-19.29,,,,,"arc furnace, Ce rich samples annealed at 800C for two days and at 873 C for five days. U rich samples kept at 850C for five days",Thermopower studies of doped CeAl2 and UAl2,,,,,,
CeAl2,CeAl2,,,,,20.5611,-14.30,,,,,"arc furnace, Ce rich samples annealed at 800C for two days and at 873 C for five days. U rich samples kept at 850C for five days",Thermopower studies of doped CeAl2 and UAl2,,,,,,
CeAl2,CeAl2,,,,,27.1038,-7.47,,,,,"arc furnace, Ce rich samples annealed at 800C for two days and at 873 C for five days. U rich samples kept at 850C for five days",Thermopower studies of doped CeAl2 and UAl2,,,,,,
CeAl2,CeAl2,,,,,35.8170,-1.31,,,,,"arc furnace, Ce rich samples annealed at 800C for two days and at 873 C for five days. U rich samples kept at 850C for five days",Thermopower studies of doped CeAl2 and UAl2,,,,,,
CeAl2,CeAl2,,,,,50.7143,5.01,,,,,"arc furnace, Ce rich samples annealed at 800C for two days and at 873 C for five days. U rich samples kept at 850C for five days",Thermopower studies of doped CeAl2 and UAl2,,,,,,
CeAl2,CeAl2,,,,,67.8462,8.27,,,,,"arc furnace, Ce rich samples annealed at 800C for two days and at 873 C for five days. U rich samples kept at 850C for five days",Thermopower studies of doped CeAl2 and UAl2,,,,,,
CeAl2,CeAl2,,,,,93.3297,11.14,,,,,"arc furnace, Ce rich samples annealed at 800C for two days and at 873 C for five days. U rich samples kept at 850C for five days",Thermopower studies of doped CeAl2 and UAl2,,,,,,
CeAl2,CeAl2,,,,,128.2872,11.88,,,,,"arc furnace, Ce rich samples annealed at 800C for two days and at 873 C for five days. U rich samples kept at 850C for five days",Thermopower studies of doped CeAl2 and UAl2,,,,,,
CeAl2,CeAl2,,,,,164.6065,12.01,,,,,"arc furnace, Ce rich samples annealed at 800C for two days and at 873 C for five days. U rich samples kept at 850C for five days",Thermopower studies of doped CeAl2 and UAl2,,,,,,
CeAl2,CeAl2,,,,,193.6685,11.88,,,,,"arc furnace, Ce rich samples annealed at 800C for two days and at 873 C for five days. U rich samples kept at 850C for five days",Thermopower studies of doped CeAl2 and UAl2,,,,,,
CeAl2,CeAl2,,,,,231.3391,11.79,,,,,"arc furnace, Ce rich samples annealed at 800C for two days and at 873 C for five days. U rich samples kept at 850C for five days",Thermopower studies of doped CeAl2 and UAl2,,,,,,
CeAl2,CeAl2,,,,,259.0528,11.76,,,,,"arc furnace, Ce rich samples annealed at 800C for two days and at 873 C for five days. U rich samples kept at 850C for five days",Thermopower studies of doped CeAl2 and UAl2,,,,,,
CeAl2,CeAl2,,,,,297.5246,11.89,,,,,"arc furnace, Ce rich samples annealed at 800C for two days and at 873 C for five days. U rich samples kept at 850C for five days",Thermopower studies of doped CeAl2 and UAl2,,,,,,
CeAl2,Ce0.95U0.05Al2,,U,0.05,,1.1301,-2.11,,,,,"arc furnace, Ce rich samples annealed at 800C for two days and at 873 C for five days. U rich samples kept at 850C for five days",Thermopower studies of doped CeAl2 and UAl2,,,,,,
CeAl2,Ce0.95U0.05Al2,,U,0.05,,3.4037,-6.61,,,,,"arc furnace, Ce rich samples annealed at 800C for two days and at 873 C for five days. U rich samples kept at 850C for five days",Thermopower studies of doped CeAl2 and UAl2,,,,,,
CeAl2,Ce0.95U0.05Al2,,U,0.05,,11.8837,-11.79,,,,,"arc furnace, Ce rich samples annealed at 800C for two days and at 873 C for five days. U rich samples kept at 850C for five days",Thermopower studies of doped CeAl2 and UAl2,,,,,,
CeAl2,Ce0.95U0.05Al2,,U,0.05,,23.5985,-7.19,,,,,"arc furnace, Ce rich samples annealed at 800C for two days and at 873 C for five days. U rich samples kept at 850C for five days",Thermopower studies of doped CeAl2 and UAl2,,,,,,
CeAl2,Ce0.95U0.05Al2,,U,0.05,,31.5299,-1.97,,,,,"arc furnace, Ce rich samples annealed at 800C for two days and at 873 C for five days. U rich samples kept at 850C for five days",Thermopower studies of doped CeAl2 and UAl2,,,,,,
CeAl2,Ce0.95U0.05Al2,,U,0.05,,41.1057,2.13,,,,,"arc furnace, Ce rich samples annealed at 800C for two days and at 873 C for five days. U rich samples kept at 850C for five days",Thermopower studies of doped CeAl2 and UAl2,,,,,,
CeAl2,Ce0.95U0.05Al2,,U,0.05,,50.9833,5.01,,,,,"arc furnace, Ce rich samples annealed at 800C for two days and at 873 C for five days. U rich samples kept at 850C for five days",Thermopower studies of doped CeAl2 and UAl2,,,,,,
CeAl2,Ce0.95U0.05Al2,,U,0.05,,67.0555,7.66,,,,,"arc furnace, Ce rich samples annealed at 800C for two days and at 873 C for five days. U rich samples kept at 850C for five days",Thermopower studies of doped CeAl2 and UAl2,,,,,,
CeAl2,Ce0.95U0.05Al2,,U,0.05,,90.1383,9.75,,,,,"arc furnace, Ce rich samples annealed at 800C for two days and at 873 C for five days. U rich samples kept at 850C for five days",Thermopower studies of doped CeAl2 and UAl2,,,,,,
CeAl2,Ce0.95U0.05Al2,,U,0.05,,117.0119,10.95,,,,,"arc furnace, Ce rich samples annealed at 800C for two days and at 873 C for five days. U rich samples kept at 850C for five days",Thermopower studies of doped CeAl2 and UAl2,,,,,,
CeAl2,Ce0.95U0.05Al2,,U,0.05,,149.2877,11.36,,,,,"arc furnace, Ce rich samples annealed at 800C for two days and at 873 C for five days. U rich samples kept at 850C for five days",Thermopower studies of doped CeAl2 and UAl2,,,,,,
CeAl2,Ce0.95U0.05Al2,,U,0.05,,175.9237,11.39,,,,,"arc furnace, Ce rich samples annealed at 800C for two days and at 873 C for five days. U rich samples kept at 850C for five days",Thermopower studies of doped CeAl2 and UAl2,,,,,,
CeAl2,Ce0.95U0.05Al2,,U,0.05,,203.8990,11.64,,,,,"arc furnace, Ce rich samples annealed at 800C for two days and at 873 C for five days. U rich samples kept at 850C for five days",Thermopower studies of doped CeAl2 and UAl2,,,,,,
CeAl2,Ce0.95U0.05Al2,,U,0.05,,240.4948,11.50,,,,,"arc furnace, Ce rich samples annealed at 800C for two days and at 873 C for five days. U rich samples kept at 850C for five days",Thermopower studies of doped CeAl2 and UAl2,,,,,,
CeAl2,Ce0.95U0.05Al2,,U,0.05,,269.2847,11.47,,,,,"arc furnace, Ce rich samples annealed at 800C for two days and at 873 C for five days. U rich samples kept at 850C for five days",Thermopower studies of doped CeAl2 and UAl2,,,,,,
CeAl2,Ce0.95U0.05Al2,,U,0.05,,295.9147,11.73,,,,,"arc furnace, Ce rich samples annealed at 800C for two days and at 873 C for five days. U rich samples kept at 850C for five days",Thermopower studies of doped CeAl2 and UAl2,,,,,,
CeAl2,Ce0.90U0.10Al2,,U,0.1,,1.8924,-0.45,,,,,"arc furnace, Ce rich samples annealed at 800C for two days and at 873 C for five days. U rich samples kept at 850C for five days",Thermopower studies of doped CeAl2 and UAl2,,,,,,
CeAl2,Ce0.90U0.10Al2,,U,0.1,,9.2065,-2.29,,,,,"arc furnace, Ce rich samples annealed at 800C for two days and at 873 C for five days. U rich samples kept at 850C for five days",Thermopower studies of doped CeAl2 and UAl2,,,,,,
CeAl2,Ce0.90U0.10Al2,,U,0.1,,19.6462,-0.30,,,,,"arc furnace, Ce rich samples annealed at 800C for two days and at 873 C for five days. U rich samples kept at 850C for five days",Thermopower studies of doped CeAl2 and UAl2,,,,,,
CeAl2,Ce0.90U0.10Al2,,U,0.1,,33.8230,2.80,,,,,"arc furnace, Ce rich samples annealed at 800C for two days and at 873 C for five days. U rich samples kept at 850C for five days",Thermopower studies of doped CeAl2 and UAl2,,,,,,
CeAl2,Ce0.90U0.10Al2,,U,0.1,,48.2852,5.29,,,,,"arc furnace, Ce rich samples annealed at 800C for two days and at 873 C for five days. U rich samples kept at 850C for five days",Thermopower studies of doped CeAl2 and UAl2,,,,,,
CeAl2,Ce0.90U0.10Al2,,U,0.1,,61.9537,7.28,,,,,"arc furnace, Ce rich samples annealed at 800C for two days and at 873 C for five days. U rich samples kept at 850C for five days",Thermopower studies of doped CeAl2 and UAl2,,,,,,
CeAl2,Ce0.90U0.10Al2,,U,0.1,,83.1635,8.98,,,,,"arc furnace, Ce rich samples annealed at 800C for two days and at 873 C for five days. U rich samples kept at 850C for five days",Thermopower studies of doped CeAl2 and UAl2,,,,,,
CeAl2,Ce0.90U0.10Al2,,U,0.1,,111.9086,10.62,,,,,"arc furnace, Ce rich samples annealed at 800C for two days and at 873 C for five days. U rich samples kept at 850C for five days",Thermopower studies of doped CeAl2 and UAl2,,,,,,
CeAl2,Ce0.90U0.10Al2,,U,0.1,,141.2203,11.20,,,,,"arc furnace, Ce rich samples annealed at 800C for two days and at 873 C for five days. U rich samples kept at 850C for five days",Thermopower studies of doped CeAl2 and UAl2,,,,,,
CeAl2,Ce0.90U0.10Al2,,U,0.1,,176.7234,11.67,,,,,"arc furnace, Ce rich samples annealed at 800C for two days and at 873 C for five days. U rich samples kept at 850C for five days",Thermopower studies of doped CeAl2 and UAl2,,,,,,
CeAl2,Ce0.90U0.10Al2,,U,0.1,,212.2250,12.19,,,,,"arc furnace, Ce rich samples annealed at 800C for two days and at 873 C for five days. U rich samples kept at 850C for five days",Thermopower studies of doped CeAl2 and UAl2,,,,,,
CeAl2,Ce0.90U0.10Al2,,U,0.1,,250.1467,12.77,,,,,"arc furnace, Ce rich samples annealed at 800C for two days and at 873 C for five days. U rich samples kept at 850C for five days",Thermopower studies of doped CeAl2 and UAl2,,,,,,
CeAl2,Ce0.90U0.10Al2,,U,0.1,,277.5899,12.80,,,,,"arc furnace, Ce rich samples annealed at 800C for two days and at 873 C for five days. U rich samples kept at 850C for five days",Thermopower studies of doped CeAl2 and UAl2,,,,,,
CeAl2,Ce0.80U0.20Al2,,U,0.2,,1.5875,0.89,,,,,"arc furnace, Ce rich samples annealed at 800C for two days and at 873 C for five days. U rich samples kept at 850C for five days",Thermopower studies of doped CeAl2 and UAl2,,,,,,
CeAl2,Ce0.80U0.20Al2,,U,0.2,,12.3650,0.32,,,,,"arc furnace, Ce rich samples annealed at 800C for two days and at 873 C for five days. U rich samples kept at 850C for five days",Thermopower studies of doped CeAl2 and UAl2,,,,,,
CeAl2,Ce0.80U0.20Al2,,U,0.2,,31.3969,2.97,,,,,"arc furnace, Ce rich samples annealed at 800C for two days and at 873 C for five days. U rich samples kept at 850C for five days",Thermopower studies of doped CeAl2 and UAl2,,,,,,
CeAl2,Ce0.80U0.20Al2,,U,0.2,,59.0329,5.83,,,,,"arc furnace, Ce rich samples annealed at 800C for two days and at 873 C for five days. U rich samples kept at 850C for five days",Thermopower studies of doped CeAl2 and UAl2,,,,,,
CeAl2,Ce0.80U0.20Al2,,U,0.2,,88.0261,8.25,,,,,"arc furnace, Ce rich samples annealed at 800C for two days and at 873 C for five days. U rich samples kept at 850C for five days",Thermopower studies of doped CeAl2 and UAl2,,,,,,
CeAl2,Ce0.80U0.20Al2,,U,0.2,,113.5469,9.73,,,,,"arc furnace, Ce rich samples annealed at 800C for two days and at 873 C for five days. U rich samples kept at 850C for five days",Thermopower studies of doped CeAl2 and UAl2,,,,,,
CeAl2,Ce0.80U0.20Al2,,U,0.2,,146.6105,10.86,,,,,"arc furnace, Ce rich samples annealed at 800C for two days and at 873 C for five days. U rich samples kept at 850C for five days",Thermopower studies of doped CeAl2 and UAl2,,,,,,
CeAl2,Ce0.80U0.20Al2,,U,0.2,,176.7129,12.06,,,,,"arc furnace, Ce rich samples annealed at 800C for two days and at 873 C for five days. U rich samples kept at 850C for five days",Thermopower studies of doped CeAl2 and UAl2,,,,,,
CeAl2,Ce0.80U0.20Al2,,U,0.2,,210.5942,12.80,,,,,"arc furnace, Ce rich samples annealed at 800C for two days and at 873 C for five days. U rich samples kept at 850C for five days",Thermopower studies of doped CeAl2 and UAl2,,,,,,
CeAl2,Ce0.80U0.20Al2,,U,0.2,,247.4322,13.66,,,,,"arc furnace, Ce rich samples annealed at 800C for two days and at 873 C for five days. U rich samples kept at 850C for five days",Thermopower studies of doped CeAl2 and UAl2,,,,,,
CeAl2,Ce0.80U0.20Al2,,U,0.2,,275.9351,14.30,,,,,"arc furnace, Ce rich samples annealed at 800C for two days and at 873 C for five days. U rich samples kept at 850C for five days",Thermopower studies of doped CeAl2 and UAl2,,,,,,
CeAl2,Ce0.80U0.20Al2,,U,0.2,,296.9177,14.45,,,,,"arc furnace, Ce rich samples annealed at 800C for two days and at 873 C for five days. U rich samples kept at 850C for five days",Thermopower studies of doped CeAl2 and UAl2,,,,,,
CeAl2,Ce0.70U0.30Al2,,U,0.3,,2.3648,2.00,,,,,"arc furnace, Ce rich samples annealed at 800C for two days and at 873 C for five days. U rich samples kept at 850C for five days",Thermopower studies of doped CeAl2 and UAl2,,,,,,
CeAl2,Ce0.70U0.30Al2,,U,0.3,,22.7315,5.03,,,,,"arc furnace, Ce rich samples annealed at 800C for two days and at 873 C for five days. U rich samples kept at 850C for five days",Thermopower studies of doped CeAl2 and UAl2,,,,,,
CeAl2,Ce0.70U0.30Al2,,U,0.3,,48.4870,7.79,,,,,"arc furnace, Ce rich samples annealed at 800C for two days and at 873 C for five days. U rich samples kept at 850C for five days",Thermopower studies of doped CeAl2 and UAl2,,,,,,
CeAl2,Ce0.70U0.30Al2,,U,0.3,,78.0348,9.59,,,,,"arc furnace, Ce rich samples annealed at 800C for two days and at 873 C for five days. U rich samples kept at 850C for five days",Thermopower studies of doped CeAl2 and UAl2,,,,,,
CeAl2,Ce0.70U0.30Al2,,U,0.3,,108.6709,10.95,,,,,"arc furnace, Ce rich samples annealed at 800C for two days and at 873 C for five days. U rich samples kept at 850C for five days",Thermopower studies of doped CeAl2 and UAl2,,,,,,
CeAl2,Ce0.70U0.30Al2,,U,0.3,,137.7000,12.04,,,,,"arc furnace, Ce rich samples annealed at 800C for two days and at 873 C for five days. U rich samples kept at 850C for five days",Thermopower studies of doped CeAl2 and UAl2,,,,,,
CeAl2,Ce0.70U0.30Al2,,U,0.3,,173.4528,13.23,,,,,"arc furnace, Ce rich samples annealed at 800C for two days and at 873 C for five days. U rich samples kept at 850C for five days",Thermopower studies of doped CeAl2 and UAl2,,,,,,
CeAl2,Ce0.70U0.30Al2,,U,0.3,,205.7151,14.14,,,,,"arc furnace, Ce rich samples annealed at 800C for two days and at 873 C for five days. U rich samples kept at 850C for five days",Thermopower studies of doped CeAl2 and UAl2,,,,,,
CeAl2,Ce0.70U0.30Al2,,U,0.3,,234.7592,14.67,,,,,"arc furnace, Ce rich samples annealed at 800C for two days and at 873 C for five days. U rich samples kept at 850C for five days",Thermopower studies of doped CeAl2 and UAl2,,,,,,
CeAl2,Ce0.70U0.30Al2,,U,0.3,,267.5687,15.25,,,,,"arc furnace, Ce rich samples annealed at 800C for two days and at 873 C for five days. U rich samples kept at 850C for five days",Thermopower studies of doped CeAl2 and UAl2,,,,,,
CeAl2,Ce0.70U0.30Al2,,U,0.3,,293.6546,15.73,,,,,"arc furnace, Ce rich samples annealed at 800C for two days and at 873 C for five days. U rich samples kept at 850C for five days",Thermopower studies of doped CeAl2 and UAl2,,,,,,
,,,,,,,,,,,,,,,,,,,
,,,,,,,,,,,,,,,,,,,
,,,,,,,,,,,,,,,,,,,
,,,,,,,,,,,,,,,,,,,
,,,,,,,,,,,,,,,,,,,
,,,,,,,,,,,,,,,,,,,
,,,,,,,,,,,,,,,,,,,
,,,,,,,,,,,,,,,,,,,
,,,,,,,,,,,,,,,,,,,
,,,,,,,,,,,,,,,,,,,
,,,,,,,,,,,,,,,,,,,
,,,,,,,,,,,,,,,,,,,
,,,,,,,,,,,,,,,,,,,
,,,,,,,,,,,,,,,,,,,
,,,,,,,,,,,,,,,,,,,
UAl2,U0.90Ce0.10Al2,X2YZ,Ce,0.1,U,2.6242,-2.44,,,,,"arc furnace, Ce rich samples annealed at 800C for two days and at 873 C for five days. U rich samples kept at 850C for five days",Thermopower studies of doped CeAl2 and UAl2,,,,,,
UAl2,U0.90Ce0.10Al2,,Ce,0.1,U,6.3764,-4.12,,,,,"arc furnace, Ce rich samples annealed at 800C for two days and at 873 C for five days. U rich samples kept at 850C for five days",Thermopower studies of doped CeAl2 and UAl2,,,,,,
UAl2,U0.90Ce0.10Al2,,Ce,0.1,U,16.5661,4.15,,,,,"arc furnace, Ce rich samples annealed at 800C for two days and at 873 C for five days. U rich samples kept at 850C for five days",Thermopower studies of doped CeAl2 and UAl2,,,,,,
UAl2,U0.90Ce0.10Al2,,Ce,0.1,U,25.1424,10.32,,,,,"arc furnace, Ce rich samples annealed at 800C for two days and at 873 C for five days. U rich samples kept at 850C for five days",Thermopower studies of doped CeAl2 and UAl2,,,,,,
UAl2,U0.90Ce0.10Al2,,Ce,0.1,U,34.6518,16.58,,,,,"arc furnace, Ce rich samples annealed at 800C for two days and at 873 C for five days. U rich samples kept at 850C for five days",Thermopower studies of doped CeAl2 and UAl2,,,,,,
UAl2,U0.90Ce0.10Al2,,Ce,0.1,U,60.0410,22.40,,,,,"arc furnace, Ce rich samples annealed at 800C for two days and at 873 C for five days. U rich samples kept at 850C for five days",Thermopower studies of doped CeAl2 and UAl2,,,,,,
UAl2,U0.90Ce0.10Al2,,Ce,0.1,U,85.9307,24.87,,,,,"arc furnace, Ce rich samples annealed at 800C for two days and at 873 C for five days. U rich samples kept at 850C for five days",Thermopower studies of doped CeAl2 and UAl2,,,,,,
UAl2,U0.90Ce0.10Al2,,Ce,0.1,U,123.4811,28.58,,,,,"arc furnace, Ce rich samples annealed at 800C for two days and at 873 C for five days. U rich samples kept at 850C for five days",Thermopower studies of doped CeAl2 and UAl2,,,,,,
UAl2,U0.90Ce0.10Al2,,Ce,0.1,U,155.2107,30.71,,,,,"arc furnace, Ce rich samples annealed at 800C for two days and at 873 C for five days. U rich samples kept at 850C for five days",Thermopower studies of doped CeAl2 and UAl2,,,,,,
UAl2,U0.90Ce0.10Al2,,Ce,0.1,U,188.1119,32.42,,,,,"arc furnace, Ce rich samples annealed at 800C for two days and at 873 C for five days. U rich samples kept at 850C for five days",Thermopower studies of doped CeAl2 and UAl2,,,,,,
UAl2,U0.90Ce0.10Al2,,Ce,0.1,U,222.4156,33.97,,,,,"arc furnace, Ce rich samples annealed at 800C for two days and at 873 C for five days. U rich samples kept at 850C for five days",Thermopower studies of doped CeAl2 and UAl2,,,,,,
UAl2,U0.90Ce0.10Al2,,Ce,0.1,U,255.3276,34.59,,,,,"arc furnace, Ce rich samples annealed at 800C for two days and at 873 C for five days. U rich samples kept at 850C for five days",Thermopower studies of doped CeAl2 and UAl2,,,,,,
UAl2,U0.90Ce0.10Al2,,Ce,0.1,U,280.3052,34.89,,,,,"arc furnace, Ce rich samples annealed at 800C for two days and at 873 C for five days. U rich samples kept at 850C for five days",Thermopower studies of doped CeAl2 and UAl2,,,,,,
UAl2,U0.90Ce0.10Al2,,Ce,0.1,U,298.7498,34.78,,,,,"arc furnace, Ce rich samples annealed at 800C for two days and at 873 C for five days. U rich samples kept at 850C for five days",Thermopower studies of doped CeAl2 and UAl2,,,,,,
UAl2,U0.80Ce0.20Al2,,Ce,0.2,U,2.0970,3.58,,,,,"arc furnace, Ce rich samples annealed at 800C for two days and at 873 C for five days. U rich samples kept at 850C for five days",Thermopower studies of doped CeAl2 and UAl2,,,,,,
UAl2,U0.80Ce0.20Al2,,Ce,0.2,U,12.5068,13.18,,,,,"arc furnace, Ce rich samples annealed at 800C for two days and at 873 C for five days. U rich samples kept at 850C for five days",Thermopower studies of doped CeAl2 and UAl2,,,,,,
UAl2,U0.80Ce0.20Al2,,Ce,0.2,U,31.1322,18.34,,,,,"arc furnace, Ce rich samples annealed at 800C for two days and at 873 C for five days. U rich samples kept at 850C for five days",Thermopower studies of doped CeAl2 and UAl2,,,,,,
UAl2,U0.80Ce0.20Al2,,Ce,0.2,U,58.6661,19.81,,,,,"arc furnace, Ce rich samples annealed at 800C for two days and at 873 C for five days. U rich samples kept at 850C for five days",Thermopower studies of doped CeAl2 and UAl2,,,,,,
UAl2,U0.80Ce0.20Al2,,Ce,0.2,U,82.9140,23.04,,,,,"arc furnace, Ce rich samples annealed at 800C for two days and at 873 C for five days. U rich samples kept at 850C for five days",Thermopower studies of doped CeAl2 and UAl2,,,,,,
UAl2,U0.80Ce0.20Al2,,Ce,0.2,U,116.4980,26.50,,,,,"arc furnace, Ce rich samples annealed at 800C for two days and at 873 C for five days. U rich samples kept at 850C for five days",Thermopower studies of doped CeAl2 and UAl2,,,,,,
UAl2,U0.80Ce0.20Al2,,Ce,0.2,U,158.7378,28.20,,,,,"arc furnace, Ce rich samples annealed at 800C for two days and at 873 C for five days. U rich samples kept at 850C for five days",Thermopower studies of doped CeAl2 and UAl2,,,,,,
UAl2,U0.80Ce0.20Al2,,Ce,0.2,U,197.2397,30.15,,,,,"arc furnace, Ce rich samples annealed at 800C for two days and at 873 C for five days. U rich samples kept at 850C for five days",Thermopower studies of doped CeAl2 and UAl2,,,,,,
UAl2,U0.80Ce0.20Al2,,Ce,0.2,U,238.5482,31.60,,,,,"arc furnace, Ce rich samples annealed at 800C for two days and at 873 C for five days. U rich samples kept at 850C for five days",Thermopower studies of doped CeAl2 and UAl2,,,,,,
UAl2,U0.80Ce0.20Al2,,Ce,0.2,U,270.7632,31.89,,,,,"arc furnace, Ce rich samples annealed at 800C for two days and at 873 C for five days. U rich samples kept at 850C for five days",Thermopower studies of doped CeAl2 and UAl2,,,,,,
UAl2,U0.80Ce0.20Al2,,Ce,0.2,U,298.7674,33.02,,,,,"arc furnace, Ce rich samples annealed at 800C for two days and at 873 C for five days. U rich samples kept at 850C for five days",Thermopower studies of doped CeAl2 and UAl2,,,,,,
UAl2,U0.90La0.10Al2,,La,0.1,U,0.5104,-1.18,,,,,"arc furnace, Ce rich samples annealed at 800C for two days and at 873 C for five days. U rich samples kept at 850C for five days",Thermopower studies of doped CeAl2 and UAl2,,,,,,
UAl2,U0.90La0.10Al2,,La,0.1,U,11.7536,-4.88,,,,,"arc furnace, Ce rich samples annealed at 800C for two days and at 873 C for five days. U rich samples kept at 850C for five days",Thermopower studies of doped CeAl2 and UAl2,,,,,,
UAl2,U0.90La0.10Al2,,La,0.1,U,23.1040,4.05,,,,,"arc furnace, Ce rich samples annealed at 800C for two days and at 873 C for five days. U rich samples kept at 850C for five days",Thermopower studies of doped CeAl2 and UAl2,,,,,,
UAl2,U0.90La0.10Al2,,La,0.1,U,34.9179,13.32,,,,,"arc furnace, Ce rich samples annealed at 800C for two days and at 873 C for five days. U rich samples kept at 850C for five days",Thermopower studies of doped CeAl2 and UAl2,,,,,,
UAl2,U0.90La0.10Al2,,La,0.1,U,54.4612,20.07,,,,,"arc furnace, Ce rich samples annealed at 800C for two days and at 873 C for five days. U rich samples kept at 850C for five days",Thermopower studies of doped CeAl2 and UAl2,,,,,,
UAl2,U0.90La0.10Al2,,La,0.1,U,85.2303,24.87,,,,,"arc furnace, Ce rich samples annealed at 800C for two days and at 873 C for five days. U rich samples kept at 850C for five days",Thermopower studies of doped CeAl2 and UAl2,,,,,,
UAl2,U0.90La0.10Al2,,La,0.1,U,124.1865,28.08,,,,,"arc furnace, Ce rich samples annealed at 800C for two days and at 873 C for five days. U rich samples kept at 850C for five days",Thermopower studies of doped CeAl2 and UAl2,,,,,,
UAl2,U0.90La0.10Al2,,La,0.1,U,154.2811,30.30,,,,,"arc furnace, Ce rich samples annealed at 800C for two days and at 873 C for five days. U rich samples kept at 850C for five days",Thermopower studies of doped CeAl2 and UAl2,,,,,,
UAl2,U0.90La0.10Al2,,La,0.1,U,186.0149,32.01,,,,,"arc furnace, Ce rich samples annealed at 800C for two days and at 873 C for five days. U rich samples kept at 850C for five days",Thermopower studies of doped CeAl2 and UAl2,,,,,,
UAl2,U0.90La0.10Al2,,La,0.1,U,221.0223,33.22,,,,,"arc furnace, Ce rich samples annealed at 800C for two days and at 873 C for five days. U rich samples kept at 850C for five days",Thermopower studies of doped CeAl2 and UAl2,,,,,,
UAl2,U0.90La0.10Al2,,La,0.1,U,254.6272,34.59,,,,,"arc furnace, Ce rich samples annealed at 800C for two days and at 873 C for five days. U rich samples kept at 850C for five days",Thermopower studies of doped CeAl2 and UAl2,,,,,,
UAl2,U0.90La0.10Al2,,La,0.1,U,274.9338,35.06,,,,,"arc furnace, Ce rich samples annealed at 800C for two days and at 873 C for five days. U rich samples kept at 850C for five days",Thermopower studies of doped CeAl2 and UAl2,,,,,,
UAl2,U0.90La0.10Al2,,La,0.1,U,298.7448,35.28,,,,,"arc furnace, Ce rich samples annealed at 800C for two days and at 873 C for five days. U rich samples kept at 850C for five days",Thermopower studies of doped CeAl2 and UAl2,,,,,,
UAl2,U0.80La0.20Al2,,La,0.2,U,3.3070,-0.69,,,,,"arc furnace, Ce rich samples annealed at 800C for two days and at 873 C for five days. U rich samples kept at 850C for five days",Thermopower studies of doped CeAl2 and UAl2,,,,,,
UAl2,U0.80La0.20Al2,,La,0.2,U,20.0137,9.58,,,,,"arc furnace, Ce rich samples annealed at 800C for two days and at 873 C for five days. U rich samples kept at 850C for five days",Thermopower studies of doped CeAl2 and UAl2,,,,,,
UAl2,U0.80La0.20Al2,,La,0.2,U,38.1680,15.15,,,,,"arc furnace, Ce rich samples annealed at 800C for two days and at 873 C for five days. U rich samples kept at 850C for five days",Thermopower studies of doped CeAl2 and UAl2,,,,,,
UAl2,U0.80La0.20Al2,,La,0.2,U,65.6693,19.88,,,,,"arc furnace, Ce rich samples annealed at 800C for two days and at 873 C for five days. U rich samples kept at 850C for five days",Thermopower studies of doped CeAl2 and UAl2,,,,,,
UAl2,U0.80La0.20Al2,,La,0.2,U,102.7603,22.84,,,,,"arc furnace, Ce rich samples annealed at 800C for two days and at 873 C for five days. U rich samples kept at 850C for five days",Thermopower studies of doped CeAl2 and UAl2,,,,,,
UAl2,U0.80La0.20Al2,,La,0.2,U,133.5628,24.31,,,,,"arc furnace, Ce rich samples annealed at 800C for two days and at 873 C for five days. U rich samples kept at 850C for five days",Thermopower studies of doped CeAl2 and UAl2,,,,,,
UAl2,U0.80La0.20Al2,,La,0.2,U,165.7636,26.02,,,,,"arc furnace, Ce rich samples annealed at 800C for two days and at 873 C for five days. U rich samples kept at 850C for five days",Thermopower studies of doped CeAl2 and UAl2,,,,,,
UAl2,U0.80La0.20Al2,,La,0.2,U,200.7710,27.22,,,,,"arc furnace, Ce rich samples annealed at 800C for two days and at 873 C for five days. U rich samples kept at 850C for five days",Thermopower studies of doped CeAl2 and UAl2,,,,,,
UAl2,U0.80La0.20Al2,,La,0.2,U,233.6797,28.18,,,,,"arc furnace, Ce rich samples annealed at 800C for two days and at 873 C for five days. U rich samples kept at 850C for five days",Thermopower studies of doped CeAl2 and UAl2,,,,,,
UAl2,U0.80La0.20Al2,,La,0.2,U,259.5919,28.39,,,,,"arc furnace, Ce rich samples annealed at 800C for two days and at 873 C for five days. U rich samples kept at 850C for five days",Thermopower studies of doped CeAl2 and UAl2,,,,,,
UAl2,U0.80La0.20Al2,,La,0.2,U,293.9148,28.01,,,,,"arc furnace, Ce rich samples annealed at 800C for two days and at 873 C for five days. U rich samples kept at 850C for five days",Thermopower studies of doped CeAl2 and UAl2,,,,,,
Fe2CoAl,Fe2CoAl,,X,X,X,2.5138,1.0473,1.27E-06,,Poly,,"arc melted, repeated x5 600C for 14 days",Large Anomalous Hall and Nernst Effects in High Curie‐Temperature Iron‐Based Heusler Compounds - Mende - 2021 - Advanced Science - Wiley Online Library,,,,,,
Fe2CoAl,Fe2CoAl,,X,X,X,22.9273,-0.8559,1.27E-06,,Poly,,"arc melted, repeated x5 600C for 14 days",Large Anomalous Hall and Nernst Effects in High Curie‐Temperature Iron‐Based Heusler Compounds - Mende - 2021 - Advanced Science - Wiley Online Library,,,,,,
Fe2CoAl,Fe2CoAl,,X,X,X,43.9779,-2.9054,1.29E-06,,Poly,,"arc melted, repeated x5 600C for 14 days",Large Anomalous Hall and Nernst Effects in High Curie‐Temperature Iron‐Based Heusler Compounds - Mende - 2021 - Advanced Science - Wiley Online Library,,,,,,
Fe2CoAl,Fe2CoAl,,X,X,X,78.4342,-5.2477,1.32E-06,,Poly,,"arc melted, repeated x5 600C for 14 days",Large Anomalous Hall and Nernst Effects in High Curie‐Temperature Iron‐Based Heusler Compounds - Mende - 2021 - Advanced Science - Wiley Online Library,,,,,,
Fe2CoAl,Fe2CoAl,,X,X,X,111.6193,-7.0045,1.33E-06,,Poly,,"arc melted, repeated x5 600C for 14 days",Large Anomalous Hall and Nernst Effects in High Curie‐Temperature Iron‐Based Heusler Compounds - Mende - 2021 - Advanced Science - Wiley Online Library,,,,,,
Fe2CoAl,Fe2CoAl,,X,X,X,144.8044,-8.7613,1.34E-06,,Poly,,"arc melted, repeated x5 600C for 14 days",Large Anomalous Hall and Nernst Effects in High Curie‐Temperature Iron‐Based Heusler Compounds - Mende - 2021 - Advanced Science - Wiley Online Library,,,,,,
Fe2CoAl,Fe2CoAl,,X,X,X,182.4505,-11.3964,1.35E-06,,Poly,,"arc melted, repeated x5 600C for 14 days",Large Anomalous Hall and Nernst Effects in High Curie‐Temperature Iron‐Based Heusler Compounds - Mende - 2021 - Advanced Science - Wiley Online Library,,,,,,
Fe2CoAl,Fe2CoAl,,X,X,X,221.3735,-14.0315,1.36E-06,,Poly,,"arc melted, repeated x5 600C for 14 days",Large Anomalous Hall and Nernst Effects in High Curie‐Temperature Iron‐Based Heusler Compounds - Mende - 2021 - Advanced Science - Wiley Online Library,,,,,,
Fe2CoAl,Fe2CoAl,,X,X,X,267.323,-16.3739,1.37E-06,,Poly,,"arc melted, repeated x5 600C for 14 days",Large Anomalous Hall and Nernst Effects in High Curie‐Temperature Iron‐Based Heusler Compounds - Mende - 2021 - Advanced Science - Wiley Online Library,,,,,,
Fe2CoAl,Fe2CoAl,,X,X,X,311.3526,-19.1554,1.37E-06,,Poly,,"arc melted, repeated x5 600C for 14 days",Large Anomalous Hall and Nernst Effects in High Curie‐Temperature Iron‐Based Heusler Compounds - Mende - 2021 - Advanced Science - Wiley Online Library,,,,,,
Fe2CoAl,Fe2CoAl,,X,X,X,324.7512,-20.1802,1.37E-06,,Poly,,"arc melted, repeated x5 600C for 14 days",Large Anomalous Hall and Nernst Effects in High Curie‐Temperature Iron‐Based Heusler Compounds - Mende - 2021 - Advanced Science - Wiley Online Library,,,,,,
Fe2CoGa,Fe2CoGa,,X,X,X,4.402,-1.7342,4.61E-07,,Poly,,"arc melted, repeated x5 900C for 14 days",Large Anomalous Hall and Nernst Effects in High Curie‐Temperature Iron‐Based Heusler Compounds - Mende - 2021 - Advanced Science - Wiley Online Library,,,,,,
Fe2CoGa,Fe2CoGa,,X,X,X,13.3094,-4.955,4.64E-07,,Poly,,"arc melted, repeated x5 900C for 14 days",Large Anomalous Hall and Nernst Effects in High Curie‐Temperature Iron‐Based Heusler Compounds - Mende - 2021 - Advanced Science - Wiley Online Library,,,,,,
Fe2CoGa,Fe2CoGa,,X,X,X,37.5108,-11.25,4.70E-07,,Poly,,"arc melted, repeated x5 900C for 14 days",of,,,,,,
Fe2CoGa,Fe2CoGa,,X,X,X,56.62,-15.9347,4.76E-07,,Poly,,"arc melted, repeated x5 900C for 14 days",Large Anomalous Hall and Nernst Effects in High Curie‐Temperature Iron‐Based Heusler Compounds - Mende - 2021 - Advanced Science - Wiley Online Library,,,,,,
Fe2CoGa,Fe2CoGa,,X,X,X,77.6491,-20.1802,4.84E-07,,Poly,,"arc melted, repeated x5 900C for 14 days",Large Anomalous Hall and Nernst Effects in High Curie‐Temperature Iron‐Based Heusler Compounds - Mende - 2021 - Advanced Science - Wiley Online Library,,,,,,
Fe2CoGa,Fe2CoGa,,X,X,X,112.068,-26.3288,5.00E-07,,Poly,,"arc melted, repeated x5 900C for 14 days",Large Anomalous Hall and Nernst Effects in High Curie‐Temperature Iron‐Based Heusler Compounds - Mende - 2021 - Advanced Science - Wiley Online Library,,,,,,
Fe2CoGa,Fe2CoGa,,X,X,X,150.9551,-32.6239,5.23E-07,,Poly,,"arc melted, repeated x5 900C for 14 days",Large Anomalous Hall and Nernst Effects in High Curie‐Temperature Iron‐Based Heusler Compounds - Mende - 2021 - Advanced Science - Wiley Online Library,,,,,,
Fe2CoGa,Fe2CoGa,,X,X,X,184.7413,-38.1869,5.54E-07,,Poly,,"arc melted, repeated x5 900C for 14 days",Large Anomalous Hall and Nernst Effects in High Curie‐Temperature Iron‐Based Heusler Compounds - Mende - 2021 - Advanced Science - Wiley Online Library,,,,,,
Fe2CoGa,Fe2CoGa,,X,X,X,226.8253,-44.0428,5.81E-07,,Poly,,"arc melted, repeated x5 900C for 14 days",Large Anomalous Hall and Nernst Effects in High Curie‐Temperature Iron‐Based Heusler Compounds - Mende - 2021 - Advanced Science - Wiley Online Library,,,,,,
Fe2CoGa,Fe2CoGa,,X,X,X,263.8184,-48.1419,6.01E-07,,Poly,,"arc melted, repeated x5 900C for 14 days",Large Anomalous Hall and Nernst Effects in High Curie‐Temperature Iron‐Based Heusler Compounds - Mende - 2021 - Advanced Science - Wiley Online Library,,,,,,
Fe2CoGa,Fe2CoGa,,X,X,X,300.1788,-51.6554,6.32E-07,,Poly,,"arc melted, repeated x5 900C for 14 days",Large Anomalous Hall and Nernst Effects in High Curie‐Temperature Iron‐Based Heusler Compounds - Mende - 2021 - Advanced Science - Wiley Online Library,,,,,,
Fe2CoGa,Fe2CoGa,,X,X,X,321.2308,-53.5586,6.55E-07,,Poly,,"arc melted, repeated x5 900C for 14 days",Large Anomalous Hall and Nernst Effects in High Curie‐Temperature Iron‐Based Heusler Compounds - Mende - 2021 - Advanced Science - Wiley Online Library,,,,,,
Fe2NiAl,Fe2NiAl,,X,X,X,3.7879,0.7545,3.28E-07,,Poly,,"arc melted, repeated x5 900C for 14 days",Large Anomalous Hall and Nernst Effects in High Curie‐Temperature Iron‐Based Heusler Compounds - Mende - 2021 - Advanced Science - Wiley Online Library,,,,,,
Fe2NiAl,Fe2NiAl,,X,X,X,32.4905,-2.3198,3.39E-07,,Poly,,"arc melted, repeated x5 900C for 14 days",Large Anomalous Hall and Nernst Effects in High Curie‐Temperature Iron‐Based Heusler Compounds - Mende - 2021 - Advanced Science - Wiley Online Library,,,,,,
Fe2NiAl,Fe2NiAl,,X,X,X,65.6727,-4.3694,3.52E-07,,Poly,,"arc melted, repeated x5 900C for 14 days",Large Anomalous Hall and Nernst Effects in High Curie‐Temperature Iron‐Based Heusler Compounds - Mende - 2021 - Advanced Science - Wiley Online Library,,,,,,
Fe2NiAl,Fe2NiAl,,X,X,X,106.5329,-4.8086,3.62E-07,,Poly,,"arc melted, repeated x5 900C for 14 days",Large Anomalous Hall and Nernst Effects in High Curie‐Temperature Iron‐Based Heusler Compounds - Mende - 2021 - Advanced Science - Wiley Online Library,,,,,,
Fe2NiAl,Fe2NiAl,,X,X,X,155.6907,-5.5405,3.80E-07,,Poly,,"arc melted, repeated x5 900C for 14 days",Large Anomalous Hall and Nernst Effects in High Curie‐Temperature Iron‐Based Heusler Compounds - Mende - 2021 - Advanced Science - Wiley Online Library,,,,,,
Fe2NiAl,Fe2NiAl,,X,X,X,193.3511,-6.7117,3.86E-07,,Poly,,"arc melted, repeated x5 900C for 14 days",Large Anomalous Hall and Nernst Effects in High Curie‐Temperature Iron‐Based Heusler Compounds - Mende - 2021 - Advanced Science - Wiley Online Library,,,,,,
Fe2NiAl,Fe2NiAl,,X,X,X,231.6486,-8.0293,3.98E-07,,Poly,,"arc melted, repeated x5 900C for 14 days",Large Anomalous Hall and Nernst Effects in High Curie‐Temperature Iron‐Based Heusler Compounds - Mende - 2021 - Advanced Science - Wiley Online Library,,,,,,
Fe2NiAl,Fe2NiAl,,X,X,X,265.4822,-8.7613,4.08E-07,,Poly,,"arc melted, repeated x5 900C for 14 days",Large Anomalous Hall and Nernst Effects in High Curie‐Temperature Iron‐Based Heusler Compounds - Mende - 2021 - Advanced Science - Wiley Online Library,,,,,,
Fe2NiAl,Fe2NiAl,,X,X,X,301.8685,-9.6396,4.19E-07,,Poly,,"arc melted, repeated x5 900C for 14 days",Large Anomalous Hall and Nernst Effects in High Curie‐Temperature Iron‐Based Heusler Compounds - Mende - 2021 - Advanced Science - Wiley Online Library,,,,,,
Fe2NiAl,Fe2NiAl,,X,X,X,324.2105,-10.2252,4.22E-07,,Poly,,"arc melted, repeated x5 900C for 14 days",Large Anomalous Hall and Nernst Effects in High Curie‐Temperature Iron‐Based Heusler Compounds - Mende - 2021 - Advanced Science - Wiley Online Library,,,,,,
Fe2NiGa,Fe2NiGa,,X,X,X,5.6962,0.0225,2.75E-07,,Poly,,"arc melted, repeated x5 800C for 14 days",Large Anomalous Hall and Nernst Effects in High Curie‐Temperature Iron‐Based Heusler Compounds - Mende - 2021 - Advanced Science - Wiley Online Library,,,,,,
Fe2NiGa,Fe2NiGa,,X,X,X,17.8005,-2.759,2.80E-07,,Poly,,"arc melted, repeated x5 800C for 14 days",Large Anomalous Hall and Nernst Effects in High Curie‐Temperature Iron‐Based Heusler Compounds - Mende - 2021 - Advanced Science - Wiley Online Library,,,,,,
Fe2NiGa,Fe2NiGa,,X,X,X,42.6865,-4.3694,2.90E-07,,Poly,,"arc melted, repeated x5 800C for 14 days",Large Anomalous Hall and Nernst Effects in High Curie‐Temperature Iron‐Based Heusler Compounds - Mende - 2021 - Advanced Science - Wiley Online Library,,,,,,
Fe2NiGa,Fe2NiGa,,X,X,X,69.4793,-6.8581,3.04E-07,,Poly,,"arc melted, repeated x5 800C for 14 days",Large Anomalous Hall and Nernst Effects in High Curie‐Temperature Iron‐Based Heusler Compounds - Mende - 2021 - Advanced Science - Wiley Online Library,,,,,,
Fe2NiGa,Fe2NiGa,,X,X,X,91.1742,-8.3221,3.18E-07,,Poly,,"arc melted, repeated x5 800C for 14 days",Large Anomalous Hall and Nernst Effects in High Curie‐Temperature Iron‐Based Heusler Compounds - Mende - 2021 - Advanced Science - Wiley Online Library,,,,,,
Fe2NiGa,Fe2NiGa,,X,X,X,126.9076,-10.6644,3.34E-07,,Poly,,"arc melted, repeated x5 800C for 14 days",Large Anomalous Hall and Nernst Effects in High Curie‐Temperature Iron‐Based Heusler Compounds - Mende - 2021 - Advanced Science - Wiley Online Library,,,,,,
Fe2NiGa,Fe2NiGa,,X,X,X,157.5458,-11.6892,3.54E-07,,Poly,,"arc melted, repeated x5 800C for 14 days",Large Anomalous Hall and Nernst Effects in High Curie‐Temperature Iron‐Based Heusler Compounds - Mende - 2021 - Advanced Science - Wiley Online Library,,,,,,
Fe2NiGa,Fe2NiGa,,X,X,X,190.7266,-13.8851,3.82E-07,,Poly,,"arc melted, repeated x5 800C for 14 days",Large Anomalous Hall and Nernst Effects in High Curie‐Temperature Iron‐Based Heusler Compounds - Mende - 2021 - Advanced Science - Wiley Online Library,,,,,,
Fe2NiGa,Fe2NiGa,,X,X,X,219.445,-15.3491,4.10E-07,,Poly,,"arc melted, repeated x5 800C for 14 days",Large Anomalous Hall and Nernst Effects in High Curie‐Temperature Iron‐Based Heusler Compounds - Mende - 2021 - Advanced Science - Wiley Online Library,,,,,,
Fe2NiGa,Fe2NiGa,,X,X,X,245.5979,-17.9842,4.27E-07,,Poly,,"arc melted, repeated x5 800C for 14 days",Large Anomalous Hall and Nernst Effects in High Curie‐Temperature Iron‐Based Heusler Compounds - Mende - 2021 - Advanced Science - Wiley Online Library,,,,,,
Fe2NiGa,Fe2NiGa,,X,X,X,273.6707,-20.1802,4.47E-07,,Poly,,"arc melted, repeated x5 800C for 14 days",Large Anomalous Hall and Nernst Effects in High Curie‐Temperature Iron‐Based Heusler Compounds - Mende - 2021 - Advanced Science - Wiley Online Library,,,,,,
Fe2NiGa,Fe2NiGa,,X,X,X,299.8408,-21.0586,4.73E-07,,Poly,,"arc melted, repeated x5 800C for 14 days",Large Anomalous Hall and Nernst Effects in High Curie‐Temperature Iron‐Based Heusler Compounds - Mende - 2021 - Advanced Science - Wiley Online Library,,,,,,
Fe2NiGa,Fe2NiGa,,X,X,X,322.1799,-21.9369,4.98E-07,,Poly,,"arc melted, repeated x5 800C for 14 days",Large Anomalous Hall and Nernst Effects in High Curie‐Temperature Iron‐Based Heusler Compounds - Mende - 2021 - Advanced Science - Wiley Online Library,,,,,,
Co2MnSi,Co2MnSi,X2YZ,,,,40.6926,-3.02,9.0432,,,Heusler thin film,"compounds grown as thin films by molecular beam expitaxy, annealed at 600C",Anamolous Nernst and Seebeck coefficients in the expitaxial thin film,,,,,,
Co2MnSi,Co2MnSi,X2YZ,,,,84.4156,-3.54,11.4623,,,Heusler thin film,"compounds grown as thin films by molecular beam expitaxy, annealed at 600C",Anamolous Nernst and Seebeck coefficients in the expitaxial thin film,,,,,,
Co2MnSi,Co2MnSi,X2YZ,,,,157.5758,-7.34,16.8705,,,Heusler thin film,"compounds grown as thin films by molecular beam expitaxy, annealed at 600C",Anamolous Nernst and Seebeck coefficients in the expitaxial thin film,,,,,,
Co2MnSi,Co2MnSi,X2YZ,,,,232.4675,-11.80,21.8893,,,Heusler thin film,"compounds grown as thin films by molecular beam expitaxy, annealed at 600C",Anamolous Nernst and Seebeck coefficients in the expitaxial thin film,,,,,,
Co2MnSi,Co2MnSi,X2YZ,,,,297.8355,-15.94,26.4357,,,Heusler thin film,"compounds grown as thin films by molecular beam expitaxy, annealed at 600C",Anamolous Nernst and Seebeck coefficients in the expitaxial thin film,,,,,,
Co2MnSi,Co2MnSi,X2YZ,,,,400.4329,-22.63,34.6208,,,Heusler thin film,"compounds grown as thin films by molecular beam expitaxy, annealed at 600C",Anamolous Nernst and Seebeck coefficients in the expitaxial thin film,,,,,,
Co2MnSi,Co2MnSi0.67Al0.33,X2YZ,Al,0.33,Si,12.1212,-0.26,46.0916,,,Heusler thin film,"compounds grown as thin films by molecular beam expitaxy, annealed at 600C",Anamolous Nernst and Seebeck coefficients in the expitaxial thin film,,,,,,
Co2MnSi,Co2MnSi0.67Al0.33,X2YZ,Al,0.33,Si,39.3939,-7.10,46.7125,,,Heusler thin film,"compounds grown as thin films by molecular beam expitaxy, annealed at 600C",Anamolous Nernst and Seebeck coefficients in the expitaxial thin film,,,,,,
Co2MnSi,Co2MnSi0.67Al0.33,X2YZ,Al,0.33,Si,101.7316,-7.88,49.8635,,,Heusler thin film,"compounds grown as thin films by molecular beam expitaxy, annealed at 600C",Anamolous Nernst and Seebeck coefficients in the expitaxial thin film,,,,,,
Co2MnSi,Co2MnSi0.67Al0.33,X2YZ,Al,0.33,Si,153.6797,-10.44,54.1249,,,Heusler thin film,"compounds grown as thin films by molecular beam expitaxy, annealed at 600C",Anamolous Nernst and Seebeck coefficients in the expitaxial thin film,,,,,,
Co2MnSi,Co2MnSi0.67Al0.33,X2YZ,Al,0.33,Si,210.3896,-14.83,59.3266,,,Heusler thin film,"compounds grown as thin films by molecular beam expitaxy, annealed at 600C",Anamolous Nernst and Seebeck coefficients in the expitaxial thin film,,,,,,
Co2MnSi,Co2MnSi0.67Al0.33,X2YZ,Al,0.33,Si,287.0130,-21.53,66.0059,,,Heusler thin film,"compounds grown as thin films by molecular beam expitaxy, annealed at 600C",Anamolous Nernst and Seebeck coefficients in the expitaxial thin film,,,,,,
Co2MnSi,Co2MnSi0.67Al0.33,X2YZ,Al,0.33,Si,351.0823,-27.05,71.7997,,,Heusler thin film,"compounds grown as thin films by molecular beam expitaxy, annealed at 600C",Anamolous Nernst and Seebeck coefficients in the expitaxial thin film,,,,,,
Co2MnSi,Co2MnSi0.67Al0.33,X2YZ,Al,0.33,Si,401.7316,-31.12,76.9059,,,Heusler thin film,"compounds grown as thin films by molecular beam expitaxy, annealed at 600C",Anamolous Nernst and Seebeck coefficients in the expitaxial thin film,,,,,,
Co2MnSi,Co2MnSi0.33Al0.67,X2YZ,Al,0.67,Si,22.5108,-11.31,142.6256,,,Heusler thin film,"compounds grown as thin films by molecular beam expitaxy, annealed at 600C",Anamolous Nernst and Seebeck coefficients in the expitaxial thin film,,,,,,
Co2MnSi,Co2MnSi0.33Al0.67,X2YZ,Al,0.67,Si,36.7965,-21.57,142.9595,,,Heusler thin film,"compounds grown as thin films by molecular beam expitaxy, annealed at 600C",Anamolous Nernst and Seebeck coefficients in the expitaxial thin film,,,,,,
Co2MnSi,Co2MnSi0.33Al0.67,X2YZ,Al,0.67,Si,45.8874,-22.30,143.2476,,,Heusler thin film,"compounds grown as thin films by molecular beam expitaxy, annealed at 600C",Anamolous Nernst and Seebeck coefficients in the expitaxial thin film,,,,,,
Co2MnSi,Co2MnSi0.33Al0.67,X2YZ,Al,0.67,Si,79.6537,-17.75,144.7991,,,Heusler thin film,"compounds grown as thin films by molecular beam expitaxy, annealed at 600C",Anamolous Nernst and Seebeck coefficients in the expitaxial thin film,,,,,,
Co2MnSi,Co2MnSi0.33Al0.67,X2YZ,Al,0.67,Si,105.6277,-17.55,146.465,,,Heusler thin film,"compounds grown as thin films by molecular beam expitaxy, annealed at 600C",Anamolous Nernst and Seebeck coefficients in the expitaxial thin film,,,,,,
Co2MnSi,Co2MnSi0.33Al0.67,X2YZ,Al,0.67,Si,164.9351,-21.35,151.4577,,,Heusler thin film,"compounds grown as thin films by molecular beam expitaxy, annealed at 600C",Anamolous Nernst and Seebeck coefficients in the expitaxial thin film,,,,,,
Co2MnSi,Co2MnSi0.33Al0.67,X2YZ,Al,0.67,Si,223.8095,-27.00,156.6752,,,Heusler thin film,"compounds grown as thin films by molecular beam expitaxy, annealed at 600C",Anamolous Nernst and Seebeck coefficients in the expitaxial thin film,,,,,,
Co2MnSi,Co2MnSi0.33Al0.67,X2YZ,Al,0.67,Si,292.2078,-33.97,162.0547,,,Heusler thin film,"compounds grown as thin films by molecular beam expitaxy, annealed at 600C",Anamolous Nernst and Seebeck coefficients in the expitaxial thin film,,,,,,
Co2MnSi,Co2MnSi0.33Al0.67,X2YZ,Al,0.67,Si,347.1861,-39.22,166.4719,,,Heusler thin film,"compounds grown as thin films by molecular beam expitaxy, annealed at 600C",Anamolous Nernst and Seebeck coefficients in the expitaxial thin film,,,,,,
Co2MnSi,Co2MnSi0.33Al0.67,X2YZ,Al,0.67,Si,396.5368,-43.62,171.0154,,,Heusler thin film,"compounds grown as thin films by molecular beam expitaxy, annealed at 600C",Anamolous Nernst and Seebeck coefficients in the expitaxial thin film,,,,,,
Co2MnSi,Co2MnAl,X2YZ,Al,1,Si,15.5844,-0.66,199.9911,,,Heusler thin film,"compounds grown as thin films by molecular beam expitaxy, annealed at 600C",Anamolous Nernst and Seebeck coefficients in the expitaxial thin film,,,,,,
Co2MnSi,Co2MnAl,X2YZ,Al,1,Si,51.0823,-10.32,198.897,,,Heusler thin film,"compounds grown as thin films by molecular beam expitaxy, annealed at 600C",Anamolous Nernst and Seebeck coefficients in the expitaxial thin film,,,,,,
Co2MnSi,Co2MnAl,X2YZ,Al,1,Si,97.8355,-9.66,198.2749,,,Heusler thin film,"compounds grown as thin films by molecular beam expitaxy, annealed at 600C",Anamolous Nernst and Seebeck coefficients in the expitaxial thin film,,,,,,
Co2MnSi,Co2MnAl,X2YZ,Al,1,Si,165.3680,-13.00,198.3891,,,Heusler thin film,"compounds grown as thin films by molecular beam expitaxy, annealed at 600C",Anamolous Nernst and Seebeck coefficients in the expitaxial thin film,,,,,,
Co2MnSi,Co2MnAl,X2YZ,Al,1,Si,236.3636,-19.50,198.7069,,,Heusler thin film,"compounds grown as thin films by molecular beam expitaxy, annealed at 600C",Anamolous Nernst and Seebeck coefficients in the expitaxial thin film,,,,,,
Co2MnSi,Co2MnAl,X2YZ,Al,1,Si,307.7922,-26.07,197.8813,,,Heusler thin film,"compounds grown as thin films by molecular beam expitaxy, annealed at 600C",Anamolous Nernst and Seebeck coefficients in the expitaxial thin film,,,,,,
Co2MnSi,Co2MnAl,X2YZ,Al,1,Si,369.2641,-30.60,197.6018,,,Heusler thin film,"compounds grown as thin films by molecular beam expitaxy, annealed at 600C",Anamolous Nernst and Seebeck coefficients in the expitaxial thin film,,,,,,
Co2MnSi,Co2MnAl,X2YZ,Al,1,Si,403.0303,-32.37,198.5105,,,Heusler thin film,"compounds grown as thin films by molecular beam expitaxy, annealed at 600C",Anamolous Nernst and Seebeck coefficients in the expitaxial thin film,,,,,,
Co2FeAl,Co2FeAl,X2YZ,,,,13.4199,-0.20,83.9962,,,Heusler thin film,"compounds grown as thin films by molecular beam expitaxy, annealed at 600C",Anamolous Nernst and Seebeck coefficients in the expitaxial thin film,,,,,,
Co2FeAl,Co2FeAl,X2YZ,,,,58.4416,-8.74,84.23,,,Heusler thin film,"compounds grown as thin films by molecular beam expitaxy, annealed at 600C",Anamolous Nernst and Seebeck coefficients in the expitaxial thin film,,,,,,
Co2FeAl,Co2FeAl,X2YZ,,,,100.4329,-10.25,85.851,,,Heusler thin film,"compounds grown as thin films by molecular beam expitaxy, annealed at 600C",Anamolous Nernst and Seebeck coefficients in the expitaxial thin film,,,,,,
Co2FeAl,Co2FeAl,X2YZ,,,,166.2338,-14.58,88.8102,,,Heusler thin film,"compounds grown as thin films by molecular beam expitaxy, annealed at 600C",Anamolous Nernst and Seebeck coefficients in the expitaxial thin film,,,,,,
Co2FeAl,Co2FeAl,X2YZ,,,,235.0649,-19.96,90.8697,,,Heusler thin film,"compounds grown as thin films by molecular beam expitaxy, annealed at 600C",Anamolous Nernst and Seebeck coefficients in the expitaxial thin film,,,,,,
Co2FeAl,Co2FeAl,X2YZ,,,,299.1342,-23.83,93.6415,,,Heusler thin film,"compounds grown as thin films by molecular beam expitaxy, annealed at 600C",Anamolous Nernst and Seebeck coefficients in the expitaxial thin film,,,,,,
Co2FeAl,Co2FeAl,X2YZ,,,,357.1429,-27.57,97.0443,,,Heusler thin film,"compounds grown as thin films by molecular beam expitaxy, annealed at 600C",Anamolous Nernst and Seebeck coefficients in the expitaxial thin film,,,,,,
Co2FeAl,Co2FeAl,X2YZ,,,,401.2987,-29.93,99.9483,,,Heusler thin film,"compounds grown as thin films by molecular beam expitaxy, annealed at 600C",Anamolous Nernst and Seebeck coefficients in the expitaxial thin film,,,,,,
Co2TiAl,Co2TiAl,X2YZ,X,X,X,6.9085,-12.86,0.1325,,,Bulk,"annealed at 1123K for 7 days, followed by furnace cooling",Large Improvement of Thermoelectric Poerformance by Magnetism in Co-Based Fulll-Heusler,,,,,,
Co2TiAl,Co2TiAl,X2YZ,X,X,X,38.4130,-22.93,0.14,,,Bulk,"annealed at 1123K for 7 days, followed by furnace cooling",Large Improvement of Thermoelectric Poerformance by Magnetism in Co-Based Fulll-Heusler,,,,,,
Co2TiAl,Co2TiAl,X2YZ,X,X,X,60.1829,-31.92,0.1866,,,Bulk,"annealed at 1123K for 7 days, followed by furnace cooling",Large Improvement of Thermoelectric Poerformance by Magnetism in Co-Based Fulll-Heusler,,,,,,
Co2TiAl,Co2TiAl,X2YZ,X,X,X,90.6054,-39.42,0.2872,,,Bulk,"annealed at 1123K for 7 days, followed by furnace cooling",Large Improvement of Thermoelectric Poerformance by Magnetism in Co-Based Fulll-Heusler,,,,,,
Co2TiAl,Co2TiAl,X2YZ,X,X,X,124.3320,-44.35,0.418,,,Bulk,"annealed at 1123K for 7 days, followed by furnace cooling",Large Improvement of Thermoelectric Poerformance by Magnetism in Co-Based Fulll-Heusler,,,,,,
Co2TiAl,Co2TiAl,X2YZ,X,X,X,175.5857,-49.07,0.5794,,,Bulk,"annealed at 1123K for 7 days, followed by furnace cooling",Large Improvement of Thermoelectric Poerformance by Magnetism in Co-Based Fulll-Heusler,,,,,,
Co2TiAl,Co2TiAl,X2YZ,X,X,X,275.7073,-50.60,0.7169,,,Bulk,"annealed at 1123K for 7 days, followed by furnace cooling",Large Improvement of Thermoelectric Poerformance by Magnetism in Co-Based Fulll-Heusler,,,,,,
Co2TiAl,Co2TiAl,X2YZ,X,X,X,448.6716,-52.57,0.9092,,,Bulk,"annealed at 1123K for 7 days, followed by furnace cooling",Large Improvement of Thermoelectric Poerformance by Magnetism in Co-Based Fulll-Heusler,,,,,,
Co2TiAl,Co2TiAl,X2YZ,X,X,X,611.9012,-53.47,1.118,,,Bulk,"annealed at 1123K for 7 days, followed by furnace cooling",Large Improvement of Thermoelectric Poerformance by Magnetism in Co-Based Fulll-Heusler,,,,,,
Co2TiAl,Co2TiAl,X2YZ,X,X,X,765.5043,-54.65,1.2787,,,Bulk,"annealed at 1123K for 7 days, followed by furnace cooling",Large Improvement of Thermoelectric Poerformance by Magnetism in Co-Based Fulll-Heusler,,,,,,
Co2TiAl,Co2TiAl,X2YZ,X,X,X,846.2362,-55.03,1.3302,,,Bulk,"annealed at 1123K for 7 days, followed by furnace cooling",Large Improvement of Thermoelectric Poerformance by Magnetism in Co-Based Fulll-Heusler,,,,,,
Co2TiAl,Co2VAl,X2YZ,V,1,Ti,15.5395,-0.09,1.1759,,,Bulk,"annealed at 1123K for 7 days, followed by furnace cooling",Large Improvement of Thermoelectric Poerformance by Magnetism in Co-Based Fulll-Heusler,,,,,,
Co2TiAl,Co2VAl,X2YZ,V,1,Ti,69.2997,-3.25,1.1947,,,Bulk,"annealed at 1123K for 7 days, followed by furnace cooling",Large Improvement of Thermoelectric Poerformance by Magnetism in Co-Based Fulll-Heusler,,,,,,
Co2TiAl,Co2VAl,X2YZ,V,1,Ti,127.7589,-10.32,1.23,,,Bulk,"annealed at 1123K for 7 days, followed by furnace cooling",Large Improvement of Thermoelectric Poerformance by Magnetism in Co-Based Fulll-Heusler,,,,,,
Co2TiAl,Co2VAl,X2YZ,V,1,Ti,194.1869,-18.33,1.2662,,,Bulk,"annealed at 1123K for 7 days, followed by furnace cooling",Large Improvement of Thermoelectric Poerformance by Magnetism in Co-Based Fulll-Heusler,,,,,,
Co2TiAl,Co2VAl,X2YZ,V,1,Ti,254.5541,-27.34,1.2836,,,Bulk,"annealed at 1123K for 7 days, followed by furnace cooling",Large Improvement of Thermoelectric Poerformance by Magnetism in Co-Based Fulll-Heusler,,,,,,
Co2TiAl,Co2VAl,X2YZ,V,1,Ti,305.8249,-32.27,1.2923,,,Bulk,"annealed at 1123K for 7 days, followed by furnace cooling",Large Improvement of Thermoelectric Poerformance by Magnetism in Co-Based Fulll-Heusler,,,,,,
Co2TiAl,Co2VAl,X2YZ,V,1,Ti,342.9067,-35.28,1.2982,,,Bulk,"annealed at 1123K for 7 days, followed by furnace cooling",Large Improvement of Thermoelectric Poerformance by Magnetism in Co-Based Fulll-Heusler,,,,,,
Co2TiAl,Co2VAl,X2YZ,V,1,Ti,423.6273,-35.51,1.311,,,Bulk,"annealed at 1123K for 7 days, followed by furnace cooling",Large Improvement of Thermoelectric Poerformance by Magnetism in Co-Based Fulll-Heusler,,,,,,
Co2TiAl,Co2VAl,X2YZ,V,1,Ti,558.8146,-36.76,1.3287,,,Bulk,"annealed at 1123K for 7 days, followed by furnace cooling",Large Improvement of Thermoelectric Poerformance by Magnetism in Co-Based Fulll-Heusler,,,,,,
Co2TiAl,Co2VAl,X2YZ,V,1,Ti,701.0253,-38.08,1.3409,,,Bulk,"annealed at 1123K for 7 days, followed by furnace cooling",Large Improvement of Thermoelectric Poerformance by Magnetism in Co-Based Fulll-Heusler,,,,,,
Co2TiAl,Co2VAl,X2YZ,V,1,Ti,814.2538,-38.97,1.3477,,,Bulk,"annealed at 1123K for 7 days, followed by furnace cooling",Large Improvement of Thermoelectric Poerformance by Magnetism in Co-Based Fulll-Heusler,,,,,,
Co2TiAl,Co2NbAl,X2YZ,Nb,1,Ti,18.0801,1.05,1.35,,,Bulk,"annealed at 1123K for 7 days, followed by furnace cooling",Large Improvement of Thermoelectric Poerformance by Magnetism in Co-Based Fulll-Heusler,,,,,,
Co2TiAl,Co2NbAl,X2YZ,Nb,1,Ti,94.4999,-0.26,1.463,,,Bulk,"annealed at 1123K for 7 days, followed by furnace cooling",Large Improvement of Thermoelectric Poerformance by Magnetism in Co-Based Fulll-Heusler,,,,,,
Co2TiAl,Co2NbAl,X2YZ,Nb,1,Ti,197.6457,-6.70,1.7289,,,Bulk,"annealed at 1123K for 7 days, followed by furnace cooling",Large Improvement of Thermoelectric Poerformance by Magnetism in Co-Based Fulll-Heusler,,,,,,
Co2TiAl,Co2NbAl,X2YZ,Nb,1,Ti,270.2085,-14.64,1.9112,,,Bulk,"annealed at 1123K for 7 days, followed by furnace cooling",Large Improvement of Thermoelectric Poerformance by Magnetism in Co-Based Fulll-Heusler,,,,,,
Co2TiAl,Co2NbAl,X2YZ,Nb,1,Ti,330.5245,-23.00,2.0722,,,Bulk,"annealed at 1123K for 7 days, followed by furnace cooling",Large Improvement of Thermoelectric Poerformance by Magnetism in Co-Based Fulll-Heusler,,,,,,
Co2TiAl,Co2NbAl,X2YZ,Nb,1,Ti,378.2182,-27.08,2.1668,,,Bulk,"annealed at 1123K for 7 days, followed by furnace cooling",Large Improvement of Thermoelectric Poerformance by Magnetism in Co-Based Fulll-Heusler,,,,,,
Co2TiAl,Co2NbAl,X2YZ,Nb,1,Ti,436.2905,-29.31,2.1968,,,Bulk,"annealed at 1123K for 7 days, followed by furnace cooling",Large Improvement of Thermoelectric Poerformance by Magnetism in Co-Based Fulll-Heusler,,,,,,
Co2TiAl,Co2NbAl,X2YZ,Nb,1,Ti,557.3742,-29.70,2.2164,,,Bulk,"annealed at 1123K for 7 days, followed by furnace cooling",Large Improvement of Thermoelectric Poerformance by Magnetism in Co-Based Fulll-Heusler,,,,,,
Co2TiAl,Co2NbAl,X2YZ,Nb,1,Ti,697.8020,-30.66,2.2622,,,Bulk,"annealed at 1123K for 7 days, followed by furnace cooling",Large Improvement of Thermoelectric Poerformance by Magnetism in Co-Based Fulll-Heusler,,,,,,
Co2TiAl,Co2NbAl,X2YZ,Nb,1,Ti,842.5362,-30.63,2.3078,,,Bulk,"annealed at 1123K for 7 days, followed by furnace cooling",Large Improvement of Thermoelectric Poerformance by Magnetism in Co-Based Fulll-Heusler,,,,,,
Fe2VAl,Fe2VAl,X2YZ,X,X,X,300.9457,-54.17,29.9938,,,Bulk?,"arc melting under argon atmosphere, melt spinning","Magnetic and thermoelectric properties of melt-spun ribbons of Fe2XAL (X = Co, Ni) Heusler compounds",,,,,,
Fe2VAl,Fe2VAl,X2YZ,X,X,X,365.1643,-44.77,25.4434,,,Bulk?,"arc melting under argon atmosphere, melt spinning","Magnetic and thermoelectric properties of melt-spun ribbons of Fe2XAL (X = Co, Ni) Heusler compounds",,,,,,
Fe2VAl,Fe2VAl,X2YZ,X,X,X,445.8307,-34.29,20.0026,,,Bulk?,"arc melting under argon atmosphere, melt spinning","Magnetic and thermoelectric properties of melt-spun ribbons of Fe2XAL (X = Co, Ni) Heusler compounds",,,,,,
Fe2VAl,Fe2VAl,X2YZ,X,X,X,509.3189,-26.10,15.8704,,,Bulk?,"arc melting under argon atmosphere, melt spinning","Magnetic and thermoelectric properties of melt-spun ribbons of Fe2XAL (X = Co, Ni) Heusler compounds",,,,,,
Fe2VAl,Fe2VAl,X2YZ,X,X,X,584.4138,-18.38,11.0751,,,Bulk?,"arc melting under argon atmosphere, melt spinning","Magnetic and thermoelectric properties of melt-spun ribbons of Fe2XAL (X = Co, Ni) Heusler compounds",,,,,,
Fe2VAl,Fe2CoAl,X2YZ,Co,1,V,298.5633,-19.99,5.2922,,,Bulk?,"arc melting under argon atmosphere, melt spinning","Magnetic and thermoelectric properties of melt-spun ribbons of Fe2XAL (X = Co, Ni) Heusler compounds",,,,,,
Fe2VAl,Fe2CoAl,X2YZ,Co,1,V,382.4241,-22.94,5.5638,,,Bulk?,"arc melting under argon atmosphere, melt spinning","Magnetic and thermoelectric properties of melt-spun ribbons of Fe2XAL (X = Co, Ni) Heusler compounds",,,,,,
Fe2VAl,Fe2CoAl,X2YZ,Co,1,V,471.5197,-25.65,5.6233,,,Bulk?,"arc melting under argon atmosphere, melt spinning","Magnetic and thermoelectric properties of melt-spun ribbons of Fe2XAL (X = Co, Ni) Heusler compounds",,,,,,
Fe2VAl,Fe2CoAl,X2YZ,Co,1,V,528.8013,-27.77,5.6162,,,Bulk?,"arc melting under argon atmosphere, melt spinning","Magnetic and thermoelectric properties of melt-spun ribbons of Fe2XAL (X = Co, Ni) Heusler compounds",,,,,,
Fe2VAl,Fe2CoAl,X2YZ,Co,1,V,584.9549,-29.53,5.6276,,,Bulk?,"arc melting under argon atmosphere, melt spinning","Magnetic and thermoelectric properties of melt-spun ribbons of Fe2XAL (X = Co, Ni) Heusler compounds",,,,,,
Fe2VAl,Fe2CoAl,X2YZ,Ni,1,V,297.3510,-14.00,1.3653,,,Bulk?,"arc melting under argon atmosphere, melt spinning","Magnetic and thermoelectric properties of melt-spun ribbons of Fe2XAL (X = Co, Ni) Heusler compounds",,,,,,
Fe2VAl,Fe2CoAl,X2YZ,Ni,1,V,401.7521,-14.30,1.501,,,Bulk?,"arc melting under argon atmosphere, melt spinning","Magnetic and thermoelectric properties of melt-spun ribbons of Fe2XAL (X = Co, Ni) Heusler compounds",,,,,,
Fe2VAl,Fe2CoAl,X2YZ,Ni,1,V,487.0701,-14.61,1.4149,,,Bulk?,"arc melting under argon atmosphere, melt spinning","Magnetic and thermoelectric properties of melt-spun ribbons of Fe2XAL (X = Co, Ni) Heusler compounds",,,,,,
Fe2VAl,Fe2CoAl,X2YZ,Ni,1,V,537.2154,-14.94,1.3632,,,Bulk?,"arc melting under argon atmosphere, melt spinning","Magnetic and thermoelectric properties of melt-spun ribbons of Fe2XAL (X = Co, Ni) Heusler compounds",,,,,,
Fe2VAl,Fe2CoAl,X2YZ,Ni,1,V,586.6123,-15.27,1.3571,,,Bulk?,"arc melting under argon atmosphere, melt spinning","Magnetic and thermoelectric properties of melt-spun ribbons of Fe2XAL (X = Co, Ni) Heusler compounds",,,,,,
CeCoGe2,CeCoGe2,X2YZ,,,,9.6077,6.67,51.9317,,Poly,Bulk,"Annealed in a vaccuum-selaed quartz tube at 800C for seven days, followed by furnace cooling",Electrical and thermal transport properties of intermetallic RCoGe2 (R = Ce and La) compounds,,,,,,
CeCoGe2,CeCoGe2,X2YZ,,,,23.0584,18.40,60.7394,,Poly,Bulk,"Annealed in a vaccuum-selaed quartz tube at 800C for seven days, followed by furnace cooling",Electrical and thermal transport properties of intermetallic RCoGe2 (R = Ce and La) compounds,,,,,,
CeCoGe2,CeCoGe2,X2YZ,,,,36.2690,27.47,73.2352,,Poly,Bulk,"Annealed in a vaccuum-selaed quartz tube at 800C for seven days, followed by furnace cooling",Electrical and thermal transport properties of intermetallic RCoGe2 (R = Ce and La) compounds,,,,,,
CeCoGe2,CeCoGe2,X2YZ,,,,55.0040,33.72,86.9949,,Poly,Bulk,"Annealed in a vaccuum-selaed quartz tube at 800C for seven days, followed by furnace cooling",Electrical and thermal transport properties of intermetallic RCoGe2 (R = Ce and La) compounds,,,,,,
CeCoGe2,CeCoGe2,X2YZ,,,,76.3811,35.53,94.603,,Poly,Bulk,"Annealed in a vaccuum-selaed quartz tube at 800C for seven days, followed by furnace cooling",Electrical and thermal transport properties of intermetallic RCoGe2 (R = Ce and La) compounds,,,,,,
CeCoGe2,CeCoGe2,X2YZ,,,,110.9688,32.77,101.5169,,Poly,Bulk,"Annealed in a vaccuum-selaed quartz tube at 800C for seven days, followed by furnace cooling",Electrical and thermal transport properties of intermetallic RCoGe2 (R = Ce and La) compounds,,,,,,
CeCoGe2,CeCoGe2,X2YZ,,,,149.1593,28.13,105.6065,,Poly,Bulk,"Annealed in a vaccuum-selaed quartz tube at 800C for seven days, followed by furnace cooling",Electrical and thermal transport properties of intermetallic RCoGe2 (R = Ce and La) compounds,,,,,,
CeCoGe2,CeCoGe2,X2YZ,,,,188.0705,22.54,107.6746,,Poly,Bulk,"Annealed in a vaccuum-selaed quartz tube at 800C for seven days, followed by furnace cooling",Electrical and thermal transport properties of intermetallic RCoGe2 (R = Ce and La) compounds,,,,,,
CeCoGe2,CeCoGe2,X2YZ,,,,231.5452,16.95,109.6048,,Poly,Bulk,"Annealed in a vaccuum-selaed quartz tube at 800C for seven days, followed by furnace cooling",Electrical and thermal transport properties of intermetallic RCoGe2 (R = Ce and La) compounds,,,,,,
CeCoGe2,CeCoGe2,X2YZ,,,,255.0841,14.39,110.8197,,Poly,Bulk,"Annealed in a vaccuum-selaed quartz tube at 800C for seven days, followed by furnace cooling",Electrical and thermal transport properties of intermetallic RCoGe2 (R = Ce and La) compounds,,,,,,
CeCoGe2,CeCoGe2,X2YZ,,,,299.0392,9.92,113.7763,,Poly,Bulk,"Annealed in a vaccuum-selaed quartz tube at 800C for seven days, followed by furnace cooling",Electrical and thermal transport properties of intermetallic RCoGe2 (R = Ce and La) compounds,,,,,,
CeCoGe2,LaCoGe2,X2YZ,La,1,Ce,9.3529,-0.33,35.4863,,Poly,Bulk,"Annealed in a vaccuum-selaed quartz tube at 800C for seven days, followed by furnace cooling",Electrical and thermal transport properties of intermetallic RCoGe2 (R = Ce and La) compounds,,,,,,
CeCoGe2,LaCoGe2,X2YZ,La,1,Ce,20.8363,-0.55,36.4715,,Poly,Bulk,"Annealed in a vaccuum-selaed quartz tube at 800C for seven days, followed by furnace cooling",Electrical and thermal transport properties of intermetallic RCoGe2 (R = Ce and La) compounds,,,,,,
CeCoGe2,LaCoGe2,X2YZ,La,1,Ce,39.1495,0.02,38.2716,,Poly,Bulk,"Annealed in a vaccuum-selaed quartz tube at 800C for seven days, followed by furnace cooling",Electrical and thermal transport properties of intermetallic RCoGe2 (R = Ce and La) compounds,,,,,,
CeCoGe2,LaCoGe2,X2YZ,La,1,Ce,73.6023,-0.55,42.3357,,Poly,Bulk,"Annealed in a vaccuum-selaed quartz tube at 800C for seven days, followed by furnace cooling",Electrical and thermal transport properties of intermetallic RCoGe2 (R = Ce and La) compounds,,,,,,
CeCoGe2,LaCoGe2,X2YZ,La,1,Ce,128.6681,-2.08,50.2818,,Poly,Bulk,"Annealed in a vaccuum-selaed quartz tube at 800C for seven days, followed by furnace cooling",Electrical and thermal transport properties of intermetallic RCoGe2 (R = Ce and La) compounds,,,,,,
CeCoGe2,LaCoGe2,X2YZ,La,1,Ce,219.2346,-4.78,65.5662,,Poly,Bulk,"Annealed in a vaccuum-selaed quartz tube at 800C for seven days, followed by furnace cooling",Electrical and thermal transport properties of intermetallic RCoGe2 (R = Ce and La) compounds,,,,,,
CeCoGe2,LaCoGe2,X2YZ,La,1,Ce,298.9626,-7.01,79.4755,,Poly,Bulk,"Annealed in a vaccuum-selaed quartz tube at 800C for seven days, followed by furnace cooling",Electrical and thermal transport properties of intermetallic RCoGe2 (R = Ce and La) compounds,,,,,,
PrInAg2,PrInAg2,X2YZ,X,X,X,5.2905,-0.13,13.3256,,Poly,Bulk,arc melting,Non-enhancement of thermoeelctric-power coefficient of PrInAg2 at low temperatures,,,,,,
PrInAg2,PrInAg2,X2YZ,X,X,X,12.5000,-0.74,14.4361,,Poly,Bulk,arc melting,Non-enhancement of thermoeelctric-power coefficient of PrInAg2 at low temperatures,,,,,,
PrInAg2,PrInAg2,X2YZ,X,X,X,34.9280,-1.51,17.7448,,Poly,Bulk,arc melting,Non-enhancement of thermoeelctric-power coefficient of PrInAg2 at low temperatures,,,,,,
PrInAg2,PrInAg2,X2YZ,X,X,X,76.5309,-1.98,23.3653,,Poly,Bulk,arc melting,Non-enhancement of thermoeelctric-power coefficient of PrInAg2 at low temperatures,,,,,,
PrInAg2,PrInAg2,X2YZ,X,X,X,137.2938,-2.08,30.6407,,Poly,Bulk,arc melting,Non-enhancement of thermoeelctric-power coefficient of PrInAg2 at low temperatures,,,,,,
PrInAg2,PrInAg2,X2YZ,X,X,X,183.2574,-2.42,35.6696,,Poly,Bulk,arc melting,Non-enhancement of thermoeelctric-power coefficient of PrInAg2 at low temperatures,,,,,,
PrInAg2,PrInAg2,X2YZ,X,X,X,219.4155,-2.67,39.4992,,Poly,Bulk,arc melting,Non-enhancement of thermoeelctric-power coefficient of PrInAg2 at low temperatures,,,,,,
PrInAg2,PrInAg2,X2YZ,X,X,X,262.3306,-2.96,44.0623,,Poly,Bulk,arc melting,Non-enhancement of thermoeelctric-power coefficient of PrInAg2 at low temperatures,,,,,,
PrInAg2,PrInAg2,X2YZ,X,X,X,285.6288,-3.02,46.6082,,Poly,Bulk,arc melting,Non-enhancement of thermoeelctric-power coefficient of PrInAg2 at low temperatures,,,,,,
PrInAg2,PrInCu2,X2YZ,Cu,2,Ag,12.7169,-0.14,29.0183,,Poly,Bulk,arc melting,Non-enhancement of thermoeelctric-power coefficient of PrInAg2 at low temperatures,,,,,,
PrInAg2,PrInCu2,X2YZ,Cu,2,Ag,37.1025,-0.58,30.1457,,Poly,Bulk,arc melting,Non-enhancement of thermoeelctric-power coefficient of PrInAg2 at low temperatures,,,,,,
PrInAg2,PrInCu2,X2YZ,Cu,2,Ag,65.0649,-0.35,32.0219,,Poly,Bulk,arc melting,Non-enhancement of thermoeelctric-power coefficient of PrInAg2 at low temperatures,,,,,,
PrInAg2,PrInCu2,X2YZ,Cu,2,Ag,129.8875,-0.50,37.616,,Poly,Bulk,arc melting,Non-enhancement of thermoeelctric-power coefficient of PrInAg2 at low temperatures,,,,,,
PrInAg2,PrInCu2,X2YZ,Cu,2,Ag,194.1103,-1.02,42.9427,,Poly,Bulk,arc melting,Non-enhancement of thermoeelctric-power coefficient of PrInAg2 at low temperatures,,,,,,
PrInAg2,PrInCu2,X2YZ,Cu,2,Ag,243.4735,-1.49,46.7428,,Poly,Bulk,arc melting,Non-enhancement of thermoeelctric-power coefficient of PrInAg2 at low temperatures,,,,,,
PrInAg2,PrInCu2,X2YZ,Cu,2,Ag,286.0797,-1.92,50.3402,,Poly,Bulk,arc melting,Non-enhancement of thermoeelctric-power coefficient of PrInAg2 at low temperatures,,,,,,
PrInAg2,LaInAg2,X2YZ,La,1,Pr,11.4455,-0.53,X,,Poly,Bulk,arc melting,Non-enhancement of thermoeelctric-power coefficient of PrInAg2 at low temperatures,,,,,,
PrInAg2,LaInAg2,X2YZ,La,1,Pr,43.0372,-1.56,X,,Poly,Bulk,arc melting,Non-enhancement of thermoeelctric-power coefficient of PrInAg2 at low temperatures,,,,,,
PrInAg2,LaInAg2,X2YZ,La,1,Pr,86.9784,-1.91,X,,Poly,Bulk,arc melting,Non-enhancement of thermoeelctric-power coefficient of PrInAg2 at low temperatures,,,,,,
PrInAg2,LaInAg2,X2YZ,La,1,Pr,110.3381,-2.28,X,,Poly,Bulk,arc melting,Non-enhancement of thermoeelctric-power coefficient of PrInAg2 at low temperatures,,,,,,
PrInAg2,LaInAg2,X2YZ,La,1,Pr,142.4000,-2.30,X,,Poly,Bulk,arc melting,Non-enhancement of thermoeelctric-power coefficient of PrInAg2 at low temperatures,,,,,,
PrInAg2,LaInAg2,X2YZ,La,1,Pr,190.0475,-2.62,X,,Poly,Bulk,arc melting,Non-enhancement of thermoeelctric-power coefficient of PrInAg2 at low temperatures,,,,,,
PrInAg2,LaInAg2,X2YZ,La,1,Pr,238.6960,-2.89,X,,Poly,Bulk,arc melting,Non-enhancement of thermoeelctric-power coefficient of PrInAg2 at low temperatures,,,,,,
PrInAg2,LaInAg2,X2YZ,La,1,Pr,285.2789,-2.96,X,,Poly,Bulk,arc melting,Non-enhancement of thermoeelctric-power coefficient of PrInAg2 at low temperatures,,,,,,
PrInAg2,LaInCu2,X2YZ,"La, Cu","1, 2","Ag, Pr",14.4110,-0.17,X,,Poly,Bulk,arc melting,Non-enhancement of thermoeelctric-power coefficient of PrInAg2 at low temperatures,,,,,,
PrInAg2,LaInCu2,X2YZ,"La, Cu","1, 2","Ag, Pr",32.7634,-0.81,X,,Poly,Bulk,arc melting,Non-enhancement of thermoeelctric-power coefficient of PrInAg2 at low temperatures,,,,,,
PrInAg2,LaInCu2,X2YZ,"La, Cu","1, 2","Ag, Pr",81.7766,-1.22,X,,Poly,Bulk,arc melting,Non-enhancement of thermoeelctric-power coefficient of PrInAg2 at low temperatures,,,,,,
PrInAg2,LaInCu2,X2YZ,"La, Cu","1, 2","Ag, Pr",113.9000,-1.54,X,,Poly,Bulk,arc melting,Non-enhancement of thermoeelctric-power coefficient of PrInAg2 at low temperatures,,,,,,
PrInAg2,LaInCu2,X2YZ,"La, Cu","1, 2","Ag, Pr",177.1138,-2.08,X,,Poly,Bulk,arc melting,Non-enhancement of thermoeelctric-power coefficient of PrInAg2 at low temperatures,,,,,,
PrInAg2,LaInCu2,X2YZ,"La, Cu","1, 2","Ag, Pr",225.8078,-2.57,X,,Poly,Bulk,arc melting,Non-enhancement of thermoeelctric-power coefficient of PrInAg2 at low temperatures,,,,,,
PrInAg2,LaInCu2,X2YZ,"La, Cu","1, 2","Ag, Pr",266.3676,-2.89,X,,Poly,Bulk,arc melting,Non-enhancement of thermoeelctric-power coefficient of PrInAg2 at low temperatures,,,,,,
PrInAg2,LaInCu2,X2YZ,"La, Cu","1, 2","Ag, Pr",284.2654,-2.96,X,,Poly,Bulk,arc melting,Non-enhancement of thermoeelctric-power coefficient of PrInAg2 at low temperatures,,,,,,
Fe2VAl,Fe2VAl,X2YZ,X,X,X,299.8866,-128.84,X,,Poly,Bulk,annealed at 1073K for 5 days,Exploring the best scenario for understanding the high temperature thermoelectric behavior of Fe2VAl,,,,,,
Fe2VAl,Fe2VAl,X2YZ,X,X,X,330.9511,-113.64,X,,Poly,Bulk,annealed at 1073K for 5 days,Exploring the best scenario for understanding the high temperature thermoelectric behavior of Fe2VAl,,,,,,
Fe2VAl,Fe2VAl,X2YZ,X,X,X,384.5090,-89.75,X,,Poly,Bulk,annealed at 1073K for 5 days,Exploring the best scenario for understanding the high temperature thermoelectric behavior of Fe2VAl,,,,,,
Fe2VAl,Fe2VAl,X2YZ,X,X,X,441.3545,-67.48,X,,Poly,Bulk,annealed at 1073K for 5 days,Exploring the best scenario for understanding the high temperature thermoelectric behavior of Fe2VAl,,,,,,
Fe2VAl,Fe2VAl,X2YZ,X,X,X,487.5651,-49.02,X,,Poly,Bulk,annealed at 1073K for 5 days,Exploring the best scenario for understanding the high temperature thermoelectric behavior of Fe2VAl,,,,,,
Fe2VAl,Fe2VAl,X2YZ,X,X,X,553.8792,-34.50,X,,Poly,Bulk,annealed at 1073K for 5 days,Exploring the best scenario for understanding the high temperature thermoelectric behavior of Fe2VAl,,,,,,
Fe2VAl,Fe2VAl,X2YZ,X,X,X,616.5304,-24.67,X,,Poly,Bulk,annealed at 1073K for 5 days,Exploring the best scenario for understanding the high temperature thermoelectric behavior of Fe2VAl,,,,,,
Co2MnSi,Co2MnSi,X2YZ,X,X,X,325.1895,-22.95,,2.45E+04,Poly,Bulk,"pulverized by dry ball-milling, sintered by spark plasma sintering at 1073K for 5 min, ",Impact of SiC Nanodispersion on the Thermoelectric and Mechanical Properties of Magnetic Co2MnSi Full=Heusler Alloys,,,,,,
Co2MnSi,Co2MnSi,X2YZ,X,X,X,419.5950,-28.50,,2.07E+04,Poly,Bulk,"pulverized by dry ball-milling, sintered by spark plasma sintering at 1073K for 5 min, ",Impact of SiC Nanodispersion on the Thermoelectric and Mechanical Properties of Magnetic Co2MnSi Full=Heusler Alloys,,,,,,
Co2MnSi,Co2MnSi,X2YZ,X,X,X,468.7910,-31.21,,1.90E+04,Poly,Bulk,"pulverized by dry ball-milling, sintered by spark plasma sintering at 1073K for 5 min, ",Impact of SiC Nanodispersion on the Thermoelectric and Mechanical Properties of Magnetic Co2MnSi Full=Heusler Alloys,,,,,,
Co2MnSi,Co2MnSi,X2YZ,X,X,X,546.0370,-34.09,,1.66E+04,Poly,Bulk,"pulverized by dry ball-milling, sintered by spark plasma sintering at 1073K for 5 min, ",Impact of SiC Nanodispersion on the Thermoelectric and Mechanical Properties of Magnetic Co2MnSi Full=Heusler Alloys,,,,,,
Co2MnSi,Co2MnSi,X2YZ,X,X,X,627.1903,-36.22,,1.44E+04,Poly,Bulk,"pulverized by dry ball-milling, sintered by spark plasma sintering at 1073K for 5 min, ",Impact of SiC Nanodispersion on the Thermoelectric and Mechanical Properties of Magnetic Co2MnSi Full=Heusler Alloys,,,,,,
Co2MnSi,Co2MnSi,X2YZ,X,X,X,682.5818,-37.28,,1.29E+04,Poly,Bulk,"pulverized by dry ball-milling, sintered by spark plasma sintering at 1073K for 5 min, ",Impact of SiC Nanodispersion on the Thermoelectric and Mechanical Properties of Magnetic Co2MnSi Full=Heusler Alloys,,,,,,
Co2MnSi,Co2MnSi,X2YZ,X,X,X,729.3402,-39.72,,1.16E+04,Poly,Bulk,"pulverized by dry ball-milling, sintered by spark plasma sintering at 1073K for 5 min, ",Impact of SiC Nanodispersion on the Thermoelectric and Mechanical Properties of Magnetic Co2MnSi Full=Heusler Alloys,,,,,,
Co2MnSi,Co2MnSi,X2YZ,X,X,X,784.4680,-38.72,,9.99E+03,Poly,Bulk,"pulverized by dry ball-milling, sintered by spark plasma sintering at 1073K for 5 min, ",Impact of SiC Nanodispersion on the Thermoelectric and Mechanical Properties of Magnetic Co2MnSi Full=Heusler Alloys,,,,,,
Co2MnSi,Co2MnSi,X2YZ,X,X,X,823.0910,-40.16,,8.85E+03,Poly,Bulk,"pulverized by dry ball-milling, sintered by spark plasma sintering at 1073K for 5 min, ",Impact of SiC Nanodispersion on the Thermoelectric and Mechanical Properties of Magnetic Co2MnSi Full=Heusler Alloys,,,,,,
Co2MnSi,Co2MnSi,X2YZ,X,X,X,884.7263,-39.96,,7.08E+03,Poly,Bulk,"pulverized by dry ball-milling, sintered by spark plasma sintering at 1073K for 5 min, ",Impact of SiC Nanodispersion on the Thermoelectric and Mechanical Properties of Magnetic Co2MnSi Full=Heusler Alloys,,,,,,
Co2MnSi,Co2MnSi,X2YZ,X,X,X,921.7301,-41.26,,6.11E+03,Poly,Bulk,"pulverized by dry ball-milling, sintered by spark plasma sintering at 1073K for 5 min, ",Impact of SiC Nanodispersion on the Thermoelectric and Mechanical Properties of Magnetic Co2MnSi Full=Heusler Alloys,,,,,,
Co2MnSi,Co2MnSi,X2YZ,X,X,X,983.9992,-39.75,,4.72E+03,Poly,Bulk,"pulverized by dry ball-milling, sintered by spark plasma sintering at 1073K for 5 min, ",Impact of SiC Nanodispersion on the Thermoelectric and Mechanical Properties of Magnetic Co2MnSi Full=Heusler Alloys,,,,,,
Co2MnSi,Co2MnSi,X2YZ,X,X,X,1029.4000,-37.46,,3.97E+03,Poly,Bulk,"pulverized by dry ball-milling, sintered by spark plasma sintering at 1073K for 5 min, ",Impact of SiC Nanodispersion on the Thermoelectric and Mechanical Properties of Magnetic Co2MnSi Full=Heusler Alloys,,,,,,
Co2MnSi,Co2MnSi(SiC)0.02,X2YZ,SiC,0.02,,328.2609,-21.92,,2.6083,Poly,Bulk,"pulverized by dry ball-milling, sintered by spark plasma sintering at 1073K for 5 min, ",Impact of SiC Nanodispersion on the Thermoelectric and Mechanical Properties of Magnetic Co2MnSi Full=Heusler Alloys,,,,,,
Co2MnSi,Co2MnSi(SiC)0.02,X2YZ,SiC,0.02,,368.6700,-24.80,,2.39E+04,Poly,Bulk,"pulverized by dry ball-milling, sintered by spark plasma sintering at 1073K for 5 min, ",Impact of SiC Nanodispersion on the Thermoelectric and Mechanical Properties of Magnetic Co2MnSi Full=Heusler Alloys,,,,,,
Co2MnSi,Co2MnSi(SiC)0.02,X2YZ,SiC,0.02,,414.3728,-25.25,,2.39E+04,Poly,Bulk,"pulverized by dry ball-milling, sintered by spark plasma sintering at 1073K for 5 min, ",Impact of SiC Nanodispersion on the Thermoelectric and Mechanical Properties of Magnetic Co2MnSi Full=Heusler Alloys,,,,,,
Co2MnSi,Co2MnSi(SiC)0.02,X2YZ,SiC,0.02,,523.9013,-30.08,,1.97E+04,Poly,Bulk,"pulverized by dry ball-milling, sintered by spark plasma sintering at 1073K for 5 min, ",Impact of SiC Nanodispersion on the Thermoelectric and Mechanical Properties of Magnetic Co2MnSi Full=Heusler Alloys,,,,,,
Co2MnSi,Co2MnSi(SiC)0.02,X2YZ,SiC,0.02,,579.3543,-31.63,,1.91E+04,Poly,Bulk,"pulverized by dry ball-milling, sintered by spark plasma sintering at 1073K for 5 min, ",Impact of SiC Nanodispersion on the Thermoelectric and Mechanical Properties of Magnetic Co2MnSi Full=Heusler Alloys,,,,,,
Co2MnSi,Co2MnSi(SiC)0.02,X2YZ,SiC,0.02,,634.2173,-34.81,,1.72E+04,Poly,Bulk,"pulverized by dry ball-milling, sintered by spark plasma sintering at 1073K for 5 min, ",Impact of SiC Nanodispersion on the Thermoelectric and Mechanical Properties of Magnetic Co2MnSi Full=Heusler Alloys,,,,,,
Co2MnSi,Co2MnSi(SiC)0.02,X2YZ,SiC,0.02,,682.4763,-36.46,,1.51E+04,Poly,Bulk,"pulverized by dry ball-milling, sintered by spark plasma sintering at 1073K for 5 min, ",Impact of SiC Nanodispersion on the Thermoelectric and Mechanical Properties of Magnetic Co2MnSi Full=Heusler Alloys,,,,,,
Co2MnSi,Co2MnSi(SiC)0.02,X2YZ,SiC,0.02,,732.9619,-36.74,,1.30E+04,Poly,Bulk,"pulverized by dry ball-milling, sintered by spark plasma sintering at 1073K for 5 min, ",Impact of SiC Nanodispersion on the Thermoelectric and Mechanical Properties of Magnetic Co2MnSi Full=Heusler Alloys,,,,,,
Co2MnSi,Co2MnSi(SiC)0.02,X2YZ,SiC,0.02,,776.3677,-38.00,,1.15E+04,Poly,Bulk,"pulverized by dry ball-milling, sintered by spark plasma sintering at 1073K for 5 min, ",Impact of SiC Nanodispersion on the Thermoelectric and Mechanical Properties of Magnetic Co2MnSi Full=Heusler Alloys,,,,,,
Co2MnSi,Co2MnSi(SiC)0.02,X2YZ,SiC,0.02,,928.6078,-38.69,,7.16E+03,Poly,Bulk,"pulverized by dry ball-milling, sintered by spark plasma sintering at 1073K for 5 min, ",Impact of SiC Nanodispersion on the Thermoelectric and Mechanical Properties of Magnetic Co2MnSi Full=Heusler Alloys,,,,,,
Co2MnSi,Co2MnSi(SiC)0.02,X2YZ,SiC,0.02,,1026.9000,-36.94,,4.97E+03,Poly,Bulk,"pulverized by dry ball-milling, sintered by spark plasma sintering at 1073K for 5 min, ",Impact of SiC Nanodispersion on the Thermoelectric and Mechanical Properties of Magnetic Co2MnSi Full=Heusler Alloys,,,,,,
Co2MnSi,Co2MnSi(SiC)0.04,X2YZ,SiC,0.04,,332.9647,-21.13,,3.43E+04,Poly,Bulk,"pulverized by dry ball-milling, sintered by spark plasma sintering at 1073K for 5 min, ",Impact of SiC Nanodispersion on the Thermoelectric and Mechanical Properties of Magnetic Co2MnSi Full=Heusler Alloys,,,,,,
Co2MnSi,Co2MnSi(SiC)0.04,X2YZ,SiC,0.04,,429.9835,-28.33,,2.73E+04,Poly,Bulk,"pulverized by dry ball-milling, sintered by spark plasma sintering at 1073K for 5 min, ",Impact of SiC Nanodispersion on the Thermoelectric and Mechanical Properties of Magnetic Co2MnSi Full=Heusler Alloys,,,,,,
Co2MnSi,Co2MnSi(SiC)0.04,X2YZ,SiC,0.04,,479.5628,-27.78,,2.45E+04,Poly,Bulk,"pulverized by dry ball-milling, sintered by spark plasma sintering at 1073K for 5 min, ",Impact of SiC Nanodispersion on the Thermoelectric and Mechanical Properties of Magnetic Co2MnSi Full=Heusler Alloys,,,,,,
Co2MnSi,Co2MnSi(SiC)0.04,X2YZ,SiC,0.04,,526.3652,-30.56,,2.22E+04,Poly,Bulk,"pulverized by dry ball-milling, sintered by spark plasma sintering at 1073K for 5 min, ",Impact of SiC Nanodispersion on the Thermoelectric and Mechanical Properties of Magnetic Co2MnSi Full=Heusler Alloys,,,,,,
Co2MnSi,Co2MnSi(SiC)0.04,X2YZ,SiC,0.04,,627.6000,-33.17,,1.80E+04,Poly,Bulk,"pulverized by dry ball-milling, sintered by spark plasma sintering at 1073K for 5 min, ",Impact of SiC Nanodispersion on the Thermoelectric and Mechanical Properties of Magnetic Co2MnSi Full=Heusler Alloys,,,,,,
Co2MnSi,Co2MnSi(SiC)0.04,X2YZ,SiC,0.04,,679.7312,-33.79,,1.60E+04,Poly,Bulk,"pulverized by dry ball-milling, sintered by spark plasma sintering at 1073K for 5 min, ",Impact of SiC Nanodispersion on the Thermoelectric and Mechanical Properties of Magnetic Co2MnSi Full=Heusler Alloys,,,,,,
Co2MnSi,Co2MnSi(SiC)0.04,X2YZ,SiC,0.04,,731.3735,-36.84,,1.42E+04,Poly,Bulk,"pulverized by dry ball-milling, sintered by spark plasma sintering at 1073K for 5 min, ",Impact of SiC Nanodispersion on the Thermoelectric and Mechanical Properties of Magnetic Co2MnSi Full=Heusler Alloys,,,,,,
Co2MnSi,Co2MnSi(SiC)0.04,X2YZ,SiC,0.04,,784.1077,-35.91,,1.24E+04,Poly,Bulk,"pulverized by dry ball-milling, sintered by spark plasma sintering at 1073K for 5 min, ",Impact of SiC Nanodispersion on the Thermoelectric and Mechanical Properties of Magnetic Co2MnSi Full=Heusler Alloys,,,,,,
Co2MnSi,Co2MnSi(SiC)0.04,X2YZ,SiC,0.04,,824.4773,-38.48,,1.11E+04,Poly,Bulk,"pulverized by dry ball-milling, sintered by spark plasma sintering at 1073K for 5 min, ",Impact of SiC Nanodispersion on the Thermoelectric and Mechanical Properties of Magnetic Co2MnSi Full=Heusler Alloys,,,,,,
Co2MnSi,Co2MnSi(SiC)0.04,X2YZ,SiC,0.04,,928.7967,-40.16,,7.87E+03,Poly,Bulk,"pulverized by dry ball-milling, sintered by spark plasma sintering at 1073K for 5 min, ",Impact of SiC Nanodispersion on the Thermoelectric and Mechanical Properties of Magnetic Co2MnSi Full=Heusler Alloys,,,,,,
Co2MnSi,Co2MnSi(SiC)0.04,X2YZ,SiC,0.04,,971.3270,-40.85,,6.61E+03,Poly,Bulk,"pulverized by dry ball-milling, sintered by spark plasma sintering at 1073K for 5 min, ",Impact of SiC Nanodispersion on the Thermoelectric and Mechanical Properties of Magnetic Co2MnSi Full=Heusler Alloys,,,,,,
Co2MnSi,Co2MnSi(SiC)0.04,X2YZ,SiC,0.04,,1026.6000,-40.64,,5.00E+03,Poly,Bulk,"pulverized by dry ball-milling, sintered by spark plasma sintering at 1073K for 5 min, ",Impact of SiC Nanodispersion on the Thermoelectric and Mechanical Properties of Magnetic Co2MnSi Full=Heusler Alloys,,,,,,
Co2MnSi,Co2MnSi(SiC)0.06,X2YZ,SiC,0.06,,337.0961,-22.13,,2.67E+04,Poly,Bulk,"pulverized by dry ball-milling, sintered by spark plasma sintering at 1073K for 5 min, ",Impact of SiC Nanodispersion on the Thermoelectric and Mechanical Properties of Magnetic Co2MnSi Full=Heusler Alloys,,,,,,
Co2MnSi,Co2MnSi(SiC)0.06,X2YZ,SiC,0.06,,370.9318,-23.70,,2.52E+04,Poly,Bulk,"pulverized by dry ball-milling, sintered by spark plasma sintering at 1073K for 5 min, ",Impact of SiC Nanodispersion on the Thermoelectric and Mechanical Properties of Magnetic Co2MnSi Full=Heusler Alloys,,,,,,
Co2MnSi,Co2MnSi(SiC)0.06,X2YZ,SiC,0.06,,475.5720,-27.89,,2.03E+04,Poly,Bulk,"pulverized by dry ball-milling, sintered by spark plasma sintering at 1073K for 5 min, ",Impact of SiC Nanodispersion on the Thermoelectric and Mechanical Properties of Magnetic Co2MnSi Full=Heusler Alloys,,,,,,
Co2MnSi,Co2MnSi(SiC)0.06,X2YZ,SiC,0.06,,583.2880,-31.08,,1.58E+04,Poly,Bulk,"pulverized by dry ball-milling, sintered by spark plasma sintering at 1073K for 5 min, ",Impact of SiC Nanodispersion on the Thermoelectric and Mechanical Properties of Magnetic Co2MnSi Full=Heusler Alloys,,,,,,
Co2MnSi,Co2MnSi(SiC)0.06,X2YZ,SiC,0.06,,682.2215,-34.47,,1.25E+04,Poly,Bulk,"pulverized by dry ball-milling, sintered by spark plasma sintering at 1073K for 5 min, ",Impact of SiC Nanodispersion on the Thermoelectric and Mechanical Properties of Magnetic Co2MnSi Full=Heusler Alloys,,,,,,
Co2MnSi,Co2MnSi(SiC)0.06,X2YZ,SiC,0.06,,777.1026,-37.49,,9.98E+03,Poly,Bulk,"pulverized by dry ball-milling, sintered by spark plasma sintering at 1073K for 5 min, ",Impact of SiC Nanodispersion on the Thermoelectric and Mechanical Properties of Magnetic Co2MnSi Full=Heusler Alloys,,,,,,
Co2MnSi,Co2MnSi(SiC)0.06,X2YZ,SiC,0.06,,824.4421,-38.21,,8.82E+03,Poly,Bulk,"pulverized by dry ball-milling, sintered by spark plasma sintering at 1073K for 5 min, ",Impact of SiC Nanodispersion on the Thermoelectric and Mechanical Properties of Magnetic Co2MnSi Full=Heusler Alloys,,,,,,
Co2MnSi,Co2MnSi(SiC)0.06,X2YZ,SiC,0.06,,878.1441,-38.59,,7.51E+03,Poly,Bulk,"pulverized by dry ball-milling, sintered by spark plasma sintering at 1073K for 5 min, ",Impact of SiC Nanodispersion on the Thermoelectric and Mechanical Properties of Magnetic Co2MnSi Full=Heusler Alloys,,,,,,
Co2MnSi,Co2MnSi(SiC)0.06,X2YZ,SiC,0.06,,976.8447,-40.16,,5.06E+03,Poly,Bulk,"pulverized by dry ball-milling, sintered by spark plasma sintering at 1073K for 5 min, ",Impact of SiC Nanodispersion on the Thermoelectric and Mechanical Properties of Magnetic Co2MnSi Full=Heusler Alloys,,,,,,
Co2MnSi,Co2MnSi(SiC)0.06,X2YZ,SiC,0.06,,1023.4000,-34.92,,3.84E+03,Poly,Bulk,"pulverized by dry ball-milling, sintered by spark plasma sintering at 1073K for 5 min, ",Impact of SiC Nanodispersion on the Thermoelectric and Mechanical Properties of Magnetic Co2MnSi Full=Heusler Alloys,,,,,,
Fe2VAl,Fe2V1.02Al0.98,X2YZ,V,1.02,V,118.9363,-102.59,2.7508,,Poly,Bulk,"melting in arc furnace annealed at 900C for 72hr, samples were cut and annealed again at 900C for 2 hours",Optimization of the thermoelectric properties in self-substituted Fe2VAl,,,,,,
Fe2VAl,Fe2V1.02Al0.98,X2YZ,V,1.02,V,180.5802,-135.25,3.4787,,Poly,Bulk,"melting in arc furnace annealed at 900C for 72hr, samples were cut and annealed again at 900C for 2 hours",Optimization of the thermoelectric properties in self-substituted Fe2VAl,,,,,,
Fe2VAl,Fe2V1.02Al0.98,X2YZ,V,1.02,V,241.4182,-154.92,4.246,,Poly,Bulk,"melting in arc furnace annealed at 900C for 72hr, samples were cut and annealed again at 900C for 2 hours",Optimization of the thermoelectric properties in self-substituted Fe2VAl,,,,,,
Fe2VAl,Fe2V1.02Al0.98,X2YZ,V,1.02,V,271.2329,-155.31,4.5671,,Poly,Bulk,"melting in arc furnace annealed at 900C for 72hr, samples were cut and annealed again at 900C for 2 hours",Optimization of the thermoelectric properties in self-substituted Fe2VAl,,,,,,
Fe2VAl,Fe2V1.02Al0.98,X2YZ,V,1.02,V,330.8622,-133.45,4.8513,,Poly,Bulk,"melting in arc furnace annealed at 900C for 72hr, samples were cut and annealed again at 900C for 2 hours",Optimization of the thermoelectric properties in self-substituted Fe2VAl,,,,,,
Fe2VAl,Fe2V1.02Al0.98,X2YZ,V,1.02,V,390.8944,-96.90,4.7019,,Poly,Bulk,"melting in arc furnace annealed at 900C for 72hr, samples were cut and annealed again at 900C for 2 hours",Optimization of the thermoelectric properties in self-substituted Fe2VAl,,,,,,
Fe2VAl,Fe2V1.02Al0.98,X2YZ,V,1.02,V,481.5471,-47.75,4.0666,,Poly,Bulk,"melting in arc furnace annealed at 900C for 72hr, samples were cut and annealed again at 900C for 2 hours",Optimization of the thermoelectric properties in self-substituted Fe2VAl,,,,,,
Fe2VAl,Fe2V1.02Al0.98,X2YZ,V,1.02,V,539.9678,-28.83,3.6936,,Poly,Bulk,"melting in arc furnace annealed at 900C for 72hr, samples were cut and annealed again at 900C for 2 hours",Optimization of the thermoelectric properties in self-substituted Fe2VAl,,,,,,
Fe2VAl,Fe2V1.02Al0.98,X2YZ,V,1.02,V,600.4029,-20.39,3.4246,,Poly,Bulk,"melting in arc furnace annealed at 900C for 72hr, samples were cut and annealed again at 900C for 2 hours",Optimization of the thermoelectric properties in self-substituted Fe2VAl,,,,,,
Fe2VAl,Fe2V1.03Al0.97,X2YZ,V,1.03,V,120.1450,-97.55,2.1633,,Poly,Bulk,"melting in arc furnace annealed at 900C for 72hr, samples were cut and annealed again at 900C for 2 hours",Optimization of the thermoelectric properties in self-substituted Fe2VAl,,,,,,
Fe2VAl,Fe2V1.03Al0.97,X2YZ,V,1.03,V,209.5890,-140.26,3.0554,,Poly,Bulk,"melting in arc furnace annealed at 900C for 72hr, samples were cut and annealed again at 900C for 2 hours",Optimization of the thermoelectric properties in self-substituted Fe2VAl,,,,,,
Fe2VAl,Fe2V1.03Al0.97,X2YZ,V,1.03,V,271.2329,-155.31,3.7352,,Poly,Bulk,"melting in arc furnace annealed at 900C for 72hr, samples were cut and annealed again at 900C for 2 hours",Optimization of the thermoelectric properties in self-substituted Fe2VAl,,,,,,
Fe2VAl,Fe2V1.03Al0.97,X2YZ,V,1.03,V,361.0798,-135.10,4.3708,,Poly,Bulk,"melting in arc furnace annealed at 900C for 72hr, samples were cut and annealed again at 900C for 2 hours",Optimization of the thermoelectric properties in self-substituted Fe2VAl,,,,,,
Fe2VAl,Fe2V1.03Al0.97,X2YZ,V,1.03,V,420.3062,-109.46,4.4485,,Poly,Bulk,"melting in arc furnace annealed at 900C for 72hr, samples were cut and annealed again at 900C for 2 hours",Optimization of the thermoelectric properties in self-substituted Fe2VAl,,,,,,
Fe2VAl,Fe2V1.03Al0.97,X2YZ,V,1.03,V,483.1587,-79.21,4.2541,,Poly,Bulk,"melting in arc furnace annealed at 900C for 72hr, samples were cut and annealed again at 900C for 2 hours",Optimization of the thermoelectric properties in self-substituted Fe2VAl,,,,,,
Fe2VAl,Fe2V1.03Al0.97,X2YZ,V,1.03,V,538.7591,-55.67,3.9759,,Poly,Bulk,"melting in arc furnace annealed at 900C for 72hr, samples were cut and annealed again at 900C for 2 hours",Optimization of the thermoelectric properties in self-substituted Fe2VAl,,,,,,
Fe2VAl,Fe2V1.03Al0.97,X2YZ,V,1.03,V,600.4029,-40.52,3.7282,,Poly,Bulk,"melting in arc furnace annealed at 900C for 72hr, samples were cut and annealed again at 900C for 2 hours",Optimization of the thermoelectric properties in self-substituted Fe2VAl,,,,,,
Fe2VAl,Fe2V1.08Al0.92,X2YZ,V,1.08,V,119.3392,-50.99,1.1345,,Poly,Bulk,"melting in arc furnace annealed at 900C for 72hr, samples were cut and annealed again at 900C for 2 hours",Optimization of the thermoelectric properties in self-substituted Fe2VAl,,,,,,
Fe2VAl,Fe2V1.08Al0.92,X2YZ,V,1.08,V,211.2006,-86.99,1.6391,,Poly,Bulk,"melting in arc furnace annealed at 900C for 72hr, samples were cut and annealed again at 900C for 2 hours",Optimization of the thermoelectric properties in self-substituted Fe2VAl,,,,,,
Fe2VAl,Fe2V1.08Al0.92,X2YZ,V,1.08,V,301.4504,-107.47,2.1983,,Poly,Bulk,"melting in arc furnace annealed at 900C for 72hr, samples were cut and annealed again at 900C for 2 hours",Optimization of the thermoelectric properties in self-substituted Fe2VAl,,,,,,
Fe2VAl,Fe2V1.08Al0.92,X2YZ,V,1.08,V,390.0886,-115.78,2.8299,,Poly,Bulk,"melting in arc furnace annealed at 900C for 72hr, samples were cut and annealed again at 900C for 2 hours",Optimization of the thermoelectric properties in self-substituted Fe2VAl,,,,,,
Fe2VAl,Fe2V1.08Al0.92,X2YZ,V,1.08,V,450.5238,-116.15,3.2213,,Poly,Bulk,"melting in arc furnace annealed at 900C for 72hr, samples were cut and annealed again at 900C for 2 hours",Optimization of the thermoelectric properties in self-substituted Fe2VAl,,,,,,
Fe2VAl,Fe2V1.08Al0.92,X2YZ,V,1.08,V,538.7591,-102.23,3.5925,,Poly,Bulk,"melting in arc furnace annealed at 900C for 72hr, samples were cut and annealed again at 900C for 2 hours",Optimization of the thermoelectric properties in self-substituted Fe2VAl,,,,,,
Fe2VAl,Fe2V1.08Al0.92,X2YZ,V,1.08,V,599.1942,-87.92,3.6972,,Poly,Bulk,"melting in arc furnace annealed at 900C for 72hr, samples were cut and annealed again at 900C for 2 hours",Optimization of the thermoelectric properties in self-substituted Fe2VAl,,,,,,
Fe2VAl,Fe2V0.93Al1.07,X2YZ,V,0.93,V,120.1450,18.22,0.5156,,Poly,Bulk,"melting in arc furnace annealed at 900C for 72hr, samples were cut and annealed again at 900C for 2 hours",Optimization of the thermoelectric properties in self-substituted Fe2VAl,,,,,,
Fe2VAl,Fe2V0.93Al1.07,X2YZ,V,0.93,V,241.0153,35.94,0.8871,,Poly,Bulk,"melting in arc furnace annealed at 900C for 72hr, samples were cut and annealed again at 900C for 2 hours",Optimization of the thermoelectric properties in self-substituted Fe2VAl,,,,,,
Fe2VAl,Fe2V0.93Al1.07,X2YZ,V,0.93,V,332.8767,47.76,1.26,,Poly,Bulk,"melting in arc furnace annealed at 900C for 72hr, samples were cut and annealed again at 900C for 2 hours",Optimization of the thermoelectric properties in self-substituted Fe2VAl,,,,,,
Fe2VAl,Fe2V0.93Al1.07,X2YZ,V,0.93,V,420.3062,59.16,1.6429,,Poly,Bulk,"melting in arc furnace annealed at 900C for 72hr, samples were cut and annealed again at 900C for 2 hours",Optimization of the thermoelectric properties in self-substituted Fe2VAl,,,,,,
Fe2VAl,Fe2V0.93Al1.07,X2YZ,V,0.93,V,480.7413,64.24,1.9188,,Poly,Bulk,"melting in arc furnace annealed at 900C for 72hr, samples were cut and annealed again at 900C for 2 hours",Optimization of the thermoelectric properties in self-substituted Fe2VAl,,,,,,
Fe2VAl,Fe2V0.93Al1.07,X2YZ,V,0.93,V,541.9823,61.78,2.1862,,Poly,Bulk,"melting in arc furnace annealed at 900C for 72hr, samples were cut and annealed again at 900C for 2 hours",Optimization of the thermoelectric properties in self-substituted Fe2VAl,,,,,,
Fe2VAl,Fe2V0.93Al1.07,X2YZ,V,0.93,V,600.0000,59.31,2.4049,,Poly,Bulk,"melting in arc furnace annealed at 900C for 72hr, samples were cut and annealed again at 900C for 2 hours",Optimization of the thermoelectric properties in self-substituted Fe2VAl,,,,,,
Fe2VAl,Fe2V0.95Al1.07,X2YZ,V,0.95,V,119.3392,27.45,0.7001,,Poly,Bulk,"melting in arc furnace annealed at 900C for 72hr, samples were cut and annealed again at 900C for 2 hours",Optimization of the thermoelectric properties in self-substituted Fe2VAl,,,,,,
Fe2VAl,Fe2V0.95Al1.07,X2YZ,V,0.95,V,210.7977,40.11,0.9426,,Poly,Bulk,"melting in arc furnace annealed at 900C for 72hr, samples were cut and annealed again at 900C for 2 hours",Optimization of the thermoelectric properties in self-substituted Fe2VAl,,,,,,
Fe2VAl,Fe2V0.95Al1.07,X2YZ,V,0.95,V,301.4504,52.35,1.2366,,Poly,Bulk,"melting in arc furnace annealed at 900C for 72hr, samples were cut and annealed again at 900C for 2 hours",Optimization of the thermoelectric properties in self-substituted Fe2VAl,,,,,,
Fe2VAl,Fe2V0.95Al1.07,X2YZ,V,0.95,V,390.8944,62.91,1.6249,,Poly,Bulk,"melting in arc furnace annealed at 900C for 72hr, samples were cut and annealed again at 900C for 2 hours",Optimization of the thermoelectric properties in self-substituted Fe2VAl,,,,,,
Fe2VAl,Fe2V0.95Al1.07,X2YZ,V,0.95,V,479.5326,68.86,2.0161,,Poly,Bulk,"melting in arc furnace annealed at 900C for 72hr, samples were cut and annealed again at 900C for 2 hours",Optimization of the thermoelectric properties in self-substituted Fe2VAl,,,,,,
Fe2VAl,Fe2V0.95Al1.07,X2YZ,V,0.95,V,539.5649,66.81,2.2587,,Poly,Bulk,"melting in arc furnace annealed at 900C for 72hr, samples were cut and annealed again at 900C for 2 hours",Optimization of the thermoelectric properties in self-substituted Fe2VAl,,,,,,
Fe2VAl,Fe2V0.95Al1.07,X2YZ,V,0.95,V,600.4029,57.63,2.4747,,Poly,Bulk,"melting in arc furnace annealed at 900C for 72hr, samples were cut and annealed again at 900C for 2 hours",Optimization of the thermoelectric properties in self-substituted Fe2VAl,,,,,,
Fe2VAl,Fe2V0.985Al1.07,X2YZ,V,0.985,V,118.9363,62.26,2.398,,Poly,Bulk,"melting in arc furnace annealed at 900C for 72hr, samples were cut and annealed again at 900C for 2 hours",Optimization of the thermoelectric properties in self-substituted Fe2VAl,,,,,,
Fe2VAl,Fe2V0.985Al1.07,X2YZ,V,0.985,V,180.9831,76.16,2.4238,,Poly,Bulk,"melting in arc furnace annealed at 900C for 72hr, samples were cut and annealed again at 900C for 2 hours",Optimization of the thermoelectric properties in self-substituted Fe2VAl,,,,,,
Fe2VAl,Fe2V0.985Al1.07,X2YZ,V,0.985,V,270.4271,90.08,2.4741,,Poly,Bulk,"melting in arc furnace annealed at 900C for 72hr, samples were cut and annealed again at 900C for 2 hours",Optimization of the thermoelectric properties in self-substituted Fe2VAl,,,,,,
Fe2VAl,Fe2V0.985Al1.07,X2YZ,V,0.985,V,298.2272,93.03,2.5402,,Poly,Bulk,"melting in arc furnace annealed at 900C for 72hr, samples were cut and annealed again at 900C for 2 hours",Optimization of the thermoelectric properties in self-substituted Fe2VAl,,,,,,
Fe2VAl,Fe2V0.985Al1.07,X2YZ,V,0.985,V,328.0419,93.06,2.6409,,Poly,Bulk,"melting in arc furnace annealed at 900C for 72hr, samples were cut and annealed again at 900C for 2 hours",Optimization of the thermoelectric properties in self-substituted Fe2VAl,,,,,,
Fe2VAl,Fe2V0.985Al1.07,X2YZ,V,0.985,V,390.0886,75.49,2.7423,,Poly,Bulk,"melting in arc furnace annealed at 900C for 72hr, samples were cut and annealed again at 900C for 2 hours",Optimization of the thermoelectric properties in self-substituted Fe2VAl,,,,,,
Fe2VAl,Fe2V0.985Al1.07,X2YZ,V,0.985,V,448.1064,57.93,2.7409,,Poly,Bulk,"melting in arc furnace annealed at 900C for 72hr, samples were cut and annealed again at 900C for 2 hours",Optimization of the thermoelectric properties in self-substituted Fe2VAl,,,,,,
Fe2VAl,Fe2V0.985Al1.07,X2YZ,V,0.985,V,540.7736,35.35,2.7454,,Poly,Bulk,"melting in arc furnace annealed at 900C for 72hr, samples were cut and annealed again at 900C for 2 hours",Optimization of the thermoelectric properties in self-substituted Fe2VAl,,,,,,
Fe2VAl,Fe2V0.985Al1.07,X2YZ,V,0.985,V,598.7913,24.08,2.7912,,Poly,Bulk,"melting in arc furnace annealed at 900C for 72hr, samples were cut and annealed again at 900C for 2 hours",Optimization of the thermoelectric properties in self-substituted Fe2VAl,,,,,,
Fe2CoGa,Fe2CoGa,X2YZ,X,X,X,298.2659,-43.8816,5.83E-07,,Poly,Bulk,"induction-melted,  cast into a Cr-coated copper mold in an argon atm, annealed  at 1073 K for 20 h",Magnetic and Thermoelectric Properties of Fe2CoGa Heusler Compounds | MDPI,,,,,,
Fe2CoGa,Fe2CoGa,X2YZ,X,X,X,345.8569,-45.7237,6.40E-07,,Poly,Bulk,"induction-melted,  cast into a Cr-coated copper mold in an argon atm, annealed  at 1073 K for 20 h",Magnetic and Thermoelectric Properties of Fe2CoGa Heusler Compounds | MDPI,,,,,,
Fe2CoGa,Fe2CoGa,X2YZ,X,X,X,391.0045,-47.3026,6.93E-07,,Poly,Bulk,"induction-melted,  cast into a Cr-coated copper mold in an argon atm, annealed  at 1073 K for 20 h",Magnetic and Thermoelectric Properties of Fe2CoGa Heusler Compounds | MDPI,,,,,,
Fe2CoGa,Fe2CoGa,X2YZ,X,X,X,434.5111,-47.9605,7.52E-07,,Poly,Bulk,"induction-melted,  cast into a Cr-coated copper mold in an argon atm, annealed  at 1073 K for 20 h",Magnetic and Thermoelectric Properties of Fe2CoGa Heusler Compounds | MDPI,,,,,,
Fe2CoGa,Fe2CoGa,X2YZ,X,X,X,486.1457,-48.4868,8.20E-07,,Poly,Bulk,"induction-melted,  cast into a Cr-coated copper mold in an argon atm, annealed  at 1073 K for 20 h",Magnetic and Thermoelectric Properties of Fe2CoGa Heusler Compounds | MDPI,,,,,,
Fe2CoGa,Fe2CoGa,X2YZ,X,X,X,538.1804,-48.6184,8.92E-07,,Poly,Bulk,"induction-melted,  cast into a Cr-coated copper mold in an argon atm, annealed  at 1073 K for 20 h",Magnetic and Thermoelectric Properties of Fe2CoGa Heusler Compounds | MDPI,,,,,,
Fe2CoGa,Fe2CoGa,X2YZ,X,X,X,597.9343,-48.4868,9.84E-07,,Poly,Bulk,"induction-melted,  cast into a Cr-coated copper mold in an argon atm, annealed  at 1073 K for 20 h",Magnetic and Thermoelectric Properties of Fe2CoGa Heusler Compounds | MDPI,,,,,,
Fe2CoGa,Fe1.75Co1.25Ga,X2YZ,Co,0.25,Fe,301.1211,-44.3749,4.93E-07,,Poly,Bulk,"induction-melted,  cast into a Cr-coated copper mold in an argon atm, annealed  at 1073 K for 20 h",Magnetic and Thermoelectric Properties of Fe2CoGa Heusler Compounds | MDPI,,,,,,
Fe2CoGa,Fe1.75Co1.25Ga,X2YZ,Co,0.25,Fe,344.1704,-46.4518,5.38E-07,,Poly,Bulk,"induction-melted,  cast into a Cr-coated copper mold in an argon atm, annealed  at 1073 K for 20 h",Magnetic and Thermoelectric Properties of Fe2CoGa Heusler Compounds | MDPI,,,,,,
Fe2CoGa,Fe1.75Co1.25Ga,X2YZ,Co,0.25,Fe,391.2556,-48.9208,5.98E-07,,Poly,Bulk,"induction-melted,  cast into a Cr-coated copper mold in an argon atm, annealed  at 1073 K for 20 h",Magnetic and Thermoelectric Properties of Fe2CoGa Heusler Compounds | MDPI,,,,,,
Fe2CoGa,Fe1.75Co1.25Ga,X2YZ,Co,0.25,Fe,445.5157,-50.7272,6.63E-07,,Poly,Bulk,"induction-melted,  cast into a Cr-coated copper mold in an argon atm, annealed  at 1073 K for 20 h",Magnetic and Thermoelectric Properties of Fe2CoGa Heusler Compounds | MDPI,,,,,,
Fe2CoGa,Fe1.75Co1.25Ga,X2YZ,Co,0.25,Fe,497.5336,-52.0088,7.29E-07,,Poly,Bulk,"induction-melted,  cast into a Cr-coated copper mold in an argon atm, annealed  at 1073 K for 20 h",Magnetic and Thermoelectric Properties of Fe2CoGa Heusler Compounds | MDPI,,,,,,
Fe2CoGa,Fe1.75Co1.25Ga,X2YZ,Co,0.25,Fe,550.4484,-52.2371,8.09E-07,,Poly,Bulk,"induction-melted,  cast into a Cr-coated copper mold in an argon atm, annealed  at 1073 K for 20 h",Magnetic and Thermoelectric Properties of Fe2CoGa Heusler Compounds | MDPI,,,,,,
Fe2CoGa,Fe1.75Co1.25Ga,X2YZ,Co,0.25,Fe,597.5336,-51.943,8.78E-07,,Poly,Bulk,"induction-melted,  cast into a Cr-coated copper mold in an argon atm, annealed  at 1073 K for 20 h",Magnetic and Thermoelectric Properties of Fe2CoGa Heusler Compounds | MDPI,,,,,,
Fe2CoGa,Fe1.50Co1.50Ga,X2YZ,Co,0.5,Fe,301.5695,-37.5325,3.85E-07,,Poly,Bulk,"induction-melted,  cast into a Cr-coated copper mold in an argon atm, annealed  at 1073 K for 20 h",Magnetic and Thermoelectric Properties of Fe2CoGa Heusler Compounds | MDPI,,,,,,
Fe2CoGa,Fe1.50Co1.50Ga,X2YZ,Co,0.5,Fe,345.0673,-40.5302,4.06E-07,,Poly,Bulk,"induction-melted,  cast into a Cr-coated copper mold in an argon atm, annealed  at 1073 K for 20 h",Magnetic and Thermoelectric Properties of Fe2CoGa Heusler Compounds | MDPI,,,,,,
Fe2CoGa,Fe1.50Co1.50Ga,X2YZ,Co,0.5,Fe,397.0852,-42.7328,4.36E-07,,Poly,Bulk,"induction-melted,  cast into a Cr-coated copper mold in an argon atm, annealed  at 1073 K for 20 h",Magnetic and Thermoelectric Properties of Fe2CoGa Heusler Compounds | MDPI,,,,,,
Fe2CoGa,Fe1.50Co1.50Ga,X2YZ,Co,0.5,Fe,443.722,-45.2021,4.76E-07,,Poly,Bulk,"induction-melted,  cast into a Cr-coated copper mold in an argon atm, annealed  at 1073 K for 20 h",Magnetic and Thermoelectric Properties of Fe2CoGa Heusler Compounds | MDPI,,,,,,
Fe2CoGa,Fe1.50Co1.50Ga,X2YZ,Co,0.5,Fe,490.8072,-46.6185,5.15E-07,,Poly,Bulk,"induction-melted,  cast into a Cr-coated copper mold in an argon atm, annealed  at 1073 K for 20 h",Magnetic and Thermoelectric Properties of Fe2CoGa Heusler Compounds | MDPI,,,,,,
Fe2CoGa,Fe1.50Co1.50Ga,X2YZ,Co,0.5,Fe,536.9955,-47.3776,5.61E-07,,Poly,Bulk,"induction-melted,  cast into a Cr-coated copper mold in an argon atm, annealed  at 1073 K for 20 h",Magnetic and Thermoelectric Properties of Fe2CoGa Heusler Compounds | MDPI,,,,,,
Fe2CoGa,Fe1.50Co1.50Ga,X2YZ,Co,0.5,Fe,599.7758,-47.9942,6.28E-07,,Poly,Bulk,"induction-melted,  cast into a Cr-coated copper mold in an argon atm, annealed  at 1073 K for 20 h",Magnetic and Thermoelectric Properties of Fe2CoGa Heusler Compounds | MDPI,,,,,,
Fe2CoGa,Fe1.25Co1.75Ga,X2YZ,Co,0.75,Fe,302.4664,-30.4266,3.97E-07,,Poly,Bulk,"induction-melted,  cast into a Cr-coated copper mold in an argon atm, annealed  at 1073 K for 20 h",Magnetic and Thermoelectric Properties of Fe2CoGa Heusler Compounds | MDPI,,,,,,
Fe2CoGa,Fe1.25Co1.75Ga,X2YZ,Co,0.75,Fe,363.4529,-32.8865,4.42E-07,,Poly,Bulk,"induction-melted,  cast into a Cr-coated copper mold in an argon atm, annealed  at 1073 K for 20 h",Magnetic and Thermoelectric Properties of Fe2CoGa Heusler Compounds | MDPI,,,,,,
Fe2CoGa,Fe1.25Co1.75Ga,X2YZ,Co,0.75,Fe,421.7489,-35.6113,5.10E-07,,Poly,Bulk,"induction-melted,  cast into a Cr-coated copper mold in an argon atm, annealed  at 1073 K for 20 h",Magnetic and Thermoelectric Properties of Fe2CoGa Heusler Compounds | MDPI,,,,,,
Fe2CoGa,Fe1.25Co1.75Ga,X2YZ,Co,0.75,Fe,476.9058,-37.6803,5.81E-07,,Poly,Bulk,"induction-melted,  cast into a Cr-coated copper mold in an argon atm, annealed  at 1073 K for 20 h",Magnetic and Thermoelectric Properties of Fe2CoGa Heusler Compounds | MDPI,,,,,,
Fe2CoGa,Fe1.25Co1.75Ga,X2YZ,Co,0.75,Fe,517.713,-38.3113,6.38E-07,,Poly,Bulk,"induction-melted,  cast into a Cr-coated copper mold in an argon atm, annealed  at 1073 K for 20 h",Magnetic and Thermoelectric Properties of Fe2CoGa Heusler Compounds | MDPI,,,,,,
Fe2CoGa,Fe1.25Co1.75Ga,X2YZ,Co,0.75,Fe,560.3139,-38.5464,7.08E-07,,Poly,Bulk,"induction-melted,  cast into a Cr-coated copper mold in an argon atm, annealed  at 1073 K for 20 h",Magnetic and Thermoelectric Properties of Fe2CoGa Heusler Compounds | MDPI,,,,,,
Fe2CoGa,Fe1.25Co1.75Ga,X2YZ,Co,0.75,Fe,598.4305,-38.6529,7.83E-07,,Poly,Bulk,"induction-melted,  cast into a Cr-coated copper mold in an argon atm, annealed  at 1073 K for 20 h",Magnetic and Thermoelectric Properties of Fe2CoGa Heusler Compounds | MDPI,,,,,,
Fe2CoGa,FeCo2Ga,X2YZ,Co,1,Fe,304.9021,-11.6333,2.20E-07,,Poly,Bulk,"induction-melted,  cast into a Cr-coated copper mold in an argon atm, annealed  at 1073 K for 20 h",Magnetic and Thermoelectric Properties of Fe2CoGa Heusler Compounds | MDPI,,,,,,
Fe2CoGa,FeCo2Ga,X2YZ,Co,1,Fe,352.7865,-12.9561,2.51E-07,,Poly,Bulk,"induction-melted,  cast into a Cr-coated copper mold in an argon atm, annealed  at 1073 K for 20 h",Magnetic and Thermoelectric Properties of Fe2CoGa Heusler Compounds | MDPI,,,,,,
Fe2CoGa,FeCo2Ga,X2YZ,Co,1,Fe,393.1708,-13.7759,2.74E-07,,Poly,Bulk,"induction-melted,  cast into a Cr-coated copper mold in an argon atm, annealed  at 1073 K for 20 h",Magnetic and Thermoelectric Properties of Fe2CoGa Heusler Compounds | MDPI,,,,,,
Fe2CoGa,FeCo2Ga,X2YZ,Co,1,Fe,443.3629,-14.42,3.13E-07,,Poly,Bulk,"induction-melted,  cast into a Cr-coated copper mold in an argon atm, annealed  at 1073 K for 20 h",Magnetic and Thermoelectric Properties of Fe2CoGa Heusler Compounds | MDPI,,,,,,
Fe2CoGa,FeCo2Ga,X2YZ,Co,1,Fe,499.3241,-14.7217,3.69E-07,,Poly,Bulk,"induction-melted,  cast into a Cr-coated copper mold in an argon atm, annealed  at 1073 K for 20 h",Magnetic and Thermoelectric Properties of Fe2CoGa Heusler Compounds | MDPI,,,,,,
Fe2CoGa,FeCo2Ga,X2YZ,Co,1,Fe,551.8238,-14.8565,4.30E-07,,Poly,Bulk,"induction-melted,  cast into a Cr-coated copper mold in an argon atm, annealed  at 1073 K for 20 h",Magnetic and Thermoelectric Properties of Fe2CoGa Heusler Compounds | MDPI,,,,,,
Fe2CoGa,FeCo2Ga,X2YZ,Co,1,Fe,600.285,-15.1632,4.78E-07,,Poly,Bulk,"induction-melted,  cast into a Cr-coated copper mold in an argon atm, annealed  at 1073 K for 20 h",Magnetic and Thermoelectric Properties of Fe2CoGa Heusler Compounds | MDPI,,,,,,
GdPd2Bi,GdPd2Bi,X2YZ,X,X,X,11.1111,0.64,213.7599,,Poly,Bulk,arc melting,Two-band conduction as a pathway to non-linear Hall effect and unsaturated negative magnetoresistance in the martensitic compound GdPd2Bi,,,,,,
GdPd2Bi,GdPd2Bi,X2YZ,X,X,X,14.8148,0.71,213.8711,,Poly,Bulk,arc melting,Two-band conduction as a pathway to non-linear Hall effect and unsaturated negative magnetoresistance in the martensitic compound GdPd2Bi,,,,,,
GdPd2Bi,GdPd2Bi,X2YZ,X,X,X,38.4615,-0.39,213.1466,,Poly,Bulk,arc melting,Two-band conduction as a pathway to non-linear Hall effect and unsaturated negative magnetoresistance in the martensitic compound GdPd2Bi,,,,,,
GdPd2Bi,GdPd2Bi,X2YZ,X,X,X,67.5214,-1.12,209.4409,,Poly,Bulk,arc melting,Two-band conduction as a pathway to non-linear Hall effect and unsaturated negative magnetoresistance in the martensitic compound GdPd2Bi,,,,,,
GdPd2Bi,GdPd2Bi,X2YZ,X,X,X,83.1909,-1.30,205.257,,Poly,Bulk,arc melting,Two-band conduction as a pathway to non-linear Hall effect and unsaturated negative magnetoresistance in the martensitic compound GdPd2Bi,,,,,,
GdPd2Bi,GdPd2Bi,X2YZ,X,X,X,119.0883,-1.14,187.3559,,Poly,Bulk,arc melting,Two-band conduction as a pathway to non-linear Hall effect and unsaturated negative magnetoresistance in the martensitic compound GdPd2Bi,,,,,,
GdPd2Bi,GdPd2Bi,X2YZ,X,X,X,147.2934,-1.31,174.5381,,Poly,Bulk,arc melting,Two-band conduction as a pathway to non-linear Hall effect and unsaturated negative magnetoresistance in the martensitic compound GdPd2Bi,,,,,,
GdPd2Bi,GdPd2Bi,X2YZ,X,X,X,192.5926,-1.97,166.99,,Poly,Bulk,arc melting,Two-band conduction as a pathway to non-linear Hall effect and unsaturated negative magnetoresistance in the martensitic compound GdPd2Bi,,,,,,
GdPd2Bi,GdPd2Bi,X2YZ,X,X,X,224.7863,-2.49,170.0877,,Poly,Bulk,arc melting,Two-band conduction as a pathway to non-linear Hall effect and unsaturated negative magnetoresistance in the martensitic compound GdPd2Bi,,,,,,
GdPd2Bi,GdPd2Bi,X2YZ,X,X,X,237.8917,-2.71,170.961,,Poly,Bulk,arc melting,Two-band conduction as a pathway to non-linear Hall effect and unsaturated negative magnetoresistance in the martensitic compound GdPd2Bi,,,,,,
GdPd2Bi,GdPd2Bi,X2YZ,X,X,X,267.8063,-3.00,172.826,,Poly,Bulk,arc melting,Two-band conduction as a pathway to non-linear Hall effect and unsaturated negative magnetoresistance in the martensitic compound GdPd2Bi,,,,,,
Fe2VAl,Fe1.94Re0.06V0.94Ti0.14Al0.92,X2YZ,"Re, Ti","0.06, 0.14","Fe, V",310.395700,101.1739,12.997,,Poly,Bulk,"arc melting in argon atmosphere, homogenized at 1273K for 48 hours, annealed at 1273K for 1 hour followed by furnace cooling",Tailoring p-type thermoelectric properties of the Fe2VAl Heusler compound through off-stoichiometry and multiple substitution,,,,,,
Fe2VAl,Fe1.94Re0.06V0.94Ti0.14Al0.92,X2YZ,"Re, Ti","0.06, 0.14","Fe, V",411.343800,79.2819,9.4304,,Poly,Bulk,"arc melting in argon atmosphere, homogenized at 1273K for 48 hours, annealed at 1273K for 1 hour followed by furnace cooling",Tailoring p-type thermoelectric properties of the Fe2VAl Heusler compound through off-stoichiometry and multiple substitution,,,,,,
Fe2VAl,Fe1.94Re0.06V0.94Ti0.14Al0.92,X2YZ,"Re, Ti","0.06, 0.14","Fe, V",526.080100,45.0284,6.6678,,Poly,Bulk,"arc melting in argon atmosphere, homogenized at 1273K for 48 hours, annealed at 1273K for 1 hour followed by furnace cooling",Tailoring p-type thermoelectric properties of the Fe2VAl Heusler compound through off-stoichiometry and multiple substitution,,,,,,
Fe2VAl,Fe1.94Re0.06V0.94Ti0.14Al0.92,X2YZ,"Re, Ti","0.06, 0.14","Fe, V",631.149900,22.0134,5.2457,,Poly,Bulk,"arc melting in argon atmosphere, homogenized at 1273K for 48 hours, annealed at 1273K for 1 hour followed by furnace cooling",Tailoring p-type thermoelectric properties of the Fe2VAl Heusler compound through off-stoichiometry and multiple substitution,,,,,,
Fe2VAl,Fe1.94Re0.06V0.94Ti0.14Al0.92,X2YZ,"Re, Ti","0.06, 0.14","Fe, V",716.266000,10.0936,4.5806,,Poly,Bulk,"arc melting in argon atmosphere, homogenized at 1273K for 48 hours, annealed at 1273K for 1 hour followed by furnace cooling",Tailoring p-type thermoelectric properties of the Fe2VAl Heusler compound through off-stoichiometry and multiple substitution,,,,,,
Fe2VAl,Fe1.94Re0.06V0.94Ti0.14Al0.92,X2YZ,"Re, Ti","0.06, 0.14","Fe, V",799.982300,3.0913,4.01,,Poly,Bulk,"arc melting in argon atmosphere, homogenized at 1273K for 48 hours, annealed at 1273K for 1 hour followed by furnace cooling",Tailoring p-type thermoelectric properties of the Fe2VAl Heusler compound through off-stoichiometry and multiple substitution,,,,,,
Fe2VAl,Fe1.94Re0.06V0.90Ti0.18Al0.92,X2YZ,"Re, Ti","0.06, 0.18","Fe, V",310.382000,103.5626,4.8344,,Poly,Bulk,"arc melting in argon atmosphere, homogenized at 1273K for 48 hours, annealed at 1273K for 1 hour followed by furnace cooling",Tailoring p-type thermoelectric properties of the Fe2VAl Heusler compound through off-stoichiometry and multiple substitution,,,,,,
Fe2VAl,Fe1.94Re0.06V0.90Ti0.18Al0.92,X2YZ,"Re, Ti","0.06, 0.18","Fe, V",359.747800,106.5273,5.1675,,Poly,Bulk,"arc melting in argon atmosphere, homogenized at 1273K for 48 hours, annealed at 1273K for 1 hour followed by furnace cooling",Tailoring p-type thermoelectric properties of the Fe2VAl Heusler compound through off-stoichiometry and multiple substitution,,,,,,
Fe2VAl,Fe1.94Re0.06V0.90Ti0.18Al0.92,X2YZ,"Re, Ti","0.06, 0.18","Fe, V",451.716200,95.7335,5.3034,,Poly,Bulk,"arc melting in argon atmosphere, homogenized at 1273K for 48 hours, annealed at 1273K for 1 hour followed by furnace cooling",Tailoring p-type thermoelectric properties of the Fe2VAl Heusler compound through off-stoichiometry and multiple substitution,,,,,,
Fe2VAl,Fe1.94Re0.06V0.90Ti0.18Al0.92,X2YZ,"Re, Ti","0.06, 0.18","Fe, V",561.644100,62.7433,4.912,,Poly,Bulk,"arc melting in argon atmosphere, homogenized at 1273K for 48 hours, annealed at 1273K for 1 hour followed by furnace cooling",Tailoring p-type thermoelectric properties of the Fe2VAl Heusler compound through off-stoichiometry and multiple substitution,,,,,,
Fe2VAl,Fe1.94Re0.06V0.90Ti0.18Al0.92,X2YZ,"Re, Ti","0.06, 0.18","Fe, V",651.632800,38.319,4.4005,,Poly,Bulk,"arc melting in argon atmosphere, homogenized at 1273K for 48 hours, annealed at 1273K for 1 hour followed by furnace cooling",Tailoring p-type thermoelectric properties of the Fe2VAl Heusler compound through off-stoichiometry and multiple substitution,,,,,,
Fe2VAl,Fe1.94Re0.06V0.90Ti0.18Al0.92,X2YZ,"Re, Ti","0.06, 0.18","Fe, V",726.476200,23.7264,4.0103,,Poly,Bulk,"arc melting in argon atmosphere, homogenized at 1273K for 48 hours, annealed at 1273K for 1 hour followed by furnace cooling",Tailoring p-type thermoelectric properties of the Fe2VAl Heusler compound through off-stoichiometry and multiple substitution,,,,,,
Fe2VAl,Fe1.94Re0.06V0.90Ti0.18Al0.92,X2YZ,"Re, Ti","0.06, 0.18","Fe, V",775.907000,15.3094,3.8348,,Poly,Bulk,"arc melting in argon atmosphere, homogenized at 1273K for 48 hours, annealed at 1273K for 1 hour followed by furnace cooling",Tailoring p-type thermoelectric properties of the Fe2VAl Heusler compound through off-stoichiometry and multiple substitution,,,,,,
Fe2VAl,Fe1.94Re0.06V0.82Ti0.26Al0.92,X2YZ,"Re, Ti","0.06, 0.26","Fe, V",313.919800,84.5941,2.4507,,Poly,Bulk,"arc melting in argon atmosphere, homogenized at 1273K for 48 hours, annealed at 1273K for 1 hour followed by furnace cooling",Tailoring p-type thermoelectric properties of the Fe2VAl Heusler compound through off-stoichiometry and multiple substitution,,,,,,
Fe2VAl,Fe1.94Re0.06V0.82Ti0.26Al0.92,X2YZ,"Re, Ti","0.06, 0.26","Fe, V",412.614400,96.9872,2.8743,,Poly,Bulk,"arc melting in argon atmosphere, homogenized at 1273K for 48 hours, annealed at 1273K for 1 hour followed by furnace cooling",Tailoring p-type thermoelectric properties of the Fe2VAl Heusler compound through off-stoichiometry and multiple substitution,,,,,,
Fe2VAl,Fe1.94Re0.06V0.82Ti0.26Al0.92,X2YZ,"Re, Ti","0.06, 0.26","Fe, V",472.974200,96.4421,3.1396,,Poly,Bulk,"arc melting in argon atmosphere, homogenized at 1273K for 48 hours, annealed at 1273K for 1 hour followed by furnace cooling",Tailoring p-type thermoelectric properties of the Fe2VAl Heusler compound through off-stoichiometry and multiple substitution,,,,,,
Fe2VAl,Fe1.94Re0.06V0.82Ti0.26Al0.92,X2YZ,"Re, Ti","0.06, 0.26","Fe, V",582.125500,79.3299,3.4433,,Poly,Bulk,"arc melting in argon atmosphere, homogenized at 1273K for 48 hours, annealed at 1273K for 1 hour followed by furnace cooling",Tailoring p-type thermoelectric properties of the Fe2VAl Heusler compound through off-stoichiometry and multiple substitution,,,,,,
Fe2VAl,Fe1.94Re0.06V0.82Ti0.26Al0.92,X2YZ,"Re, Ti","0.06, 0.26","Fe, V",678.968800,55.61,3.4098,,Poly,Bulk,"arc melting in argon atmosphere, homogenized at 1273K for 48 hours, annealed at 1273K for 1 hour followed by furnace cooling",Tailoring p-type thermoelectric properties of the Fe2VAl Heusler compound through off-stoichiometry and multiple substitution,,,,,,
Fe2VAl,Fe1.94Re0.06V0.82Ti0.26Al0.92,X2YZ,"Re, Ti","0.06, 0.26","Fe, V",777.167900,34.7008,3.2506,,Poly,Bulk,"arc melting in argon atmosphere, homogenized at 1273K for 48 hours, annealed at 1273K for 1 hour followed by furnace cooling",Tailoring p-type thermoelectric properties of the Fe2VAl Heusler compound through off-stoichiometry and multiple substitution,,,,,,
Fe2VAl,Fe1.94Re0.06V0.78Ti0.30Al0.92,X2YZ,"Re, Ti","0.06, 0.30","Fe, V",309.862400,74.4758,1.8929,,Poly,Bulk,"arc melting in argon atmosphere, homogenized at 1273K for 48 hours, annealed at 1273K for 1 hour followed by furnace cooling",Tailoring p-type thermoelectric properties of the Fe2VAl Heusler compound through off-stoichiometry and multiple substitution,,,,,,
Fe2VAl,Fe1.94Re0.06V0.78Ti0.30Al0.92,X2YZ,"Re, Ti","0.06, 0.30","Fe, V",408.553000,87.5715,2.3372,,Poly,Bulk,"arc melting in argon atmosphere, homogenized at 1273K for 48 hours, annealed at 1273K for 1 hour followed by furnace cooling",Tailoring p-type thermoelectric properties of the Fe2VAl Heusler compound through off-stoichiometry and multiple substitution,,,,,,
Fe2VAl,Fe1.94Re0.06V0.78Ti0.30Al0.92,X2YZ,"Re, Ti","0.06, 0.30","Fe, V",462.723900,89.835,2.5788,,Poly,Bulk,"arc melting in argon atmosphere, homogenized at 1273K for 48 hours, annealed at 1273K for 1 hour followed by furnace cooling",Tailoring p-type thermoelectric properties of the Fe2VAl Heusler compound through off-stoichiometry and multiple substitution,,,,,,
Fe2VAl,Fe1.94Re0.06V0.78Ti0.30Al0.92,X2YZ,"Re, Ti","0.06, 0.30","Fe, V",545.054700,85.2211,2.905,,Poly,Bulk,"arc melting in argon atmosphere, homogenized at 1273K for 48 hours, annealed at 1273K for 1 hour followed by furnace cooling",Tailoring p-type thermoelectric properties of the Fe2VAl Heusler compound through off-stoichiometry and multiple substitution,,,,,,
Fe2VAl,Fe1.94Re0.06V0.78Ti0.30Al0.92,X2YZ,"Re, Ti","0.06, 0.30","Fe, V",628.812800,70.9121,3.142,,Poly,Bulk,"arc melting in argon atmosphere, homogenized at 1273K for 48 hours, annealed at 1273K for 1 hour followed by furnace cooling",Tailoring p-type thermoelectric properties of the Fe2VAl Heusler compound through off-stoichiometry and multiple substitution,,,,,,
Fe2VAl,Fe1.94Re0.06V0.78Ti0.30Al0.92,X2YZ,"Re, Ti","0.06, 0.30","Fe, V",713.276000,53.2309,3.2403,,Poly,Bulk,"arc melting in argon atmosphere, homogenized at 1273K for 48 hours, annealed at 1273K for 1 hour followed by furnace cooling",Tailoring p-type thermoelectric properties of the Fe2VAl Heusler compound through off-stoichiometry and multiple substitution,,,,,,
Fe2VAl,Fe1.94Re0.06V0.78Ti0.30Al0.92,X2YZ,"Re, Ti","0.06, 0.30","Fe, V",775.079800,40.0398,3.2129,,Poly,Bulk,"arc melting in argon atmosphere, homogenized at 1273K for 48 hours, annealed at 1273K for 1 hour followed by furnace cooling",Tailoring p-type thermoelectric properties of the Fe2VAl Heusler compound through off-stoichiometry and multiple substitution,,,,,,
Fe2VAl,Fe1.94Re0.06V0.74Ti0.34Al0.92,X2YZ,"Re, Ti","0.06, 0.34","Fe, V",312.641200,68.294,2.5901,,Poly,Bulk,"arc melting in argon atmosphere, homogenized at 1273K for 48 hours, annealed at 1273K for 1 hour followed by furnace cooling",Tailoring p-type thermoelectric properties of the Fe2VAl Heusler compound through off-stoichiometry and multiple substitution,,,,,,
Fe2VAl,Fe1.94Re0.06V0.74Ti0.34Al0.92,X2YZ,"Re, Ti","0.06, 0.34","Fe, V",418.874000,81.8133,3.26,,Poly,Bulk,"arc melting in argon atmosphere, homogenized at 1273K for 48 hours, annealed at 1273K for 1 hour followed by furnace cooling",Tailoring p-type thermoelectric properties of the Fe2VAl Heusler compound through off-stoichiometry and multiple substitution,,,,,,
Fe2VAl,Fe1.94Re0.06V0.74Ti0.34Al0.92,X2YZ,"Re, Ti","0.06, 0.34","Fe, V",472.350100,85.6222,3.5309,,Poly,Bulk,"arc melting in argon atmosphere, homogenized at 1273K for 48 hours, annealed at 1273K for 1 hour followed by furnace cooling",Tailoring p-type thermoelectric properties of the Fe2VAl Heusler compound through off-stoichiometry and multiple substitution,,,,,,
Fe2VAl,Fe1.94Re0.06V0.74Ti0.34Al0.92,X2YZ,"Re, Ti","0.06, 0.34","Fe, V",571.823000,81.8563,3.9147,,Poly,Bulk,"arc melting in argon atmosphere, homogenized at 1273K for 48 hours, annealed at 1273K for 1 hour followed by furnace cooling",Tailoring p-type thermoelectric properties of the Fe2VAl Heusler compound through off-stoichiometry and multiple substitution,,,,,,
Fe2VAl,Fe1.94Re0.06V0.74Ti0.34Al0.92,X2YZ,"Re, Ti","0.06, 0.34","Fe, V",684.407600,64.0425,4.1432,,Poly,Bulk,"arc melting in argon atmosphere, homogenized at 1273K for 48 hours, annealed at 1273K for 1 hour followed by furnace cooling",Tailoring p-type thermoelectric properties of the Fe2VAl Heusler compound through off-stoichiometry and multiple substitution,,,,,,
Fe2VAl,Fe1.94Re0.06V0.74Ti0.34Al0.92,X2YZ,"Re, Ti","0.06, 0.34","Fe, V",768.870800,46.3613,4.0284,,Poly,Bulk,"arc melting in argon atmosphere, homogenized at 1273K for 48 hours, annealed at 1273K for 1 hour followed by furnace cooling",Tailoring p-type thermoelectric properties of the Fe2VAl Heusler compound through off-stoichiometry and multiple substitution,,,,,,
Fe2VAl,Fe2VAl,X2YZ,X,X,X,300.0824,85.106100,582.8767,,Poly,Bulk,"melting, remelting at least four times, annealed for 72 hr at 1173K furnace cooled",Influence of self-substitution on the thermoelectric Fe2VAl Heusler alloy,,,,,,
Fe2VAl,Fe2VAl,X2YZ,X,X,X,450.3905,45.342200,384.0409,,Poly,Bulk,"melting, remelting at least four times, annealed for 72 hr at 1173K furnace cooled",Influence of self-substitution on the thermoelectric Fe2VAl Heusler alloy,,,,,,
Fe2VAl,Fe2VAl,X2YZ,X,X,X,599.9199,16.630800,321.954,,Poly,Bulk,"melting, remelting at least four times, annealed for 72 hr at 1173K furnace cooled",Influence of self-substitution on the thermoelectric Fe2VAl Heusler alloy,,,,,,
Fe2VAl,Fe2V1.02Al0.98,X2YZ,V,1.02,V,117.6942,-102.9371,273.5677,,Poly,Bulk,"melting, remelting at least four times, annealed for 72 hr at 1173K furnace cooled",Influence of self-substitution on the thermoelectric Fe2VAl Heusler alloy,,,,,,
Fe2VAl,Fe2V1.02Al0.98,X2YZ,V,1.02,V,178.7990,-135.664300,342.3118,,Poly,Bulk,"melting, remelting at least four times, annealed for 72 hr at 1173K furnace cooled",Influence of self-substitution on the thermoelectric Fe2VAl Heusler alloy,,,,,,
Fe2VAl,Fe2V1.02Al0.98,X2YZ,V,1.02,V,239.1353,-156.433600,420.4646,,Poly,Bulk,"melting, remelting at least four times, annealed for 72 hr at 1173K furnace cooled",Influence of self-substitution on the thermoelectric Fe2VAl Heusler alloy,,,,,,
Fe2VAl,Fe2V1.02Al0.98,X2YZ,V,1.02,V,269.1113,-156.433600,452.9185,,Poly,Bulk,"melting, remelting at least four times, annealed for 72 hr at 1173K furnace cooled",Influence of self-substitution on the thermoelectric Fe2VAl Heusler alloy,,,,,,
Fe2VAl,Fe2V1.02Al0.98,X2YZ,V,1.02,V,359.0392,-117.412600,483.3742,,Poly,Bulk,"melting, remelting at least four times, annealed for 72 hr at 1173K furnace cooled",Influence of self-substitution on the thermoelectric Fe2VAl Heusler alloy,,,,,,
Fe2VAl,Fe2V1.02Al0.98,X2YZ,V,1.02,V,451.2730,-63.286700,425.8863,,Poly,Bulk,"melting, remelting at least four times, annealed for 72 hr at 1173K furnace cooled",Influence of self-substitution on the thermoelectric Fe2VAl Heusler alloy,,,,,,
Fe2VAl,Fe2V1.02Al0.98,X2YZ,V,1.02,V,510.8407,-38.741300,381.9997,,Poly,Bulk,"melting, remelting at least four times, annealed for 72 hr at 1173K furnace cooled",Influence of self-substitution on the thermoelectric Fe2VAl Heusler alloy,,,,,,
Fe2VAl,Fe2V1.02Al0.98,X2YZ,V,1.02,V,601.1529,-22.377600,337.0603,,Poly,Bulk,"melting, remelting at least four times, annealed for 72 hr at 1173K furnace cooled",Influence of self-substitution on the thermoelectric Fe2VAl Heusler alloy,,,,,,
Fe2VAl,Fe2V1.03Al0.97,X2YZ,V,1.03,V,117.6942,-97.272700,211.0466,,Poly,Bulk,"melting, remelting at least four times, annealed for 72 hr at 1173K furnace cooled",Influence of self-substitution on the thermoelectric Fe2VAl Heusler alloy,,,,,,
Fe2VAl,Fe2V1.03Al0.97,X2YZ,V,1.03,V,206.4692,-140.489500,295.2468,,Poly,Bulk,"melting, remelting at least four times, annealed for 72 hr at 1173K furnace cooled",Influence of self-substitution on the thermoelectric Fe2VAl Heusler alloy,,,,,,
Fe2VAl,Fe2V1.03Al0.97,X2YZ,V,1.03,V,267.5741,-155.804200,361.2987,,Poly,Bulk,"melting, remelting at least four times, annealed for 72 hr at 1173K furnace cooled",Influence of self-substitution on the thermoelectric Fe2VAl Heusler alloy,,,,,,
Fe2VAl,Fe2V1.03Al0.97,X2YZ,V,1.03,V,358.6549,-135.454500,431.4562,,Poly,Bulk,"melting, remelting at least four times, annealed for 72 hr at 1173K furnace cooled",Influence of self-substitution on the thermoelectric Fe2VAl Heusler alloy,,,,,,
Fe2VAl,Fe2V1.03Al0.97,X2YZ,V,1.03,V,450.1201,-94.755200,434.6195,,Poly,Bulk,"melting, remelting at least four times, annealed for 72 hr at 1173K furnace cooled",Influence of self-substitution on the thermoelectric Fe2VAl Heusler alloy,,,,,,
Fe2VAl,Fe2V1.03Al0.97,X2YZ,V,1.03,V,539.6637,-58.042000,397.8373,,Poly,Bulk,"melting, remelting at least four times, annealed for 72 hr at 1173K furnace cooled",Influence of self-substitution on the thermoelectric Fe2VAl Heusler alloy,,,,,,
Fe2VAl,Fe2V1.03Al0.97,X2YZ,V,1.03,V,598.4628,-42.517500,368.0214,,Poly,Bulk,"melting, remelting at least four times, annealed for 72 hr at 1173K furnace cooled",Influence of self-substitution on the thermoelectric Fe2VAl Heusler alloy,,,,,,
Fe2VAl,Fe2V1.08Al0.92,X2YZ,V,1.08,V,118.0785,-53.846200,104.1594,,Poly,Bulk,"melting, remelting at least four times, annealed for 72 hr at 1173K furnace cooled",Influence of self-substitution on the thermoelectric Fe2VAl Heusler alloy,,,,,,
Fe2VAl,Fe2V1.08Al0.92,X2YZ,V,1.08,V,234.1393,-94.755200,175.8446,,Poly,Bulk,"melting, remelting at least four times, annealed for 72 hr at 1173K furnace cooled",Influence of self-substitution on the thermoelectric Fe2VAl Heusler alloy,,,,,,
Fe2VAl,Fe2V1.08Al0.92,X2YZ,V,1.08,V,330.9848,-109.021000,242.5849,,Poly,Bulk,"melting, remelting at least four times, annealed for 72 hr at 1173K furnace cooled",Influence of self-substitution on the thermoelectric Fe2VAl Heusler alloy,,,,,,
Fe2VAl,Fe2V1.08Al0.92,X2YZ,V,1.08,V,420.9127,-118.461500,301.9848,,Poly,Bulk,"melting, remelting at least four times, annealed for 72 hr at 1173K furnace cooled",Influence of self-substitution on the thermoelectric Fe2VAl Heusler alloy,,,,,,
Fe2VAl,Fe2V1.08Al0.92,X2YZ,V,1.08,V,479.7118,-115.314700,333.9861,,Poly,Bulk,"melting, remelting at least four times, annealed for 72 hr at 1173K furnace cooled",Influence of self-substitution on the thermoelectric Fe2VAl Heusler alloy,,,,,,
Fe2VAl,Fe2V1.08Al0.92,X2YZ,V,1.08,V,540.0480,-105.244800,357.0131,,Poly,Bulk,"melting, remelting at least four times, annealed for 72 hr at 1173K furnace cooled",Influence of self-substitution on the thermoelectric Fe2VAl Heusler alloy,,,,,,
Fe2VAl,Fe2V1.08Al0.92,X2YZ,V,1.08,V,600.0000,-89.510500,367.3605,,Poly,Bulk,"melting, remelting at least four times, annealed for 72 hr at 1173K furnace cooled",Influence of self-substitution on the thermoelectric Fe2VAl Heusler alloy,,,,,,
Fe2VAl,Fe2V0.93Al1.07,X2YZ,V,0.93,V,117.7072,16.365700,51.0275,,Poly,Bulk,"melting, remelting at least four times, annealed for 72 hr at 1173K furnace cooled",Influence of self-substitution on the thermoelectric Fe2VAl Heusler alloy,,,,,,
Fe2VAl,Fe2V0.93Al1.07,X2YZ,V,0.93,V,242.7098,35.470800,91.2326,,Poly,Bulk,"melting, remelting at least four times, annealed for 72 hr at 1173K furnace cooled",Influence of self-substitution on the thermoelectric Fe2VAl Heusler alloy,,,,,,
Fe2VAl,Fe2V0.93Al1.07,X2YZ,V,0.93,V,331.2159,46.606800,128.7873,,Poly,Bulk,"melting, remelting at least four times, annealed for 72 hr at 1173K furnace cooled",Influence of self-substitution on the thermoelectric Fe2VAl Heusler alloy,,,,,,
Fe2VAl,Fe2V0.93Al1.07,X2YZ,V,0.93,V,419.3546,57.343500,167.2912,,Poly,Bulk,"melting, remelting at least four times, annealed for 72 hr at 1173K furnace cooled",Influence of self-substitution on the thermoelectric Fe2VAl Heusler alloy,,,,,,
Fe2VAl,Fe2V0.93Al1.07,X2YZ,V,0.93,V,505.6707,62.089200,203.285,,Poly,Bulk,"melting, remelting at least four times, annealed for 72 hr at 1173K furnace cooled",Influence of self-substitution on the thermoelectric Fe2VAl Heusler alloy,,,,,,
Fe2VAl,Fe2V0.93Al1.07,X2YZ,V,0.93,V,600.1390,57.243200,242.016,,Poly,Bulk,"melting, remelting at least four times, annealed for 72 hr at 1173K furnace cooled",Influence of self-substitution on the thermoelectric Fe2VAl Heusler alloy,,,,,,
Fe2VAl,Fe2V0.95Al1.05,X2YZ,V,0.95,V,118.7738,27.283900,65.7209,,Poly,Bulk,"melting, remelting at least four times, annealed for 72 hr at 1173K furnace cooled",Influence of self-substitution on the thermoelectric Fe2VAl Heusler alloy,,,,,,
Fe2VAl,Fe2V0.95Al1.05,X2YZ,V,0.95,V,238.9893,43.861700,99.1082,,Poly,Bulk,"melting, remelting at least four times, annealed for 72 hr at 1173K furnace cooled",Influence of self-substitution on the thermoelectric Fe2VAl Heusler alloy,,,,,,
Fe2VAl,Fe2V0.95Al1.05,X2YZ,V,0.95,V,299.8269,54.347200,122.9672,,Poly,Bulk,"melting, remelting at least four times, annealed for 72 hr at 1173K furnace cooled",Influence of self-substitution on the thermoelectric Fe2VAl Heusler alloy,,,,,,
Fe2VAl,Fe2V0.95Al1.05,X2YZ,V,0.95,V,390.9309,61.353900,162.637,,Poly,Bulk,"melting, remelting at least four times, annealed for 72 hr at 1173K furnace cooled",Influence of self-substitution on the thermoelectric Fe2VAl Heusler alloy,,,,,,
Fe2VAl,Fe2V0.95Al1.05,X2YZ,V,0.95,V,450.6823,66.247500,188.8363,,Poly,Bulk,"melting, remelting at least four times, annealed for 72 hr at 1173K furnace cooled",Influence of self-substitution on the thermoelectric Fe2VAl Heusler alloy,,,,,,
Fe2VAl,Fe2V0.95Al1.05,X2YZ,V,0.95,V,508.9721,67.280500,213.7767,,Poly,Bulk,"melting, remelting at least four times, annealed for 72 hr at 1173K furnace cooled",Influence of self-substitution on the thermoelectric Fe2VAl Heusler alloy,,,,,,
Fe2VAl,Fe2V0.95Al1.05,X2YZ,V,0.95,V,601.2513,55.777900,253.211,,Poly,Bulk,"melting, remelting at least four times, annealed for 72 hr at 1173K furnace cooled",Influence of self-substitution on the thermoelectric Fe2VAl Heusler alloy,,,,,,
Fe2VAl,Fe2V0.97Al1.03,X2YZ,V,0.97,V,119.8398,38.335200,79.3278,,Poly,Bulk,"melting, remelting at least four times, annealed for 72 hr at 1173K furnace cooled",Influence of self-substitution on the thermoelectric Fe2VAl Heusler alloy,,,,,,
Fe2VAl,Fe2V0.97Al1.03,X2YZ,V,0.97,V,211.6690,48.803600,101.3978,,Poly,Bulk,"melting, remelting at least four times, annealed for 72 hr at 1173K furnace cooled",Influence of self-substitution on the thermoelectric Fe2VAl Heusler alloy,,,,,,
Fe2VAl,Fe2V0.97Al1.03,X2YZ,V,0.97,V,329.6724,64.983100,146.8567,,Poly,Bulk,"melting, remelting at least four times, annealed for 72 hr at 1173K furnace cooled",Influence of self-substitution on the thermoelectric Fe2VAl Heusler alloy,,,,,,
Fe2VAl,Fe2V0.97Al1.03,X2YZ,V,0.97,V,420.7828,70.258800,187.7096,,Poly,Bulk,"melting, remelting at least four times, annealed for 72 hr at 1173K furnace cooled",Influence of self-substitution on the thermoelectric Fe2VAl Heusler alloy,,,,,,
Fe2VAl,Fe2V0.97Al1.03,X2YZ,V,0.97,V,508.2440,64.617700,222.9294,,Poly,Bulk,"melting, remelting at least four times, annealed for 72 hr at 1173K furnace cooled",Influence of self-substitution on the thermoelectric Fe2VAl Heusler alloy,,,,,,
Fe2VAl,Fe2V0.97Al1.03,X2YZ,V,0.97,V,600.9152,46.856600,245.3877,,Poly,Bulk,"melting, remelting at least four times, annealed for 72 hr at 1173K furnace cooled",Influence of self-substitution on the thermoelectric Fe2VAl Heusler alloy,,,,,,
Fe2VAl,Fe2V0.985Al1.015,X2YZ,V,0.985,V,119.7573,60.705500,242.8882,,Poly,Bulk,"melting, remelting at least four times, annealed for 72 hr at 1173K furnace cooled",Influence of self-substitution on the thermoelectric Fe2VAl Heusler alloy,,,,,,
Fe2VAl,Fe2V0.985Al1.015,X2YZ,V,0.985,V,206.7612,79.032700,240.5275,,Poly,Bulk,"melting, remelting at least four times, annealed for 72 hr at 1173K furnace cooled",Influence of self-substitution on the thermoelectric Fe2VAl Heusler alloy,,,,,,
Fe2VAl,Fe2V0.985Al1.015,X2YZ,V,0.985,V,271.2917,88.584100,250.5745,,Poly,Bulk,"melting, remelting at least four times, annealed for 72 hr at 1173K furnace cooled",Influence of self-substitution on the thermoelectric Fe2VAl Heusler alloy,,,,,,
Fe2VAl,Fe2V0.985Al1.015,X2YZ,V,0.985,V,330.6863,90.149000,262.3693,,Poly,Bulk,"melting, remelting at least four times, annealed for 72 hr at 1173K furnace cooled",Influence of self-substitution on the thermoelectric Fe2VAl Heusler alloy,,,,,,
Fe2VAl,Fe2V0.985Al1.015,X2YZ,V,0.985,V,417.4790,65.733300,273.2613,,Poly,Bulk,"melting, remelting at least four times, annealed for 72 hr at 1173K furnace cooled",Influence of self-substitution on the thermoelectric Fe2VAl Heusler alloy,,,,,,
Fe2VAl,Fe2V0.985Al1.015,X2YZ,V,0.985,V,511.6500,41.446700,274.5561,,Poly,Bulk,"melting, remelting at least four times, annealed for 72 hr at 1173K furnace cooled",Influence of self-substitution on the thermoelectric Fe2VAl Heusler alloy,,,,,,
Fe2VAl,Fe2V0.985Al1.015,X2YZ,V,0.985,V,599.1619,22.090600,283.2734,,Poly,Bulk,"melting, remelting at least four times, annealed for 72 hr at 1173K furnace cooled",Influence of self-substitution on the thermoelectric Fe2VAl Heusler alloy,,,,,,
Fe2VAl,Fe2VAl,X2YZ,X,X,X,3.0519,5.574900,2.29E+03,,Poly ,Bulk,annealed at 900C for one week,Stoichiometric and off-stoichiometric full Heusler Fe 2 V1−xWxAl thermoelectric systems,,,,,,
Fe2VAl,Fe2VAl,X2YZ,X,X,X,73.2452,49.477400,1.74E+03,,Poly ,Bulk,annealed at 900C for one week,Stoichiometric and off-stoichiometric full Heusler Fe 2 V1−xWxAl thermoelectric systems,,,,,,
Fe2VAl,Fe2VAl,X2YZ,X,X,X,166.8362,74.564500,1.46E+03,,Poly ,Bulk,annealed at 900C for one week,Stoichiometric and off-stoichiometric full Heusler Fe 2 V1−xWxAl thermoelectric systems,,,,,,
Fe2VAl,Fe2VAl,X2YZ,X,X,X,270.6002,67.247400,1.03E+03,,Poly ,Bulk,annealed at 900C for one week,Stoichiometric and off-stoichiometric full Heusler Fe 2 V1−xWxAl thermoelectric systems,,,,,,
Fe2VAl,Fe2VAl,X2YZ,X,X,X,468.9725,34.146300,491.7004,,Poly ,Bulk,annealed at 900C for one week,Stoichiometric and off-stoichiometric full Heusler Fe 2 V1−xWxAl thermoelectric systems,,,,,,
Fe2VAl,Fe2VAl,X2YZ,X,X,X,661.2411,5.923300,354.0328,,Poly ,Bulk,annealed at 900C for one week,Stoichiometric and off-stoichiometric full Heusler Fe 2 V1−xWxAl thermoelectric systems,,,,,,
Fe2VAl,Fe2VAl,X2YZ,X,X,X,865.7172,-4.878000,319.2563,,Poly ,Bulk,annealed at 900C for one week,Stoichiometric and off-stoichiometric full Heusler Fe 2 V1−xWxAl thermoelectric systems,,,,,,
Fe2VAl,Fe2V0.85W0.15Al,X2YZ,W,0.15,V,8.1384,-4.878000,600.718,,Poly ,Bulk,annealed at 900C for one week,Stoichiometric and off-stoichiometric full Heusler Fe 2 V1−xWxAl thermoelectric systems,,,,,,
Fe2VAl,Fe2V0.85W0.15Al,X2YZ,W,0.15,V,100.7121,-64.111500,642.9254,,Poly ,Bulk,annealed at 900C for one week,Stoichiometric and off-stoichiometric full Heusler Fe 2 V1−xWxAl thermoelectric systems,,,,,,
Fe2VAl,Fe2V0.85W0.15Al,X2YZ,W,0.15,V,173.9573,-100.696900,722.8137,,Poly ,Bulk,annealed at 900C for one week,Stoichiometric and off-stoichiometric full Heusler Fe 2 V1−xWxAl thermoelectric systems,,,,,,
Fe2VAl,Fe2V0.85W0.15Al,X2YZ,W,0.15,V,267.5483,-125.087100,788.4726,,Poly ,Bulk,annealed at 900C for one week,Stoichiometric and off-stoichiometric full Heusler Fe 2 V1−xWxAl thermoelectric systems,,,,,,
Fe2VAl,Fe2V0.85W0.15Al,X2YZ,W,0.15,V,378.4334,-100.696900,771.268,,Poly ,Bulk,annealed at 900C for one week,Stoichiometric and off-stoichiometric full Heusler Fe 2 V1−xWxAl thermoelectric systems,,,,,,
Fe2VAl,Fe2V0.85W0.15Al,X2YZ,W,0.15,V,521.8718,-49.825800,679.9685,,Poly ,Bulk,annealed at 900C for one week,Stoichiometric and off-stoichiometric full Heusler Fe 2 V1−xWxAl thermoelectric systems,,,,,,
Fe2VAl,Fe2V0.85W0.15Al,X2YZ,W,0.15,V,664.2930,-19.163800,580.7656,,Poly ,Bulk,annealed at 900C for one week,Stoichiometric and off-stoichiometric full Heusler Fe 2 V1−xWxAl thermoelectric systems,,,,,,
Fe2VAl,Fe2V0.85W0.15Al,X2YZ,W,0.15,V,771.1089,-25.784000,523.148,,Poly ,Bulk,annealed at 900C for one week,Stoichiometric and off-stoichiometric full Heusler Fe 2 V1−xWxAl thermoelectric systems,,,,,,
Fe2VAl,Fe2V0.85W0.15Al,X2YZ,W,0.15,V,819.9390,-25.784000,505.6531,,Poly ,Bulk,annealed at 900C for one week,Stoichiometric and off-stoichiometric full Heusler Fe 2 V1−xWxAl thermoelectric systems,,,,,,
Fe2VAl,Fe2V0.8W0.2Al,X2YZ,W,0.2,V,9.1556,-3.832800,273.2538,,Poly ,Bulk,annealed at 900C for one week,Stoichiometric and off-stoichiometric full Heusler Fe 2 V1−xWxAl thermoelectric systems,,,,,,
Fe2VAl,Fe2V0.8W0.2Al,X2YZ,W,0.2,V,79.3489,-43.205600,302.2312,,Poly ,Bulk,annealed at 900C for one week,Stoichiometric and off-stoichiometric full Heusler Fe 2 V1−xWxAl thermoelectric systems,,,,,,
Fe2VAl,Fe2V0.8W0.2Al,X2YZ,W,0.2,V,157.6806,-80.139400,351.158,,Poly ,Bulk,annealed at 900C for one week,Stoichiometric and off-stoichiometric full Heusler Fe 2 V1−xWxAl thermoelectric systems,,,,,,
Fe2VAl,Fe2V0.8W0.2Al,X2YZ,W,0.2,V,209.5626,-98.954700,388.0978,,Poly ,Bulk,annealed at 900C for one week,Stoichiometric and off-stoichiometric full Heusler Fe 2 V1−xWxAl thermoelectric systems,,,,,,
Fe2VAl,Fe2V0.8W0.2Al,X2YZ,W,0.2,V,267.5483,-112.195100,429.143,,Poly ,Bulk,annealed at 900C for one week,Stoichiometric and off-stoichiometric full Heusler Fe 2 V1−xWxAl thermoelectric systems,,,,,,
Fe2VAl,Fe2V0.8W0.2Al,X2YZ,W,0.2,V,371.3123,-101.045300,488.5429,,Poly ,Bulk,annealed at 900C for one week,Stoichiometric and off-stoichiometric full Heusler Fe 2 V1−xWxAl thermoelectric systems,,,,,,
Fe2VAl,Fe2V0.8W0.2Al,X2YZ,W,0.2,V,527.9756,-71.777000,520.1256,,Poly ,Bulk,annealed at 900C for one week,Stoichiometric and off-stoichiometric full Heusler Fe 2 V1−xWxAl thermoelectric systems,,,,,,
Fe2VAl,Fe2V0.8W0.2Al,X2YZ,W,0.2,V,720.2442,-43.554000,481.7019,,Poly ,Bulk,annealed at 900C for one week,Stoichiometric and off-stoichiometric full Heusler Fe 2 V1−xWxAl thermoelectric systems,,,,,,
Fe2VAl,Fe2V0.8W0.2Al,X2YZ,W,0.2,V,824.0081,-34.843200,450.9671,,Poly ,Bulk,annealed at 900C for one week,Stoichiometric and off-stoichiometric full Heusler Fe 2 V1−xWxAl thermoelectric systems,,,,,,
Fe2VAl,Fe2V0.95W0.05Al,X2YZ,W,0.05,V,2.0346,-8.013900,525.6676,,Poly ,Bulk,annealed at 900C for one week,Stoichiometric and off-stoichiometric full Heusler Fe 2 V1−xWxAl thermoelectric systems,,,,,,
Fe2VAl,Fe2V0.95W0.05Al,X2YZ,W,0.05,V,82.4008,-70.731700,572.827,,Poly ,Bulk,annealed at 900C for one week,Stoichiometric and off-stoichiometric full Heusler Fe 2 V1−xWxAl thermoelectric systems,,,,,,
Fe2VAl,Fe2V0.95W0.05Al,X2YZ,W,0.05,V,160.7325,-110.104500,656.5878,,Poly ,Bulk,annealed at 900C for one week,Stoichiometric and off-stoichiometric full Heusler Fe 2 V1−xWxAl thermoelectric systems,,,,,,
Fe2VAl,Fe2V0.95W0.05Al,X2YZ,W,0.05,V,246.1851,-132.404200,710.8477,,Poly ,Bulk,annealed at 900C for one week,Stoichiometric and off-stoichiometric full Heusler Fe 2 V1−xWxAl thermoelectric systems,,,,,,
Fe2VAl,Fe2V0.95W0.05Al,X2YZ,W,0.05,V,346.8973,-117.421600,663.1493,,Poly ,Bulk,annealed at 900C for one week,Stoichiometric and off-stoichiometric full Heusler Fe 2 V1−xWxAl thermoelectric systems,,,,,,
Fe2VAl,Fe2V0.95W0.05Al,X2YZ,W,0.05,V,436.4191,-70.383300,567.3326,,Poly ,Bulk,annealed at 900C for one week,Stoichiometric and off-stoichiometric full Heusler Fe 2 V1−xWxAl thermoelectric systems,,,,,,
Fe2VAl,Fe2V0.95W0.05Al,X2YZ,W,0.05,V,572.7365,-32.752600,430.3729,,Poly ,Bulk,annealed at 900C for one week,Stoichiometric and off-stoichiometric full Heusler Fe 2 V1−xWxAl thermoelectric systems,,,,,,
Fe2VAl,Fe2V0.95W0.05Al,X2YZ,W,0.05,V,668.3622,-22.299700,385.3523,,Poly ,Bulk,annealed at 900C for one week,Stoichiometric and off-stoichiometric full Heusler Fe 2 V1−xWxAl thermoelectric systems,,,,,,
Fe2VAl,Fe2V0.95W0.05Al,X2YZ,W,0.05,V,817.9044,-18.118500,346.9616,,Poly ,Bulk,annealed at 900C for one week,Stoichiometric and off-stoichiometric full Heusler Fe 2 V1−xWxAl thermoelectric systems,,,,,,
Fe2VAl,Fe2V0.9W0.1Al,X2YZ,W,0.1,V,15.2594,-10.104500,493.9125,,Poly ,Bulk,annealed at 900C for one week,Stoichiometric and off-stoichiometric full Heusler Fe 2 V1−xWxAl thermoelectric systems,,,,,,
Fe2VAl,Fe2V0.9W0.1Al,X2YZ,W,0.1,V,88.5046,-83.972100,538.0043,,Poly ,Bulk,annealed at 900C for one week,Stoichiometric and off-stoichiometric full Heusler Fe 2 V1−xWxAl thermoelectric systems,,,,,,
Fe2VAl,Fe2V0.9W0.1Al,X2YZ,W,0.1,V,195.3204,-135.540100,750.1571,,Poly ,Bulk,annealed at 900C for one week,Stoichiometric and off-stoichiometric full Heusler Fe 2 V1−xWxAl thermoelectric systems,,,,,,
Fe2VAl,Fe2V0.9W0.1Al,X2YZ,W,0.1,V,268.5656,-158.536600,847.7425,,Poly ,Bulk,annealed at 900C for one week,Stoichiometric and off-stoichiometric full Heusler Fe 2 V1−xWxAl thermoelectric systems,,,,,,
Fe2VAl,Fe2V0.9W0.1Al,X2YZ,W,0.1,V,410.9868,-118.815300,866.6371,,Poly ,Bulk,annealed at 900C for one week,Stoichiometric and off-stoichiometric full Heusler Fe 2 V1−xWxAl thermoelectric systems,,,,,,
Fe2VAl,Fe2V0.9W0.1Al,X2YZ,W,0.1,V,523.9064,-77.700300,791.2228,,Poly ,Bulk,annealed at 900C for one week,Stoichiometric and off-stoichiometric full Heusler Fe 2 V1−xWxAl thermoelectric systems,,,,,,
Fe2VAl,Fe2V0.9W0.1Al,X2YZ,W,0.1,V,662.2584,-46.341500,685.9774,,Poly ,Bulk,annealed at 900C for one week,Stoichiometric and off-stoichiometric full Heusler Fe 2 V1−xWxAl thermoelectric systems,,,,,,
Fe2VAl,Fe2V0.9W0.1Al,X2YZ,W,0.1,V,762.9705,-31.010500,636.9709,,Poly ,Bulk,annealed at 900C for one week,Stoichiometric and off-stoichiometric full Heusler Fe 2 V1−xWxAl thermoelectric systems,,,,,,
Fe2VAl,Fe2V0.9W0.1Al,X2YZ,W,0.1,V,814.8525,-29.616700,617.6801,,Poly ,Bulk,annealed at 900C for one week,Stoichiometric and off-stoichiometric full Heusler Fe 2 V1−xWxAl thermoelectric systems,,,,,,
Fe2VAl,Fe2VAl,X2YZ,X,X,X,7.3949,2.935600,2.91E+03,,Poly ,Bulk,"Ar arc melting, annealed at 1000C for two days then further annealed at 400C for more than 12 hours","Thermoelectric properties of the semimetallic Heusler compounds Fe2-xV1+x M M=(Al, Ga)",,,,,,
Fe2VAl,Fe2VAl,X2YZ,X,X,X,58.1922,13.488400,2.53E+03,,Poly ,Bulk,"Ar arc melting, annealed at 1000C for two days then further annealed at 400C for more than 12 hours","Thermoelectric properties of the semimetallic Heusler compounds Fe2-xV1+x M M=(Al, Ga)",,,,,,
Fe2VAl,Fe2VAl,X2YZ,X,X,X,142.0574,23.639200,2.24E+03,,Poly ,Bulk,"Ar arc melting, annealed at 1000C for two days then further annealed at 400C for more than 12 hours","Thermoelectric properties of the semimetallic Heusler compounds Fe2-xV1+x M M=(Al, Ga)",,,,,,
Fe2VAl,Fe2VAl,X2YZ,X,X,X,212.2031,32.512000,1.87E+03,,Poly ,Bulk,"Ar arc melting, annealed at 1000C for two days then further annealed at 400C for more than 12 hours","Thermoelectric properties of the semimetallic Heusler compounds Fe2-xV1+x M M=(Al, Ga)",,,,,,
Fe2VAl,Fe2VAl,X2YZ,X,X,X,287.0255,41.893700,1.49E+03,,Poly ,Bulk,"Ar arc melting, annealed at 1000C for two days then further annealed at 400C for more than 12 hours","Thermoelectric properties of the semimetallic Heusler compounds Fe2-xV1+x M M=(Al, Ga)",,,,,,
Fe2VAl,Fe1.98V1.02Al,X2YZ,V,1.02,V,6.4927,-4.254100,X,,Poly ,Bulk,"Ar arc melting, annealed at 1000C for two days then further annealed at 400C for more than 12 hours","Thermoelectric properties of the semimetallic Heusler compounds Fe2-xV1+x M M=(Al, Ga)",,,,,,
Fe2VAl,Fe1.98V1.02Al,X2YZ,V,1.02,V,43.0638,-20.011700,3.11E+03,,Poly ,Bulk,"Ar arc melting, annealed at 1000C for two days then further annealed at 400C for more than 12 hours","Thermoelectric properties of the semimetallic Heusler compounds Fe2-xV1+x M M=(Al, Ga)",,,,,,
Fe2VAl,Fe1.98V1.02Al,X2YZ,V,1.02,V,78.7118,-38.498100,3.05E+03,,Poly ,Bulk,"Ar arc melting, annealed at 1000C for two days then further annealed at 400C for more than 12 hours","Thermoelectric properties of the semimetallic Heusler compounds Fe2-xV1+x M M=(Al, Ga)",,,,,,
Fe2VAl,Fe1.98V1.02Al,X2YZ,V,1.02,V,120.0083,-64.155600,2.90E+03,,Poly ,Bulk,"Ar arc melting, annealed at 1000C for two days then further annealed at 400C for more than 12 hours","Thermoelectric properties of the semimetallic Heusler compounds Fe2-xV1+x M M=(Al, Ga)",,,,,,
Fe2VAl,Fe1.98V1.02Al,X2YZ,V,1.02,V,157.8584,-86.601000,2.74E+03,,Poly ,Bulk,"Ar arc melting, annealed at 1000C for two days then further annealed at 400C for more than 12 hours","Thermoelectric properties of the semimetallic Heusler compounds Fe2-xV1+x M M=(Al, Ga)",,,,,,
Fe2VAl,Fe1.98V1.02Al,X2YZ,V,1.02,V,185.0690,-101.889500,2.62E+03,,Poly ,Bulk,"Ar arc melting, annealed at 1000C for two days then further annealed at 400C for more than 12 hours","Thermoelectric properties of the semimetallic Heusler compounds Fe2-xV1+x M M=(Al, Ga)",,,,,,
Fe2VAl,Fe1.98V1.02Al,X2YZ,V,1.02,V,217.5501,-110.223800,2.47E+03,,Poly ,Bulk,"Ar arc melting, annealed at 1000C for two days then further annealed at 400C for more than 12 hours","Thermoelectric properties of the semimetallic Heusler compounds Fe2-xV1+x M M=(Al, Ga)",,,,,,
Fe2VAl,Fe1.98V1.02Al,X2YZ,V,1.02,V,242.8136,-109.408700,2.37E+03,,Poly ,Bulk,"Ar arc melting, annealed at 1000C for two days then further annealed at 400C for more than 12 hours","Thermoelectric properties of the semimetallic Heusler compounds Fe2-xV1+x M M=(Al, Ga)",,,,,,
Fe2VAl,Fe1.98V1.02Al,X2YZ,V,1.02,V,275.5313,-101.633300,2.26E+03,,Poly ,Bulk,"Ar arc melting, annealed at 1000C for two days then further annealed at 400C for more than 12 hours","Thermoelectric properties of the semimetallic Heusler compounds Fe2-xV1+x M M=(Al, Ga)",,,,,,
Fe2VAl,Fe1.98V1.02Al,X2YZ,V,1.02,V,298.2576,-91.903500,2.21E+03,,Poly ,Bulk,"Ar arc melting, annealed at 1000C for two days then further annealed at 400C for more than 12 hours","Thermoelectric properties of the semimetallic Heusler compounds Fe2-xV1+x M M=(Al, Ga)",,,,,,
Fe2VAl,Fe1.95V1.05Al,X2YZ,V,1.05,V,5.8735,-5.247100,4.58E+03,,Poly ,Bulk,"Ar arc melting, annealed at 1000C for two days then further annealed at 400C for more than 12 hours","Thermoelectric properties of the semimetallic Heusler compounds Fe2-xV1+x M M=(Al, Ga)",,,,,,
Fe2VAl,Fe1.95V1.05Al,X2YZ,V,1.05,V,36.8807,-31.925100,4.16E+03,,Poly ,Bulk,"Ar arc melting, annealed at 1000C for two days then further annealed at 400C for more than 12 hours","Thermoelectric properties of the semimetallic Heusler compounds Fe2-xV1+x M M=(Al, Ga)",,,,,,
Fe2VAl,Fe1.95V1.05Al,X2YZ,V,1.05,V,87.2698,-67.470100,3.76E+03,,Poly ,Bulk,"Ar arc melting, annealed at 1000C for two days then further annealed at 400C for more than 12 hours","Thermoelectric properties of the semimetallic Heusler compounds Fe2-xV1+x M M=(Al, Ga)",,,,,,
Fe2VAl,Fe1.95V1.05Al,X2YZ,V,1.05,V,131.3923,-97.084900,3.52E+03,,Poly ,Bulk,"Ar arc melting, annealed at 1000C for two days then further annealed at 400C for more than 12 hours","Thermoelectric properties of the semimetallic Heusler compounds Fe2-xV1+x M M=(Al, Ga)",,,,,,
Fe2VAl,Fe1.95V1.05Al,X2YZ,V,1.05,V,183.3052,-124.942800,3.16E+03,,Poly ,Bulk,"Ar arc melting, annealed at 1000C for two days then further annealed at 400C for more than 12 hours","Thermoelectric properties of the semimetallic Heusler compounds Fe2-xV1+x M M=(Al, Ga)",,,,,,
Fe2VAl,Fe1.95V1.05Al,X2YZ,V,1.05,V,226.3980,-134.486200,2.79E+03,,Poly ,Bulk,"Ar arc melting, annealed at 1000C for two days then further annealed at 400C for more than 12 hours","Thermoelectric properties of the semimetallic Heusler compounds Fe2-xV1+x M M=(Al, Ga)",,,,,,
Fe2VAl,Fe1.95V1.05Al,X2YZ,V,1.05,V,263.5060,-131.655000,2.48E+03,,Poly ,Bulk,"Ar arc melting, annealed at 1000C for two days then further annealed at 400C for more than 12 hours","Thermoelectric properties of the semimetallic Heusler compounds Fe2-xV1+x M M=(Al, Ga)",,,,,,
Fe2VAl,Fe1.95V1.05Al,X2YZ,V,1.05,V,287.1820,-124.896500,2.30E+03,,Poly ,Bulk,"Ar arc melting, annealed at 1000C for two days then further annealed at 400C for more than 12 hours","Thermoelectric properties of the semimetallic Heusler compounds Fe2-xV1+x M M=(Al, Ga)",,,,,,
Fe2VAl,Fe1.89V1.11Al,X2YZ,V,1.11,V,7.7161,0.953900,X,,Poly ,Bulk,"Ar arc melting, annealed at 1000C for two days then further annealed at 400C for more than 12 hours","Thermoelectric properties of the semimetallic Heusler compounds Fe2-xV1+x M M=(Al, Ga)",,,,,,
Fe2VAl,Fe1.89V1.11Al,X2YZ,V,1.11,V,44.3000,-17.529900,8.10E+03,,Poly ,Bulk,"Ar arc melting, annealed at 1000C for two days then further annealed at 400C for more than 12 hours","Thermoelectric properties of the semimetallic Heusler compounds Fe2-xV1+x M M=(Al, Ga)",,,,,,
Fe2VAl,Fe1.89V1.11Al,X2YZ,V,1.11,V,76.8228,-34.786000,6.95E+03,,Poly ,Bulk,"Ar arc melting, annealed at 1000C for two days then further annealed at 400C for more than 12 hours","Thermoelectric properties of the semimetallic Heusler compounds Fe2-xV1+x M M=(Al, Ga)",,,,,,
Fe2VAl,Fe1.89V1.11Al,X2YZ,V,1.11,V,138.6899,-56.667700,5.00E+03,,Poly ,Bulk,"Ar arc melting, annealed at 1000C for two days then further annealed at 400C for more than 12 hours","Thermoelectric properties of the semimetallic Heusler compounds Fe2-xV1+x M M=(Al, Ga)",,,,,,
Fe2VAl,Fe1.89V1.11Al,X2YZ,V,1.11,V,194.3298,-81.045500,3.81E+03,,Poly ,Bulk,"Ar arc melting, annealed at 1000C for two days then further annealed at 400C for more than 12 hours","Thermoelectric properties of the semimetallic Heusler compounds Fe2-xV1+x M M=(Al, Ga)",,,,,,
Fe2VAl,Fe1.89V1.11Al,X2YZ,V,1.11,V,249.3110,-97.990100,2.95E+03,,Poly ,Bulk,"Ar arc melting, annealed at 1000C for two days then further annealed at 400C for more than 12 hours","Thermoelectric properties of the semimetallic Heusler compounds Fe2-xV1+x M M=(Al, Ga)",,,,,,
Fe2VAl,Fe1.89V1.11Al,X2YZ,V,1.11,V,276.4740,-103.117600,2.59E+03,,Poly ,Bulk,"Ar arc melting, annealed at 1000C for two days then further annealed at 400C for more than 12 hours","Thermoelectric properties of the semimetallic Heusler compounds Fe2-xV1+x M M=(Al, Ga)",,,,,,
Fe2VAl,Fe1.89V1.11Al,X2YZ,V,1.11,V,298.0083,-105.287100,2.30E+03,,Poly ,Bulk,"Ar arc melting, annealed at 1000C for two days then further annealed at 400C for more than 12 hours","Thermoelectric properties of the semimetallic Heusler compounds Fe2-xV1+x M M=(Al, Ga)",,,,,,
Fe2VAl,Fe2VGa,X2YZ,Ga,1,Al,8.2670,6.740700,278.6886,,Poly ,Bulk,"Ar arc melting, annealed at 1000C for two days then further annealed at 400C for more than 12 hours","Thermoelectric properties of the semimetallic Heusler compounds Fe2-xV1+x M M=(Al, Ga)",,,,,,
Fe2VAl,Fe2VGa,X2YZ,Ga,1,Al,37.9886,20.326800,290.8814,,Poly ,Bulk,"Ar arc melting, annealed at 1000C for two days then further annealed at 400C for more than 12 hours","Thermoelectric properties of the semimetallic Heusler compounds Fe2-xV1+x M M=(Al, Ga)",,,,,,
Fe2VAl,Fe2VGa,X2YZ,Ga,1,Al,87.1072,30.003500,292.0381,,Poly ,Bulk,"Ar arc melting, annealed at 1000C for two days then further annealed at 400C for more than 12 hours","Thermoelectric properties of the semimetallic Heusler compounds Fe2-xV1+x M M=(Al, Ga)",,,,,,
Fe2VAl,Fe2VGa,X2YZ,Ga,1,Al,133.0020,34.577100,284.6924,,Poly ,Bulk,"Ar arc melting, annealed at 1000C for two days then further annealed at 400C for more than 12 hours","Thermoelectric properties of the semimetallic Heusler compounds Fe2-xV1+x M M=(Al, Ga)",,,,,,
Fe2VAl,Fe2VGa,X2YZ,Ga,1,Al,200.8404,35.098900,277.1361,,Poly ,Bulk,"Ar arc melting, annealed at 1000C for two days then further annealed at 400C for more than 12 hours","Thermoelectric properties of the semimetallic Heusler compounds Fe2-xV1+x M M=(Al, Ga)",,,,,,
Fe2VAl,Fe2VGa,X2YZ,Ga,1,Al,253.0635,34.290000,273.3794,,Poly ,Bulk,"Ar arc melting, annealed at 1000C for two days then further annealed at 400C for more than 12 hours","Thermoelectric properties of the semimetallic Heusler compounds Fe2-xV1+x M M=(Al, Ga)",,,,,,
Fe2VAl,Fe2VGa,X2YZ,Ga,1,Al,287.4510,33.313100,270.9283,,Poly ,Bulk,"Ar arc melting, annealed at 1000C for two days then further annealed at 400C for more than 12 hours","Thermoelectric properties of the semimetallic Heusler compounds Fe2-xV1+x M M=(Al, Ga)",,,,,,
Fe2VAl,Fe1.98V1.02Ga,X2YZ,"Ga, V","1, 1.02","Al, V",9.1723,0.185900,334.145,,Poly ,Bulk,"Ar arc melting, annealed at 1000C for two days then further annealed at 400C for more than 12 hours","Thermoelectric properties of the semimetallic Heusler compounds Fe2-xV1+x M M=(Al, Ga)",,,,,,
Fe2VAl,Fe1.98V1.02Ga,X2YZ,"Ga, V","1, 1.02","Al, V",46.4004,-4.138300,325.7508,,Poly ,Bulk,"Ar arc melting, annealed at 1000C for two days then further annealed at 400C for more than 12 hours","Thermoelectric properties of the semimetallic Heusler compounds Fe2-xV1+x M M=(Al, Ga)",,,,,,
Fe2VAl,Fe1.98V1.02Ga,X2YZ,"Ga, V","1, 1.02","Al, V",88.4100,-7.873700,320.8601,,Poly ,Bulk,"Ar arc melting, annealed at 1000C for two days then further annealed at 400C for more than 12 hours","Thermoelectric properties of the semimetallic Heusler compounds Fe2-xV1+x M M=(Al, Ga)",,,,,,
Fe2VAl,Fe1.98V1.02Ga,X2YZ,"Ga, V","1, 1.02","Al, V",136.2046,-4.754600,316.9716,,Poly ,Bulk,"Ar arc melting, annealed at 1000C for two days then further annealed at 400C for more than 12 hours","Thermoelectric properties of the semimetallic Heusler compounds Fe2-xV1+x M M=(Al, Ga)",,,,,,
Fe2VAl,Fe1.98V1.02Ga,X2YZ,"Ga, V","1, 1.02","Al, V",188.1861,4.488700,309.4769,,Poly ,Bulk,"Ar arc melting, annealed at 1000C for two days then further annealed at 400C for more than 12 hours","Thermoelectric properties of the semimetallic Heusler compounds Fe2-xV1+x M M=(Al, Ga)",,,,,,
Fe2VAl,Fe1.98V1.02Ga,X2YZ,"Ga, V","1, 1.02","Al, V",245.2765,15.486500,294.9232,,Poly ,Bulk,"Ar arc melting, annealed at 1000C for two days then further annealed at 400C for more than 12 hours","Thermoelectric properties of the semimetallic Heusler compounds Fe2-xV1+x M M=(Al, Ga)",,,,,,
Fe2VAl,Fe1.98V1.02Ga,X2YZ,"Ga, V","1, 1.02","Al, V",300.0997,21.528200,290.3062,,Poly ,Bulk,"Ar arc melting, annealed at 1000C for two days then further annealed at 400C for more than 12 hours","Thermoelectric properties of the semimetallic Heusler compounds Fe2-xV1+x M M=(Al, Ga)",,,,,,
Fe2VAl,Fe1.95V1.05Ga,X2YZ,"Ga, V","1, 1.05","Al, V",8.4930,-5.351100,406.4331,,Poly ,Bulk,"Ar arc melting, annealed at 1000C for two days then further annealed at 400C for more than 12 hours","Thermoelectric properties of the semimetallic Heusler compounds Fe2-xV1+x M M=(Al, Ga)",,,,,,
Fe2VAl,Fe1.95V1.05Ga,X2YZ,"Ga, V","1, 1.05","Al, V",25.5971,-17.567500,405.2111,,Poly ,Bulk,"Ar arc melting, annealed at 1000C for two days then further annealed at 400C for more than 12 hours","Thermoelectric properties of the semimetallic Heusler compounds Fe2-xV1+x M M=(Al, Ga)",,,,,,
Fe2VAl,Fe1.95V1.05Ga,X2YZ,"Ga, V","1, 1.05","Al, V",58.8532,-41.564400,395.4919,,Poly ,Bulk,"Ar arc melting, annealed at 1000C for two days then further annealed at 400C for more than 12 hours","Thermoelectric properties of the semimetallic Heusler compounds Fe2-xV1+x M M=(Al, Ga)",,,,,,
Fe2VAl,Fe1.95V1.05Ga,X2YZ,"Ga, V","1, 1.05","Al, V",95.6581,-59.583700,378.0172,,Poly ,Bulk,"Ar arc melting, annealed at 1000C for two days then further annealed at 400C for more than 12 hours","Thermoelectric properties of the semimetallic Heusler compounds Fe2-xV1+x M M=(Al, Ga)",,,,,,
Fe2VAl,Fe1.95V1.05Ga,X2YZ,"Ga, V","1, 1.05","Al, V",126.4945,-66.829600,362.229,,Poly ,Bulk,"Ar arc melting, annealed at 1000C for two days then further annealed at 400C for more than 12 hours","Thermoelectric properties of the semimetallic Heusler compounds Fe2-xV1+x M M=(Al, Ga)",,,,,,
Fe2VAl,Fe1.95V1.05Ga,X2YZ,"Ga, V","1, 1.05","Al, V",160.8852,-67.369400,346.7191,,Poly ,Bulk,"Ar arc melting, annealed at 1000C for two days then further annealed at 400C for more than 12 hours","Thermoelectric properties of the semimetallic Heusler compounds Fe2-xV1+x M M=(Al, Ga)",,,,,,
Fe2VAl,Fe1.95V1.05Ga,X2YZ,"Ga, V","1, 1.05","Al, V",217.3320,-57.246500,327.0499,,Poly ,Bulk,"Ar arc melting, annealed at 1000C for two days then further annealed at 400C for more than 12 hours","Thermoelectric properties of the semimetallic Heusler compounds Fe2-xV1+x M M=(Al, Ga)",,,,,,
Fe2VAl,Fe1.95V1.05Ga,X2YZ,"Ga, V","1, 1.05","Al, V",287.8652,-37.490600,302.1146,,Poly ,Bulk,"Ar arc melting, annealed at 1000C for two days then further annealed at 400C for more than 12 hours","Thermoelectric properties of the semimetallic Heusler compounds Fe2-xV1+x M M=(Al, Ga)",,,,,,
Fe2VAl,Fe1.89V1.11Ga,X2YZ,"Ga, V","1, 1.11","Al, V",8.1979,-2.292000,638.8437,,Poly ,Bulk,"Ar arc melting, annealed at 1000C for two days then further annealed at 400C for more than 12 hours","Thermoelectric properties of the semimetallic Heusler compounds Fe2-xV1+x M M=(Al, Ga)",,,,,,
Fe2VAl,Fe1.89V1.11Ga,X2YZ,"Ga, V","1, 1.11","Al, V",54.9435,-11.412000,648.8887,,Poly ,Bulk,"Ar arc melting, annealed at 1000C for two days then further annealed at 400C for more than 12 hours","Thermoelectric properties of the semimetallic Heusler compounds Fe2-xV1+x M M=(Al, Ga)",,,,,,
Fe2VAl,Fe1.89V1.11Ga,X2YZ,"Ga, V","1, 1.11","Al, V",108.6844,-21.980100,618.9834,,Poly ,Bulk,"Ar arc melting, annealed at 1000C for two days then further annealed at 400C for more than 12 hours","Thermoelectric properties of the semimetallic Heusler compounds Fe2-xV1+x M M=(Al, Ga)",,,,,,
Fe2VAl,Fe1.89V1.11Ga,X2YZ,"Ga, V","1, 1.11","Al, V",164.6602,-31.816900,573.9328,,Poly ,Bulk,"Ar arc melting, annealed at 1000C for two days then further annealed at 400C for more than 12 hours","Thermoelectric properties of the semimetallic Heusler compounds Fe2-xV1+x M M=(Al, Ga)",,,,,,
Fe2VAl,Fe1.89V1.11Ga,X2YZ,"Ga, V","1, 1.11","Al, V",207.9393,-36.133500,532.7594,,Poly ,Bulk,"Ar arc melting, annealed at 1000C for two days then further annealed at 400C for more than 12 hours","Thermoelectric properties of the semimetallic Heusler compounds Fe2-xV1+x M M=(Al, Ga)",,,,,,
Fe2VAl,Fe1.89V1.11Ga,X2YZ,"Ga, V","1, 1.11","Al, V",255.3853,-36.948400,489.3404,,Poly ,Bulk,"Ar arc melting, annealed at 1000C for two days then further annealed at 400C for more than 12 hours","Thermoelectric properties of the semimetallic Heusler compounds Fe2-xV1+x M M=(Al, Ga)",,,,,,
Fe2VAl,Fe1.89V1.11Ga,X2YZ,"Ga, V","1, 1.11","Al, V",298.7134,-34.854700,458.542,,Poly ,Bulk,"Ar arc melting, annealed at 1000C for two days then further annealed at 400C for more than 12 hours","Thermoelectric properties of the semimetallic Heusler compounds Fe2-xV1+x M M=(Al, Ga)",,,,,,
TiMnSi2,TiMnSi2,X2YZ,X,X,X,387.856100,12.6368,22.2764,,Poly ,Bulk,arc melting,Thermoelectric Properties of Zr 3 Mn4 Si 6 and TiMnSi 2,,,,,,
TiMnSi2,TiMnSi2,X2YZ,X,X,X,582.667600,16.9605,17.7181,,Poly ,Bulk,arc melting,Thermoelectric Properties of Zr 3 Mn4 Si 6 and TiMnSi 2,,,,,,
TiMnSi2,TiMnSi2,X2YZ,X,X,X,777.512300,20.4565,11.2394,,Poly ,Bulk,arc melting,Thermoelectric Properties of Zr 3 Mn4 Si 6 and TiMnSi 2,,,,,,
TiMnSi2,TiMnSi2,X2YZ,X,X,X,888.156900,22.6396,13.3927,,Poly ,Bulk,arc melting,Thermoelectric Properties of Zr 3 Mn4 Si 6 and TiMnSi 2,,,,,,
TiMnSi2,TiMnSi2,X2YZ,X,X,X,989.214800,23.772,22.4902,,Poly ,Bulk,arc melting,Thermoelectric Properties of Zr 3 Mn4 Si 6 and TiMnSi 2,,,,,,
TiMnSi2,TiMnSi2,X2YZ,X,X,X,1181.700000,27.134,67.6669,,Poly ,Bulk,arc melting,Thermoelectric Properties of Zr 3 Mn4 Si 6 and TiMnSi 2,,,,,,
Fe2VAl,Fe2VAl,X2YZ,X,X,X,10.3321,2.8546,2.88E-05,,Poly ,Bulk,"Ar arc-melting furnace, annealed in a vacuum-sealed (1025 torr! quartz tube at 1000 °C for 2 days, and then further annealed at 400 °C for more than 12 h",thermoelectric-properties-of-the-semimetallic-heusler-30z198f97w.pdf | Powered by Box,,,,,,
Fe2VAl,Fe2VAl,X2YZ,X,X,X,86.5314,16.4112,2.49E-05,,Poly ,Bulk,"Ar arc-melting furnace, annealed in a vacuum-sealed (1025 torr! quartz tube at 1000 °C for 2 days, and then further annealed at 400 °C for more than 12 h",thermoelectric-properties-of-the-semimetallic-heusler-30z198f97w.pdf | Powered by Box,,,,,,
Fe2VAl,Fe2VAl,X2YZ,X,X,X,151.107,23.7799,2.17E-05,,Poly ,Bulk,"Ar arc-melting furnace, annealed in a vacuum-sealed (1025 torr! quartz tube at 1000 °C for 2 days, and then further annealed at 400 °C for more than 12 h",thermoelectric-properties-of-the-semimetallic-heusler-30z198f97w.pdf | Powered by Box,,,,,,
Fe2VAl,Fe2VAl,X2YZ,X,X,X,223.4317,33.2226,1.81E-05,,Poly ,Bulk,"Ar arc-melting furnace, annealed in a vacuum-sealed (1025 torr! quartz tube at 1000 °C for 2 days, and then further annealed at 400 °C for more than 12 h",thermoelectric-properties-of-the-semimetallic-heusler-30z198f97w.pdf | Powered by Box,,,,,,
Fe2VAl,Fe2VAl,X2YZ,X,X,X,287.3616,40.5895,1.45E-05,,Poly ,Bulk,"Ar arc-melting furnace, annealed in a vacuum-sealed (1025 torr! quartz tube at 1000 °C for 2 days, and then further annealed at 400 °C for more than 12 h",thermoelectric-properties-of-the-semimetallic-heusler-30z198f97w.pdf | Powered by Box,,,,,,
Fe2VAl,Fe1.98V1.02Al,X2YZ,V,0.02,Fe,7.1976,-2.8571,3.09E-05,,Poly ,Bulk,"Ar arc-melting furnace, annealed in a vacuum-sealed (1025 torr! quartz tube at 1000 °C for 2 days, and then further annealed at 400 °C for more than 12 h",thermoelectric-properties-of-the-semimetallic-heusler-30z198f97w.pdf | Powered by Box,,,,,,
Fe2VAl,Fe1.98V1.02Al,X2YZ,V,0.02,Fe,57.0842,-27.3466,3.05E-05,,Poly ,Bulk,"Ar arc-melting furnace, annealed in a vacuum-sealed (1025 torr! quartz tube at 1000 °C for 2 days, and then further annealed at 400 °C for more than 12 h",thermoelectric-properties-of-the-semimetallic-heusler-30z198f97w.pdf | Powered by Box,,,,,,
Fe2VAl,Fe1.98V1.02Al,X2YZ,V,0.02,Fe,114.5167,-59.804,2.92E-05,,Poly ,Bulk,"Ar arc-melting furnace, annealed in a vacuum-sealed (1025 torr! quartz tube at 1000 °C for 2 days, and then further annealed at 400 °C for more than 12 h",thermoelectric-properties-of-the-semimetallic-heusler-30z198f97w.pdf | Powered by Box,,,,,,
Fe2VAl,Fe1.98V1.02Al,X2YZ,V,0.02,Fe,163.1457,-90.9555,2.74E-05,,Poly ,Bulk,"Ar arc-melting furnace, annealed in a vacuum-sealed (1025 torr! quartz tube at 1000 °C for 2 days, and then further annealed at 400 °C for more than 12 h",thermoelectric-properties-of-the-semimetallic-heusler-30z198f97w.pdf | Powered by Box,,,,,,
Fe2VAl,Fe1.98V1.02Al,X2YZ,V,0.02,Fe,210.9362,-109.4587,2.51E-05,,Poly ,Bulk,"Ar arc-melting furnace, annealed in a vacuum-sealed (1025 torr! quartz tube at 1000 °C for 2 days, and then further annealed at 400 °C for more than 12 h",thermoelectric-properties-of-the-semimetallic-heusler-30z198f97w.pdf | Powered by Box,,,,,,
Fe2VAl,Fe1.98V1.02Al,X2YZ,V,0.02,Fe,246.9887,-110.0189,2.36E-05,,Poly ,Bulk,"Ar arc-melting furnace, annealed in a vacuum-sealed (1025 torr! quartz tube at 1000 °C for 2 days, and then further annealed at 400 °C for more than 12 h",thermoelectric-properties-of-the-semimetallic-heusler-30z198f97w.pdf | Powered by Box,,,,,,
Fe2VAl,Fe1.98V1.02Al,X2YZ,V,0.02,Fe,298.9714,-91.8891,2.18E-05,,Poly ,Bulk,"Ar arc-melting furnace, annealed in a vacuum-sealed (1025 torr! quartz tube at 1000 °C for 2 days, and then further annealed at 400 °C for more than 12 h",thermoelectric-properties-of-the-semimetallic-heusler-30z198f97w.pdf | Powered by Box,,,,,,
Fe2VAl,Fe1.95V1.05Al,X2YZ,V,0.05,Fe,7.3988,-5.6379,4.61E-05,,Poly ,Bulk,"Ar arc-melting furnace, annealed in a vacuum-sealed (1025 torr! quartz tube at 1000 °C for 2 days, and then further annealed at 400 °C for more than 12 h",thermoelectric-properties-of-the-semimetallic-heusler-30z198f97w.pdf | Powered by Box,,,,,,
Fe2VAl,Fe1.95V1.05Al,X2YZ,V,0.05,Fe,58.0079,-47.5761,4.04E-05,,Poly ,Bulk,"Ar arc-melting furnace, annealed in a vacuum-sealed (1025 torr! quartz tube at 1000 °C for 2 days, and then further annealed at 400 °C for more than 12 h",thermoelectric-properties-of-the-semimetallic-heusler-30z198f97w.pdf | Powered by Box,,,,,,
Fe2VAl,Fe1.95V1.05Al,X2YZ,V,0.05,Fe,107.1847,-81.1769,3.67E-05,,Poly ,Bulk,"Ar arc-melting furnace, annealed in a vacuum-sealed (1025 torr! quartz tube at 1000 °C for 2 days, and then further annealed at 400 °C for more than 12 h",thermoelectric-properties-of-the-semimetallic-heusler-30z198f97w.pdf | Powered by Box,,,,,,
Fe2VAl,Fe1.95V1.05Al,X2YZ,V,0.05,Fe,161.6134,-115.5208,3.37E-05,,Poly ,Bulk,"Ar arc-melting furnace, annealed in a vacuum-sealed (1025 torr! quartz tube at 1000 °C for 2 days, and then further annealed at 400 °C for more than 12 h",thermoelectric-properties-of-the-semimetallic-heusler-30z198f97w.pdf | Powered by Box,,,,,,
Fe2VAl,Fe1.95V1.05Al,X2YZ,V,0.05,Fe,203.6285,-132.0806,3.03E-05,,Poly ,Bulk,"Ar arc-melting furnace, annealed in a vacuum-sealed (1025 torr! quartz tube at 1000 °C for 2 days, and then further annealed at 400 °C for more than 12 h",thermoelectric-properties-of-the-semimetallic-heusler-30z198f97w.pdf | Powered by Box,,,,,,
Fe2VAl,Fe1.95V1.05Al,X2YZ,V,0.05,Fe,244.2112,-134.6157,2.68E-05,,Poly ,Bulk,"Ar arc-melting furnace, annealed in a vacuum-sealed (1025 torr! quartz tube at 1000 °C for 2 days, and then further annealed at 400 °C for more than 12 h",thermoelectric-properties-of-the-semimetallic-heusler-30z198f97w.pdf | Powered by Box,,,,,,
Fe2VAl,Fe1.95V1.05Al,X2YZ,V,0.05,Fe,288.6136,-125.3859,2.32E-05,,Poly ,Bulk,"Ar arc-melting furnace, annealed in a vacuum-sealed (1025 torr! quartz tube at 1000 °C for 2 days, and then further annealed at 400 °C for more than 12 h",thermoelectric-properties-of-the-semimetallic-heusler-30z198f97w.pdf | Powered by Box,,,,,,
Fe2VAl,Fe1.89V1.11Al,X2YZ,V,0.11,Fe,8.6359,0.5685,1.15E-04,,Poly ,Bulk,"Ar arc-melting furnace, annealed in a vacuum-sealed (1025 torr! quartz tube at 1000 °C for 2 days, and then further annealed at 400 °C for more than 12 h",thermoelectric-properties-of-the-semimetallic-heusler-30z198f97w.pdf | Powered by Box,,,,,,
Fe2VAl,Fe1.89V1.11Al,X2YZ,V,0.11,Fe,63.2604,-27.5025,7.50E-05,,Poly ,Bulk,"Ar arc-melting furnace, annealed in a vacuum-sealed (1025 torr! quartz tube at 1000 °C for 2 days, and then further annealed at 400 °C for more than 12 h",thermoelectric-properties-of-the-semimetallic-heusler-30z198f97w.pdf | Powered by Box,,,,,,
Fe2VAl,Fe1.89V1.11Al,X2YZ,V,0.11,Fe,120.9196,-49.0233,5.66E-05,,Poly ,Bulk,"Ar arc-melting furnace, annealed in a vacuum-sealed (1025 torr! quartz tube at 1000 °C for 2 days, and then further annealed at 400 °C for more than 12 h",thermoelectric-properties-of-the-semimetallic-heusler-30z198f97w.pdf | Powered by Box,,,,,,
Fe2VAl,Fe1.89V1.11Al,X2YZ,V,0.11,Fe,170.3418,-69.8796,4.46E-05,,Poly ,Bulk,"Ar arc-melting furnace, annealed in a vacuum-sealed (1025 torr! quartz tube at 1000 °C for 2 days, and then further annealed at 400 °C for more than 12 h",thermoelectric-properties-of-the-semimetallic-heusler-30z198f97w.pdf | Powered by Box,,,,,,
Fe2VAl,Fe1.89V1.11Al,X2YZ,V,0.11,Fe,233.6369,-95.171,3.22E-05,,Poly ,Bulk,"Ar arc-melting furnace, annealed in a vacuum-sealed (1025 torr! quartz tube at 1000 °C for 2 days, and then further annealed at 400 °C for more than 12 h",thermoelectric-properties-of-the-semimetallic-heusler-30z198f97w.pdf | Powered by Box,,,,,,
Fe2VAl,Fe1.89V1.11Al,X2YZ,V,0.11,Fe,299.0996,-105.3076,2.32E-05,,Poly ,Bulk,"Ar arc-melting furnace, annealed in a vacuum-sealed (1025 torr! quartz tube at 1000 °C for 2 days, and then further annealed at 400 °C for more than 12 h",thermoelectric-properties-of-the-semimetallic-heusler-30z198f97w.pdf | Powered by Box,,,,,,
Fe2VGa,Fe2VGa,X2YZ,X,X,X,9.6398,6.8686,2.78E-06,,Poly ,Bulk,"arc-melting, annealed at 600 °C and then 400 °C",thermoelectric-properties-of-the-semimetallic-heusler-30z198f97w.pdf | Powered by Box,,,,,,
Fe2VGa,Fe2VGa,X2YZ,X,X,X,50.4237,22.1935,2.96E-06,,Poly ,Bulk,"arc-melting, annealed at 600 °C and then 400 °C",thermoelectric-properties-of-the-semimetallic-heusler-30z198f97w.pdf | Powered by Box,,,,,,
Fe2VGa,Fe2VGa,X2YZ,X,X,X,107.5212,32.0995,2.91E-06,,Poly ,Bulk,"arc-melting, annealed at 600 °C and then 400 °C",thermoelectric-properties-of-the-semimetallic-heusler-30z198f97w.pdf | Powered by Box,,,,,,
Fe2VGa,Fe2VGa,X2YZ,X,X,X,171.2924,34.8788,2.87E-06,,Poly ,Bulk,"arc-melting, annealed at 600 °C and then 400 °C",thermoelectric-properties-of-the-semimetallic-heusler-30z198f97w.pdf | Powered by Box,,,,,,
Fe2VGa,Fe2VGa,X2YZ,X,X,X,240.2542,33.587,2.79E-06,,Poly ,Bulk,"arc-melting, annealed at 600 °C and then 400 °C",thermoelectric-properties-of-the-semimetallic-heusler-30z198f97w.pdf | Powered by Box,,,,,,
Fe2VGa,Fe2VGa,X2YZ,X,X,X,287.7119,32.614,2.77E-06,,Poly ,Bulk,"arc-melting, annealed at 600 °C and then 400 °C",thermoelectric-properties-of-the-semimetallic-heusler-30z198f97w.pdf | Powered by Box,,,,,,
Fe2VGa,Fe1.98V1.02Ga,X2YZ,V,0.02,Fe,10.3814,-0.2638,3.39E-06,,Poly ,Bulk,"arc-melting, annealed at 600 °C and then 400 °C",thermoelectric-properties-of-the-semimetallic-heusler-30z198f97w.pdf | Powered by Box,,,,,,
Fe2VGa,Fe1.98V1.02Ga,X2YZ,V,0.02,Fe,92.6907,-7.9964,3.26E-06,,Poly ,Bulk,"arc-melting, annealed at 600 °C and then 400 °C",thermoelectric-properties-of-the-semimetallic-heusler-30z198f97w.pdf | Powered by Box,,,,,,
Fe2VGa,Fe1.98V1.02Ga,X2YZ,V,0.02,Fe,146.822,-3.5281,3.22E-06,,Poly ,Bulk,"arc-melting, annealed at 600 °C and then 400 °C",thermoelectric-properties-of-the-semimetallic-heusler-30z198f97w.pdf | Powered by Box,,,,,,
Fe2VGa,Fe1.98V1.02Ga,X2YZ,V,0.02,Fe,215.0424,9.4457,3.09E-06,,Poly ,Bulk,"arc-melting, annealed at 600 °C and then 400 °C",thermoelectric-properties-of-the-semimetallic-heusler-30z198f97w.pdf | Powered by Box,,,,,,
Fe2VGa,Fe1.98V1.02Ga,X2YZ,V,0.02,Fe,262.5,17.6439,2.98E-06,,Poly ,Bulk,"arc-melting, annealed at 600 °C and then 400 °C",thermoelectric-properties-of-the-semimetallic-heusler-30z198f97w.pdf | Powered by Box,,,,,,
Fe2VGa,Fe1.98V1.02Ga,X2YZ,V,0.02,Fe,299.5763,20.3973,2.96E-06,,Poly ,Bulk,"arc-melting, annealed at 600 °C and then 400 °C",thermoelectric-properties-of-the-semimetallic-heusler-30z198f97w.pdf | Powered by Box,,,,,,
Fe2VGa,Fe1.95V1.05Ga,X2YZ,V,0.05,Fe,10.3814,-5.0193,4.10E-06,,Poly ,Bulk,"arc-melting, annealed at 600 °C and then 400 °C",thermoelectric-properties-of-the-semimetallic-heusler-30z198f97w.pdf | Powered by Box,,,,,,
Fe2VGa,Fe1.95V1.05Ga,X2YZ,V,0.05,Fe,45.2331,-30.461,4.06E-06,,Poly ,Bulk,"arc-melting, annealed at 600 °C and then 400 °C",thermoelectric-properties-of-the-semimetallic-heusler-30z198f97w.pdf | Powered by Box,,,,,,
Fe2VGa,Fe1.95V1.05Ga,X2YZ,V,0.05,Fe,77.1186,-51.8295,3.95E-06,,Poly ,Bulk,"arc-melting, annealed at 600 °C and then 400 °C",thermoelectric-properties-of-the-semimetallic-heusler-30z198f97w.pdf | Powered by Box,,,,,,
Fe2VGa,Fe1.95V1.05Ga,X2YZ,V,0.05,Fe,117.161,-65.7173,3.71E-06,,Poly ,Bulk,"arc-melting, annealed at 600 °C and then 400 °C",thermoelectric-properties-of-the-semimetallic-heusler-30z198f97w.pdf | Powered by Box,,,,,,
Fe2VGa,Fe1.95V1.05Ga,X2YZ,V,0.05,Fe,146.822,-68.4059,3.60E-06,,Poly ,Bulk,"arc-melting, annealed at 600 °C and then 400 °C",thermoelectric-properties-of-the-semimetallic-heusler-30z198f97w.pdf | Powered by Box,,,,,,
Fe2VGa,Fe1.95V1.05Ga,X2YZ,V,0.05,Fe,181.6737,-64.9753,3.48E-06,,Poly ,Bulk,"arc-melting, annealed at 600 °C and then 400 °C",thermoelectric-properties-of-the-semimetallic-heusler-30z198f97w.pdf | Powered by Box,,,,,,
Fe2VGa,Fe1.95V1.05Ga,X2YZ,V,0.05,Fe,236.5466,-53.3731,3.29E-06,,Poly ,Bulk,"arc-melting, annealed at 600 °C and then 400 °C",thermoelectric-properties-of-the-semimetallic-heusler-30z198f97w.pdf | Powered by Box,,,,,,
Fe2VGa,Fe1.95V1.05Ga,X2YZ,V,0.05,Fe,290.678,-37.6956,3.09E-06,,Poly ,Bulk,"arc-melting, annealed at 600 °C and then 400 °C",thermoelectric-properties-of-the-semimetallic-heusler-30z198f97w.pdf | Powered by Box,,,,,,
Fe2VGa,Fe1.89V1.11Ga,X2YZ,V,0.11,Fe,10.3814,-2.6415,6.43E-06,,Poly ,Bulk,"arc-melting, annealed at 600 °C and then 400 °C",thermoelectric-properties-of-the-semimetallic-heusler-30z198f97w.pdf | Powered by Box,,,,,,
Fe2VGa,Fe1.89V1.11Ga,X2YZ,V,0.11,Fe,71.928,-14.4704,6.50E-06,,Poly ,Bulk,"arc-melting, annealed at 600 °C and then 400 °C",thermoelectric-properties-of-the-semimetallic-heusler-30z198f97w.pdf | Powered by Box,,,,,,
Fe2VGa,Fe1.89V1.11Ga,X2YZ,V,0.11,Fe,137.1822,-26.6353,6.07E-06,,Poly ,Bulk,"arc-melting, annealed at 600 °C and then 400 °C",thermoelectric-properties-of-the-semimetallic-heusler-30z198f97w.pdf | Powered by Box,,,,,,
Fe2VGa,Fe1.89V1.11Ga,X2YZ,V,0.11,Fe,201.6949,-36.4233,5.49E-06,,Poly ,Bulk,"arc-melting, annealed at 600 °C and then 400 °C",thermoelectric-properties-of-the-semimetallic-heusler-30z198f97w.pdf | Powered by Box,,,,,,
Fe2VGa,Fe1.89V1.11Ga,X2YZ,V,0.11,Fe,255.8263,-37.3897,5.02E-06,,Poly ,Bulk,"arc-melting, annealed at 600 °C and then 400 °C",thermoelectric-properties-of-the-semimetallic-heusler-30z198f97w.pdf | Powered by Box,,,,,,
Fe2VGa,Fe1.89V1.11Ga,X2YZ,V,0.11,Fe,298.8347,-35.6496,4.69E-06,,Poly ,Bulk,"arc-melting, annealed at 600 °C and then 400 °C",thermoelectric-properties-of-the-semimetallic-heusler-30z198f97w.pdf | Powered by Box,,,,,,
Fe2VAl,Fe2VAl,X2YZ,X,X,X,10.2911,-9.6889,9.92E-05,,Poly,Bulk,"arc-melting, spark plasm sinterins, and annealing processes. homogenized at 1653 K for 20 min using induction heatin. annealed at 1648 K for 10 min. ",Effect of magnetic entropy in the thermoelectric properties of Fe-doped Fe2VAl full-Heusler alloy,,,,,,
Fe2VAl,Fe2VAl,X2YZ,X,X,X,41.1578,-35.9240,1.20E-04,,Poly,Bulk,"arc-melting, spark plasm sinterins, and annealing processes. homogenized at 1653 K for 20 min using induction heatin. annealed at 1648 K for 10 min. ",Effect of magnetic entropy in the thermoelectric properties of Fe-doped Fe2VAl full-Heusler alloy,,,,,,
Fe2VAl,Fe2VAl,X2YZ,X,X,X,78.0144,-62.0126,1.28E-04,,Poly,Bulk,"arc-melting, spark plasm sinterins, and annealing processes. homogenized at 1653 K for 20 min using induction heatin. annealed at 1648 K for 10 min. ",Effect of magnetic entropy in the thermoelectric properties of Fe-doped Fe2VAl full-Heusler alloy,,,,,,
Fe2VAl,Fe2VAl,X2YZ,X,X,X,121.7083,-84.3125,1.13E-04,,Poly,Bulk,"arc-melting, spark plasm sinterins, and annealing processes. homogenized at 1653 K for 20 min using induction heatin. annealed at 1648 K for 10 min. ",Effect of magnetic entropy in the thermoelectric properties of Fe-doped Fe2VAl full-Heusler alloy,,,,,,
Fe2VAl,Fe2VAl,X2YZ,X,X,X,165.9641,-102.8356,1.04E-04,,Poly,Bulk,"arc-melting, spark plasm sinterins, and annealing processes. homogenized at 1653 K for 20 min using induction heatin. annealed at 1648 K for 10 min. ",Effect of magnetic entropy in the thermoelectric properties of Fe-doped Fe2VAl full-Heusler alloy,,,,,,
Fe2VAl,Fe2VAl,X2YZ,X,X,X,216.7683,-115.9524,9.54E-05,,Poly,Bulk,"arc-melting, spark plasm sinterins, and annealing processes. homogenized at 1653 K for 20 min using induction heatin. annealed at 1648 K for 10 min. ",Effect of magnetic entropy in the thermoelectric properties of Fe-doped Fe2VAl full-Heusler alloy,,,,,,
Fe2VAl,Fe2VAl,X2YZ,X,X,X,262.9888,-120.4481,8.55E-05,,Poly,Bulk,"arc-melting, spark plasm sinterins, and annealing processes. homogenized at 1653 K for 20 min using induction heatin. annealed at 1648 K for 10 min. ",Effect of magnetic entropy in the thermoelectric properties of Fe-doped Fe2VAl full-Heusler alloy,,,,,,
Fe2VAl,Fe2VAl,X2YZ,X,X,X,316.6076,-116.9737,7.49E-05,,Poly,Bulk,"arc-melting, spark plasm sinterins, and annealing processes. homogenized at 1653 K for 20 min using induction heatin. annealed at 1648 K for 10 min. ",Effect of magnetic entropy in the thermoelectric properties of Fe-doped Fe2VAl full-Heusler alloy,,,,,,
Fe2VAl,Fe2VAl,X2YZ,X,X,X,348.2581,-111.6538,7.11E-05,,Poly,Bulk,"arc-melting, spark plasm sinterins, and annealing processes. homogenized at 1653 K for 20 min using induction heatin. annealed at 1648 K for 10 min. ",Effect of magnetic entropy in the thermoelectric properties of Fe-doped Fe2VAl full-Heusler alloy,,,,,,
Fe2VAl,Fe2.05VAl0.95,X2YZ,Al,0.95,Al,9.9963,-5.5093,6.15E-05,,Poly,Bulk,"arc-melting, spark plasm sinterins, and annealing processes. homogenized at 1653 K for 20 min using induction heatin. annealed at 1648 K for 10 min. ",Effect of magnetic entropy in the thermoelectric properties of Fe-doped Fe2VAl full-Heusler alloy,,,,,,
Fe2VAl,Fe2.05VAl0.95,X2YZ,Al,0.95,Al,69.9444,-25.6204,6.99E-05,,Poly,Bulk,"arc-melting, spark plasm sinterins, and annealing processes. homogenized at 1653 K for 20 min using induction heatin. annealed at 1648 K for 10 min. ",Effect of magnetic entropy in the thermoelectric properties of Fe-doped Fe2VAl full-Heusler alloy,,,,,,
Fe2VAl,Fe2.05VAl0.95,X2YZ,Al,0.95,Al,118.7727,-47.9104,8.54E-05,,Poly,Bulk,"arc-melting, spark plasm sinterins, and annealing processes. homogenized at 1653 K for 20 min using induction heatin. annealed at 1648 K for 10 min. ",Effect of magnetic entropy in the thermoelectric properties of Fe-doped Fe2VAl full-Heusler alloy,,,,,,
Fe2VAl,Fe2.05VAl0.95,X2YZ,Al,0.95,Al,165.3047,-63.8671,8.81E-05,,Poly,Bulk,"arc-melting, spark plasm sinterins, and annealing processes. homogenized at 1653 K for 20 min using induction heatin. annealed at 1648 K for 10 min. ",Effect of magnetic entropy in the thermoelectric properties of Fe-doped Fe2VAl full-Heusler alloy,,,,,,
Fe2VAl,Fe2.05VAl0.95,X2YZ,Al,0.95,Al,218.9619,-77.2481,8.10E-05,,Poly,Bulk,"arc-melting, spark plasm sinterins, and annealing processes. homogenized at 1653 K for 20 min using induction heatin. annealed at 1648 K for 10 min. ",Effect of magnetic entropy in the thermoelectric properties of Fe-doped Fe2VAl full-Heusler alloy,,,,,,
Fe2VAl,Fe2.05VAl0.95,X2YZ,Al,0.95,Al,286.0144,-85.6141,7.39E-05,,Poly,Bulk,"arc-melting, spark plasm sinterins, and annealing processes. homogenized at 1653 K for 20 min using induction heatin. annealed at 1648 K for 10 min. ",Effect of magnetic entropy in the thermoelectric properties of Fe-doped Fe2VAl full-Heusler alloy,,,,,,
Fe2VAl,Fe2.05VAl0.95,X2YZ,Al,0.95,Al,313.1108,-84.6180,7.10E-05,,Poly,Bulk,"arc-melting, spark plasm sinterins, and annealing processes. homogenized at 1653 K for 20 min using induction heatin. annealed at 1648 K for 10 min. ",Effect of magnetic entropy in the thermoelectric properties of Fe-doped Fe2VAl full-Heusler alloy,,,,,,
Fe2VAl,Fe2.05VAl0.95,X2YZ,Al,0.95,Al,347.6220,-82.9334,6.66E-05,,Poly,Bulk,"arc-melting, spark plasm sinterins, and annealing processes. homogenized at 1653 K for 20 min using induction heatin. annealed at 1648 K for 10 min. ",Effect of magnetic entropy in the thermoelectric properties of Fe-doped Fe2VAl full-Heusler alloy,,,,,,
Fe2VAl,Fe2.03VAl0.97,X2YZ,Al,0.97,Al,10.2846,-6.8572,8.32E-05,,Poly,Bulk,"arc-melting, spark plasm sinterins, and annealing processes. homogenized at 1653 K for 20 min using induction heatin. annealed at 1648 K for 10 min. ",Effect of magnetic entropy in the thermoelectric properties of Fe-doped Fe2VAl full-Heusler alloy,,,,,,
Fe2VAl,Fe2.03VAl0.97,X2YZ,Al,0.97,Al,47.1360,-30.6535,1.03E-04,,Poly,Bulk,"arc-melting, spark plasm sinterins, and annealing processes. homogenized at 1653 K for 20 min using induction heatin. annealed at 1648 K for 10 min. ",Effect of magnetic entropy in the thermoelectric properties of Fe-doped Fe2VAl full-Heusler alloy,,,,,,
Fe2VAl,Fe2.03VAl0.97,X2YZ,Al,0.97,Al,79.7019,-51.4916,1.24E-04,,Poly,Bulk,"arc-melting, spark plasm sinterins, and annealing processes. homogenized at 1653 K for 20 min using induction heatin. annealed at 1648 K for 10 min. ",Effect of magnetic entropy in the thermoelectric properties of Fe-doped Fe2VAl full-Heusler alloy,,,,,,
Fe2VAl,Fe2.03VAl0.97,X2YZ,Al,0.97,Al,122.2480,-70.8271,1.16E-04,,Poly,Bulk,"arc-melting, spark plasm sinterins, and annealing processes. homogenized at 1653 K for 20 min using induction heatin. annealed at 1648 K for 10 min. ",Effect of magnetic entropy in the thermoelectric properties of Fe-doped Fe2VAl full-Heusler alloy,,,,,,
Fe2VAl,Fe2.03VAl0.97,X2YZ,Al,0.97,Al,173.9175,-88.1224,9.90E-05,,Poly,Bulk,"arc-melting, spark plasm sinterins, and annealing processes. homogenized at 1653 K for 20 min using induction heatin. annealed at 1648 K for 10 min. ",Effect of magnetic entropy in the thermoelectric properties of Fe-doped Fe2VAl full-Heusler alloy,,,,,,
Fe2VAl,Fe2.03VAl0.97,X2YZ,Al,0.97,Al,227.8560,-99.7499,9.16E-05,,Poly,Bulk,"arc-melting, spark plasm sinterins, and annealing processes. homogenized at 1653 K for 20 min using induction heatin. annealed at 1648 K for 10 min. ",Effect of magnetic entropy in the thermoelectric properties of Fe-doped Fe2VAl full-Heusler alloy,,,,,,
Fe2VAl,Fe2.03VAl0.97,X2YZ,Al,0.97,Al,268.9408,-103.7160,8.41E-05,,Poly,Bulk,"arc-melting, spark plasm sinterins, and annealing processes. homogenized at 1653 K for 20 min using induction heatin. annealed at 1648 K for 10 min. ",Effect of magnetic entropy in the thermoelectric properties of Fe-doped Fe2VAl full-Heusler alloy,,,,,,
Fe2VAl,Fe2.03VAl0.97,X2YZ,Al,0.97,Al,318.2834,-101.3286,7.50E-05,,Poly,Bulk,"arc-melting, spark plasm sinterins, and annealing processes. homogenized at 1653 K for 20 min using induction heatin. annealed at 1648 K for 10 min. ",Effect of magnetic entropy in the thermoelectric properties of Fe-doped Fe2VAl full-Heusler alloy,,,,,,
Fe2VAl,Fe2.03VAl0.97,X2YZ,Al,0.97,Al,344.2323,-97.5030,7.17E-05,,Poly,Bulk,"arc-melting, spark plasm sinterins, and annealing processes. homogenized at 1653 K for 20 min using induction heatin. annealed at 1648 K for 10 min. ",Effect of magnetic entropy in the thermoelectric properties of Fe-doped Fe2VAl full-Heusler alloy,,,,,,
Fe2VAl,Fe2.10VAl0.90,X2YZ,Al,0.9,Al,11.9822,-0.7860,4.29E-05,,Poly,Bulk,"arc-melting, spark plasm sinterins, and annealing processes. homogenized at 1653 K for 20 min using induction heatin. annealed at 1648 K for 10 min. ",Effect of magnetic entropy in the thermoelectric properties of Fe-doped Fe2VAl full-Heusler alloy,,,,,,
Fe2VAl,Fe2.10VAl0.90,X2YZ,Al,0.9,Al,51.3608,-7.0478,4.31E-05,,Poly,Bulk,"arc-melting, spark plasm sinterins, and annealing processes. homogenized at 1653 K for 20 min using induction heatin. annealed at 1648 K for 10 min. ",Effect of magnetic entropy in the thermoelectric properties of Fe-doped Fe2VAl full-Heusler alloy,,,,,,
Fe2VAl,Fe2.10VAl0.90,X2YZ,Al,0.9,Al,110.1421,-15.8342,4.69E-05,,Poly,Bulk,"arc-melting, spark plasm sinterins, and annealing processes. homogenized at 1653 K for 20 min using induction heatin. annealed at 1648 K for 10 min. ",Effect of magnetic entropy in the thermoelectric properties of Fe-doped Fe2VAl full-Heusler alloy,,,,,,
Fe2VAl,Fe2.10VAl0.90,X2YZ,Al,0.9,Al,173.7809,-28.2521,5.27E-05,,Poly,Bulk,"arc-melting, spark plasm sinterins, and annealing processes. homogenized at 1653 K for 20 min using induction heatin. annealed at 1648 K for 10 min. ",Effect of magnetic entropy in the thermoelectric properties of Fe-doped Fe2VAl full-Heusler alloy,,,,,,
Fe2VAl,Fe2.10VAl0.90,X2YZ,Al,0.9,Al,219.7343,-40.7040,5.60E-05,,Poly,Bulk,"arc-melting, spark plasm sinterins, and annealing processes. homogenized at 1653 K for 20 min using induction heatin. annealed at 1648 K for 10 min. ",Effect of magnetic entropy in the thermoelectric properties of Fe-doped Fe2VAl full-Heusler alloy,,,,,,
Fe2VAl,Fe2.10VAl0.90,X2YZ,Al,0.9,Al,270.5280,-49.2362,5.75E-05,,Poly,Bulk,"arc-melting, spark plasm sinterins, and annealing processes. homogenized at 1653 K for 20 min using induction heatin. annealed at 1648 K for 10 min. ",Effect of magnetic entropy in the thermoelectric properties of Fe-doped Fe2VAl full-Heusler alloy,,,,,,
Fe2VAl,Fe2.10VAl0.90,X2YZ,Al,0.9,Al,319.0293,-53.1880,5.62E-05,,Poly,Bulk,"arc-melting, spark plasm sinterins, and annealing processes. homogenized at 1653 K for 20 min using induction heatin. annealed at 1648 K for 10 min. ",Effect of magnetic entropy in the thermoelectric properties of Fe-doped Fe2VAl full-Heusler alloy,,,,,,
Fe2VAl,Fe2.10VAl0.90,X2YZ,Al,0.9,Al,349.2673,-53.9388,5.37E-05,,Poly,Bulk,"arc-melting, spark plasm sinterins, and annealing processes. homogenized at 1653 K for 20 min using induction heatin. annealed at 1648 K for 10 min. ",Effect of magnetic entropy in the thermoelectric properties of Fe-doped Fe2VAl full-Heusler alloy,,,,,,
Fe2VAl,Fe2VAl,X2YZ,X,X,X,99.8643,35.1305,X,,Poly,Bulk,arc-melting furnace. annealed at 1000C for 72 h followed by furnace cooling,Thermoelectric properties of rare-earth doped Fe2VAl Heusler alloys,,,,,,
Fe2VAl,Fe2VAl,X2YZ,X,X,X,157.3144,44.3758,X,,Poly,Bulk,arc-melting furnace. annealed at 1000C for 72 h followed by furnace cooling,Thermoelectric properties of rare-earth doped Fe2VAl Heusler alloys,,,,,,
Fe2VAl,Fe2VAl,X2YZ,X,X,X,220.0438,49.1011,X,,Poly,Bulk,arc-melting furnace. annealed at 1000C for 72 h followed by furnace cooling,Thermoelectric properties of rare-earth doped Fe2VAl Heusler alloys,,,,,,
Fe2VAl,Fe2VAl,X2YZ,X,X,X,319.8589,51.6688,X,,Poly,Bulk,arc-melting furnace. annealed at 1000C for 72 h followed by furnace cooling,Thermoelectric properties of rare-earth doped Fe2VAl Heusler alloys,,,,,,
Fe2VAl,Fe2VAl0.97Ce0.03,X2YZ,Ce,0.03,Al,12.1938,-17.3815,1.28E-04,,Poly,Bulk,arc-melting furnace. annealed at 1000C for 72 h followed by furnace cooling,Thermoelectric properties of rare-earth doped Fe2VAl Heusler alloys,,,,,,
Fe2VAl,Fe2VAl0.97Ce0.03,X2YZ,Ce,0.03,Al,49.1011,-59.9109,1.29E-04,,Poly,Bulk,arc-melting furnace. annealed at 1000C for 72 h followed by furnace cooling,Thermoelectric properties of rare-earth doped Fe2VAl Heusler alloys,,,,,,
Fe2VAl,Fe2VAl0.97Ce0.03,X2YZ,Ce,0.03,Al,97.5302,-93.4199,1.33E-04,,Poly,Bulk,arc-melting furnace. annealed at 1000C for 72 h followed by furnace cooling,Thermoelectric properties of rare-earth doped Fe2VAl Heusler alloys,,,,,,
Fe2VAl,Fe2VAl0.97Ce0.03,X2YZ,Ce,0.03,Al,165.3701,-131.4613,1.42E-04,,Poly,Bulk,arc-melting furnace. annealed at 1000C for 72 h followed by furnace cooling,Thermoelectric properties of rare-earth doped Fe2VAl Heusler alloys,,,,,,
Fe2VAl,Fe2VAl0.97Ce0.03,X2YZ,Ce,0.03,Al,220.0473,-150.1020,1.49E-04,,Poly,Bulk,arc-melting furnace. annealed at 1000C for 72 h followed by furnace cooling,Thermoelectric properties of rare-earth doped Fe2VAl Heusler alloys,,,,,,
Fe2VAl,Fe2VAl0.97Ce0.03,X2YZ,Ce,0.03,Al,258.5804,-157.8387,1.54E-04,,Poly,Bulk,arc-melting furnace. annealed at 1000C for 72 h followed by furnace cooling,Thermoelectric properties of rare-earth doped Fe2VAl Heusler alloys,,,,,,
Fe2VAl,Fe2VAl0.97Ce0.03,X2YZ,Ce,0.03,Al,298.3380,-154.9522,1.56E-04,,Poly,Bulk,arc-melting furnace. annealed at 1000C for 72 h followed by furnace cooling,Thermoelectric properties of rare-earth doped Fe2VAl Heusler alloys,,,,,,
Fe2VAl,Fe2VAl0.97Dy0.03,X2YZ,Dy,0.03,Al,11.9439,-7.2883,4.64E-05,,Poly,Bulk,arc-melting furnace. annealed at 1000C for 72 h followed by furnace cooling,Thermoelectric properties of rare-earth doped Fe2VAl Heusler alloys,,,,,,
Fe2VAl,Fe2VAl0.97Dy0.03,X2YZ,Dy,0.03,Al,58.0224,-39.7328,5.02E-05,,Poly,Bulk,arc-melting furnace. annealed at 1000C for 72 h followed by furnace cooling,Thermoelectric properties of rare-earth doped Fe2VAl Heusler alloys,,,,,,
Fe2VAl,Fe2VAl0.97Dy0.03,X2YZ,Dy,0.03,Al,131.1956,-70.0765,6.24E-05,,Poly,Bulk,arc-melting furnace. annealed at 1000C for 72 h followed by furnace cooling,Thermoelectric properties of rare-earth doped Fe2VAl Heusler alloys,,,,,,
Fe2VAl,Fe2VAl0.97Dy0.03,X2YZ,Dy,0.03,Al,207.6307,-95.1110,8.27E-05,,Poly,Bulk,arc-melting furnace. annealed at 1000C for 72 h followed by furnace cooling,Thermoelectric properties of rare-earth doped Fe2VAl Heusler alloys,,,,,,
Fe2VAl,Fe2VAl0.97Dy0.03,X2YZ,Dy,0.03,Al,299.6892,-115.6440,1.09E-04,,Poly,Bulk,arc-melting furnace. annealed at 1000C for 72 h followed by furnace cooling,Thermoelectric properties of rare-earth doped Fe2VAl Heusler alloys,,,,,,
Fe2VAl,Fe2VAl0.97Sm0.03,X2YZ,Sm,0.03,Al,10.1611,-11.0052,1.09E-04,,Poly,Bulk,arc-melting furnace. annealed at 1000C for 72 h followed by furnace cooling,Thermoelectric properties of rare-earth doped Fe2VAl Heusler alloys,,,,,,
Fe2VAl,Fe2VAl0.97Sm0.03,X2YZ,Sm,0.03,Al,63.8355,-56.7367,1.10E-04,,Poly,Bulk,arc-melting furnace. annealed at 1000C for 72 h followed by furnace cooling,Thermoelectric properties of rare-earth doped Fe2VAl Heusler alloys,,,,,,
Fe2VAl,Fe2VAl0.97Sm0.03,X2YZ,Sm,0.03,Al,117.5650,-89.9848,1.05E-04,,Poly,Bulk,arc-melting furnace. annealed at 1000C for 72 h followed by furnace cooling,Thermoelectric properties of rare-earth doped Fe2VAl Heusler alloys,,,,,,
Fe2VAl,Fe2VAl0.97Sm0.03,X2YZ,Sm,0.03,Al,190.1552,-118.9999,9.66E-05,,Poly,Bulk,arc-melting furnace. annealed at 1000C for 72 h followed by furnace cooling,Thermoelectric properties of rare-earth doped Fe2VAl Heusler alloys,,,,,,
Fe2VAl,Fe2VAl0.97Sm0.03,X2YZ,Sm,0.03,Al,235.7528,-127.0084,9.32E-05,,Poly,Bulk,arc-melting furnace. annealed at 1000C for 72 h followed by furnace cooling,Thermoelectric properties of rare-earth doped Fe2VAl Heusler alloys,,,,,,
Fe2VAl,Fe2VAl0.97Sm0.03,X2YZ,Sm,0.03,Al,299.6774,-118.3000,8.76E-05,,Poly,Bulk,arc-melting furnace. annealed at 1000C for 72 h followed by furnace cooling,Thermoelectric properties of rare-earth doped Fe2VAl Heusler alloys,,,,,,
Fe2VAl,Fe1.94Re0.06V0.94Ti0.14Al0.92,X2YZ,"Re, Ti","0.06, 0.14","Fe, Al",312.6661,101.6803,1.27E-04,,Poly ,Bulk,"Homogenization at 1273 K for 48 hours. annealed in vacuum-sealed quart tube at 1273 K for 1 hour, followed by furnace coolin",Tailoring p -type thermoelectric properties of the Fe2VAl Heusler compound through off-stoichiometry and multiple substitution,,,,,,
Fe2VAl,Fe1.94Re0.06V0.94Ti0.14Al0.92,X2YZ,"Re, Ti","0.06, 0.14","Fe, Al",374.4698,90.3505,1.06E-04,,Poly ,Bulk,"Homogenization at 1273 K for 48 hours. annealed in vacuum-sealed quart tube at 1273 K for 1 hour, followed by furnace coolin",Tailoring p -type thermoelectric properties of the Fe2VAl Heusler compound through off-stoichiometry and multiple substitution,,,,,,
Fe2VAl,Fe1.94Re0.06V0.94Ti0.14Al0.92,X2YZ,"Re, Ti","0.06, 0.14","Fe, Al",472.5734,59.7517,7.77E-05,,Poly ,Bulk,"Homogenization at 1273 K for 48 hours. annealed in vacuum-sealed quart tube at 1273 K for 1 hour, followed by furnace coolin",Tailoring p -type thermoelectric properties of the Fe2VAl Heusler compound through off-stoichiometry and multiple substitution,,,,,,
Fe2VAl,Fe1.94Re0.06V0.94Ti0.14Al0.92,X2YZ,"Re, Ti","0.06, 0.14","Fe, Al",575.8926,32.2491,5.78E-05,,Poly ,Bulk,"Homogenization at 1273 K for 48 hours. annealed in vacuum-sealed quart tube at 1273 K for 1 hour, followed by furnace coolin",Tailoring p -type thermoelectric properties of the Fe2VAl Heusler compound through off-stoichiometry and multiple substitution,,,,,,
Fe2VAl,Fe1.94Re0.06V0.94Ti0.14Al0.92,X2YZ,"Re, Ti","0.06, 0.14","Fe, Al",677.7889,14.8479,4.69E-05,,Poly ,Bulk,"Homogenization at 1273 K for 48 hours. annealed in vacuum-sealed quart tube at 1273 K for 1 hour, followed by furnace coolin",Tailoring p -type thermoelectric properties of the Fe2VAl Heusler compound through off-stoichiometry and multiple substitution,,,,,,
Fe2VAl,Fe1.94Re0.06V0.94Ti0.14Al0.92,X2YZ,"Re, Ti","0.06, 0.14","Fe, Al",797.9961,3.0984,3.90E-05,,Poly ,Bulk,"Homogenization at 1273 K for 48 hours. annealed in vacuum-sealed quart tube at 1273 K for 1 hour, followed by furnace coolin",Tailoring p -type thermoelectric properties of the Fe2VAl Heusler compound through off-stoichiometry and multiple substitution,,,,,,
Fe2VAl,Fe1.94Re0.06V0.90Ti0.18Al0.92,X2YZ,"Re, Ti","0.06, 0.18","Fe, Al",313.2957,104.1043,4.83E-05,,Poly ,Bulk,"Homogenization at 1273 K for 48 hours. annealed in vacuum-sealed quart tube at 1273 K for 1 hour, followed by furnace coolin",Tailoring p -type thermoelectric properties of the Fe2VAl Heusler compound through off-stoichiometry and multiple substitution,,,,,,
Fe2VAl,Fe1.94Re0.06V0.90Ti0.18Al0.92,X2YZ,"Re, Ti","0.06, 0.18","Fe, Al",359.8573,106.5160,5.09E-05,,Poly ,Bulk,"Homogenization at 1273 K for 48 hours. annealed in vacuum-sealed quart tube at 1273 K for 1 hour, followed by furnace coolin",Tailoring p -type thermoelectric properties of the Fe2VAl Heusler compound through off-stoichiometry and multiple substitution,,,,,,
Fe2VAl,Fe1.94Re0.06V0.90Ti0.18Al0.92,X2YZ,"Re, Ti","0.06, 0.18","Fe, Al",447.2457,95.7181,5.22E-05,,Poly ,Bulk,"Homogenization at 1273 K for 48 hours. annealed in vacuum-sealed quart tube at 1273 K for 1 hour, followed by furnace coolin",Tailoring p -type thermoelectric properties of the Fe2VAl Heusler compound through off-stoichiometry and multiple substitution,,,,,,
Fe2VAl,Fe1.94Re0.06V0.90Ti0.18Al0.92,X2YZ,"Re, Ti","0.06, 0.18","Fe, Al",543.3396,68.8909,4.90E-05,,Poly ,Bulk,"Homogenization at 1273 K for 48 hours. annealed in vacuum-sealed quart tube at 1273 K for 1 hour, followed by furnace coolin",Tailoring p -type thermoelectric properties of the Fe2VAl Heusler compound through off-stoichiometry and multiple substitution,,,,,,
Fe2VAl,Fe1.94Re0.06V0.90Ti0.18Al0.92,X2YZ,"Re, Ti","0.06, 0.18","Fe, Al",626.2895,43.9527,4.38E-05,,Poly ,Bulk,"Homogenization at 1273 K for 48 hours. annealed in vacuum-sealed quart tube at 1273 K for 1 hour, followed by furnace coolin",Tailoring p -type thermoelectric properties of the Fe2VAl Heusler compound through off-stoichiometry and multiple substitution,,,,,,
Fe2VAl,Fe1.94Re0.06V0.90Ti0.18Al0.92,X2YZ,"Re, Ti","0.06, 0.18","Fe, Al",709.1569,26.5566,3.88E-05,,Poly ,Bulk,"Homogenization at 1273 K for 48 hours. annealed in vacuum-sealed quart tube at 1273 K for 1 hour, followed by furnace coolin",Tailoring p -type thermoelectric properties of the Fe2VAl Heusler compound through off-stoichiometry and multiple substitution,,,,,,
Fe2VAl,Fe1.94Re0.06V0.90Ti0.18Al0.92,X2YZ,"Re, Ti","0.06, 0.18","Fe, Al",778.1741,15.6290,3.64E-05,,Poly ,Bulk,"Homogenization at 1273 K for 48 hours. annealed in vacuum-sealed quart tube at 1273 K for 1 hour, followed by furnace coolin",Tailoring p -type thermoelectric properties of the Fe2VAl Heusler compound through off-stoichiometry and multiple substitution,,,,,,
Fe2VAl,Fe1.94Re0.06V0.82Ti0.26Al0.92,X2YZ,"Re, Ti","0.06, 0.26","Fe, Al",309.5708,84.7114,2.36E-05,,Poly ,Bulk,"Homogenization at 1273 K for 48 hours. annealed in vacuum-sealed quart tube at 1273 K for 1 hour, followed by furnace coolin",Tailoring p -type thermoelectric properties of the Fe2VAl Heusler compound through off-stoichiometry and multiple substitution,,,,,,
Fe2VAl,Fe1.94Re0.06V0.82Ti0.26Al0.92,X2YZ,"Re, Ti","0.06, 0.26","Fe, Al",423.6118,96.8019,2.96E-05,,Poly ,Bulk,"Homogenization at 1273 K for 48 hours. annealed in vacuum-sealed quart tube at 1273 K for 1 hour, followed by furnace coolin",Tailoring p -type thermoelectric properties of the Fe2VAl Heusler compound through off-stoichiometry and multiple substitution,,,,,,
Fe2VAl,Fe1.94Re0.06V0.82Ti0.26Al0.92,X2YZ,"Re, Ti","0.06, 0.26","Fe, Al",476.7704,95.9795,3.14E-05,,Poly ,Bulk,"Homogenization at 1273 K for 48 hours. annealed in vacuum-sealed quart tube at 1273 K for 1 hour, followed by furnace coolin",Tailoring p -type thermoelectric properties of the Fe2VAl Heusler compound through off-stoichiometry and multiple substitution,,,,,,
Fe2VAl,Fe1.94Re0.06V0.82Ti0.26Al0.92,X2YZ,"Re, Ti","0.06, 0.26","Fe, Al",571.4165,81.5432,3.30E-05,,Poly ,Bulk,"Homogenization at 1273 K for 48 hours. annealed in vacuum-sealed quart tube at 1273 K for 1 hour, followed by furnace coolin",Tailoring p -type thermoelectric properties of the Fe2VAl Heusler compound through off-stoichiometry and multiple substitution,,,,,,
Fe2VAl,Fe1.94Re0.06V0.82Ti0.26Al0.92,X2YZ,"Re, Ti","0.06, 0.26","Fe, Al",647.7310,63.3409,3.30E-05,,Poly ,Bulk,"Homogenization at 1273 K for 48 hours. annealed in vacuum-sealed quart tube at 1273 K for 1 hour, followed by furnace coolin",Tailoring p -type thermoelectric properties of the Fe2VAl Heusler compound through off-stoichiometry and multiple substitution,,,,,,
Fe2VAl,Fe1.94Re0.06V0.82Ti0.26Al0.92,X2YZ,"Re, Ti","0.06, 0.26","Fe, Al",725.3594,45.0034,3.19E-05,,Poly ,Bulk,"Homogenization at 1273 K for 48 hours. annealed in vacuum-sealed quart tube at 1273 K for 1 hour, followed by furnace coolin",Tailoring p -type thermoelectric properties of the Fe2VAl Heusler compound through off-stoichiometry and multiple substitution,,,,,,
Fe2VAl,Fe1.94Re0.06V0.82Ti0.26Al0.92,X2YZ,"Re, Ti","0.06, 0.26","Fe, Al",774.6914,34.0811,3.07E-05,,Poly ,Bulk,"Homogenization at 1273 K for 48 hours. annealed in vacuum-sealed quart tube at 1273 K for 1 hour, followed by furnace coolin",Tailoring p -type thermoelectric properties of the Fe2VAl Heusler compound through off-stoichiometry and multiple substitution,,,,,,
Fe2VAl,Fe1.94Re0.06V0.78Ti0.30Al0.92,X2YZ,"Re, Ti","0.06, 0.30","Fe, Al",309.0369,73.5331,1.86E-05,,Poly ,Bulk,"Homogenization at 1273 K for 48 hours. annealed in vacuum-sealed quart tube at 1273 K for 1 hour, followed by furnace coolin",Tailoring p -type thermoelectric properties of the Fe2VAl Heusler compound through off-stoichiometry and multiple substitution,,,,,,
Fe2VAl,Fe1.94Re0.06V0.78Ti0.30Al0.92,X2YZ,"Re, Ti","0.06, 0.30","Fe, Al",385.6865,84.6909,2.09E-05,,Poly ,Bulk,"Homogenization at 1273 K for 48 hours. annealed in vacuum-sealed quart tube at 1273 K for 1 hour, followed by furnace coolin",Tailoring p -type thermoelectric properties of the Fe2VAl Heusler compound through off-stoichiometry and multiple substitution,,,,,,
Fe2VAl,Fe1.94Re0.06V0.78Ti0.30Al0.92,X2YZ,"Re, Ti","0.06, 0.30","Fe, Al",465.0286,89.6527,2.51E-05,,Poly ,Bulk,"Homogenization at 1273 K for 48 hours. annealed in vacuum-sealed quart tube at 1273 K for 1 hour, followed by furnace coolin",Tailoring p -type thermoelectric properties of the Fe2VAl Heusler compound through off-stoichiometry and multiple substitution,,,,,,
Fe2VAl,Fe1.94Re0.06V0.78Ti0.30Al0.92,X2YZ,"Re, Ti","0.06, 0.30","Fe, Al",551.0487,83.9730,2.91E-05,,Poly ,Bulk,"Homogenization at 1273 K for 48 hours. annealed in vacuum-sealed quart tube at 1273 K for 1 hour, followed by furnace coolin",Tailoring p -type thermoelectric properties of the Fe2VAl Heusler compound through off-stoichiometry and multiple substitution,,,,,,
Fe2VAl,Fe1.94Re0.06V0.78Ti0.30Al0.92,X2YZ,"Re, Ti","0.06, 0.30","Fe, Al",657.5574,64.8197,3.03E-05,,Poly ,Bulk,"Homogenization at 1273 K for 48 hours. annealed in vacuum-sealed quart tube at 1273 K for 1 hour, followed by furnace coolin",Tailoring p -type thermoelectric properties of the Fe2VAl Heusler compound through off-stoichiometry and multiple substitution,,,,,,
Fe2VAl,Fe1.94Re0.06V0.78Ti0.30Al0.92,X2YZ,"Re, Ti","0.06, 0.30","Fe, Al",725.2975,50.6600,3.03E-05,,Poly ,Bulk,"Homogenization at 1273 K for 48 hours. annealed in vacuum-sealed quart tube at 1273 K for 1 hour, followed by furnace coolin",Tailoring p -type thermoelectric properties of the Fe2VAl Heusler compound through off-stoichiometry and multiple substitution,,,,,,
Fe2VAl,Fe1.94Re0.06V0.78Ti0.30Al0.92,X2YZ,"Re, Ti","0.06, 0.30","Fe, Al",772.6640,39.4688,3.10E-05,,Poly ,Bulk,"Homogenization at 1273 K for 48 hours. annealed in vacuum-sealed quart tube at 1273 K for 1 hour, followed by furnace coolin",Tailoring p -type thermoelectric properties of the Fe2VAl Heusler compound through off-stoichiometry and multiple substitution,,,,,,
Fe2VAl,Fe1.94Re0.06V0.74Ti0.34Al0.92,X2YZ,"Re, Ti","0.06, 0.34","Fe, Al",311.7116,68.9533,2.67E-05,,Poly ,Bulk,"Homogenization at 1273 K for 48 hours. annealed in vacuum-sealed quart tube at 1273 K for 1 hour, followed by furnace coolin",Tailoring p -type thermoelectric properties of the Fe2VAl Heusler compound through off-stoichiometry and multiple substitution,,,,,,
Fe2VAl,Fe1.94Re0.06V0.74Ti0.34Al0.92,X2YZ,"Re, Ti","0.06, 0.34","Fe, Al",417.2224,81.0460,3.14E-05,,Poly ,Bulk,"Homogenization at 1273 K for 48 hours. annealed in vacuum-sealed quart tube at 1273 K for 1 hour, followed by furnace coolin",Tailoring p -type thermoelectric properties of the Fe2VAl Heusler compound through off-stoichiometry and multiple substitution,,,,,,
Fe2VAl,Fe1.94Re0.06V0.74Ti0.34Al0.92,X2YZ,"Re, Ti","0.06, 0.34","Fe, Al",466.3866,85.4772,3.36E-05,,Poly ,Bulk,"Homogenization at 1273 K for 48 hours. annealed in vacuum-sealed quart tube at 1273 K for 1 hour, followed by furnace coolin",Tailoring p -type thermoelectric properties of the Fe2VAl Heusler compound through off-stoichiometry and multiple substitution,,,,,,
Fe2VAl,Fe1.94Re0.06V0.74Ti0.34Al0.92,X2YZ,"Re, Ti","0.06, 0.34","Fe, Al",545.1432,83.9745,3.67E-05,,Poly ,Bulk,"Homogenization at 1273 K for 48 hours. annealed in vacuum-sealed quart tube at 1273 K for 1 hour, followed by furnace coolin",Tailoring p -type thermoelectric properties of the Fe2VAl Heusler compound through off-stoichiometry and multiple substitution,,,,,,
Fe2VAl,Fe1.94Re0.06V0.74Ti0.34Al0.92,X2YZ,"Re, Ti","0.06, 0.34","Fe, Al",641.7371,71.4233,3.92E-05,,Poly ,Bulk,"Homogenization at 1273 K for 48 hours. annealed in vacuum-sealed quart tube at 1273 K for 1 hour, followed by furnace coolin",Tailoring p -type thermoelectric properties of the Fe2VAl Heusler compound through off-stoichiometry and multiple substitution,,,,,,
Fe2VAl,Fe1.94Re0.06V0.74Ti0.34Al0.92,X2YZ,"Re, Ti","0.06, 0.34","Fe, Al",719.3331,56.0488,3.95E-05,,Poly ,Bulk,"Homogenization at 1273 K for 48 hours. annealed in vacuum-sealed quart tube at 1273 K for 1 hour, followed by furnace coolin",Tailoring p -type thermoelectric properties of the Fe2VAl Heusler compound through off-stoichiometry and multiple substitution,,,,,,
Fe2VAl,Fe1.94Re0.06V0.74Ti0.34Al0.92,X2YZ,"Re, Ti","0.06, 0.34","Fe, Al",768.6533,46.2039,3.87E-05,,Poly ,Bulk,"Homogenization at 1273 K for 48 hours. annealed in vacuum-sealed quart tube at 1273 K for 1 hour, followed by furnace coolin",Tailoring p -type thermoelectric properties of the Fe2VAl Heusler compound through off-stoichiometry and multiple substitution,,,,,,
Fe2VAl,Fe2.01Ti0.56V0.67Al0.76,X2YZ,"Ti, Al","0.56, 0.76","V, Al",40.7273,8.5065,5.03E-05,,Poly,Thin-film,annealed at 800 C under pressure of 10^-6 Pa for 1 h.,Crystal growth and flat-band effects on thermoelectric properties of Fe2TiAl-based full-Heusler thin films,,,,,,
Fe2VAl,Fe2.01Ti0.56V0.67Al0.76,X2YZ,"Ti, Al","0.56, 0.76","V, Al",72.0456,3.9220,5.18E-05,,Poly,Thin-film,annealed at 800 C under pressure of 10^-6 Pa for 1 h.,Crystal growth and flat-band effects on thermoelectric properties of Fe2TiAl-based full-Heusler thin films,,,,,,
Fe2VAl,Fe2.01Ti0.56V0.67Al0.76,X2YZ,"Ti, Al","0.56, 0.76","V, Al",120.6003,31.9177,5.54E-05,,Poly,Thin-film,annealed at 800 C under pressure of 10^-6 Pa for 1 h.,Crystal growth and flat-band effects on thermoelectric properties of Fe2TiAl-based full-Heusler thin films,,,,,,
Fe2VAl,Fe2.01Ti0.56V0.67Al0.76,X2YZ,"Ti, Al","0.56, 0.76","V, Al",169.7417,53.3648,6.02E-05,,Poly,Thin-film,annealed at 800 C under pressure of 10^-6 Pa for 1 h.,Crystal growth and flat-band effects on thermoelectric properties of Fe2TiAl-based full-Heusler thin films,,,,,,
Fe2VAl,Fe2.01Ti0.56V0.67Al0.76,X2YZ,"Ti, Al","0.56, 0.76","V, Al",210.3827,69.1818,6.48E-05,,Poly,Thin-film,annealed at 800 C under pressure of 10^-6 Pa for 1 h.,Crystal growth and flat-band effects on thermoelectric properties of Fe2TiAl-based full-Heusler thin films,,,,,,
Fe2VAl,Fe2.01Ti0.56V0.67Al0.76,X2YZ,"Ti, Al","0.56, 0.76","V, Al",252.6822,73.4243,6.98E-05,,Poly,Thin-film,annealed at 800 C under pressure of 10^-6 Pa for 1 h.,Crystal growth and flat-band effects on thermoelectric properties of Fe2TiAl-based full-Heusler thin films,,,,,,
Fe2VAl,Fe2.01Ti0.56V0.67Al0.76,X2YZ,"Ti, Al","0.56, 0.76","V, Al",296.3771,86.9554,7.48E-05,,Poly,Thin-film,annealed at 800 C under pressure of 10^-6 Pa for 1 h.,Crystal growth and flat-band effects on thermoelectric properties of Fe2TiAl-based full-Heusler thin films,,,,,,
Fe2VAl,Fe2.01Ti0.56V0.67Al0.76,X2YZ,"Ti, Al","0.56, 0.76","V, Al",329.5049,98.8167,7.76E-05,,Poly,Thin-film,annealed at 800 C under pressure of 10^-6 Pa for 1 h.,Crystal growth and flat-band effects on thermoelectric properties of Fe2TiAl-based full-Heusler thin films,,,,,,
Fe2VAl,Fe2.01Ti0.56V0.67Al0.76,X2YZ,"Ti, Al","0.56, 0.76","V, Al",392.1070,92.3890,7.94E-05,,Poly,Thin-film,annealed at 800 C under pressure of 10^-6 Pa for 1 h.,Crystal growth and flat-band effects on thermoelectric properties of Fe2TiAl-based full-Heusler thin films,,,,,,
Fe2VAl,Fe2.01Ti0.56V0.67Al0.76,X2YZ,"Ti, Al","0.56, 0.76","V, Al",501.4683,56.3944,7.15E-05,,Poly,Thin-film,annealed at 800 C under pressure of 10^-6 Pa for 1 h.,Crystal growth and flat-band effects on thermoelectric properties of Fe2TiAl-based full-Heusler thin films,,,,,,
Fe2VAl,Fe2.01Ti0.56V0.67Al0.76,X2YZ,"Ti, Al","0.56, 0.76","V, Al",566.3251,31.0823,6.30E-05,,Poly,Thin-film,annealed at 800 C under pressure of 10^-6 Pa for 1 h.,Crystal growth and flat-band effects on thermoelectric properties of Fe2TiAl-based full-Heusler thin films,,,,,,
Fe2VAl,Fe2.18Ti0.73Al1.09,X2YZ,"Ti, Al","0.56, 0.75","V, Al",34.7633,1.6567,7.04E-06,,Poly,Thin-film,annealed at 800 C under pressure of 10^-6 Pa for 1 h.,Crystal growth and flat-band effects on thermoelectric properties of Fe2TiAl-based full-Heusler thin films,,,,,,
Fe2VAl,Fe2.18Ti0.73Al1.09,X2YZ,"Ti, Al","0.56, 0.75","V, Al",121.8525,12.5770,8.92E-06,,Poly,Thin-film,annealed at 800 C under pressure of 10^-6 Pa for 1 h.,Crystal growth and flat-band effects on thermoelectric properties of Fe2TiAl-based full-Heusler thin films,,,,,,
Fe2VAl,Fe2.18Ti0.73Al1.09,X2YZ,"Ti, Al","0.56, 0.75","V, Al",204.8736,26.2404,1.19E-05,,Poly,Thin-film,annealed at 800 C under pressure of 10^-6 Pa for 1 h.,Crystal growth and flat-band effects on thermoelectric properties of Fe2TiAl-based full-Heusler thin films,,,,,,
Fe2VAl,Fe2.18Ti0.73Al1.09,X2YZ,"Ti, Al","0.56, 0.75","V, Al",262.3299,28.0387,1.38E-05,,Poly,Thin-film,annealed at 800 C under pressure of 10^-6 Pa for 1 h.,Crystal growth and flat-band effects on thermoelectric properties of Fe2TiAl-based full-Heusler thin films,,,,,,
Fe2VAl,Fe2.18Ti0.73Al1.09,X2YZ,"Ti, Al","0.56, 0.75","V, Al",327.6212,48.2593,1.56E-05,,Poly,Thin-film,annealed at 800 C under pressure of 10^-6 Pa for 1 h.,Crystal growth and flat-band effects on thermoelectric properties of Fe2TiAl-based full-Heusler thin films,,,,,,
Fe2VAl,Fe2.18Ti0.73Al1.09,X2YZ,"Ti, Al","0.56, 0.75","V, Al",427.4192,50.9498,1.80E-05,,Poly,Thin-film,annealed at 800 C under pressure of 10^-6 Pa for 1 h.,Crystal growth and flat-band effects on thermoelectric properties of Fe2TiAl-based full-Heusler thin films,,,,,,
Fe2VAl,Fe2.18Ti0.73Al1.09,X2YZ,"Ti, Al","0.56, 0.75","V, Al",519.7425,46.6390,2.05E-05,,Poly,Thin-film,annealed at 800 C under pressure of 10^-6 Pa for 1 h.,Crystal growth and flat-band effects on thermoelectric properties of Fe2TiAl-based full-Heusler thin films,,,,,,
Fe2VAl,Fe2.18Ti0.73Al1.09,X2YZ,"Ti, Al","0.56, 0.75","V, Al",563.1674,41.5915,2.18E-05,,Poly,Thin-film,annealed at 800 C under pressure of 10^-6 Pa for 1 h.,Crystal growth and flat-band effects on thermoelectric properties of Fe2TiAl-based full-Heusler thin films,,,,,,
Fe2VAl,Fe1.99Ti0.66Cr0.45Al0.90,X2YZ,"Ti, Cr, Al","0.66, 0.45, 0.90","V, Al",20.6570,0.7502,2.49E-05,,Poly,Thin-film,annealed at 800 C under pressure of 10^-6 Pa for 1 h.,Crystal growth and flat-band effects on thermoelectric properties of Fe2TiAl-based full-Heusler thin films,,,,,,
Fe2VAl,Fe1.99Ti0.66Cr0.45Al0.90,X2YZ,"Ti, Cr, Al","0.66, 0.45, 0.90","V, Al",80.1187,3.4611,2.68E-05,,Poly,Thin-film,annealed at 800 C under pressure of 10^-6 Pa for 1 h.,Crystal growth and flat-band effects on thermoelectric properties of Fe2TiAl-based full-Heusler thin films,,,,,,
Fe2VAl,Fe1.99Ti0.66Cr0.45Al0.90,X2YZ,"Ti, Cr, Al","0.66, 0.45, 0.90","V, Al",167.6238,21.3862,2.84E-05,,Poly,Thin-film,annealed at 800 C under pressure of 10^-6 Pa for 1 h.,Crystal growth and flat-band effects on thermoelectric properties of Fe2TiAl-based full-Heusler thin films,,,,,,
Fe2VAl,Fe1.99Ti0.66Cr0.45Al0.90,X2YZ,"Ti, Cr, Al","0.66, 0.45, 0.90","V, Al",244.1612,29.4184,2.95E-05,,Poly,Thin-film,annealed at 800 C under pressure of 10^-6 Pa for 1 h.,Crystal growth and flat-band effects on thermoelectric properties of Fe2TiAl-based full-Heusler thin films,,,,,,
Fe2VAl,Fe1.99Ti0.66Cr0.45Al0.90,X2YZ,"Ti, Cr, Al","0.66, 0.45, 0.90","V, Al",324.1897,40.4946,3.11E-05,,Poly,Thin-film,annealed at 800 C under pressure of 10^-6 Pa for 1 h.,Crystal growth and flat-band effects on thermoelectric properties of Fe2TiAl-based full-Heusler thin films,,,,,,
Fe2VAl,Fe1.99Ti0.66Cr0.45Al0.90,X2YZ,"Ti, Cr, Al","0.66, 0.45, 0.90","V, Al",422.9447,45.9267,3.32E-05,,Poly,Thin-film,annealed at 800 C under pressure of 10^-6 Pa for 1 h.,Crystal growth and flat-band effects on thermoelectric properties of Fe2TiAl-based full-Heusler thin films,,,,,,
Fe2VAl,Fe1.99Ti0.66Cr0.45Al0.90,X2YZ,"Ti, Cr, Al","0.66, 0.45, 0.90","V, Al",513.2608,40.8554,3.36E-05,,Poly,Thin-film,annealed at 800 C under pressure of 10^-6 Pa for 1 h.,Crystal growth and flat-band effects on thermoelectric properties of Fe2TiAl-based full-Heusler thin films,,,,,,
Fe2VAl,Fe1.99Ti0.66Cr0.45Al0.90,X2YZ,"Ti, Cr, Al","0.66, 0.45, 0.90","V, Al",569.2736,37.1722,3.28E-05,,Poly,Thin-film,annealed at 800 C under pressure of 10^-6 Pa for 1 h.,Crystal growth and flat-band effects on thermoelectric properties of Fe2TiAl-based full-Heusler thin films,,,,,,
Fe2TiSn,FeTiSn,X2YZ,X,X,X,11.2259,3.5051,,11.714,Poly ,Bulk,"high frequency mleting in an induction furnace, annealed in vacuum at 900 C for 13 days",Roles of Defects and Sb-Doping in the Thermoelectric Properties of Full-Heusler Fe2 TiSn,,,,,,
Fe2TiSn,FeTiSn,X2YZ,X,X,X,50.7166,7.9709,,11.732,Poly ,Bulk,"high frequency mleting in an induction furnace, annealed in vacuum at 900 C for 13 days",Roles of Defects and Sb-Doping in the Thermoelectric Properties of Full-Heusler Fe2 TiSn,,,,,,
Fe2TiSn,FeTiSn,X2YZ,X,X,X,123.6947,16.6132,,10.991,Poly ,Bulk,"high frequency mleting in an induction furnace, annealed in vacuum at 900 C for 13 days",Roles of Defects and Sb-Doping in the Thermoelectric Properties of Full-Heusler Fe2 TiSn,,,,,,
Fe2TiSn,FeTiSn,X2YZ,X,X,X,199.6777,32.7659,,9.952613,Poly ,Bulk,"high frequency mleting in an induction furnace, annealed in vacuum at 900 C for 13 days",Roles of Defects and Sb-Doping in the Thermoelectric Properties of Full-Heusler Fe2 TiSn,,,,,,
Fe2TiSn,FeTiSn,X2YZ,X,X,X,266.9164,44.9236,,9.296711,Poly ,Bulk,"high frequency mleting in an induction furnace, annealed in vacuum at 900 C for 13 days",Roles of Defects and Sb-Doping in the Thermoelectric Properties of Full-Heusler Fe2 TiSn,,,,,,
Fe2TiSn,FeTiSn,X2YZ,X,X,X,311.3635,49.0939,,8.96407,Poly ,Bulk,"high frequency mleting in an induction furnace, annealed in vacuum at 900 C for 13 days",Roles of Defects and Sb-Doping in the Thermoelectric Properties of Full-Heusler Fe2 TiSn,,,,,,
Fe2TiSn,FeTiSn,X2YZ,X,X,X,360.5769,46.0421,,8.912264,Poly ,Bulk,"high frequency mleting in an induction furnace, annealed in vacuum at 900 C for 13 days",Roles of Defects and Sb-Doping in the Thermoelectric Properties of Full-Heusler Fe2 TiSn,,,,,,
Fe2TiSn,FeTiSn0.9Sb0.1,X2YZ,Sb,0.1,Sn,7.2404,7.6049,,22.863,Poly ,Bulk,"high frequency mleting in an induction furnace, annealed in vacuum at 900 C for 13 days",Roles of Defects and Sb-Doping in the Thermoelectric Properties of Full-Heusler Fe2 TiSn,,,,,,
Fe2TiSn,FeTiSn0.9Sb0.1,X2YZ,Sb,0.1,Sn,17.4080,11.2090,,21.768,Poly ,Bulk,"high frequency mleting in an induction furnace, annealed in vacuum at 900 C for 13 days",Roles of Defects and Sb-Doping in the Thermoelectric Properties of Full-Heusler Fe2 TiSn,,,,,,
Fe2TiSn,FeTiSn0.9Sb0.1,X2YZ,Sb,0.1,Sn,59.2384,6.4052,,18.424,Poly ,Bulk,"high frequency mleting in an induction furnace, annealed in vacuum at 900 C for 13 days",Roles of Defects and Sb-Doping in the Thermoelectric Properties of Full-Heusler Fe2 TiSn,,,,,,
Fe2TiSn,FeTiSn0.9Sb0.1,X2YZ,Sb,0.1,Sn,154.3216,22.1571,,15.42,Poly ,Bulk,"high frequency mleting in an induction furnace, annealed in vacuum at 900 C for 13 days",Roles of Defects and Sb-Doping in the Thermoelectric Properties of Full-Heusler Fe2 TiSn,,,,,,
Fe2TiSn,FeTiSn0.9Sb0.1,X2YZ,Sb,0.1,Sn,213.3852,36.1729,,14.708,Poly ,Bulk,"high frequency mleting in an induction furnace, annealed in vacuum at 900 C for 13 days",Roles of Defects and Sb-Doping in the Thermoelectric Properties of Full-Heusler Fe2 TiSn,,,,,,
Fe2TiSn,FeTiSn0.9Sb0.1,X2YZ,Sb,0.1,Sn,278.4383,51.0635,,14.52,Poly ,Bulk,"high frequency mleting in an induction furnace, annealed in vacuum at 900 C for 13 days",Roles of Defects and Sb-Doping in the Thermoelectric Properties of Full-Heusler Fe2 TiSn,,,,,,
Fe2TiSn,FeTiSn0.9Sb0.1,X2YZ,Sb,0.1,Sn,305.2499,53.4876,,14.756,Poly ,Bulk,"high frequency mleting in an induction furnace, annealed in vacuum at 900 C for 13 days",Roles of Defects and Sb-Doping in the Thermoelectric Properties of Full-Heusler Fe2 TiSn,,,,,,
Fe2TiSn,FeTiSn0.9Sb0.1,X2YZ,Sb,0.1,Sn,358.0676,47.5069,,15.797,Poly ,Bulk,"high frequency mleting in an induction furnace, annealed in vacuum at 900 C for 13 days",Roles of Defects and Sb-Doping in the Thermoelectric Properties of Full-Heusler Fe2 TiSn,,,,,,
Fe2TiSn,FeTiSn0.9Sb0.1,X2YZ,Sb,0.1,Sn,378.2884,44.5688,,16.405,Poly ,Bulk,"high frequency mleting in an induction furnace, annealed in vacuum at 900 C for 13 days",Roles of Defects and Sb-Doping in the Thermoelectric Properties of Full-Heusler Fe2 TiSn,,,,,,
Fe2TiSn,FeTiSn0.8Sb0.2,X2YZ,Sb,0.2,Sn,8.3263,6.5312,,3.012104,Poly ,Bulk,"high frequency mleting in an induction furnace, annealed in vacuum at 900 C for 13 days",Roles of Defects and Sb-Doping in the Thermoelectric Properties of Full-Heusler Fe2 TiSn,,,,,,
Fe2TiSn,FeTiSn0.8Sb0.2,X2YZ,Sb,0.2,Sn,38.5307,15.0021,,3.157119,Poly ,Bulk,"high frequency mleting in an induction furnace, annealed in vacuum at 900 C for 13 days",Roles of Defects and Sb-Doping in the Thermoelectric Properties of Full-Heusler Fe2 TiSn,,,,,,
Fe2TiSn,FeTiSn0.8Sb0.2,X2YZ,Sb,0.2,Sn,68.2372,14.5953,,3.191056,Poly ,Bulk,"high frequency mleting in an induction furnace, annealed in vacuum at 900 C for 13 days",Roles of Defects and Sb-Doping in the Thermoelectric Properties of Full-Heusler Fe2 TiSn,,,,,,
Fe2TiSn,FeTiSn0.8Sb0.2,X2YZ,Sb,0.2,Sn,161.4678,33.9580,,2.968037,Poly ,Bulk,"high frequency mleting in an induction furnace, annealed in vacuum at 900 C for 13 days",Roles of Defects and Sb-Doping in the Thermoelectric Properties of Full-Heusler Fe2 TiSn,,,,,,
Fe2TiSn,FeTiSn0.8Sb0.2,X2YZ,Sb,0.2,Sn,218.1141,45.5361,,2.907985,Poly ,Bulk,"high frequency mleting in an induction furnace, annealed in vacuum at 900 C for 13 days",Roles of Defects and Sb-Doping in the Thermoelectric Properties of Full-Heusler Fe2 TiSn,,,,,,
Fe2TiSn,FeTiSn0.8Sb0.2,X2YZ,Sb,0.2,Sn,273.0249,55.7494,,3.051305,Poly ,Bulk,"high frequency mleting in an induction furnace, annealed in vacuum at 900 C for 13 days",Roles of Defects and Sb-Doping in the Thermoelectric Properties of Full-Heusler Fe2 TiSn,,,,,,
Fe2TiSn,FeTiSn0.8Sb0.2,X2YZ,Sb,0.2,Sn,317.5548,56.4075,,3.272487,Poly ,Bulk,"high frequency mleting in an induction furnace, annealed in vacuum at 900 C for 13 days",Roles of Defects and Sb-Doping in the Thermoelectric Properties of Full-Heusler Fe2 TiSn,,,,,,
Fe2TiSn,FeTiSn0.8Sb0.2,X2YZ,Sb,0.2,Sn,372.7553,54.3280,,3.662013,Poly ,Bulk,"high frequency mleting in an induction furnace, annealed in vacuum at 900 C for 13 days",Roles of Defects and Sb-Doping in the Thermoelectric Properties of Full-Heusler Fe2 TiSn,,,,,,
Fe2TiSn,FeTiSn0.5Sb0.5,X2YZ,Sb,0.5,Sn,9.3869,6.5306,,1.269982,Poly ,Bulk,"high frequency mleting in an induction furnace, annealed in vacuum at 900 C for 13 days",Roles of Defects and Sb-Doping in the Thermoelectric Properties of Full-Heusler Fe2 TiSn,,,,,,
Fe2TiSn,FeTiSn0.5Sb0.5,X2YZ,Sb,0.5,Sn,55.5167,14.3097,,2.058232,Poly ,Bulk,"high frequency mleting in an induction furnace, annealed in vacuum at 900 C for 13 days",Roles of Defects and Sb-Doping in the Thermoelectric Properties of Full-Heusler Fe2 TiSn,,,,,,
Fe2TiSn,FeTiSn0.5Sb0.5,X2YZ,Sb,0.5,Sn,125.2003,27.7343,,2.52473,Poly ,Bulk,"high frequency mleting in an induction furnace, annealed in vacuum at 900 C for 13 days",Roles of Defects and Sb-Doping in the Thermoelectric Properties of Full-Heusler Fe2 TiSn,,,,,,
Fe2TiSn,FeTiSn0.5Sb0.5,X2YZ,Sb,0.5,Sn,177.9416,39.9976,,2.896454,Poly ,Bulk,"high frequency mleting in an induction furnace, annealed in vacuum at 900 C for 13 days",Roles of Defects and Sb-Doping in the Thermoelectric Properties of Full-Heusler Fe2 TiSn,,,,,,
Fe2TiSn,FeTiSn0.5Sb0.5,X2YZ,Sb,0.5,Sn,221.6012,47.5830,,3.583832,Poly ,Bulk,"high frequency mleting in an induction furnace, annealed in vacuum at 900 C for 13 days",Roles of Defects and Sb-Doping in the Thermoelectric Properties of Full-Heusler Fe2 TiSn,,,,,,
Fe2TiSn,FeTiSn0.5Sb0.5,X2YZ,Sb,0.5,Sn,269.2233,52.0442,,4.511113,Poly ,Bulk,"high frequency mleting in an induction furnace, annealed in vacuum at 900 C for 13 days",Roles of Defects and Sb-Doping in the Thermoelectric Properties of Full-Heusler Fe2 TiSn,,,,,,
Fe2TiSn,FeTiSn0.5Sb0.5,X2YZ,Sb,0.5,Sn,319.0379,53.4799,,5.009717,Poly ,Bulk,"high frequency mleting in an induction furnace, annealed in vacuum at 900 C for 13 days",Roles of Defects and Sb-Doping in the Thermoelectric Properties of Full-Heusler Fe2 TiSn,,,,,,
Fe2TiSn,FeTiSn0.5Sb0.5,X2YZ,Sb,0.5,Sn,375.9993,51.6920,,5.278706,Poly ,Bulk,"high frequency mleting in an induction furnace, annealed in vacuum at 900 C for 13 days",Roles of Defects and Sb-Doping in the Thermoelectric Properties of Full-Heusler Fe2 TiSn,,,,,,
Fe2TiSn,FeTiSn0.4Sb0.6,X2YZ,Sb,0.6,Sn,11.1776,5.5540,,0.600662,Poly ,Bulk,"high frequency mleting in an induction furnace, annealed in vacuum at 900 C for 13 days",Roles of Defects and Sb-Doping in the Thermoelectric Properties of Full-Heusler Fe2 TiSn,,,,,,
Fe2TiSn,FeTiSn0.4Sb0.6,X2YZ,Sb,0.6,Sn,29.1024,10.0318,,0.589132,Poly ,Bulk,"high frequency mleting in an induction furnace, annealed in vacuum at 900 C for 13 days",Roles of Defects and Sb-Doping in the Thermoelectric Properties of Full-Heusler Fe2 TiSn,,,,,,
Fe2TiSn,FeTiSn0.4Sb0.6,X2YZ,Sb,0.6,Sn,94.0250,15.4590,,0.668098,Poly ,Bulk,"high frequency mleting in an induction furnace, annealed in vacuum at 900 C for 13 days",Roles of Defects and Sb-Doping in the Thermoelectric Properties of Full-Heusler Fe2 TiSn,,,,,,
Fe2TiSn,FeTiSn0.4Sb0.6,X2YZ,Sb,0.6,Sn,166.9180,27.7110,,0.901183,Poly ,Bulk,"high frequency mleting in an induction furnace, annealed in vacuum at 900 C for 13 days",Roles of Defects and Sb-Doping in the Thermoelectric Properties of Full-Heusler Fe2 TiSn,,,,,,
Fe2TiSn,FeTiSn0.4Sb0.6,X2YZ,Sb,0.6,Sn,231.3859,37.4312,,1.142117,Poly ,Bulk,"high frequency mleting in an induction furnace, annealed in vacuum at 900 C for 13 days",Roles of Defects and Sb-Doping in the Thermoelectric Properties of Full-Heusler Fe2 TiSn,,,,,,
Fe2TiSn,FeTiSn0.4Sb0.6,X2YZ,Sb,0.6,Sn,284.1915,46.9627,,1.331093,Poly ,Bulk,"high frequency mleting in an induction furnace, annealed in vacuum at 900 C for 13 days",Roles of Defects and Sb-Doping in the Thermoelectric Properties of Full-Heusler Fe2 TiSn,,,,,,
Fe2TiSn,FeTiSn0.4Sb0.6,X2YZ,Sb,0.6,Sn,314.5408,49.2873,,1.448502,Poly ,Bulk,"high frequency mleting in an induction furnace, annealed in vacuum at 900 C for 13 days",Roles of Defects and Sb-Doping in the Thermoelectric Properties of Full-Heusler Fe2 TiSn,,,,,,
Fe2TiSn,FeTiSn0.4Sb0.6,X2YZ,Sb,0.6,Sn,372.8864,48.7669,,1.724037,Poly ,Bulk,"high frequency mleting in an induction furnace, annealed in vacuum at 900 C for 13 days",Roles of Defects and Sb-Doping in the Thermoelectric Properties of Full-Heusler Fe2 TiSn,,,,,,
Fe2VGa,Fe2VGa,X2YZ,X,X,X,294.3998,22.4907,1.42E-05,,Poly,Bulk,"arc melting, homogenized at 1273K for 72h",Thermoelectric properties optimization of Fe2VGa by tuning electronic density of states via titanium doping,,,,,,
Fe2VGa,Fe2VGa,X2YZ,X,X,X,376.9595,23.9726,1.45E-05,,Poly,Bulk,"arc melting, homogenized at 1273K for 72h",Thermoelectric properties optimization of Fe2VGa by tuning electronic density of states via titanium doping,,,,,,
Fe2VGa,Fe2VGa,X2YZ,X,X,X,458.8626,16.1270,1.61E-05,,Poly,Bulk,"arc melting, homogenized at 1273K for 72h",Thermoelectric properties optimization of Fe2VGa by tuning electronic density of states via titanium doping,,,,,,
Fe2VGa,Fe2VGa,X2YZ,X,X,X,540.7430,10.3736,1.83E-05,,Poly,Bulk,"arc melting, homogenized at 1273K for 72h",Thermoelectric properties optimization of Fe2VGa by tuning electronic density of states via titanium doping,,,,,,
Fe2VGa,Fe2VGa,X2YZ,X,X,X,622.6254,4.4458,2.06E-05,,Poly,Bulk,"arc melting, homogenized at 1273K for 72h",Thermoelectric properties optimization of Fe2VGa by tuning electronic density of states via titanium doping,,,,,,
Fe2VGa,Fe2VGa,X2YZ,X,X,X,699.9415,0.4359,2.23E-05,,Poly,Bulk,"arc melting, homogenized at 1273K for 72h",Thermoelectric properties optimization of Fe2VGa by tuning electronic density of states via titanium doping,,,,,,
Fe2VGa,Fe2V0.95Ti0.05Ga,X2YZ,Ti,0.05,V,294.7809,57.2727,1.29E-05,,Poly,Bulk,"arc melting, homogenized at 1273K for 72h",Thermoelectric properties optimization of Fe2VGa by tuning electronic density of states via titanium doping,,,,,,
Fe2VGa,Fe2V0.95Ti0.05Ga,X2YZ,Ti,0.05,V,382.7654,47.5093,1.36E-05,,Poly,Bulk,"arc melting, homogenized at 1273K for 72h",Thermoelectric properties optimization of Fe2VGa by tuning electronic density of states via titanium doping,,,,,,
Fe2VGa,Fe2V0.95Ti0.05Ga,X2YZ,Ti,0.05,V,458.6730,33.6488,1.51E-05,,Poly,Bulk,"arc melting, homogenized at 1273K for 72h",Thermoelectric properties optimization of Fe2VGa by tuning electronic density of states via titanium doping,,,,,,
Fe2VGa,Fe2V0.95Ti0.05Ga,X2YZ,Ti,0.05,V,540.6129,22.4035,1.73E-05,,Poly,Bulk,"arc melting, homogenized at 1273K for 72h",Thermoelectric properties optimization of Fe2VGa by tuning electronic density of states via titanium doping,,,,,,
Fe2VGa,Fe2V0.95Ti0.05Ga,X2YZ,Ti,0.05,V,622.5188,14.2964,1.95E-05,,Poly,Bulk,"arc melting, homogenized at 1273K for 72h",Thermoelectric properties optimization of Fe2VGa by tuning electronic density of states via titanium doping,,,,,,
Fe2VGa,Fe2V0.95Ti0.05Ga,X2YZ,Ti,0.05,V,701.3793,7.5841,2.12E-05,,Poly,Bulk,"arc melting, homogenized at 1273K for 72h",Thermoelectric properties optimization of Fe2VGa by tuning electronic density of states via titanium doping,,,,,,
Fe2VGa,Fe2V0.90Ti0.10Ga,X2YZ,Ti,0.1,V,294.0347,56.2267,7.82E-06,,Poly,Bulk,"arc melting, homogenized at 1273K for 72h",Thermoelectric properties optimization of Fe2VGa by tuning electronic density of states via titanium doping,,,,,,
Fe2VGa,Fe2V0.90Ti0.10Ga,X2YZ,Ti,0.1,V,374.3613,54.0473,1.01E-05,,Poly,Bulk,"arc melting, homogenized at 1273K for 72h",Thermoelectric properties optimization of Fe2VGa by tuning electronic density of states via titanium doping,,,,,,
Fe2VGa,Fe2V0.90Ti0.10Ga,X2YZ,Ti,0.1,V,457.8069,43.6737,1.29E-05,,Poly,Bulk,"arc melting, homogenized at 1273K for 72h",Thermoelectric properties optimization of Fe2VGa by tuning electronic density of states via titanium doping,,,,,,
Fe2VGa,Fe2V0.90Ti0.10Ga,X2YZ,Ti,0.1,V,548.8349,32.6899,1.65E-05,,Poly,Bulk,"arc melting, homogenized at 1273K for 72h",Thermoelectric properties optimization of Fe2VGa by tuning electronic density of states via titanium doping,,,,,,
Fe2VGa,Fe2V0.90Ti0.10Ga,X2YZ,Ti,0.1,V,617.8535,25.3674,1.88E-05,,Poly,Bulk,"arc melting, homogenized at 1273K for 72h",Thermoelectric properties optimization of Fe2VGa by tuning electronic density of states via titanium doping,,,,,,
Fe2VGa,Fe2V0.90Ti0.10Ga,X2YZ,Ti,0.1,V,699.7660,16.6501,2.10E-05,,Poly,Bulk,"arc melting, homogenized at 1273K for 72h",Thermoelectric properties optimization of Fe2VGa by tuning electronic density of states via titanium doping,,,,,,
Fe2VGa,Fe2V0.85Ti0.15Ga,X2YZ,Ti,0.15,V,297.2159,42.2790,8.42E-06,,Poly,Bulk,"arc melting, homogenized at 1273K for 72h",Thermoelectric properties optimization of Fe2VGa by tuning electronic density of states via titanium doping,,,,,,
Fe2VGa,Fe2V0.85Ti0.15Ga,X2YZ,Ti,0.15,V,356.2748,45.2428,9.92E-06,,Poly,Bulk,"arc melting, homogenized at 1273K for 72h",Thermoelectric properties optimization of Fe2VGa by tuning electronic density of states via titanium doping,,,,,,
Fe2VGa,Fe2V0.85Ti0.15Ga,X2YZ,Ti,0.15,V,440.3883,43.1507,1.27E-05,,Poly,Bulk,"arc melting, homogenized at 1273K for 72h",Thermoelectric properties optimization of Fe2VGa by tuning electronic density of states via titanium doping,,,,,,
Fe2VGa,Fe2V0.85Ti0.15Ga,X2YZ,Ti,0.15,V,547.2999,34.5205,1.66E-05,,Poly,Bulk,"arc melting, homogenized at 1273K for 72h",Thermoelectric properties optimization of Fe2VGa by tuning electronic density of states via titanium doping,,,,,,
Fe2VGa,Fe2V0.85Ti0.15Ga,X2YZ,Ti,0.15,V,630.7351,25.1059,1.95E-05,,Poly,Bulk,"arc melting, homogenized at 1273K for 72h",Thermoelectric properties optimization of Fe2VGa by tuning electronic density of states via titanium doping,,,,,,
Fe2VGa,Fe2V0.85Ti0.15Ga,X2YZ,Ti,0.15,V,699.7604,17.1731,2.11E-05,,Poly,Bulk,"arc melting, homogenized at 1273K for 72h",Thermoelectric properties optimization of Fe2VGa by tuning electronic density of states via titanium doping,,,,,,
Fe2VGa,Fe2V0.80Ti0.20Ga,X2YZ,Ti,0.2,V,297.1810,45.5044,7.95E-06,,Poly,Bulk,"arc melting, homogenized at 1273K for 72h",Thermoelectric properties optimization of Fe2VGa by tuning electronic density of states via titanium doping,,,,,,
Fe2VGa,Fe2V0.80Ti0.20Ga,X2YZ,Ti,0.2,V,366.8016,52.5654,9.94E-06,,Poly,Bulk,"arc melting, homogenized at 1273K for 72h",Thermoelectric properties optimization of Fe2VGa by tuning electronic density of states via titanium doping,,,,,,
Fe2VGa,Fe2V0.80Ti0.20Ga,X2YZ,Ti,0.2,V,428.9068,54.0473,1.20E-05,,Poly,Bulk,"arc melting, homogenized at 1273K for 72h",Thermoelectric properties optimization of Fe2VGa by tuning electronic density of states via titanium doping,,,,,,
Fe2VGa,Fe2V0.80Ti0.20Ga,X2YZ,Ti,0.2,V,503.1935,49.9502,1.46E-05,,Poly,Bulk,"arc melting, homogenized at 1273K for 72h",Thermoelectric properties optimization of Fe2VGa by tuning electronic density of states via titanium doping,,,,,,
Fe2VGa,Fe2V0.80Ti0.20Ga,X2YZ,Ti,0.2,V,606.3342,39.7509,1.81E-05,,Poly,Bulk,"arc melting, homogenized at 1273K for 72h",Thermoelectric properties optimization of Fe2VGa by tuning electronic density of states via titanium doping,,,,,,
Fe2VGa,Fe2V0.80Ti0.20Ga,X2YZ,Ti,0.2,V,701.1566,28.1569,2.02E-05,,Poly,Bulk,"arc melting, homogenized at 1273K for 72h",Thermoelectric properties optimization of Fe2VGa by tuning electronic density of states via titanium doping,,,,,,
Fe2VGa,Fe2V0.75Ti0.25Ga,X2YZ,Ti,0.25,V,295.0328,33.9975,8.38E-06,,Poly,Bulk,"arc melting, homogenized at 1273K for 72h",Thermoelectric properties optimization of Fe2VGa by tuning electronic density of states via titanium doping,,,,,,
Fe2VGa,Fe2V0.75Ti0.25Ga,X2YZ,Ti,0.25,V,380.5342,43.6737,1.06E-05,,Poly,Bulk,"arc melting, homogenized at 1273K for 72h",Thermoelectric properties optimization of Fe2VGa by tuning electronic density of states via titanium doping,,,,,,
Fe2VGa,Fe2V0.75Ti0.25Ga,X2YZ,Ti,0.25,V,465.3459,47.0735,1.37E-05,,Poly,Bulk,"arc melting, homogenized at 1273K for 72h",Thermoelectric properties optimization of Fe2VGa by tuning electronic density of states via titanium doping,,,,,,
Fe2VGa,Fe2V0.75Ti0.25Ga,X2YZ,Ti,0.25,V,550.9859,43.9352,1.69E-05,,Poly,Bulk,"arc melting, homogenized at 1273K for 72h",Thermoelectric properties optimization of Fe2VGa by tuning electronic density of states via titanium doping,,,,,,
Fe2VGa,Fe2V0.75Ti0.25Ga,X2YZ,Ti,0.25,V,622.2697,37.3101,1.93E-05,,Poly,Bulk,"arc melting, homogenized at 1273K for 72h",Thermoelectric properties optimization of Fe2VGa by tuning electronic density of states via titanium doping,,,,,,
Fe2VGa,Fe2V0.75Ti0.25Ga,X2YZ,Ti,0.25,V,701.1651,27.3724,2.12E-05,,Poly,Bulk,"arc melting, homogenized at 1273K for 72h",Thermoelectric properties optimization of Fe2VGa by tuning electronic density of states via titanium doping,,,,,,
Fe2TiSn,Fe2TiSn,X2YZ,X,X,X,301.2263,34.3551,,20.566,Poly,Bulk,"annealed at 1073 K for one week, sintered at 1073 K ",Influence of V Doping on the Thermoelectric Properties of Fe2 Ti1 – xVxSn Heusler Alloys,,,,,,
Fe2TiSn,Fe2TiSn,X2YZ,X,X,X,373.9721,20.4876,,20.825,Poly,Bulk,"annealed at 1073 K for one week, sintered at 1073 K ",Influence of V Doping on the Thermoelectric Properties of Fe2 Ti1 – xVxSn Heusler Alloys,,,,,,
Fe2TiSn,Fe2TiSn,X2YZ,X,X,X,498.3221,9.2073,,22.369,Poly,Bulk,"annealed at 1073 K for one week, sintered at 1073 K ",Influence of V Doping on the Thermoelectric Properties of Fe2 Ti1 – xVxSn Heusler Alloys,,,,,,
Fe2TiSn,Fe2TiSn,X2YZ,X,X,X,649.9582,2.3589,,24.708,Poly,Bulk,"annealed at 1073 K for one week, sintered at 1073 K ",Influence of V Doping on the Thermoelectric Properties of Fe2 Ti1 – xVxSn Heusler Alloys,,,,,,
Fe2TiSn,Fe2TiSn,X2YZ,X,X,X,826.1180,1.8962,,26.803,Poly,Bulk,"annealed at 1073 K for one week, sintered at 1073 K ",Influence of V Doping on the Thermoelectric Properties of Fe2 Ti1 – xVxSn Heusler Alloys,,,,,,
Fe2TiSn,Fe2TiSn,X2YZ,X,X,X,977.9958,4.7187,,27.972,Poly,Bulk,"annealed at 1073 K for one week, sintered at 1073 K ",Influence of V Doping on the Thermoelectric Properties of Fe2 Ti1 – xVxSn Heusler Alloys,,,,,,
Fe2TiSn,Fe2Ti0.94V0.06Sn,X2YZ,V,0.06,Ti,297.8160,10.3829,,21.43,Poly,Bulk,"annealed at 1073 K for one week, sintered at 1073 K ",Influence of V Doping on the Thermoelectric Properties of Fe2 Ti1 – xVxSn Heusler Alloys,,,,,,
Fe2TiSn,Fe2Ti0.94V0.06Sn,X2YZ,V,0.06,Ti,475.7780,7.0402,,25.548,Poly,Bulk,"annealed at 1073 K for one week, sintered at 1073 K ",Influence of V Doping on the Thermoelectric Properties of Fe2 Ti1 – xVxSn Heusler Alloys,,,,,,
Fe2TiSn,Fe2Ti0.94V0.06Sn,X2YZ,V,0.06,Ti,626.6493,7.0845,,29.776,Poly,Bulk,"annealed at 1073 K for one week, sintered at 1073 K ",Influence of V Doping on the Thermoelectric Properties of Fe2 Ti1 – xVxSn Heusler Alloys,,,,,,
Fe2TiSn,Fe2Ti0.94V0.06Sn,X2YZ,V,0.06,Ti,773.7233,5.1730,,33.065,Poly,Bulk,"annealed at 1073 K for one week, sintered at 1073 K ",Influence of V Doping on the Thermoelectric Properties of Fe2 Ti1 – xVxSn Heusler Alloys,,,,,,
Fe2TiSn,Fe2Ti0.94V0.06Sn,X2YZ,V,0.06,Ti,928.3301,4.7041,,35.647,Poly,Bulk,"annealed at 1073 K for one week, sintered at 1073 K ",Influence of V Doping on the Thermoelectric Properties of Fe2 Ti1 – xVxSn Heusler Alloys,,,,,,
Fe2TiSn,Fe2Ti0.94V0.06Sn,X2YZ,V,0.06,Ti,974.8335,4.9418,,36.052,Poly,Bulk,"annealed at 1073 K for one week, sintered at 1073 K ",Influence of V Doping on the Thermoelectric Properties of Fe2 Ti1 – xVxSn Heusler Alloys,,,,,,
Fe2TiSn,Fe2Ti0.85V0.15Sn,X2YZ,V,0.15,Ti,298.5346,1.6383,,16.939,Poly,Bulk,"annealed at 1073 K for one week, sintered at 1073 K ",Influence of V Doping on the Thermoelectric Properties of Fe2 Ti1 – xVxSn Heusler Alloys,,,,,,
Fe2TiSn,Fe2Ti0.85V0.15Sn,X2YZ,V,0.15,Ti,427.7088,-4.0851,,18.696,Poly,Bulk,"annealed at 1073 K for one week, sintered at 1073 K ",Influence of V Doping on the Thermoelectric Properties of Fe2 Ti1 – xVxSn Heusler Alloys,,,,,,
Fe2TiSn,Fe2Ti0.85V0.15Sn,X2YZ,V,0.15,Ti,572.9858,-2.9107,,21.024,Poly,Bulk,"annealed at 1073 K for one week, sintered at 1073 K ",Influence of V Doping on the Thermoelectric Properties of Fe2 Ti1 – xVxSn Heusler Alloys,,,,,,
Fe2TiSn,Fe2Ti0.85V0.15Sn,X2YZ,V,0.15,Ti,775.4844,0.6468,,23.919,Poly,Bulk,"annealed at 1073 K for one week, sintered at 1073 K ",Influence of V Doping on the Thermoelectric Properties of Fe2 Ti1 – xVxSn Heusler Alloys,,,,,,
Fe2TiSn,Fe2Ti0.85V0.15Sn,X2YZ,V,0.15,Ti,873.8928,4.0194,,25.085,Poly,Bulk,"annealed at 1073 K for one week, sintered at 1073 K ",Influence of V Doping on the Thermoelectric Properties of Fe2 Ti1 – xVxSn Heusler Alloys,,,,,,
Fe2TiSn,Fe2Ti0.85V0.15Sn,X2YZ,V,0.15,Ti,976.0328,5.0887,,26.172,Poly,Bulk,"annealed at 1073 K for one week, sintered at 1073 K ",Influence of V Doping on the Thermoelectric Properties of Fe2 Ti1 – xVxSn Heusler Alloys,,,,,,
Fe2TiSn,Fe2Ti0.80V0.20Sn,X2YZ,V,0.2,Ti,294.4880,-10.2971,,18.185,Poly,Bulk,"annealed at 1073 K for one week, sintered at 1073 K ",Influence of V Doping on the Thermoelectric Properties of Fe2 Ti1 – xVxSn Heusler Alloys,,,,,,
Fe2TiSn,Fe2Ti0.80V0.20Sn,X2YZ,V,0.2,Ti,423.8731,-7.5841,,20.453,Poly,Bulk,"annealed at 1073 K for one week, sintered at 1073 K ",Influence of V Doping on the Thermoelectric Properties of Fe2 Ti1 – xVxSn Heusler Alloys,,,,,,
Fe2TiSn,Fe2Ti0.80V0.20Sn,X2YZ,V,0.2,Ti,581.4531,-1.5707,,24.382,Poly,Bulk,"annealed at 1073 K for one week, sintered at 1073 K ",Influence of V Doping on the Thermoelectric Properties of Fe2 Ti1 – xVxSn Heusler Alloys,,,,,,
Fe2TiSn,Fe2Ti0.80V0.20Sn,X2YZ,V,0.2,Ti,723.0614,2.7919,,27.635,Poly,Bulk,"annealed at 1073 K for one week, sintered at 1073 K ",Influence of V Doping on the Thermoelectric Properties of Fe2 Ti1 – xVxSn Heusler Alloys,,,,,,
Fe2TiSn,Fe2Ti0.80V0.20Sn,X2YZ,V,0.2,Ti,872.1022,4.5846,,29.986,Poly,Bulk,"annealed at 1073 K for one week, sintered at 1073 K ",Influence of V Doping on the Thermoelectric Properties of Fe2 Ti1 – xVxSn Heusler Alloys,,,,,,
Fe2TiSn,Fe2Ti0.80V0.20Sn,X2YZ,V,0.2,Ti,978.0472,6.7763,,31.381,Poly,Bulk,"annealed at 1073 K for one week, sintered at 1073 K ",Influence of V Doping on the Thermoelectric Properties of Fe2 Ti1 – xVxSn Heusler Alloys,,,,,,
Fe2VAl,Fe2VAl,X2YZ,X,X,X,324.1993,-126.1005,,17.332,Poly,Bulk,"hand-milled, spark plasma sintering",Effect of Off-Stoichiometry and Point Defects on ThermoelectricProperties of a W‑Substituted Fe2VAl Heusler Compound,,,,,,
Fe2VAl,Fe2VAl,X2YZ,X,X,X,435.2313,-80.7177,,20.753,Poly,Bulk,"hand-milled, spark plasma sintering",Effect of Off-Stoichiometry and Point Defects on ThermoelectricProperties of a W‑Substituted Fe2VAl Heusler Compound,,,,,,
Fe2VAl,Fe2VAl,X2YZ,X,X,X,576.1566,-42.0335,,25.714,Poly,Bulk,"hand-milled, spark plasma sintering",Effect of Off-Stoichiometry and Point Defects on ThermoelectricProperties of a W‑Substituted Fe2VAl Heusler Compound,,,,,,
Fe2VAl,Fe2VAl,X2YZ,X,X,X,659.4306,-27.4641,,28.522,Poly,Bulk,"hand-milled, spark plasma sintering",Effect of Off-Stoichiometry and Point Defects on ThermoelectricProperties of a W‑Substituted Fe2VAl Heusler Compound,,,,,,
Fe2VAl,Fe2VAl,X2YZ,X,X,X,851.6014,-17.0813,,33.077,Poly,Bulk,"hand-milled, spark plasma sintering",Effect of Off-Stoichiometry and Point Defects on ThermoelectricProperties of a W‑Substituted Fe2VAl Heusler Compound,,,,,,
Fe2VAl,Fe1.95VW0.05Al,X2YZ,W,0.05,Fe,317.0819,-93.7799,,52.717,Poly,Bulk,"hand-milled, spark plasma sintering",Effect of Off-Stoichiometry and Point Defects on ThermoelectricProperties of a W‑Substituted Fe2VAl Heusler Compound,,,,,,
Fe2VAl,Fe1.95VW0.05Al,X2YZ,W,0.05,Fe,417.4377,-108.0144,,41.482,Poly,Bulk,"hand-milled, spark plasma sintering",Effect of Off-Stoichiometry and Point Defects on ThermoelectricProperties of a W‑Substituted Fe2VAl Heusler Compound,,,,,,
Fe2VAl,Fe1.95VW0.05Al,X2YZ,W,0.05,Fe,517.7936,-105.0000,,35.197,Poly,Bulk,"hand-milled, spark plasma sintering",Effect of Off-Stoichiometry and Point Defects on ThermoelectricProperties of a W‑Substituted Fe2VAl Heusler Compound,,,,,,
Fe2VAl,Fe1.95VW0.05Al,X2YZ,W,0.05,Fe,662.9893,-75.8612,,32.441,Poly,Bulk,"hand-milled, spark plasma sintering",Effect of Off-Stoichiometry and Point Defects on ThermoelectricProperties of a W‑Substituted Fe2VAl Heusler Compound,,,,,,
Fe2VAl,Fe1.95VW0.05Al,X2YZ,W,0.05,Fe,810.3203,-50.2392,,34.343,Poly,Bulk,"hand-milled, spark plasma sintering",Effect of Off-Stoichiometry and Point Defects on ThermoelectricProperties of a W‑Substituted Fe2VAl Heusler Compound,,,,,,
Fe2VAl,Fe1.95VW0.05Al,X2YZ,W,0.05,Fe,858.0071,-43.2057,,35.505,Poly,Bulk,"hand-milled, spark plasma sintering",Effect of Off-Stoichiometry and Point Defects on ThermoelectricProperties of a W‑Substituted Fe2VAl Heusler Compound,,,,,,
Fe2VAl,Fe1.90VW0.10Al,X2YZ,W,0.1,Fe,324.1993,-126.1005,,26.566,Poly,Bulk,"hand-milled, spark plasma sintering",Effect of Off-Stoichiometry and Point Defects on ThermoelectricProperties of a W‑Substituted Fe2VAl Heusler Compound,,,,,,
Fe2VAl,Fe1.90VW0.10Al,X2YZ,W,0.1,Fe,423.8434,-124.4258,,24.475,Poly,Bulk,"hand-milled, spark plasma sintering",Effect of Off-Stoichiometry and Point Defects on ThermoelectricProperties of a W‑Substituted Fe2VAl Heusler Compound,,,,,,
Fe2VAl,Fe1.90VW0.10Al,X2YZ,W,0.1,Fe,565.4804,-89.9282,,23.653,Poly,Bulk,"hand-milled, spark plasma sintering",Effect of Off-Stoichiometry and Point Defects on ThermoelectricProperties of a W‑Substituted Fe2VAl Heusler Compound,,,,,,
Fe2VAl,Fe1.90VW0.10Al,X2YZ,W,0.1,Fe,660.8541,-66.3158,,25.122,Poly,Bulk,"hand-milled, spark plasma sintering",Effect of Off-Stoichiometry and Point Defects on ThermoelectricProperties of a W‑Substituted Fe2VAl Heusler Compound,,,,,,
Fe2VAl,Fe1.90VW0.10Al,X2YZ,W,0.1,Fe,853.7367,-36.1722,,29.563,Poly,Bulk,"hand-milled, spark plasma sintering",Effect of Off-Stoichiometry and Point Defects on ThermoelectricProperties of a W‑Substituted Fe2VAl Heusler Compound,,,,,,
Fe2VAl,Fe1.85VW0.15Al,X2YZ,W,0.15,Fe,323.4875,-129.9522,,21.058,Poly,Bulk,"hand-milled, spark plasma sintering",Effect of Off-Stoichiometry and Point Defects on ThermoelectricProperties of a W‑Substituted Fe2VAl Heusler Compound,,,,,,
Fe2VAl,Fe1.85VW0.15Al,X2YZ,W,0.15,Fe,420.2847,-121.5789,,22.554,Poly,Bulk,"hand-milled, spark plasma sintering",Effect of Off-Stoichiometry and Point Defects on ThermoelectricProperties of a W‑Substituted Fe2VAl Heusler Compound,,,,,,
Fe2VAl,Fe1.85VW0.15Al,X2YZ,W,0.15,Fe,514.2349,-89.7608,,24.732,Poly,Bulk,"hand-milled, spark plasma sintering",Effect of Off-Stoichiometry and Point Defects on ThermoelectricProperties of a W‑Substituted Fe2VAl Heusler Compound,,,,,,
Fe2VAl,Fe1.85VW0.15Al,X2YZ,W,0.15,Fe,609.6085,-70.3349,,27.476,Poly,Bulk,"hand-milled, spark plasma sintering",Effect of Off-Stoichiometry and Point Defects on ThermoelectricProperties of a W‑Substituted Fe2VAl Heusler Compound,,,,,,
Fe2VAl,Fe1.85VW0.15Al,X2YZ,W,0.15,Fe,707.8292,-45.5502,,30.655,Poly,Bulk,"hand-milled, spark plasma sintering",Effect of Off-Stoichiometry and Point Defects on ThermoelectricProperties of a W‑Substituted Fe2VAl Heusler Compound,,,,,,
Fe2VAl,Fe1.85VW0.15Al,X2YZ,W,0.15,Fe,855.8719,-26.6268,,35.65,Poly,Bulk,"hand-milled, spark plasma sintering",Effect of Off-Stoichiometry and Point Defects on ThermoelectricProperties of a W‑Substituted Fe2VAl Heusler Compound,,,,,,
Fe2VAl,Fe2VAl,X2YZ,X,X,X,83.3879,53.2973,5.24E-05,,Poly,Bulk,arc melting,High Thermoelectric Power Factor Near Room Temperaturein Full-Heusler Alloys,,,,,,
Fe2VAl,Fe2VAl,X2YZ,X,X,X,154.1442,73.2089,5.10E-05,,Poly,Bulk,arc melting,High Thermoelectric Power Factor Near Room Temperaturein Full-Heusler Alloys,,,,,,
Fe2VAl,Fe2VAl,X2YZ,X,X,X,222.7167,82.6097,4.98E-05,,Poly,Bulk,arc melting,High Thermoelectric Power Factor Near Room Temperaturein Full-Heusler Alloys,,,,,,
Fe2VAl,Fe2VAl,X2YZ,X,X,X,303.4724,87.4920,4.91E-05,,Poly,Bulk,arc melting,High Thermoelectric Power Factor Near Room Temperaturein Full-Heusler Alloys,,,,,,
Fe2VAl,Fe2V0.97Si0.03Al,X2YZ,Si,0.03,V,80.7027,-42.6036,X,,Poly,Bulk,arc melting,High Thermoelectric Power Factor Near Room Temperaturein Full-Heusler Alloys,,,,,,
Fe2VAl,Fe2V0.97Si0.03Al,X2YZ,Si,0.03,V,126.1036,-56.1246,X,,Poly,Bulk,arc melting,High Thermoelectric Power Factor Near Room Temperaturein Full-Heusler Alloys,,,,,,
Fe2VAl,Fe2V0.97Si0.03Al,X2YZ,Si,0.03,V,182.5574,-65.4926,X,,Poly,Bulk,arc melting,High Thermoelectric Power Factor Near Room Temperaturein Full-Heusler Alloys,,,,,,
Fe2VAl,Fe2V0.97Si0.03Al,X2YZ,Si,0.03,V,223.1146,-61.2243,X,,Poly,Bulk,arc melting,High Thermoelectric Power Factor Near Room Temperaturein Full-Heusler Alloys,,,,,,
Fe2VAl,Fe2V0.97Si0.03Al,X2YZ,Si,0.03,V,303.0834,-38.5369,X,,Poly,Bulk,arc melting,High Thermoelectric Power Factor Near Room Temperaturein Full-Heusler Alloys,,,,,,
Fe2VAl,Fe2V0.94Si0.06Al,X2YZ,Si,0.06,V,86.0061,-93.2678,7.44E-05,,Poly,Bulk,arc melting,High Thermoelectric Power Factor Near Room Temperaturein Full-Heusler Alloys,,,,,,
Fe2VAl,Fe2V0.94Si0.06Al,X2YZ,Si,0.06,V,142.9032,-129.5748,7.23E-05,,Poly,Bulk,arc melting,High Thermoelectric Power Factor Near Room Temperaturein Full-Heusler Alloys,,,,,,
Fe2VAl,Fe2V0.94Si0.06Al,X2YZ,Si,0.06,V,183.8898,-147.2226,7.48E-05,,Poly,Bulk,arc melting,High Thermoelectric Power Factor Near Room Temperaturein Full-Heusler Alloys,,,,,,
Fe2VAl,Fe2V0.94Si0.06Al,X2YZ,Si,0.06,V,223.7372,-153.0027,7.81E-05,,Poly,Bulk,arc melting,High Thermoelectric Power Factor Near Room Temperaturein Full-Heusler Alloys,,,,,,
Fe2VAl,Fe2V0.94Si0.06Al,X2YZ,Si,0.06,V,272.0242,-143.2247,7.63E-05,,Poly,Bulk,arc melting,High Thermoelectric Power Factor Near Room Temperaturein Full-Heusler Alloys,,,,,,
Fe2VAl,Fe2V0.94Si0.06Al,X2YZ,Si,0.06,V,295.2274,-131.7183,7.02E-05,,Poly,Bulk,arc melting,High Thermoelectric Power Factor Near Room Temperaturein Full-Heusler Alloys,,,,,,
Fe2VAl,Fe2V0.90Si0.10Al,X2YZ,Si,0.1,V,80.3781,-58.5866,1.48E-05,,Poly,Bulk,arc melting,High Thermoelectric Power Factor Near Room Temperaturein Full-Heusler Alloys,,,,,,
Fe2VAl,Fe2V0.90Si0.10Al,X2YZ,Si,0.1,V,134.6543,-80.7486,1.65E-05,,Poly,Bulk,arc melting,High Thermoelectric Power Factor Near Room Temperaturein Full-Heusler Alloys,,,,,,
Fe2VAl,Fe2V0.90Si0.10Al,X2YZ,Si,0.1,V,195.5603,-99.6883,2.13E-05,,Poly,Bulk,arc melting,High Thermoelectric Power Factor Near Room Temperaturein Full-Heusler Alloys,,,,,,
Fe2VAl,Fe2V0.90Si0.10Al,X2YZ,Si,0.1,V,254.2445,-115.4404,2.83E-05,,Poly,Bulk,arc melting,High Thermoelectric Power Factor Near Room Temperaturein Full-Heusler Alloys,,,,,,
Fe2VAl,Fe2V0.90Si0.10Al,X2YZ,Si,0.1,V,305.1636,-123.9169,3.65E-05,,Poly,Bulk,arc melting,High Thermoelectric Power Factor Near Room Temperaturein Full-Heusler Alloys,,,,,,
Fe2VAl,Fe2V0.80Si0.20Al,X2YZ,Si,0.2,V,78.1198,-42.1571,1.65E-05,,Poly,Bulk,arc melting,High Thermoelectric Power Factor Near Room Temperaturein Full-Heusler Alloys,,,,,,
Fe2VAl,Fe2V0.80Si0.20Al,X2YZ,Si,0.2,V,142.3462,-61.5404,2.13E-05,,Poly,Bulk,arc melting,High Thermoelectric Power Factor Near Room Temperaturein Full-Heusler Alloys,,,,,,
Fe2VAl,Fe2V0.80Si0.20Al,X2YZ,Si,0.2,V,216.9080,-84.0797,3.25E-05,,Poly,Bulk,arc melting,High Thermoelectric Power Factor Near Room Temperaturein Full-Heusler Alloys,,,,,,
Fe2VAl,Fe2V0.80Si0.20Al,X2YZ,Si,0.2,V,305.1068,-103.3692,4.72E-05,,Poly,Bulk,arc melting,High Thermoelectric Power Factor Near Room Temperaturein Full-Heusler Alloys,,,,,,
Fe2VAl,Fe2VAl,X2YZ,X,X,X,88.0457,28.2392,5.27E-05,,Poly,Bulk,arc melting,High Thermoelectric Power Factor Near Room Temperaturein Full-Heusler Alloys,,,,,,
Fe2VAl,Fe2VAl,X2YZ,X,X,X,131.6919,43.5216,5.18E-05,,Poly,Bulk,arc melting,High Thermoelectric Power Factor Near Room Temperaturein Full-Heusler Alloys,,,,,,
Fe2VAl,Fe2VAl,X2YZ,X,X,X,197.7712,53.1561,5.06E-05,,Poly,Bulk,arc melting,High Thermoelectric Power Factor Near Room Temperaturein Full-Heusler Alloys,,,,,,
Fe2VAl,Fe2VAl,X2YZ,X,X,X,245.5648,58.1395,4.97E-05,,Poly,Bulk,arc melting,High Thermoelectric Power Factor Near Room Temperaturein Full-Heusler Alloys,,,,,,
Fe2VAl,Fe2VAl,X2YZ,X,X,X,301.5934,58.4718,4.86E-05,,Poly,Bulk,arc melting,High Thermoelectric Power Factor Near Room Temperaturein Full-Heusler Alloys,,,,,,
Fe2VAl,Fe2V0.95Sn0.05Al,X2YZ,Sn,0.05,V,80.2474,-84.0532,8.47E-05,,Poly,Bulk,arc melting,High Thermoelectric Power Factor Near Room Temperaturein Full-Heusler Alloys,,,,,,
Fe2VAl,Fe2V0.95Sn0.05Al,X2YZ,Sn,0.05,V,127.4366,-117.2757,8.96E-05,,Poly,Bulk,arc melting,High Thermoelectric Power Factor Near Room Temperaturein Full-Heusler Alloys,,,,,,
Fe2VAl,Fe2V0.95Sn0.05Al,X2YZ,Sn,0.05,V,170.4587,-134.8837,9.35E-05,,Poly,Bulk,arc melting,High Thermoelectric Power Factor Near Room Temperaturein Full-Heusler Alloys,,,,,,
Fe2VAl,Fe2V0.95Sn0.05Al,X2YZ,Sn,0.05,V,203.7266,-141.1960,9.49E-05,,Poly,Bulk,arc melting,High Thermoelectric Power Factor Near Room Temperaturein Full-Heusler Alloys,,,,,,
Fe2VAl,Fe2V0.95Sn0.05Al,X2YZ,Sn,0.05,V,257.4930,-135.2159,9.13E-05,,Poly,Bulk,arc melting,High Thermoelectric Power Factor Near Room Temperaturein Full-Heusler Alloys,,,,,,
Fe2VAl,Fe2V0.95Sn0.05Al,X2YZ,Sn,0.05,V,301.1367,-119.2691,8.59E-05,,Poly,Bulk,arc melting,High Thermoelectric Power Factor Near Room Temperaturein Full-Heusler Alloys,,,,,,
Fe2VAl,Fe2V0.90Sn0.10Al,X2YZ,Sn,0.1,V,88.0110,-62.4585,3.74E-05,,Poly,Bulk,arc melting,High Thermoelectric Power Factor Near Room Temperaturein Full-Heusler Alloys,,,,,,
Fe2VAl,Fe2V0.90Sn0.10Al,X2YZ,Sn,0.1,V,141.1556,-90.0332,4.15E-05,,Poly,Bulk,arc melting,High Thermoelectric Power Factor Near Room Temperaturein Full-Heusler Alloys,,,,,,
Fe2VAl,Fe2V0.90Sn0.10Al,X2YZ,Sn,0.1,V,209.2577,-121.9269,4.64E-05,,Poly,Bulk,arc melting,High Thermoelectric Power Factor Near Room Temperaturein Full-Heusler Alloys,,,,,,
Fe2VAl,Fe2V0.90Sn0.10Al,X2YZ,Sn,0.1,V,254.5271,-141.1960,4.94E-05,,Poly,Bulk,arc melting,High Thermoelectric Power Factor Near Room Temperaturein Full-Heusler Alloys,,,,,,
Fe2VAl,Fe2V0.90Sn0.10Al,X2YZ,Sn,0.1,V,300.1241,-148.1728,5.22E-05,,Poly,Bulk,arc melting,High Thermoelectric Power Factor Near Room Temperaturein Full-Heusler Alloys,,,,,,
Fe2VAl,Fe2V0.80Sn0.20Al,X2YZ,Sn,0.2,V,80.4100,-27.5748,1.62E-05,,Poly,Bulk,arc melting,High Thermoelectric Power Factor Near Room Temperaturein Full-Heusler Alloys,,,,,,
Fe2VAl,Fe2V0.80Sn0.20Al,X2YZ,Sn,0.2,V,143.2379,-47.5083,2.04E-05,,Poly,Bulk,arc melting,High Thermoelectric Power Factor Near Room Temperaturein Full-Heusler Alloys,,,,,,
Fe2VAl,Fe2V0.80Sn0.20Al,X2YZ,Sn,0.2,V,204.5531,-62.4585,2.38E-05,,Poly,Bulk,arc melting,High Thermoelectric Power Factor Near Room Temperaturein Full-Heusler Alloys,,,,,,
Fe2VAl,Fe2V0.80Sn0.20Al,X2YZ,Sn,0.2,V,299.8771,-82.0598,2.74E-05,,Poly,Bulk,arc melting,High Thermoelectric Power Factor Near Room Temperaturein Full-Heusler Alloys,,,,,,
Fe2VAl,Fe2VAl,X2YZ,X,X,X,141.3428,13.4213,1.70E-04,,Poly,Bulk,"arc melting, homogenized at 1273 K for 12 h, annealed at 1273 K for 1 hr and then 673 K for 6 hr",Thermoelectric properties of the Heusler-type Fe2VTaxAl1-x alloys,,,,,,
Fe2VAl,Fe2VAl,X2YZ,X,X,X,287.3969,30.7200,8.08E-05,,Poly,Bulk,"arc melting, homogenized at 1273 K for 12 h, annealed at 1273 K for 1 hr and then 673 K for 6 hr",Thermoelectric properties of the Heusler-type Fe2VTaxAl1-x alloys,,,,,,
Fe2VAl,Fe2VAl,X2YZ,X,X,X,358.0683,35.4277,5.81E-05,,Poly,Bulk,"arc melting, homogenized at 1273 K for 12 h, annealed at 1273 K for 1 hr and then 673 K for 6 hr",Thermoelectric properties of the Heusler-type Fe2VTaxAl1-x alloys,,,,,,
Fe2VAl,Fe2VAl,X2YZ,X,X,X,401.4134,36.4648,4.89E-05,,Poly,Bulk,"arc melting, homogenized at 1273 K for 12 h, annealed at 1273 K for 1 hr and then 673 K for 6 hr",Thermoelectric properties of the Heusler-type Fe2VTaxAl1-x alloys,,,,,,
Fe2VAl,Fe2VAl,X2YZ,X,X,X,507.8916,16.7177,3.68E-05,,Poly,Bulk,"arc melting, homogenized at 1273 K for 12 h, annealed at 1273 K for 1 hr and then 673 K for 6 hr",Thermoelectric properties of the Heusler-type Fe2VTaxAl1-x alloys,,,,,,
Fe2VAl,Fe2VAl,X2YZ,X,X,X,601.1779,2.2315,3.28E-05,,Poly,Bulk,"arc melting, homogenized at 1273 K for 12 h, annealed at 1273 K for 1 hr and then 673 K for 6 hr",Thermoelectric properties of the Heusler-type Fe2VTaxAl1-x alloys,,,,,,
Fe2VAl,Fe2VTa0.03Al0.97,X2YZ,Ta,0.03,Al,100.8245,-88.0172,2.88E-05,,Poly,Bulk,"arc melting, homogenized at 1273 K for 12 h, annealed at 1273 K for 1 hr and then 673 K for 6 hr",Thermoelectric properties of the Heusler-type Fe2VTaxAl1-x alloys,,,,,,
Fe2VAl,Fe2VTa0.03Al0.97,X2YZ,Ta,0.03,Al,192.2261,-130.6254,3.72E-05,,Poly,Bulk,"arc melting, homogenized at 1273 K for 12 h, annealed at 1273 K for 1 hr and then 673 K for 6 hr",Thermoelectric properties of the Heusler-type Fe2VTaxAl1-x alloys,,,,,,
Fe2VAl,Fe2VTa0.03Al0.97,X2YZ,Ta,0.03,Al,262.8975,-155.3545,4.36E-05,,Poly,Bulk,"arc melting, homogenized at 1273 K for 12 h, annealed at 1273 K for 1 hr and then 673 K for 6 hr",Thermoelectric properties of the Heusler-type Fe2VTaxAl1-x alloys,,,,,,
Fe2VAl,Fe2VTa0.03Al0.97,X2YZ,Ta,0.03,Al,336.3958,-164.5777,4.78E-05,,Poly,Bulk,"arc melting, homogenized at 1273 K for 12 h, annealed at 1273 K for 1 hr and then 673 K for 6 hr",Thermoelectric properties of the Heusler-type Fe2VTaxAl1-x alloys,,,,,,
Fe2VAl,Fe2VTa0.03Al0.97,X2YZ,Ta,0.03,Al,418.3746,-147.2579,4.75E-05,,Poly,Bulk,"arc melting, homogenized at 1273 K for 12 h, annealed at 1273 K for 1 hr and then 673 K for 6 hr",Thermoelectric properties of the Heusler-type Fe2VTaxAl1-x alloys,,,,,,
Fe2VAl,Fe2VTa0.03Al0.97,X2YZ,Ta,0.03,Al,513.5453,-97.8774,4.20E-05,,Poly,Bulk,"arc melting, homogenized at 1273 K for 12 h, annealed at 1273 K for 1 hr and then 673 K for 6 hr",Thermoelectric properties of the Heusler-type Fe2VTaxAl1-x alloys,,,,,,
Fe2VAl,Fe2VTa0.03Al0.97,X2YZ,Ta,0.03,Al,584.2167,-76.3487,3.83E-05,,Poly,Bulk,"arc melting, homogenized at 1273 K for 12 h, annealed at 1273 K for 1 hr and then 673 K for 6 hr",Thermoelectric properties of the Heusler-type Fe2VTaxAl1-x alloys,,,,,,
Fe2VAl,Fe2VTa0.03Al0.97,X2YZ,Ta,0.03,Al,701.0601,-52.2069,3.45E-05,,Poly,Bulk,"arc melting, homogenized at 1273 K for 12 h, annealed at 1273 K for 1 hr and then 673 K for 6 hr",Thermoelectric properties of the Heusler-type Fe2VTaxAl1-x alloys,,,,,,
Fe2VAl,Fe2VTa0.05Al0.95,X2YZ,Ta,0.05,Al,96.1131,-63.5726,1.67E-05,,Poly,Bulk,"arc melting, homogenized at 1273 K for 12 h, annealed at 1273 K for 1 hr and then 673 K for 6 hr",Thermoelectric properties of the Heusler-type Fe2VTaxAl1-x alloys,,,,,,
Fe2VAl,Fe2VTa0.05Al0.95,X2YZ,Ta,0.05,Al,230.8598,-114.3428,2.56E-05,,Poly,Bulk,"arc melting, homogenized at 1273 K for 12 h, annealed at 1273 K for 1 hr and then 673 K for 6 hr",Thermoelectric properties of the Heusler-type Fe2VTaxAl1-x alloys,,,,,,
Fe2VAl,Fe2VTa0.05Al0.95,X2YZ,Ta,0.05,Al,307.1849,-140.9135,3.15E-05,,Poly,Bulk,"arc melting, homogenized at 1273 K for 12 h, annealed at 1273 K for 1 hr and then 673 K for 6 hr",Thermoelectric properties of the Heusler-type Fe2VTaxAl1-x alloys,,,,,,
Fe2VAl,Fe2VTa0.05Al0.95,X2YZ,Ta,0.05,Al,353.3569,-148.2879,3.50E-05,,Poly,Bulk,"arc melting, homogenized at 1273 K for 12 h, annealed at 1273 K for 1 hr and then 673 K for 6 hr",Thermoelectric properties of the Heusler-type Fe2VTaxAl1-x alloys,,,,,,
Fe2VAl,Fe2VTa0.05Al0.95,X2YZ,Ta,0.05,Al,425.9128,-153.5683,3.94E-05,,Poly,Bulk,"arc melting, homogenized at 1273 K for 12 h, annealed at 1273 K for 1 hr and then 673 K for 6 hr",Thermoelectric properties of the Heusler-type Fe2VTaxAl1-x alloys,,,,,,
Fe2VAl,Fe2VTa0.05Al0.95,X2YZ,Ta,0.05,Al,468.3157,-150.6911,4.06E-05,,Poly,Bulk,"arc melting, homogenized at 1273 K for 12 h, annealed at 1273 K for 1 hr and then 673 K for 6 hr",Thermoelectric properties of the Heusler-type Fe2VTaxAl1-x alloys,,,,,,
Fe2VAl,Fe2VTa0.05Al0.95,X2YZ,Ta,0.05,Al,587.9859,-122.3449,3.94E-05,,Poly,Bulk,"arc melting, homogenized at 1273 K for 12 h, annealed at 1273 K for 1 hr and then 673 K for 6 hr",Thermoelectric properties of the Heusler-type Fe2VTaxAl1-x alloys,,,,,,
Fe2VAl,Fe2VTa0.05Al0.95,X2YZ,Ta,0.05,Al,702.9446,-83.7469,3.64E-05,,Poly,Bulk,"arc melting, homogenized at 1273 K for 12 h, annealed at 1273 K for 1 hr and then 673 K for 6 hr",Thermoelectric properties of the Heusler-type Fe2VTaxAl1-x alloys,,,,,,
Fe2VAl,Fe2VTa0.08Al0.92,X2YZ,Ta,0.08,Al,98.9399,-45.4383,1.45E-05,,Poly,Bulk,"arc melting, homogenized at 1273 K for 12 h, annealed at 1273 K for 1 hr and then 673 K for 6 hr",Thermoelectric properties of the Heusler-type Fe2VTaxAl1-x alloys,,,,,,
Fe2VAl,Fe2VTa0.08Al0.92,X2YZ,Ta,0.08,Al,259.1284,-96.2169,2.38E-05,,Poly,Bulk,"arc melting, homogenized at 1273 K for 12 h, annealed at 1273 K for 1 hr and then 673 K for 6 hr",Thermoelectric properties of the Heusler-type Fe2VTaxAl1-x alloys,,,,,,
Fe2VAl,Fe2VTa0.08Al0.92,X2YZ,Ta,0.08,Al,387.2792,-128.3241,3.24E-05,,Poly,Bulk,"arc melting, homogenized at 1273 K for 12 h, annealed at 1273 K for 1 hr and then 673 K for 6 hr",Thermoelectric properties of the Heusler-type Fe2VTaxAl1-x alloys,,,,,,
Fe2VAl,Fe2VTa0.08Al0.92,X2YZ,Ta,0.08,Al,476.7962,-137.0268,3.72E-05,,Poly,Bulk,"arc melting, homogenized at 1273 K for 12 h, annealed at 1273 K for 1 hr and then 673 K for 6 hr",Thermoelectric properties of the Heusler-type Fe2VTaxAl1-x alloys,,,,,,
Fe2VAl,Fe2VTa0.08Al0.92,X2YZ,Ta,0.08,Al,519.1991,-137.0407,3.85E-05,,Poly,Bulk,"arc melting, homogenized at 1273 K for 12 h, annealed at 1273 K for 1 hr and then 673 K for 6 hr",Thermoelectric properties of the Heusler-type Fe2VTaxAl1-x alloys,,,,,,
Fe2VAl,Fe2VTa0.08Al0.92,X2YZ,Ta,0.08,Al,616.2544,-115.7835,3.85E-05,,Poly,Bulk,"arc melting, homogenized at 1273 K for 12 h, annealed at 1273 K for 1 hr and then 673 K for 6 hr",Thermoelectric properties of the Heusler-type Fe2VTaxAl1-x alloys,,,,,,
Fe2VAl,Fe2VTa0.08Al0.92,X2YZ,Ta,0.08,Al,703.8869,-91.6321,3.68E-05,,Poly,Bulk,"arc melting, homogenized at 1273 K for 12 h, annealed at 1273 K for 1 hr and then 673 K for 6 hr",Thermoelectric properties of the Heusler-type Fe2VTaxAl1-x alloys,,,,,,
Fe2VAl,Fe2VTa0.12Al0.88,X2YZ,Ta,0.12,Al,103.6514,-28.3560,1.43E-05,,Poly,Bulk,"arc melting, homogenized at 1273 K for 12 h, annealed at 1273 K for 1 hr and then 673 K for 6 hr",Thermoelectric properties of the Heusler-type Fe2VTaxAl1-x alloys,,,,,,
Fe2VAl,Fe2VTa0.12Al0.88,X2YZ,Ta,0.12,Al,265.7244,-65.9938,2.18E-05,,Poly,Bulk,"arc melting, homogenized at 1273 K for 12 h, annealed at 1273 K for 1 hr and then 673 K for 6 hr",Thermoelectric properties of the Heusler-type Fe2VTaxAl1-x alloys,,,,,,
Fe2VAl,Fe2VTa0.12Al0.88,X2YZ,Ta,0.12,Al,381.6254,-89.9492,2.84E-05,,Poly,Bulk,"arc melting, homogenized at 1273 K for 12 h, annealed at 1273 K for 1 hr and then 673 K for 6 hr",Thermoelectric properties of the Heusler-type Fe2VTaxAl1-x alloys,,,,,,
Fe2VAl,Fe2VTa0.12Al0.88,X2YZ,Ta,0.12,Al,493.7574,-101.0249,3.43E-05,,Poly,Bulk,"arc melting, homogenized at 1273 K for 12 h, annealed at 1273 K for 1 hr and then 673 K for 6 hr",Thermoelectric properties of the Heusler-type Fe2VTaxAl1-x alloys,,,,,,
Fe2VAl,Fe2VTa0.12Al0.88,X2YZ,Ta,0.12,Al,572.9093,-101.5765,3.68E-05,,Poly,Bulk,"arc melting, homogenized at 1273 K for 12 h, annealed at 1273 K for 1 hr and then 673 K for 6 hr",Thermoelectric properties of the Heusler-type Fe2VTaxAl1-x alloys,,,,,,
Fe2VAl,Fe2VTa0.12Al0.88,X2YZ,Ta,0.12,Al,702.9446,-89.7920,3.64E-05,,Poly,Bulk,"arc melting, homogenized at 1273 K for 12 h, annealed at 1273 K for 1 hr and then 673 K for 6 hr",Thermoelectric properties of the Heusler-type Fe2VTaxAl1-x alloys,,,,,,
Fe2VAl,(Fe2/3V1/3)75Al25,X2YZ,Al,25,Al,90.0344,16.6099,1.90E-04,,Poly,Bulk,"arc melting, homogenized at 1273 K for 48 h, annealed at 1273 K for 1 h and then at 673 K for 4 h",Effect of off-stoichiometry on the transport properties of the Heusler-type Fe2 VAl compound,,,,,,
Fe2VAl,(Fe2/3V1/3)75Al25,X2YZ,Al,25,Al,176.6323,24.0058,1.43E-04,,Poly,Bulk,"arc melting, homogenized at 1273 K for 48 h, annealed at 1273 K for 1 h and then at 673 K for 4 h",Effect of off-stoichiometry on the transport properties of the Heusler-type Fe2 VAl compound,,,,,,
Fe2VAl,(Fe2/3V1/3)75Al25,X2YZ,Al,25,Al,288.6598,27.5051,7.59E-05,,Poly,Bulk,"arc melting, homogenized at 1273 K for 48 h, annealed at 1273 K for 1 h and then at 673 K for 4 h",Effect of off-stoichiometry on the transport properties of the Heusler-type Fe2 VAl compound,,,,,,
Fe2VAl,(Fe2/3V1/3)75Al25,X2YZ,Al,25,Al,356.0137,27.9097,5.37E-05,,Poly,Bulk,"arc melting, homogenized at 1273 K for 48 h, annealed at 1273 K for 1 h and then at 673 K for 4 h",Effect of off-stoichiometry on the transport properties of the Heusler-type Fe2 VAl compound,,,,,,
Fe2VAl,(Fe2/3V1/3)75Al25,X2YZ,Al,25,Al,399.3127,26.7644,4.57E-05,,Poly,Bulk,"arc melting, homogenized at 1273 K for 48 h, annealed at 1273 K for 1 h and then at 673 K for 4 h",Effect of off-stoichiometry on the transport properties of the Heusler-type Fe2 VAl compound,,,,,,
Fe2VAl,(Fe2/3V1/3)74.7Al25.3,X2YZ,Al,25.3,Al,87.9725,28.4121,5.22E-05,,Poly,Bulk,"arc melting, homogenized at 1273 K for 48 h, annealed at 1273 K for 1 h and then at 673 K for 4 h",Effect of off-stoichiometry on the transport properties of the Heusler-type Fe2 VAl compound,,,,,,
Fe2VAl,(Fe2/3V1/3)74.7Al25.3,X2YZ,Al,25.3,Al,174.5704,50.9432,4.87E-05,,Poly,Bulk,"arc melting, homogenized at 1273 K for 48 h, annealed at 1273 K for 1 h and then at 673 K for 4 h",Effect of off-stoichiometry on the transport properties of the Heusler-type Fe2 VAl compound,,,,,,
Fe2VAl,(Fe2/3V1/3)74.7Al25.3,X2YZ,Al,25.3,Al,253.6082,70.1331,4.45E-05,,Poly,Bulk,"arc melting, homogenized at 1273 K for 48 h, annealed at 1273 K for 1 h and then at 673 K for 4 h",Effect of off-stoichiometry on the transport properties of the Heusler-type Fe2 VAl compound,,,,,,
Fe2VAl,(Fe2/3V1/3)74.7Al25.3,X2YZ,Al,25.3,Al,306.5292,75.6619,4.13E-05,,Poly,Bulk,"arc melting, homogenized at 1273 K for 48 h, annealed at 1273 K for 1 h and then at 673 K for 4 h",Effect of off-stoichiometry on the transport properties of the Heusler-type Fe2 VAl compound,,,,,,
Fe2VAl,(Fe2/3V1/3)74.7Al25.3,X2YZ,Al,25.3,Al,344.3299,76.0218,3.87E-05,,Poly,Bulk,"arc melting, homogenized at 1273 K for 48 h, annealed at 1273 K for 1 h and then at 673 K for 4 h",Effect of off-stoichiometry on the transport properties of the Heusler-type Fe2 VAl compound,,,,,,
Fe2VAl,(Fe2/3V1/3)74.7Al25.3,X2YZ,Al,25.3,Al,401.3746,70.6595,3.42E-05,,Poly,Bulk,"arc melting, homogenized at 1273 K for 48 h, annealed at 1273 K for 1 h and then at 673 K for 4 h",Effect of off-stoichiometry on the transport properties of the Heusler-type Fe2 VAl compound,,,,,,
Fe2VAl,(Fe2/3V1/3)74.5Al25.5,X2YZ,Al,25.5,Al,88.6598,19.0294,2.43E-05,,Poly,Bulk,"arc melting, homogenized at 1273 K for 48 h, annealed at 1273 K for 1 h and then at 673 K for 4 h",Effect of off-stoichiometry on the transport properties of the Heusler-type Fe2 VAl compound,,,,,,
Fe2VAl,(Fe2/3V1/3)74.5Al25.5,X2YZ,Al,25.5,Al,162.8866,31.2499,2.56E-05,,Poly,Bulk,"arc melting, homogenized at 1273 K for 48 h, annealed at 1273 K for 1 h and then at 673 K for 4 h",Effect of off-stoichiometry on the transport properties of the Heusler-type Fe2 VAl compound,,,,,,
Fe2VAl,(Fe2/3V1/3)74.5Al25.5,X2YZ,Al,25.5,Al,257.7320,56.5177,3.01E-05,,Poly,Bulk,"arc melting, homogenized at 1273 K for 48 h, annealed at 1273 K for 1 h and then at 673 K for 4 h",Effect of off-stoichiometry on the transport properties of the Heusler-type Fe2 VAl compound,,,,,,
Fe2VAl,(Fe2/3V1/3)74.5Al25.5,X2YZ,Al,25.5,Al,314.7766,69.3176,3.24E-05,,Poly,Bulk,"arc melting, homogenized at 1273 K for 48 h, annealed at 1273 K for 1 h and then at 673 K for 4 h",Effect of off-stoichiometry on the transport properties of the Heusler-type Fe2 VAl compound,,,,,,
Fe2VAl,(Fe2/3V1/3)74.5Al25.5,X2YZ,Al,25.5,Al,360.1375,72.1106,3.34E-05,,Poly,Bulk,"arc melting, homogenized at 1273 K for 48 h, annealed at 1273 K for 1 h and then at 673 K for 4 h",Effect of off-stoichiometry on the transport properties of the Heusler-type Fe2 VAl compound,,,,,,
Fe2VAl,(Fe2/3V1/3)74.5Al25.5,X2YZ,Al,25.5,Al,397.9381,73.0759,3.37E-05,,Poly,Bulk,"arc melting, homogenized at 1273 K for 48 h, annealed at 1273 K for 1 h and then at 673 K for 4 h",Effect of off-stoichiometry on the transport properties of the Heusler-type Fe2 VAl compound,,,,,,
Fe2VAl,(Fe2/3V1/3)75.2Al24.8,X2YZ,Al,24.8,Al,88.6598,-20.0192,X,,Poly,Bulk,"arc melting, homogenized at 1273 K for 48 h, annealed at 1273 K for 1 h and then at 673 K for 4 h",Effect of off-stoichiometry on the transport properties of the Heusler-type Fe2 VAl compound,,,,,,
Fe2VAl,(Fe2/3V1/3)75.2Al24.8,X2YZ,Al,24.8,Al,162.1993,-32.6215,X,,Poly,Bulk,"arc melting, homogenized at 1273 K for 48 h, annealed at 1273 K for 1 h and then at 673 K for 4 h",Effect of off-stoichiometry on the transport properties of the Heusler-type Fe2 VAl compound,,,,,,
Fe2VAl,(Fe2/3V1/3)75.2Al24.8,X2YZ,Al,24.8,Al,219.9313,-38.5881,X,,Poly,Bulk,"arc melting, homogenized at 1273 K for 48 h, annealed at 1273 K for 1 h and then at 673 K for 4 h",Effect of off-stoichiometry on the transport properties of the Heusler-type Fe2 VAl compound,,,,,,
Fe2VAl,(Fe2/3V1/3)75.2Al24.8,X2YZ,Al,24.8,Al,296.2199,-29.6943,X,,Poly,Bulk,"arc melting, homogenized at 1273 K for 48 h, annealed at 1273 K for 1 h and then at 673 K for 4 h",Effect of off-stoichiometry on the transport properties of the Heusler-type Fe2 VAl compound,,,,,,
Fe2VAl,(Fe2/3V1/3)75.2Al24.8,X2YZ,Al,24.8,Al,397.9381,-15.0106,X,,Poly,Bulk,"arc melting, homogenized at 1273 K for 48 h, annealed at 1273 K for 1 h and then at 673 K for 4 h",Effect of off-stoichiometry on the transport properties of the Heusler-type Fe2 VAl compound,,,,,,
Fe2VAl,(Fe2/3V1/3)73.7Al26.3,X2YZ,Al,26.3,Al,2.6709,X,3.83E-05,,Poly,Bulk,"arc melting, homogenized at 1273 K for 48 h, annealed at 1273 K for 1 h and then at 673 K for 4 h",Effect of off-stoichiometry on the transport properties of the Heusler-type Fe2 VAl compound,,,,,,
Fe2VAl,(Fe2/3V1/3)73.7Al26.3,X2YZ,Al,26.3,Al,32.3950,X,3.38E-05,,Poly,Bulk,"arc melting, homogenized at 1273 K for 48 h, annealed at 1273 K for 1 h and then at 673 K for 4 h",Effect of off-stoichiometry on the transport properties of the Heusler-type Fe2 VAl compound,,,,,,
Fe2VAl,(Fe2/3V1/3)73.7Al26.3,X2YZ,Al,26.3,Al,89.8105,X,3.16E-05,,Poly,Bulk,"arc melting, homogenized at 1273 K for 48 h, annealed at 1273 K for 1 h and then at 673 K for 4 h",Effect of off-stoichiometry on the transport properties of the Heusler-type Fe2 VAl compound,,,,,,
Fe2VAl,(Fe2/3V1/3)73.7Al26.3,X2YZ,Al,26.3,Al,147.2442,X,3.07E-05,,Poly,Bulk,"arc melting, homogenized at 1273 K for 48 h, annealed at 1273 K for 1 h and then at 673 K for 4 h",Effect of off-stoichiometry on the transport properties of the Heusler-type Fe2 VAl compound,,,,,,
Fe2VAl,(Fe2/3V1/3)73.7Al26.3,X2YZ,Al,26.3,Al,236.6337,X,3.27E-05,,Poly,Bulk,"arc melting, homogenized at 1273 K for 48 h, annealed at 1273 K for 1 h and then at 673 K for 4 h",Effect of off-stoichiometry on the transport properties of the Heusler-type Fe2 VAl compound,,,,,,
Fe2VAl,(Fe2/3V1/3)73.7Al26.3,X2YZ,Al,26.3,Al,326.0414,X,3.59E-05,,Poly,Bulk,"arc melting, homogenized at 1273 K for 48 h, annealed at 1273 K for 1 h and then at 673 K for 4 h",Effect of off-stoichiometry on the transport properties of the Heusler-type Fe2 VAl compound,,,,,,
Fe2VAl,(Fe2/3V1/3)73.7Al26.3,X2YZ,Al,26.3,Al,392.0491,X,3.95E-05,,Poly,Bulk,"arc melting, homogenized at 1273 K for 48 h, annealed at 1273 K for 1 h and then at 673 K for 4 h",Effect of off-stoichiometry on the transport properties of the Heusler-type Fe2 VAl compound,,,,,,
Fe2VAl,(Fe2/3V1/3)76.4Al24.6,X2YZ,Al,24.6,Al,87.9725,-49.0797,1.73E-04,,Poly,Bulk,"arc melting, homogenized at 1273 K for 48 h, annealed at 1273 K for 1 h and then at 673 K for 4 h",Effect of off-stoichiometry on the transport properties of the Heusler-type Fe2 VAl compound,,,,,,
Fe2VAl,(Fe2/3V1/3)76.4Al24.6,X2YZ,Al,24.6,Al,140.2062,-69.5845,1.52E-04,,Poly,Bulk,"arc melting, homogenized at 1273 K for 48 h, annealed at 1273 K for 1 h and then at 673 K for 4 h",Effect of off-stoichiometry on the transport properties of the Heusler-type Fe2 VAl compound,,,,,,
Fe2VAl,(Fe2/3V1/3)76.4Al24.6,X2YZ,Al,24.6,Al,204.1237,-87.9526,1.26E-04,,Poly,Bulk,"arc melting, homogenized at 1273 K for 48 h, annealed at 1273 K for 1 h and then at 673 K for 4 h",Effect of off-stoichiometry on the transport properties of the Heusler-type Fe2 VAl compound,,,,,,
Fe2VAl,(Fe2/3V1/3)76.4Al24.6,X2YZ,Al,24.6,Al,243.2990,-91.2230,1.10E-04,,Poly,Bulk,"arc melting, homogenized at 1273 K for 48 h, annealed at 1273 K for 1 h and then at 673 K for 4 h",Effect of off-stoichiometry on the transport properties of the Heusler-type Fe2 VAl compound,,,,,,
Fe2VAl,(Fe2/3V1/3)76.4Al24.6,X2YZ,Al,24.6,Al,285.9107,-85.7099,9.39E-05,,Poly,Bulk,"arc melting, homogenized at 1273 K for 48 h, annealed at 1273 K for 1 h and then at 673 K for 4 h",Effect of off-stoichiometry on the transport properties of the Heusler-type Fe2 VAl compound,,,,,,
Fe2VAl,(Fe2/3V1/3)76.4Al24.6,X2YZ,Al,24.6,Al,399.3127,-58.2950,5.65E-05,,Poly,Bulk,"arc melting, homogenized at 1273 K for 48 h, annealed at 1273 K for 1 h and then at 673 K for 4 h",Effect of off-stoichiometry on the transport properties of the Heusler-type Fe2 VAl compound,,,,,,
Fe2VAl,(Fe2/3V1/3)76.7Al24.3,X2YZ,Al,24.3,Al,87.9725,-75.4149,7.39E-05,,Poly,Bulk,"arc melting, homogenized at 1273 K for 48 h, annealed at 1273 K for 1 h and then at 673 K for 4 h",Effect of off-stoichiometry on the transport properties of the Heusler-type Fe2 VAl compound,,,,,,
Fe2VAl,(Fe2/3V1/3)76.7Al24.3,X2YZ,Al,24.3,Al,164.9485,-115.8605,7.22E-05,,Poly,Bulk,"arc melting, homogenized at 1273 K for 48 h, annealed at 1273 K for 1 h and then at 673 K for 4 h",Effect of off-stoichiometry on the transport properties of the Heusler-type Fe2 VAl compound,,,,,,
Fe2VAl,(Fe2/3V1/3)76.7Al24.3,X2YZ,Al,24.3,Al,195.8763,-127.0137,6.96E-05,,Poly,Bulk,"arc melting, homogenized at 1273 K for 48 h, annealed at 1273 K for 1 h and then at 673 K for 4 h",Effect of off-stoichiometry on the transport properties of the Heusler-type Fe2 VAl compound,,,,,,
Fe2VAl,(Fe2/3V1/3)76.7Al24.3,X2YZ,Al,24.3,Al,242.6117,-136.6295,6.65E-05,,Poly,Bulk,"arc melting, homogenized at 1273 K for 48 h, annealed at 1273 K for 1 h and then at 673 K for 4 h",Effect of off-stoichiometry on the transport properties of the Heusler-type Fe2 VAl compound,,,,,,
Fe2VAl,(Fe2/3V1/3)76.7Al24.3,X2YZ,Al,24.3,Al,305.1546,-126.8483,6.40E-05,,Poly,Bulk,"arc melting, homogenized at 1273 K for 48 h, annealed at 1273 K for 1 h and then at 673 K for 4 h",Effect of off-stoichiometry on the transport properties of the Heusler-type Fe2 VAl compound,,,,,,
Fe2VAl,(Fe2/3V1/3)76.7Al24.3,X2YZ,Al,24.3,Al,400.0000,-99.4615,5.85E-05,,Poly,Bulk,"arc melting, homogenized at 1273 K for 48 h, annealed at 1273 K for 1 h and then at 673 K for 4 h",Effect of off-stoichiometry on the transport properties of the Heusler-type Fe2 VAl compound,,,,,,
Fe2VAl,Fe2V0.9Cr0.1Al0.9Si0.1,X2YZ,"Cr, Si","0.1, 0.1","V, Al",13.6380,-2.3222,6.16E-05,,Poly,Bulk,"annealed at 1273 K for 6 h, further annealed for 12 h",Observation of enhanced thermopower due to spinfluctuation in weak itinerant ferromagnet,,,,,,
Fe2VAl,Fe2V0.9Cr0.1Al0.9Si0.1,X2YZ,"Cr, Si","0.1, 0.1","V, Al",52.7398,-8.6575,6.10E-05,,Poly,Bulk,"annealed at 1273 K for 6 h, further annealed for 12 h",Observation of enhanced thermopower due to spinfluctuation in weak itinerant ferromagnet,,,,,,
Fe2VAl,Fe2V0.9Cr0.1Al0.9Si0.1,X2YZ,"Cr, Si","0.1, 0.1","V, Al",98.9616,-17.1937,6.20E-05,,Poly,Bulk,"annealed at 1273 K for 6 h, further annealed for 12 h",Observation of enhanced thermopower due to spinfluctuation in weak itinerant ferromagnet,,,,,,
Fe2VAl,Fe2V0.9Cr0.1Al0.9Si0.1,X2YZ,"Cr, Si","0.1, 0.1","V, Al",135.3691,-25.8642,6.30E-05,,Poly,Bulk,"annealed at 1273 K for 6 h, further annealed for 12 h",Observation of enhanced thermopower due to spinfluctuation in weak itinerant ferromagnet,,,,,,
Fe2VAl,Fe2V0.9Cr0.1Al0.9Si0.1,X2YZ,"Cr, Si","0.1, 0.1","V, Al",163.1271,-33.2179,6.35E-05,,Poly,Bulk,"annealed at 1273 K for 6 h, further annealed for 12 h",Observation of enhanced thermopower due to spinfluctuation in weak itinerant ferromagnet,,,,,,
Fe2VAl,Fe2V0.9Cr0.1Al0.9Si0.1,X2YZ,"Cr, Si","0.1, 0.1","V, Al",198.0894,-39.0524,6.24E-05,,Poly,Bulk,"annealed at 1273 K for 6 h, further annealed for 12 h",Observation of enhanced thermopower due to spinfluctuation in weak itinerant ferromagnet,,,,,,
Fe2VAl,Fe2V0.9Cr0.1Al0.9Si0.1,X2YZ,"Cr, Si","0.1, 0.1","V, Al",239.0738,-45.5753,6.03E-05,,Poly,Bulk,"annealed at 1273 K for 6 h, further annealed for 12 h",Observation of enhanced thermopower due to spinfluctuation in weak itinerant ferromagnet,,,,,,
Fe2VAl,Fe2V0.9Cr0.1Al0.9Si0.1,X2YZ,"Cr, Si","0.1, 0.1","V, Al",270.3166,-49.0169,5.83E-05,,Poly,Bulk,"annealed at 1273 K for 6 h, further annealed for 12 h",Observation of enhanced thermopower due to spinfluctuation in weak itinerant ferromagnet,,,,,,
Fe2VAl,Fe2V0.9Cr0.1Al0.9Si0.1,X2YZ,"Cr, Si","0.1, 0.1","V, Al",307.5959,-52.5164,5.66E-05,,Poly,Bulk,"annealed at 1273 K for 6 h, further annealed for 12 h",Observation of enhanced thermopower due to spinfluctuation in weak itinerant ferromagnet,,,,,,
Fe2VAl,Fe2VAl,X2YZ,X,X,X,5.6256,2.3823,2.48E-05,,Poly,Bulk,annealed at 800C for 2 days ,Chemical_pressure_effect_on_the_transpor.pdf | Powered by Box,,,,,,
Fe2VAl,Fe2VAl,X2YZ,X,X,X,65.4735,12.8532,2.18E-05,,Poly,Bulk,annealed at 800C for 2 days ,Chemical_pressure_effect_on_the_transpor.pdf | Powered by Box,,,,,,
Fe2VAl,Fe2VAl,X2YZ,X,X,X,144.6603,22.1607,1.78E-05,,Poly,Bulk,annealed at 800C for 2 days ,Chemical_pressure_effect_on_the_transpor.pdf | Powered by Box,,,,,,
Fe2VAl,Fe2VAl,X2YZ,X,X,X,237.0337,33.795,1.32E-05,,Poly,Bulk,annealed at 800C for 2 days ,Chemical_pressure_effect_on_the_transpor.pdf | Powered by Box,,,,,,
Fe2VAl,Fe2VAl,X2YZ,X,X,X,298.9661,40.7756,1.04E-05,,Poly,Bulk,annealed at 800C for 2 days ,Chemical_pressure_effect_on_the_transpor.pdf | Powered by Box,,,,,,
Fe2VAl,Fe2V0.97Nb0.03Al,X2YZ,Nb,0.03,V,7.8004,-7.313,2.69E-05,,Poly,Bulk,annealed at 800C for 2 days ,Chemical_pressure_effect_on_the_transpor.pdf | Powered by Box,,,,,,
Fe2VAl,Fe2V0.97Nb0.03Al,X2YZ,Nb,0.03,V,59.9915,-29.8061,2.45E-05,,Poly,Bulk,annealed at 800C for 2 days ,Chemical_pressure_effect_on_the_transpor.pdf | Powered by Box,,,,,,
Fe2VAl,Fe2V0.97Nb0.03Al,X2YZ,Nb,0.03,V,115.1772,-48.4211,2.15E-05,,Poly,Bulk,annealed at 800C for 2 days ,Chemical_pressure_effect_on_the_transpor.pdf | Powered by Box,,,,,,
Fe2VAl,Fe2V0.97Nb0.03Al,X2YZ,Nb,0.03,V,191.6851,-64.7091,1.67E-05,,Poly,Bulk,annealed at 800C for 2 days ,Chemical_pressure_effect_on_the_transpor.pdf | Powered by Box,,,,,,
Fe2VAl,Fe2V0.97Nb0.03Al,X2YZ,Nb,0.03,V,256.6459,-56.1773,1.31E-05,,Poly,Bulk,annealed at 800C for 2 days ,Chemical_pressure_effect_on_the_transpor.pdf | Powered by Box,,,,,,
Fe2VAl,Fe2V0.97Nb0.03Al,X2YZ,Nb,0.03,V,301.1832,-41.8283,1.08E-05,,Poly,Bulk,annealed at 800C for 2 days ,Chemical_pressure_effect_on_the_transpor.pdf | Powered by Box,,,,,,
Fe2VAl,Fe2V0.94Nb0.06Al,X2YZ,Nb,0.06,V,7.8623,-11.5789,3.53E-05,,Poly,Bulk,annealed at 800C for 2 days ,Chemical_pressure_effect_on_the_transpor.pdf | Powered by Box,,,,,,
Fe2VAl,Fe2V0.94Nb0.06Al,X2YZ,Nb,0.06,V,56.1717,-46.8698,3.18E-05,,Poly,Bulk,annealed at 800C for 2 days ,Chemical_pressure_effect_on_the_transpor.pdf | Powered by Box,,,,,,
Fe2VAl,Fe2V0.94Nb0.06Al,X2YZ,Nb,0.06,V,118.5943,-73.6288,2.55E-05,,Poly,Bulk,annealed at 800C for 2 days ,Chemical_pressure_effect_on_the_transpor.pdf | Powered by Box,,,,,,
Fe2VAl,Fe2V0.94Nb0.06Al,X2YZ,Nb,0.06,V,166.5318,-83.3241,2.01E-05,,Poly,Bulk,annealed at 800C for 2 days ,Chemical_pressure_effect_on_the_transpor.pdf | Powered by Box,,,,,,
Fe2VAl,Fe2V0.94Nb0.06Al,X2YZ,Nb,0.06,V,243.4931,-60.831,1.30E-05,,Poly,Bulk,annealed at 800C for 2 days ,Chemical_pressure_effect_on_the_transpor.pdf | Powered by Box,,,,,,
Fe2VAl,Fe2V0.94Nb0.06Al,X2YZ,Nb,0.06,V,299.0197,-32.9086,1.01E-05,,Poly,Bulk,annealed at 800C for 2 days ,Chemical_pressure_effect_on_the_transpor.pdf | Powered by Box,,,,,,
Fe2VAl,Fe2V0.9Nb0.1Al,X2YZ,Nb,0.1,V,6.7834,-7.313,4.57E-05,,Poly,Bulk,annealed at 800C for 2 days ,Chemical_pressure_effect_on_the_transpor.pdf | Powered by Box,,,,,,
Fe2VAl,Fe2V0.9Nb0.1Al,X2YZ,Nb,0.1,V,87.714,-48.0332,3.44E-05,,Poly,Bulk,annealed at 800C for 2 days ,Chemical_pressure_effect_on_the_transpor.pdf | Powered by Box,,,,,,
Fe2VAl,Fe2V0.9Nb0.1Al,X2YZ,Nb,0.1,V,162.1992,-65.097,2.37E-05,,Poly,Bulk,annealed at 800C for 2 days ,Chemical_pressure_effect_on_the_transpor.pdf | Powered by Box,,,,,,
Fe2VAl,Fe2V0.9Nb0.1Al,X2YZ,Nb,0.1,V,229.1432,-53.0748,1.59E-05,,Poly,Bulk,annealed at 800C for 2 days ,Chemical_pressure_effect_on_the_transpor.pdf | Powered by Box,,,,,,
Fe2VAl,Fe2V0.9Nb0.1Al,X2YZ,Nb,0.1,V,298.9577,-28.6427,1.13E-05,,Poly,Bulk,annealed at 800C for 2 days ,Chemical_pressure_effect_on_the_transpor.pdf | Powered by Box,,,,,,
Fe2VAl,Fe2VAl0.95Si0.05,X2YZ,Si,0.05,Al,199.0327,-102.7366,3.71E-06,,Poly,Bulk,annealing at 1273K for 48h in vacuum,s11664-011-1862-z.pdf | Powered by Box,,,,,,
Fe2VAl,Fe2VAl0.95Si0.05,X2YZ,Si,0.05,Al,272.0595,-124.5743,4.96E-06,,Poly,Bulk,annealing at 1273K for 48h in vacuum,s11664-011-1862-z.pdf | Powered by Box,,,,,,
Fe2VAl,Fe2VAl0.95Si0.05,X2YZ,Si,0.05,Al,342.0464,-121.2346,5.76E-06,,Poly,Bulk,annealing at 1273K for 48h in vacuum,s11664-011-1862-z.pdf | Powered by Box,,,,,,
Fe2VAl,Fe2VAl0.95Si0.05,X2YZ,Si,0.05,Al,400.1884,-97.4564,6.01E-06,,Poly,Bulk,annealing at 1273K for 48h in vacuum,s11664-011-1862-z.pdf | Powered by Box,,,,,,
Fe2VAl,Fe2V0.975Ta0.025Al0.95Si0.05,X2YZ,"Si, Ta","0.05, 0.025","Al, V",200.8479,-115.6166,3.30E-06,,Poly,Bulk,annealing at 1273K for 48h in vacuum,s11664-011-1862-z.pdf | Powered by Box,,,,,,
Fe2VAl,Fe2V0.975Ta0.025Al0.95Si0.05,X2YZ,"Si, Ta","0.05, 0.025","Al, V",274.4491,-133.9353,3.97E-06,,Poly,Bulk,annealing at 1273K for 48h in vacuum,s11664-011-1862-z.pdf | Powered by Box,,,,,,
Fe2VAl,Fe2V0.975Ta0.025Al0.95Si0.05,X2YZ,"Si, Ta","0.05, 0.025","Al, V",341.488,-128.855,4.33E-06,,Poly,Bulk,annealing at 1273K for 48h in vacuum,s11664-011-1862-z.pdf | Powered by Box,,,,,,
Fe2VAl,Fe2V0.975Ta0.025Al0.95Si0.05,X2YZ,"Si, Ta","0.05, 0.025","Al, V",400.8295,-110.9292,4.45E-06,,Poly,Bulk,annealing at 1273K for 48h in vacuum,s11664-011-1862-z.pdf | Powered by Box,,,,,,
Fe2VAl,Fe2V0.95Ta0.05Al0.95Si0.05,X2YZ,"Si, Ta","0.05, 0.05","Al, V",199.1797,-140.2357,3.98E-06,,Poly,Bulk,annealing at 1273K for 48h in vacuum,s11664-011-1862-z.pdf | Powered by Box,,,,,,
Fe2VAl,Fe2V0.95Ta0.05Al0.95Si0.05,X2YZ,"Si, Ta","0.05, 0.05","Al, V",268.6427,-153.3053,4.76E-06,,Poly,Bulk,annealing at 1273K for 48h in vacuum,s11664-011-1862-z.pdf | Powered by Box,,,,,,
Fe2VAl,Fe2V0.95Ta0.05Al0.95Si0.05,X2YZ,"Si, Ta","0.05, 0.05","Al, V",341.5271,-138.8157,5.26E-06,,Poly,Bulk,annealing at 1273K for 48h in vacuum,s11664-011-1862-z.pdf | Powered by Box,,,,,,
Fe2VAl,Fe2V0.95Ta0.05Al0.95Si0.05,X2YZ,"Si, Ta","0.05, 0.05","Al, V",400.8548,-117.3744,5.27E-06,,Poly,Bulk,annealing at 1273K for 48h in vacuum,s11664-011-1862-z.pdf | Powered by Box,,,,,,
Fe2VAl,Fe2V0.9Ti0.1Al,X2YZ,Ti,0.1,V,200,62.3605,2.28E-06,,Poly,Bulk,annealing at 1273K for 48h in vacuum,s11664-011-1862-z.pdf | Powered by Box,,,,,,
Fe2VAl,Fe2V0.9Ti0.1Al,X2YZ,Ti,0.1,V,253.3708,77.619,2.56E-06,,Poly,Bulk,annealing at 1273K for 48h in vacuum,s11664-011-1862-z.pdf | Powered by Box,,,,,,
Fe2VAl,Fe2V0.9Ti0.1Al,X2YZ,Ti,0.1,V,313.4831,83.4506,2.91E-06,,Poly,Bulk,annealing at 1273K for 48h in vacuum,s11664-011-1862-z.pdf | Powered by Box,,,,,,
Fe2VAl,Fe2V0.9Ti0.1Al,X2YZ,Ti,0.1,V,352.2472,89.9205,3.14E-06,,Poly,Bulk,annealing at 1273K for 48h in vacuum,s11664-011-1862-z.pdf | Powered by Box,,,,,,
Fe2VAl,Fe2V0.9Ti0.1Al,X2YZ,Ti,0.1,V,398.8764,91.3474,3.44E-06,,Poly,Bulk,annealing at 1273K for 48h in vacuum,s11664-011-1862-z.pdf | Powered by Box,,,,,,
Fe2VAl,Fe2V0.8Ta0.1Ti0.1Al,X2YZ,"Ti, Ta","0.1, 0.1",V,200.5618,59.6648,2.02E-06,,Poly,Bulk,annealing at 1273K for 48h in vacuum,s11664-011-1862-z.pdf | Powered by Box,,,,,,
Fe2VAl,Fe2V0.8Ta0.1Ti0.1Al,X2YZ,"Ti, Ta","0.1, 0.1",V,266.8539,74.2709,2.29E-06,,Poly,Bulk,annealing at 1273K for 48h in vacuum,s11664-011-1862-z.pdf | Powered by Box,,,,,,
Fe2VAl,Fe2V0.8Ta0.1Ti0.1Al,X2YZ,"Ti, Ta","0.1, 0.1",V,332.0225,86.1785,2.57E-06,,Poly,Bulk,annealing at 1273K for 48h in vacuum,s11664-011-1862-z.pdf | Powered by Box,,,,,,
Fe2VAl,Fe2V0.8Ta0.1Ti0.1Al,X2YZ,"Ti, Ta","0.1, 0.1",V,398.3146,95.0543,2.89E-06,,Poly,Bulk,annealing at 1273K for 48h in vacuum,s11664-011-1862-z.pdf | Powered by Box,,,,,,
Fe2VAl,Fe2V0.7Ta0.2Ti0.1Al,X2YZ,"Ti, Ta","0.1, 0.2",V,201.1236,51.913,1.82E-06,,Poly,Bulk,annealing at 1273K for 48h in vacuum,s11664-011-1862-z.pdf | Powered by Box,,,,,,
Fe2VAl,Fe2V0.7Ta0.2Ti0.1Al,X2YZ,"Ti, Ta","0.1, 0.2",V,255.0562,63.1274,2.09E-06,,Poly,Bulk,annealing at 1273K for 48h in vacuum,s11664-011-1862-z.pdf | Powered by Box,,,,,,
Fe2VAl,Fe2V0.7Ta0.2Ti0.1Al,X2YZ,"Ti, Ta","0.1, 0.2",V,316.2921,73.343,2.40E-06,,Poly,Bulk,annealing at 1273K for 48h in vacuum,s11664-011-1862-z.pdf | Powered by Box,,,,,,
Fe2VAl,Fe2V0.7Ta0.2Ti0.1Al,X2YZ,"Ti, Ta","0.1, 0.2",V,367.9775,82.1942,2.69E-06,,Poly,Bulk,annealing at 1273K for 48h in vacuum,s11664-011-1862-z.pdf | Powered by Box,,,,,,
Fe2VAl,Fe2V0.7Ta0.2Ti0.1Al,X2YZ,"Ti, Ta","0.1, 0.2",V,399.4382,85.2809,2.88E-06,,Poly,Bulk,annealing at 1273K for 48h in vacuum,s11664-011-1862-z.pdf | Powered by Box,,,,,,
Fe2VAl,Fe2V0.8W0.05Ti0.15Al,X2YZ,"W, Ti","0.05, 0.15",V,299.3658,73.6366,1.94E-06,,Poly,Bulk,annealing at 1273K for 48h in vacuum,s11664-011-1862-z.pdf | Powered by Box,,,,,,
Fe2VAl,Fe2V0.8W0.05Ti0.15Al,X2YZ,"W, Ti","0.05, 0.15",V,333.916,75.9052,2.09E-06,,Poly,Bulk,annealing at 1273K for 48h in vacuum,s11664-011-1862-z.pdf | Powered by Box,,,,,,
Fe2VAl,Fe2V0.8W0.05Ti0.15Al,X2YZ,"W, Ti","0.05, 0.15",V,362.5219,77.1713,2.25E-06,,Poly,Bulk,annealing at 1273K for 48h in vacuum,s11664-011-1862-z.pdf | Powered by Box,,,,,,
Fe2VAl,Fe2V0.8W0.05Ti0.15Al,X2YZ,"W, Ti","0.05, 0.15",V,400.1867,79.7701,2.48E-06,,Poly,Bulk,annealing at 1273K for 48h in vacuum,s11664-011-1862-z.pdf | Powered by Box,,,,,,
Fe2VAl,Fe2V0.7W0.1Ti0.2Al,X2YZ,"W, Ti","0.1, 0.2",V,299.6668,69.8856,1.94E-06,,Poly,Bulk,annealing at 1273K for 48h in vacuum,s11664-011-1862-z.pdf | Powered by Box,,,,,,
Fe2VAl,Fe2V0.7W0.1Ti0.2Al,X2YZ,"W, Ti","0.1, 0.2",V,340.4397,74.1784,2.15E-06,,Poly,Bulk,annealing at 1273K for 48h in vacuum,s11664-011-1862-z.pdf | Powered by Box,,,,,,
Fe2VAl,Fe2V0.7W0.1Ti0.2Al,X2YZ,"W, Ti","0.1, 0.2",V,399.8986,80.7939,2.46E-06,,Poly,Bulk,annealing at 1273K for 48h in vacuum,s11664-011-1862-z.pdf | Powered by Box,,,,,,
Fe2VAl,Fe1.98V1.02Al,X2YZ,V,0.02,Fe,98.75343258,-19.65601966,log scale ,,Poly,Bulk,annealing at 1273K for 48h in vacuum,s11664-013-2532-0.pdf | Powered by Box,,,,,,
Fe2VAl,Fe1.98V1.02Al,X2YZ,V,0.02,Fe,1.81E+02,-46.06879607,,,Poly,Bulk,annealing at 1273K for 48h in vacuum,s11664-013-2532-0.pdf | Powered by Box,,,,,,
Fe2VAl,Fe1.98V1.02Al,X2YZ,V,0.02,Fe,2.40E+02,-58.35380835,,,Poly,Bulk,annealing at 1273K for 48h in vacuum,s11664-013-2532-0.pdf | Powered by Box,,,,,,
Fe2VAl,Fe1.98V1.02Al,X2YZ,V,0.02,Fe,3.49E+02,-46.06879607,,,Poly,Bulk,annealing at 1273K for 48h in vacuum,s11664-013-2532-0.pdf | Powered by Box,,,,,,
Fe2VAl,Fe1.98V1.02Al,X2YZ,V,0.02,Fe,4.00E+02,-39.31203931,,,Poly,Bulk,annealing at 1273K for 48h in vacuum,s11664-013-2532-0.pdf | Powered by Box,,,,,,
Fe2VAl,Fe1.98V1.02Al0.97Si0.03,X2YZ,"V, Si","0.02, 0.03","Fe, Al",99.02803873,-42.997543,,,Poly,Bulk,annealing at 1273K for 48h in vacuum,s11664-013-2532-0.pdf | Powered by Box,,,,,,
Fe2VAl,Fe1.98V1.02Al0.97Si0.03,X2YZ,"V, Si","0.02, 0.03","Fe, Al",1.79E+02,-95.20884521,,,Poly,Bulk,annealing at 1273K for 48h in vacuum,s11664-013-2532-0.pdf | Powered by Box,,,,,,
Fe2VAl,Fe1.98V1.02Al0.97Si0.03,X2YZ,"V, Si","0.02, 0.03","Fe, Al",2.35E+02,-1.35E+02,,,Poly,Bulk,annealing at 1273K for 48h in vacuum,s11664-013-2532-0.pdf | Powered by Box,,,,,,
Fe2VAl,Fe1.98V1.02Al0.97Si0.03,X2YZ,"V, Si","0.02, 0.03","Fe, Al",2.81E+02,-1.44E+02,,,Poly,Bulk,annealing at 1273K for 48h in vacuum,s11664-013-2532-0.pdf | Powered by Box,,,,,,
Fe2VAl,Fe1.98V1.02Al0.97Si0.03,X2YZ,"V, Si","0.02, 0.03","Fe, Al",4.01E+02,-1.16E+02,,,Poly,Bulk,annealing at 1273K for 48h in vacuum,s11664-013-2532-0.pdf | Powered by Box,,,,,,
Fe2VAl,Fe1.98V1.02Al0.95Si0.05,X2YZ,"V, Si","0.02, 0.05","Fe, Al",99.06417112,-46.06879607,,,Poly,Bulk,annealing at 1273K for 48h in vacuum,s11664-013-2532-0.pdf | Powered by Box,,,,,,
Fe2VAl,Fe1.98V1.02Al0.95Si0.05,X2YZ,"V, Si","0.02, 0.05","Fe, Al",1.72E+02,-90.29484029,,,Poly,Bulk,annealing at 1273K for 48h in vacuum,s11664-013-2532-0.pdf | Powered by Box,,,,,,
Fe2VAl,Fe1.98V1.02Al0.95Si0.05,X2YZ,"V, Si","0.02, 0.05","Fe, Al",2.29E+02,-1.25E+02,,,Poly,Bulk,annealing at 1273K for 48h in vacuum,s11664-013-2532-0.pdf | Powered by Box,,,,,,
Fe2VAl,Fe1.98V1.02Al0.95Si0.05,X2YZ,"V, Si","0.02, 0.05","Fe, Al",3.00E+02,-1.57E+02,,,Poly,Bulk,annealing at 1273K for 48h in vacuum,s11664-013-2532-0.pdf | Powered by Box,,,,,,
Fe2VAl,Fe1.98V1.02Al0.95Si0.05,X2YZ,"V, Si","0.02, 0.05","Fe, Al",4.02E+02,-1.41E+02,,,Poly,Bulk,annealing at 1273K for 48h in vacuum,s11664-013-2532-0.pdf | Powered by Box,,,,,,
Fe2VAl,Fe2VAl0.95Si0.05,X2YZ,Si,0.05,Al,97.39242716,-54.53665069,,,Poly,Bulk,annealing at 1273K for 48h in vacuum,s11664-013-2532-0.pdf | Powered by Box,,,,,,
Fe2VAl,Fe2VAl0.95Si0.05,X2YZ,Si,0.05,Al,1.81E+02,-94.80697266,,,Poly,Bulk,annealing at 1273K for 48h in vacuum,s11664-013-2532-0.pdf | Powered by Box,,,,,,
Fe2VAl,Fe2VAl0.95Si0.05,X2YZ,Si,0.05,Al,2.63E+02,-1.23E+02,,,Poly,Bulk,annealing at 1273K for 48h in vacuum,s11664-013-2532-0.pdf | Powered by Box,,,,,,
Fe2VAl,Fe2VAl0.95Si0.05,X2YZ,Si,0.05,Al,3.23E+02,-1.23E+02,,,Poly,Bulk,annealing at 1273K for 48h in vacuum,s11664-013-2532-0.pdf | Powered by Box,,,,,,
Fe2VAl,Fe2VAl0.95Si0.05,X2YZ,Si,0.05,Al,3.93E+02,-99.88821272,,,Poly,Bulk,annealing at 1273K for 48h in vacuum,s11664-013-2532-0.pdf | Powered by Box,,,,,,
Fe2VAl,Fe1.95V1.05Al,X2YZ,V,0.05,Fe,98.62985856,-15.93118208,,,Poly,Bulk,annealing at 1273K for 48h in vacuum,s11664-013-2532-0.pdf | Powered by Box,,,,,,
Fe2VAl,Fe1.95V1.05Al,X2YZ,V,0.05,Fe,2.01E+02,-49.42253201,,,Poly,Bulk,annealing at 1273K for 48h in vacuum,s11664-013-2532-0.pdf | Powered by Box,,,,,,
Fe2VAl,Fe1.95V1.05Al,X2YZ,V,0.05,Fe,2.83E+02,-7.74E+01,,,Poly,Bulk,annealing at 1273K for 48h in vacuum,s11664-013-2532-0.pdf | Powered by Box,,,,,,
Fe2VAl,Fe1.95V1.05Al,X2YZ,V,0.05,Fe,4.00E+02,-7.35E+01,,,Poly,Bulk,annealing at 1273K for 48h in vacuum,s11664-013-2532-0.pdf | Powered by Box,,,,,,
Fe2VAl,Fe1.95V1.05Al0.97Si0.03,X2YZ,"V, Si","0.05, 0.03","Fe, Al",97.53589747,-79.04616157,,,Poly,Bulk,annealing at 1273K for 48h in vacuum,s11664-013-2532-0.pdf | Powered by Box,,,,,,
Fe2VAl,Fe1.95V1.05Al0.97Si0.03,X2YZ,"V, Si","0.05, 0.03","Fe, Al",1.61E+02,-1.29E+02,,,Poly,Bulk,annealing at 1273K for 48h in vacuum,s11664-013-2532-0.pdf | Powered by Box,,,,,,
Fe2VAl,Fe1.95V1.05Al0.97Si0.03,X2YZ,"V, Si","0.05, 0.03","Fe, Al",2.40E+02,-1.69E+02,,,Poly,Bulk,annealing at 1273K for 48h in vacuum,s11664-013-2532-0.pdf | Powered by Box,,,,,,
Fe2VAl,Fe1.95V1.05Al0.97Si0.03,X2YZ,"V, Si","0.05, 0.03","Fe, Al",3.25E+02,-1.72E+02,,,Poly,Bulk,annealing at 1273K for 48h in vacuum,s11664-013-2532-0.pdf | Powered by Box,,,,,,
Fe2VAl,Fe1.95V1.05Al0.97Si0.03,X2YZ,"V, Si","0.05, 0.03","Fe, Al",3.98E+02,-1.53E+02,,,Poly,Bulk,annealing at 1273K for 48h in vacuum,s11664-013-2532-0.pdf | Powered by Box,,,,,,
Fe2VAl,Fe1.95V1.05Al0.95Si0.05,X2YZ,"V, Si","0.05, 0.05","Fe, Al",97.53589747,-79.04616157,,,Poly,Bulk,annealing at 1273K for 48h in vacuum,s11664-013-2532-0.pdf | Powered by Box,,,,,,
Fe2VAl,Fe1.95V1.05Al0.95Si0.05,X2YZ,"V, Si","0.05, 0.05","Fe, Al",1.67E+02,-1.25E+02,,,Poly,Bulk,annealing at 1273K for 48h in vacuum,s11664-013-2532-0.pdf | Powered by Box,,,,,,
Fe2VAl,Fe1.95V1.05Al0.95Si0.05,X2YZ,"V, Si","0.05, 0.05","Fe, Al",2.58E+02,-1.64E+02,,,Poly,Bulk,annealing at 1273K for 48h in vacuum,s11664-013-2532-0.pdf | Powered by Box,,,,,,
Fe2VAl,Fe1.95V1.05Al0.95Si0.05,X2YZ,"V, Si","0.05, 0.05","Fe, Al",3.32E+02,-1.64E+02,,,Poly,Bulk,annealing at 1273K for 48h in vacuum,s11664-013-2532-0.pdf | Powered by Box,,,,,,
Fe2VAl,Fe1.95V1.05Al0.95Si0.05,X2YZ,"V, Si","0.05, 0.05","Fe, Al",3.99E+02,-1.54E+02,,,Poly,Bulk,annealing at 1273K for 48h in vacuum,s11664-013-2532-0.pdf | Powered by Box,,,,,,
Fe2VAl,Fe1.98V0.97Ta0.05Al1,X2YZ,Ta,0.05,"Fe, V",1.01E+02,-74.63322048,,,Poly,Bulk,annealing at 1273K for 48h in vacuum,s11664-013-2532-0.pdf | Powered by Box,,,,,,
Fe2VAl,Fe1.98V0.97Ta0.05Al1,X2YZ,Ta,0.05,"Fe, V",1.61E+02,-1.17E+02,,,Poly,Bulk,annealing at 1273K for 48h in vacuum,s11664-013-2532-0.pdf | Powered by Box,,,,,,
Fe2VAl,Fe1.98V0.97Ta0.05Al1,X2YZ,Ta,0.05,"Fe, V",2.06E+02,-1.48E+02,,,Poly,Bulk,annealing at 1273K for 48h in vacuum,s11664-013-2532-0.pdf | Powered by Box,,,,,,
Fe2VAl,Fe1.98V0.97Ta0.05Al1,X2YZ,Ta,0.05,"Fe, V",2.63E+02,-1.51E+02,,,Poly,Bulk,annealing at 1273K for 48h in vacuum,s11664-013-2532-0.pdf | Powered by Box,,,,,,
Fe2VAl,Fe1.98V0.97Ta0.05Al1,X2YZ,Ta,0.05,"Fe, V",3.39E+02,-1.21E+02,,,Poly,Bulk,annealing at 1273K for 48h in vacuum,s11664-013-2532-0.pdf | Powered by Box,,,,,,
Fe2VAl,Fe1.98V0.97Ta0.05Al1,X2YZ,Ta,0.05,"Fe, V",3.99E+02,-96.79559523,,,Poly,Bulk,annealing at 1273K for 48h in vacuum,s11664-013-2532-0.pdf | Powered by Box,,,,,,
Fe2VAl,Fe1.98V0.97Ta0.05Al0.97Si0.03,X2YZ,"Ta, Si","0.05, 0.03","Fe, V, Al",99.5331897,-93.29537294,,,Poly,Bulk,annealing at 1273K for 48h in vacuum,s11664-013-2532-0.pdf | Powered by Box,,,,,,
Fe2VAl,Fe1.98V0.97Ta0.05Al0.97Si0.03,X2YZ,"Ta, Si","0.05, 0.03","Fe, V, Al",1.76E+02,-1.43E+02,,,Poly,Bulk,annealing at 1273K for 48h in vacuum,s11664-013-2532-0.pdf | Powered by Box,,,,,,
Fe2VAl,Fe1.98V0.97Ta0.05Al0.97Si0.03,X2YZ,"Ta, Si","0.05, 0.03","Fe, V, Al",2.51E+02,-1.71E+02,,,Poly,Bulk,annealing at 1273K for 48h in vacuum,s11664-013-2532-0.pdf | Powered by Box,,,,,,
Fe2VAl,Fe1.98V0.97Ta0.05Al0.97Si0.03,X2YZ,"Ta, Si","0.05, 0.03","Fe, V, Al",3.24E+02,-1.67E+02,,,Poly,Bulk,annealing at 1273K for 48h in vacuum,s11664-013-2532-0.pdf | Powered by Box,,,,,,
Fe2VAl,Fe1.98V0.97Ta0.05Al0.97Si0.03,X2YZ,"Ta, Si","0.05, 0.03","Fe, V, Al",3.99E+02,-1.38E+02,,,Poly,Bulk,annealing at 1273K for 48h in vacuum,s11664-013-2532-0.pdf | Powered by Box,,,,,,
Fe2VAl,Fe1.98V0.97Ta0.05Al0.95Si0.05,X2YZ,"Ta, Si","0.05, 0.05","Fe, V, Al",99.48189186,-81.63366506,,,Poly,Bulk,annealing at 1273K for 48h in vacuum,s11664-013-2532-0.pdf | Powered by Box,,,,,,
Fe2VAl,Fe1.98V0.97Ta0.05Al0.95Si0.05,X2YZ,"Ta, Si","0.05, 0.05","Fe, V, Al",1.79E+02,-1.33E+02,,,Poly,Bulk,annealing at 1273K for 48h in vacuum,s11664-013-2532-0.pdf | Powered by Box,,,,,,
Fe2VAl,Fe1.98V0.97Ta0.05Al0.95Si0.05,X2YZ,"Ta, Si","0.05, 0.05","Fe, V, Al",2.49E+02,-1.68E+02,,,Poly,Bulk,annealing at 1273K for 48h in vacuum,s11664-013-2532-0.pdf | Powered by Box,,,,,,
Fe2VAl,Fe1.98V0.97Ta0.05Al0.95Si0.05,X2YZ,"Ta, Si","0.05, 0.05","Fe, V, Al",3.29E+02,-1.71E+02,,,Poly,Bulk,annealing at 1273K for 48h in vacuum,s11664-013-2532-0.pdf | Powered by Box,,,,,,
Fe2VAl,Fe1.98V0.97Ta0.05Al0.95Si0.05,X2YZ,"Ta, Si","0.05, 0.05","Fe, V, Al",3.99E+02,-1.52E+02,,,Poly,Bulk,annealing at 1273K for 48h in vacuum,s11664-013-2532-0.pdf | Powered by Box,,,,,,
Fe2VAl,Fe1.98V0.97Ta0.05Al0.9Si0.1,X2YZ,"Ta, Si","0.05, 0.1","Fe, V, Al",1.01E+02,-64.72076878,,,Poly,Bulk,annealing at 1273K for 48h in vacuum,s11664-013-2532-0.pdf | Powered by Box,,,,,,
Fe2VAl,Fe1.98V0.97Ta0.05Al0.9Si0.1,X2YZ,"Ta, Si","0.05, 0.1","Fe, V, Al",1.58E+02,-89.68400533,,,Poly,Bulk,annealing at 1273K for 48h in vacuum,s11664-013-2532-0.pdf | Powered by Box,,,,,,
Fe2VAl,Fe1.98V0.97Ta0.05Al0.9Si0.1,X2YZ,"Ta, Si","0.05, 0.1","Fe, V, Al",2.26E+02,-1.18E+02,,,Poly,Bulk,annealing at 1273K for 48h in vacuum,s11664-013-2532-0.pdf | Powered by Box,,,,,,
Fe2VAl,Fe1.98V0.97Ta0.05Al0.9Si0.1,X2YZ,"Ta, Si","0.05, 0.1","Fe, V, Al",3.18E+02,-1.43E+02,,,Poly,Bulk,annealing at 1273K for 48h in vacuum,s11664-013-2532-0.pdf | Powered by Box,,,,,,
Fe2VAl,Fe1.98V0.97Ta0.05Al0.9Si0.1,X2YZ,"Ta, Si","0.05, 0.1","Fe, V, Al",3.94E+02,-1.52E+02,,,Poly,Bulk,annealing at 1273K for 48h in vacuum,s11664-013-2532-0.pdf | Powered by Box,,,,,,
Fe2VAl,Fe1.95V1Ta0.05Al,X2YZ,Ta,0.05,Fe,1.02E+02,-83.13649266,,,Poly,Bulk,annealing at 1273K for 48h in vacuum,s11664-013-2532-0.pdf | Powered by Box,,,,,,
Fe2VAl,Fe1.95V1Ta0.05Al,X2YZ,Ta,0.05,Fe,1.67E+02,-1.26E+02,,,Poly,Bulk,annealing at 1273K for 48h in vacuum,s11664-013-2532-0.pdf | Powered by Box,,,,,,
Fe2VAl,Fe1.95V1Ta0.05Al,X2YZ,Ta,0.05,Fe,2.17E+02,-1.48E+02,,,Poly,Bulk,annealing at 1273K for 48h in vacuum,s11664-013-2532-0.pdf | Powered by Box,,,,,,
Fe2VAl,Fe1.95V1Ta0.05Al,X2YZ,Ta,0.05,Fe,2.72E+02,-1.47E+02,,,Poly,Bulk,annealing at 1273K for 48h in vacuum,s11664-013-2532-0.pdf | Powered by Box,,,,,,
Fe2VAl,Fe1.95V1Ta0.05Al,X2YZ,Ta,0.05,Fe,3.99E+02,-1.10E+02,,,Poly,Bulk,annealing at 1273K for 48h in vacuum,s11664-013-2532-0.pdf | Powered by Box,,,,,,
Fe2VAl,Fe1.95V1Ta0.05Al0.97Si0.03,X2YZ,"Ta, Si","0.05, 0.03 ","Fe, Al",99.6477388,-1.09E+02,,,Poly,Bulk,annealing at 1273K for 48h in vacuum,s11664-013-2532-0.pdf | Powered by Box,,,,,,
Fe2VAl,Fe1.95V1Ta0.05Al0.97Si0.03,X2YZ,"Ta, Si","0.05, 0.03 ","Fe, Al",1.54E+02,-1.57E+02,,,Poly,Bulk,annealing at 1273K for 48h in vacuum,s11664-013-2532-0.pdf | Powered by Box,,,,,,
Fe2VAl,Fe1.95V1Ta0.05Al0.97Si0.03,X2YZ,"Ta, Si","0.05, 0.03 ","Fe, Al",2.03E+02,-1.86E+02,,,Poly,Bulk,annealing at 1273K for 48h in vacuum,s11664-013-2532-0.pdf | Powered by Box,,,,,,
Fe2VAl,Fe1.95V1Ta0.05Al0.97Si0.03,X2YZ,"Ta, Si","0.05, 0.03 ","Fe, Al",2.69E+02,-1.95E+02,,,Poly,Bulk,annealing at 1273K for 48h in vacuum,s11664-013-2532-0.pdf | Powered by Box,,,,,,
Fe2VAl,Fe1.95V1Ta0.05Al0.97Si0.03,X2YZ,"Ta, Si","0.05, 0.03 ","Fe, Al",4.00E+02,-1.59E+02,,,Poly,Bulk,annealing at 1273K for 48h in vacuum,s11664-013-2532-0.pdf | Powered by Box,,,,,,
Fe2VAl,Fe1.95V1Ta0.05Al0.95Si0.05,X2YZ,"Ta, Si","0.05, 0.05","Fe, Al",1.01E+02,-1.12E+02,,,Poly,Bulk,annealing at 1273K for 48h in vacuum,s11664-013-2532-0.pdf | Powered by Box,,,,,,
Fe2VAl,Fe1.95V1Ta0.05Al0.95Si0.05,X2YZ,"Ta, Si","0.05, 0.05","Fe, Al",1.64E+02,-1.56E+02,,,Poly,Bulk,annealing at 1273K for 48h in vacuum,s11664-013-2532-0.pdf | Powered by Box,,,,,,
Fe2VAl,Fe1.95V1Ta0.05Al0.95Si0.05,X2YZ,"Ta, Si","0.05, 0.05","Fe, Al",2.37E+02,-1.83E+02,,,Poly,Bulk,annealing at 1273K for 48h in vacuum,s11664-013-2532-0.pdf | Powered by Box,,,,,,
Fe2VAl,Fe1.95V1Ta0.05Al0.95Si0.05,X2YZ,"Ta, Si","0.05, 0.05","Fe, Al",3.18E+02,-1.90E+02,,,Poly,Bulk,annealing at 1273K for 48h in vacuum,s11664-013-2532-0.pdf | Powered by Box,,,,,,
Fe2VAl,Fe1.95V1Ta0.05Al0.95Si0.05,X2YZ,"Ta, Si","0.05, 0.05","Fe, Al",4.00E+02,-1.83E+02,,,Poly,Bulk,annealing at 1273K for 48h in vacuum,s11664-013-2532-0.pdf | Powered by Box,,,,,,
Fe2VAl,Fe1.95V1Ta0.05Al0.9Si0.1,X2YZ,"Ta, Si","0.05, 0.1","Fe, Al",99.76743921,-88.95393244,,,Poly,Bulk,annealing at 1273K for 48h in vacuum,s11664-013-2532-0.pdf | Powered by Box,,,,,,
Fe2VAl,Fe1.95V1Ta0.05Al0.9Si0.1,X2YZ,"Ta, Si","0.05, 0.1","Fe, Al",2.21E+02,-1.39E+02,,,Poly,Bulk,annealing at 1273K for 48h in vacuum,s11664-013-2532-0.pdf | Powered by Box,,,,,,
Fe2VAl,Fe1.95V1Ta0.05Al0.9Si0.1,X2YZ,"Ta, Si","0.05, 0.1","Fe, Al",3.17E+02,-1.56E+02,,,Poly,Bulk,annealing at 1273K for 48h in vacuum,s11664-013-2532-0.pdf | Powered by Box,,,,,,
Fe2VAl,Fe1.95V1Ta0.05Al0.9Si0.1,X2YZ,"Ta, Si","0.05, 0.1","Fe, Al",4.02E+02,-1.52E+02,,,Poly,Bulk,annealing at 1273K for 48h in vacuum,s11664-013-2532-0.pdf | Powered by Box,,,,,,
Fe2VAl,Fe2VAl,X2YZ,X,X,X,87.5,16.4277,1.98E-05,,Poly,Bulk,,Microsoft Word - ICC3c.doc.pdf | Powered by Box,,,,,,
Fe2VAl,Fe2VAl,X2YZ,X,X,X,204.1667,27.3993,1.25E-05,,Poly,Bulk,,Microsoft Word - ICC3c.doc.pdf | Powered by Box,,,,,,
Fe2VAl,Fe2VAl,X2YZ,X,X,X,320.8333,28.7026,6.87E-06,,Poly,Bulk,,Microsoft Word - ICC3c.doc.pdf | Powered by Box,,,,,,
Fe2VAl,Fe2VAl,X2YZ,X,X,X,404.1667,27.1149,4.76E-06,,Poly,Bulk,,Microsoft Word - ICC3c.doc.pdf | Powered by Box,,,,,,
Fe2VAl,Fe2VAl0.97Si0.03,X2YZ,Si,0.03,Al,88.8889,-54.0916,6.54E-06,,Poly,Bulk,,Microsoft Word - ICC3c.doc.pdf | Powered by Box,,,,,,
Fe2VAl,Fe2VAl0.97Si0.03,X2YZ,Si,0.03,Al,144.4444,-83.5861,7.31E-06,,Poly,Bulk,,Microsoft Word - ICC3c.doc.pdf | Powered by Box,,,,,,
Fe2VAl,Fe2VAl0.97Si0.03,X2YZ,Si,0.03,Al,212.5,-106.8069,7.58E-06,,Poly,Bulk,,Microsoft Word - ICC3c.doc.pdf | Powered by Box,,,,,,
Fe2VAl,Fe2VAl0.97Si0.03,X2YZ,Si,0.03,Al,250,-108.4597,7.41E-06,,Poly,Bulk,,Microsoft Word - ICC3c.doc.pdf | Powered by Box,,,,,,
Fe2VAl,Fe2VAl0.97Si0.03,X2YZ,Si,0.03,Al,318.0556,-74.2397,6.42E-06,,Poly,Bulk,,Microsoft Word - ICC3c.doc.pdf | Powered by Box,,,,,,
Fe2VAl,Fe2VAl0.97Si0.03,X2YZ,Si,0.03,Al,398.6111,-34.3148,5.19E-06,,Poly,Bulk,,Microsoft Word - ICC3c.doc.pdf | Powered by Box,,,,,,
Fe2VAl,Fe2VAl0.95Si0.05,X2YZ,Si,0.05,Al,87.5,-63.1931,2.08E-06,,Poly,Bulk,,Microsoft Word - ICC3c.doc.pdf | Powered by Box,,,,,,
Fe2VAl,Fe2VAl0.95Si0.05,X2YZ,Si,0.05,Al,158.3333,-93.2346,2.68E-06,,Poly,Bulk,,Microsoft Word - ICC3c.doc.pdf | Powered by Box,,,,,,
Fe2VAl,Fe2VAl0.95Si0.05,X2YZ,Si,0.05,Al,256.9444,-128.3551,3.86E-06,,Poly,Bulk,,Microsoft Word - ICC3c.doc.pdf | Powered by Box,,,,,,
Fe2VAl,Fe2VAl0.95Si0.05,X2YZ,Si,0.05,Al,320.8333,-129.9704,4.29E-06,,Poly,Bulk,,Microsoft Word - ICC3c.doc.pdf | Powered by Box,,,,,,
Fe2VAl,Fe2VAl0.95Si0.05,X2YZ,Si,0.05,Al,400,-104.2654,4.19E-06,,Poly,Bulk,,Microsoft Word - ICC3c.doc.pdf | Powered by Box,,,,,,
Fe2VAl,Fe2VAl0.9Si0.1,X2YZ,Si,0.1,Al,86.1111,-52.9581,1.04E-06,,Poly,Bulk,,Microsoft Word - ICC3c.doc.pdf | Powered by Box,,,,,,
Fe2VAl,Fe2VAl0.9Si0.1,X2YZ,Si,0.1,Al,190.2778,-89.7769,1.62E-06,,Poly,Bulk,,Microsoft Word - ICC3c.doc.pdf | Powered by Box,,,,,,
Fe2VAl,Fe2VAl0.9Si0.1,X2YZ,Si,0.1,Al,283.3333,-115.237,2.44E-06,,Poly,Bulk,,Microsoft Word - ICC3c.doc.pdf | Powered by Box,,,,,,
Fe2VAl,Fe2VAl0.9Si0.1,X2YZ,Si,0.1,Al,361.1111,-127.6382,3.10E-06,,Poly,Bulk,,Microsoft Word - ICC3c.doc.pdf | Powered by Box,,,,,,
Fe2VAl,Fe2VAl0.9Si0.1,X2YZ,Si,0.1,Al,402.7778,-124.7354,3.24E-06,,Poly,Bulk,,Microsoft Word - ICC3c.doc.pdf | Powered by Box,,,,,,
Fe2VAl,Fe2VAl0.8Si0.2,X2YZ,Si,0.2,Al,88.8889,-37.5987,5.48E-07,,Poly,Bulk,,Microsoft Word - ICC3c.doc.pdf | Powered by Box,,,,,,
Fe2VAl,Fe2VAl0.8Si0.2,X2YZ,Si,0.2,Al,191.6667,-64.7512,9.52E-07,,Poly,Bulk,,Microsoft Word - ICC3c.doc.pdf | Powered by Box,,,,,,
Fe2VAl,Fe2VAl0.8Si0.2,X2YZ,Si,0.2,Al,284.7222,-82.8179,1.56E-06,,Poly,Bulk,,Microsoft Word - ICC3c.doc.pdf | Powered by Box,,,,,,
Fe2VAl,Fe2VAl0.8Si0.2,X2YZ,Si,0.2,Al,402.7778,-99.7117,2.35E-06,,Poly,Bulk,,Microsoft Word - ICC3c.doc.pdf | Powered by Box,,,,,,
Fe2VAl,Fe2VAl,X2YZ,X,X,X,100.5385,-9.0531,2.82E-05,,Poly,Bulk,powder metallurgical process,https://virginia.app.box.com/file/2099607675930,,,,,,
Fe2VAl,Fe2VAl,X2YZ,X,X,X,228.7426,-26.1894,1.79E-05,,Poly,Bulk,powder metallurgical process,https://virginia.app.box.com/file/2099607675930,,,,,,
Fe2VAl,Fe2VAl,X2YZ,X,X,X,322.4279,-28.1293,9.45E-06,,Poly,Bulk,powder metallurgical process,https://virginia.app.box.com/file/2099607675930,,,,,,
Fe2VAl,Fe2VAl,X2YZ,X,X,X,534.3219,-13.5797,1.89E-05,,Poly,Bulk,powder metallurgical process,https://virginia.app.box.com/file/2099607675930,,,,,,
Fe2VAl,Fe2VAl,X2YZ,X,X,X,753.0131,-10.6697,1.46E-04,,Poly,Bulk,powder metallurgical process,https://virginia.app.box.com/file/2099607675930,,,,,,
Fe2VAl,Fe2VAl0.99Sb0.01,X2YZ,Sb,0.01,Al,98.3784,-43.3256,2.09E-05,,Poly,Bulk,powder metallurgical process,https://virginia.app.box.com/file/2099607675930,,,,,,
Fe2VAl,Fe2VAl0.99Sb0.01,X2YZ,Sb,0.01,Al,210.8079,-73.0716,1.45E-05,,Poly,Bulk,powder metallurgical process,https://virginia.app.box.com/file/2099607675930,,,,,,
Fe2VAl,Fe2VAl0.99Sb0.01,X2YZ,Sb,0.01,Al,259.3458,-77.2748,1.20E-05,,Poly,Bulk,powder metallurgical process,https://virginia.app.box.com/file/2099607675930,,,,,,
Fe2VAl,Fe2VAl0.99Sb0.01,X2YZ,Sb,0.01,Al,393.3692,-44.9423,6.97E-06,,Poly,Bulk,powder metallurgical process,https://virginia.app.box.com/file/2099607675930,,,,,,
Fe2VAl,Fe2VAl0.99Sb0.01,X2YZ,Sb,0.01,Al,582.8678,-17.1363,4.09E-06,,Poly,Bulk,powder metallurgical process,https://virginia.app.box.com/file/2099607675930,,,,,,
Fe2VAl,Fe2VAl0.99Sb0.01,X2YZ,Sb,0.01,Al,752.993,-12.2864,3.32E-06,,Poly,Bulk,powder metallurgical process,https://virginia.app.box.com/file/2099607675930,,,,,,
Fe2VAl,Fe2VAl0.98Sb0.02,X2YZ,Sb,0.02,Al,92.7435,-77.9215,1.10E-05,,Poly,Bulk,powder metallurgical process,https://virginia.app.box.com/file/2099607675930,,,,,,
Fe2VAl,Fe2VAl0.98Sb0.02,X2YZ,Sb,0.02,Al,173.8364,-115.7506,1.03E-05,,Poly,Bulk,powder metallurgical process,https://virginia.app.box.com/file/2099607675930,,,,,,
Fe2VAl,Fe2VAl0.98Sb0.02,X2YZ,Sb,0.02,Al,225.7128,-130.6236,9.65E-06,,Poly,Bulk,powder metallurgical process,https://virginia.app.box.com/file/2099607675930,,,,,,
Fe2VAl,Fe2VAl0.98Sb0.02,X2YZ,Sb,0.02,Al,361.5476,-92.1478,7.39E-06,,Poly,Bulk,powder metallurgical process,https://virginia.app.box.com/file/2099607675930,,,,,,
Fe2VAl,Fe2VAl0.98Sb0.02,X2YZ,Sb,0.02,Al,485.3191,-46.8822,5.56E-06,,Poly,Bulk,powder metallurgical process,https://virginia.app.box.com/file/2099607675930,,,,,,
Fe2VAl,Fe2VAl0.98Sb0.02,X2YZ,Sb,0.02,Al,655.7008,-21.3395,4.00E-06,,Poly,Bulk,powder metallurgical process,https://virginia.app.box.com/file/2099607675930,,,,,,
Fe2VAl,Fe2VAl0.97Sb0.02,X2YZ,Sb,0.02,Al,747.7429,-15.843,3.52E-06,,Poly,Bulk,powder metallurgical process,https://virginia.app.box.com/file/2099607675930,,,,,,
Fe2VAl,Fe2VAl0.97Sb0.03,X2YZ,Sb,0.03,Al,96.2983,-71.1316,6.47E-06,,Poly,Bulk,powder metallurgical process,https://virginia.app.box.com/file/2099607675930,,,,,,
Fe2VAl,Fe2VAl0.97Sb0.03,X2YZ,Sb,0.03,Al,194.7007,-112.5173,7.43E-06,,Poly,Bulk,powder metallurgical process,https://virginia.app.box.com/file/2099607675930,,,,,,
Fe2VAl,Fe2VAl0.97Sb0.03,X2YZ,Sb,0.03,Al,281.3324,-123.5104,7.32E-06,,Poly,Bulk,powder metallurgical process,https://virginia.app.box.com/file/2099607675930,,,,,,
Fe2VAl,Fe2VAl0.97Sb0.03,X2YZ,Sb,0.03,Al,422.3252,-88.9145,5.91E-06,,Poly,Bulk,powder metallurgical process,https://virginia.app.box.com/file/2099607675930,,,,,,
Fe2VAl,Fe2VAl0.97Sb0.03,X2YZ,Sb,0.03,Al,539.0871,-49.1455,4.66E-06,,Poly,Bulk,powder metallurgical process,https://virginia.app.box.com/file/2099607675930,,,,,,
Fe2VAl,Fe2VAl0.95Sb0.03,X2YZ,Sb,0.03,Al,685.1498,-25.5427,3.69E-06,,Poly,Bulk,powder metallurgical process,https://virginia.app.box.com/file/2099607675930,,,,,,
Fe2VAl,Fe2VAl0.95Sb0.03,X2YZ,Sb,0.03,Al,759.8303,-20.6928,3.45E-06,,Poly,Bulk,powder metallurgical process,https://virginia.app.box.com/file/2099607675930,,,,,,
Fe2VAl,Fe2VAl0.95Sb0.05,X2YZ,Sb,0.05,Al,87.6857,-65.9584,6.25E-06,,Poly,Bulk,powder metallurgical process,https://virginia.app.box.com/file/2099607675930,,,,,,
Fe2VAl,Fe2VAl0.95Sb0.05,X2YZ,Sb,0.05,Al,161.8933,-99.261,6.91E-06,,Poly,Bulk,powder metallurgical process,https://virginia.app.box.com/file/2099607675930,,,,,,
Fe2VAl,Fe2VAl0.95Sb0.05,X2YZ,Sb,0.05,Al,262.3316,-116.3972,7.10E-06,,Poly,Bulk,powder metallurgical process,https://virginia.app.box.com/file/2099607675930,,,,,,
Fe2VAl,Fe2VAl0.95Sb0.05,X2YZ,Sb,0.05,Al,425.824,-86.6513,5.79E-06,,Poly,Bulk,powder metallurgical process,https://virginia.app.box.com/file/2099607675930,,,,,,
Fe2VAl,Fe2VAl0.95Sb0.05,X2YZ,Sb,0.05,Al,552.958,-50.1155,4.65E-06,,Poly,Bulk,powder metallurgical process,https://virginia.app.box.com/file/2099607675930,,,,,,
Fe2VAl,Fe2VAl0.95Sb0.05,X2YZ,Sb,0.05,Al,751.1134,-23.9261,3.73E-06,,Poly,Bulk,powder metallurgical process,https://virginia.app.box.com/file/2099607675930,,,,,,
Fe2VAl,Fe2VAl0.9Sb0.1,X2YZ,Sb,0.1,Al,94.6071,-67.5751,7.43E-06,,Poly,Bulk,powder metallurgical process,https://virginia.app.box.com/file/2099607675930,,,,,,
Fe2VAl,Fe2VAl0.9Sb0.1,X2YZ,Sb,0.1,Al,200.0912,-97.6443,7.10E-06,,Poly,Bulk,powder metallurgical process,https://virginia.app.box.com/file/2099607675930,,,,,,
Fe2VAl,Fe2VAl0.9Sb0.1,X2YZ,Sb,0.1,Al,304.1405,-103.4642,6.60E-06,,Poly,Bulk,powder metallurgical process,https://virginia.app.box.com/file/2099607675930,,,,,,
Fe2VAl,Fe2VAl0.9Sb0.1,X2YZ,Sb,0.1,Al,444.941,-84.388,5.58E-06,,Poly,Bulk,powder metallurgical process,https://virginia.app.box.com/file/2099607675930,,,,,,
Fe2VAl,Fe2VAl0.9Sb0.1,X2YZ,Sb,0.1,Al,596.3539,-49.1455,4.32E-06,,Poly,Bulk,powder metallurgical process,https://virginia.app.box.com/file/2099607675930,,,,,,
Fe2VAl,Fe2VAl0.9Sb0.1,X2YZ,Sb,0.1,Al,749.3099,-29.4226,3.76E-06,,Poly,Bulk,powder metallurgical process,https://virginia.app.box.com/file/2099607675930,,,,,,
Fe2VAl,Fe2VAl0.96Si0.01Sb0.03,X2YZ,"Sb, Si","0.03, 0.01",Al,102.8944,-80.2384,4.82E-06,,Poly,Bulk,powder metallurgical process,https://virginia.app.box.com/file/2099607675930,,,,,,
Fe2VAl,Fe2VAl0.96Si0.01Sb0.03,X2YZ,"Sb, Si","0.03, 0.01",Al,183.9932,-123.3594,5.55E-06,,Poly,Bulk,powder metallurgical process,https://virginia.app.box.com/file/2099607675930,,,,,,
Fe2VAl,Fe2VAl0.96Si0.01Sb0.03,X2YZ,"Sb, Si","0.03, 0.01",Al,256.1919,-137.7725,6.00E-06,,Poly,Bulk,powder metallurgical process,https://virginia.app.box.com/file/2099607675930,,,,,,
Fe2VAl,Fe2VAl0.96Si0.01Sb0.03,X2YZ,"Sb, Si","0.03, 0.01",Al,384.6034,-112.3349,5.82E-06,,Poly,Bulk,powder metallurgical process,https://virginia.app.box.com/file/2099607675930,,,,,,
Fe2VAl,Fe2VAl0.96Si0.01Sb0.03,X2YZ,"Sb, Si","0.03, 0.01",Al,517.0659,-61.3508,4.92E-06,,Poly,Bulk,powder metallurgical process,https://virginia.app.box.com/file/2099607675930,,,,,,
Fe2VAl,Fe2VAl0.96Si0.01Sb0.03,X2YZ,"Sb, Si","0.03, 0.01",Al,749.583,-23.7542,3.52E-06,,Poly,Bulk,powder metallurgical process,https://virginia.app.box.com/file/2099607675930,,,,,,
Fe2VAl,Fe2VAl0.93Si0.04Sb0.03,X2YZ,"Sb, Si","0.03, 0.04",Al,99.3538,-67.2853,2.46E-06,,Poly,Bulk,powder metallurgical process,https://virginia.app.box.com/file/2099607675930,,,,,,
Fe2VAl,Fe2VAl0.93Si0.04Sb0.03,X2YZ,"Sb, Si","0.03, 0.04",Al,199.0928,-104.4726,3.45E-06,,Poly,Bulk,powder metallurgical process,https://virginia.app.box.com/file/2099607675930,,,,,,
Fe2VAl,Fe2VAl0.93Si0.04Sb0.03,X2YZ,"Sb, Si","0.03, 0.04",Al,326.8779,-126.2844,4.40E-06,,Poly,Bulk,powder metallurgical process,https://virginia.app.box.com/file/2099607675930,,,,,,
Fe2VAl,Fe2VAl0.93Si0.04Sb0.03,X2YZ,"Sb, Si","0.03, 0.04",Al,503.7436,-86.1891,4.54E-06,,Poly,Bulk,powder metallurgical process,https://virginia.app.box.com/file/2099607675930,,,,,,
Fe2VAl,Fe2VAl0.93Si0.04Sb0.03,X2YZ,"Sb, Si","0.03, 0.04",Al,673.2126,-43.9874,3.83E-06,,Poly,Bulk,powder metallurgical process,https://virginia.app.box.com/file/2099607675930,,,,,,
Fe2VAl,Fe2VAl0.93Si0.04Sb0.03,X2YZ,"Sb, Si","0.03, 0.04",Al,755.0307,-32.859,3.59E-06,,Poly,Bulk,powder metallurgical process,https://virginia.app.box.com/file/2099607675930,,,,,,
Fe2VAl,Fe2VAl0.9Si0.07Sb0.03,X2YZ,"Sb, Si","0.03, 0.07",Al,97.7112,-51.1839,1.60E-06,,Poly,Bulk,powder metallurgical process,https://virginia.app.box.com/file/2099607675930,,,,,,
Fe2VAl,Fe2VAl0.9Si0.07Sb0.03,X2YZ,"Sb, Si","0.03, 0.07",Al,210.2667,-101.6823,2.34E-06,,Poly,Bulk,powder metallurgical process,https://virginia.app.box.com/file/2099607675930,,,,,,
Fe2VAl,Fe2VAl0.9Si0.07Sb0.03,X2YZ,"Sb, Si","0.03, 0.07",Al,304.6368,-123.8149,3.08E-06,,Poly,Bulk,powder metallurgical process,https://virginia.app.box.com/file/2099607675930,,,,,,
Fe2VAl,Fe2VAl0.9Si0.07Sb0.03,X2YZ,"Sb, Si","0.03, 0.07",Al,447.7999,-105.7402,3.56E-06,,Poly,Bulk,powder metallurgical process,https://virginia.app.box.com/file/2099607675930,,,,,,
Fe2VAl,Fe2VAl0.9Si0.07Sb0.03,X2YZ,"Sb, Si","0.03, 0.07",Al,587.5059,-68.4124,3.46E-06,,Poly,Bulk,powder metallurgical process,https://virginia.app.box.com/file/2099607675930,,,,,,
Fe2VAl,Fe2VAl0.9Si0.07Sb0.03,X2YZ,"Sb, Si","0.03, 0.07",Al,749.3881,-38.4541,3.29E-06,,Poly,Bulk,powder metallurgical process,https://virginia.app.box.com/file/2099607675930,,,,,,
Fe2VAl,Fe2VAl0.87Si0.1Sb0.03,X2YZ,"Sb, Si","0.03, 0.1",Al,101.7575,-25.9874,1.41E-06,,Poly,Bulk,powder metallurgical process,https://virginia.app.box.com/file/2099607675930,,,,,,
Fe2VAl,Fe2VAl0.87Si0.1Sb0.03,X2YZ,"Sb, Si","0.03, 0.1",Al,242.206,-72.6603,2.29E-06,,Poly,Bulk,powder metallurgical process,https://virginia.app.box.com/file/2099607675930,,,,,,
Fe2VAl,Fe2VAl0.87Si0.1Sb0.03,X2YZ,"Sb, Si","0.03, 0.1",Al,330.8825,-104.2379,2.88E-06,,Poly,Bulk,powder metallurgical process,https://virginia.app.box.com/file/2099607675930,,,,,,
Fe2VAl,Fe2VAl0.87Si0.1Sb0.03,X2YZ,"Sb, Si","0.03, 0.1",Al,406.9234,-108.8544,3.28E-06,,Poly,Bulk,powder metallurgical process,https://virginia.app.box.com/file/2099607675930,,,,,,
Fe2VAl,Fe2VAl0.87Si0.1Sb0.03,X2YZ,"Sb, Si","0.03, 0.1",Al,578.1232,-76.1042,3.60E-06,,Poly,Bulk,powder metallurgical process,https://virginia.app.box.com/file/2099607675930,,,,,,
Fe2VAl,Fe2VAl0.87Si0.1Sb0.03,X2YZ,"Sb, Si","0.03, 0.1",Al,751.1467,-45.8056,3.31E-06,,Poly,Bulk,powder metallurgical process,https://virginia.app.box.com/file/2099607675930,,,,,,
Fe2VAl,Fe2VAl,X2YZ,X,X,X,304.0725,-139.5739,,1.23E+05,Poly,Bulk,annealed at 1073k for 5 days ,Fe2VAlPhysicaBcondensedmatter.pdf | Powered by Box,,,,,,
Fe2VAl,Fe2VAl,X2YZ,X,X,X,380.5431,-102.8653,,1.38E+05,Poly,Bulk,annealed at 1073k for 5 days ,Fe2VAlPhysicaBcondensedmatter.pdf | Powered by Box,,,,,,
Fe2VAl,Fe2VAl,X2YZ,X,X,X,467.4422,-68.4659,,1.56E+05,Poly,Bulk,annealed at 1073k for 5 days ,Fe2VAlPhysicaBcondensedmatter.pdf | Powered by Box,,,,,,
Fe2VAl,Fe2VAl,X2YZ,X,X,X,573.7320,-39.6136,,1.77E+05,Poly,Bulk,annealed at 1073k for 5 days ,Fe2VAlPhysicaBcondensedmatter.pdf | Powered by Box,,,,,,
Fe2VAl,Fe2VAl,X2YZ,X,X,X,705.4676,-22.7958,,2.01E+05,Poly,Bulk,annealed at 1073k for 5 days ,Fe2VAlPhysicaBcondensedmatter.pdf | Powered by Box,,,,,,
Fe2VAl,Fe2VAl,X2YZ,X,X,X,803.2769,-16.6761,,2.23E+05,Poly,Bulk,annealed at 1073k for 5 days ,Fe2VAlPhysicaBcondensedmatter.pdf | Powered by Box,,,,,,
Fe2VAl,Fe2VAl,X2YZ,X,X,X,10.678,4.0352,2.92E-05,,Poly,Bulk,"annealed at 1000 °C for 2 days, and then further annealed at 400 °C for more than 12 h",thermoelectric-properties-of-the-semimetallic-heusler-30z198f97w (1).pdf | Powered by Box,,,,,,
Fe2VAl,Fe2VAl,X2YZ,X,X,X,99.661,17.6582,2.50E-05,,Poly,Bulk,"annealed at 1000 °C for 2 days, and then further annealed at 400 °C for more than 12 h",thermoelectric-properties-of-the-semimetallic-heusler-30z198f97w (1).pdf | Powered by Box,,,,,,
Fe2VAl,Fe2VAl,X2YZ,X,X,X,205.2542,31.3703,1.94E-05,,Poly,Bulk,"annealed at 1000 °C for 2 days, and then further annealed at 400 °C for more than 12 h",thermoelectric-properties-of-the-semimetallic-heusler-30z198f97w (1).pdf | Powered by Box,,,,,,
Fe2VAl,Fe2VAl,X2YZ,X,X,X,289.4915,41.2119,1.49E-05,,Poly,Bulk,"annealed at 1000 °C for 2 days, and then further annealed at 400 °C for more than 12 h",thermoelectric-properties-of-the-semimetallic-heusler-30z198f97w (1).pdf | Powered by Box,,,,,,
Fe2VAl,Fe1.98V1.02Al,X2YZ,V,0.02,Fe,10.678,-3.4766,3.00E-05,,Poly,Bulk,"annealed at 1000 °C for 2 days, and then further annealed at 400 °C for more than 12 h",thermoelectric-properties-of-the-semimetallic-heusler-30z198f97w (1).pdf | Powered by Box,,,,,,
Fe2VAl,Fe1.98V1.02Al,X2YZ,V,0.02,Fe,59.322,-26.6897,3.05E-05,,Poly,Bulk,"annealed at 1000 °C for 2 days, and then further annealed at 400 °C for more than 12 h",thermoelectric-properties-of-the-semimetallic-heusler-30z198f97w (1).pdf | Powered by Box,,,,,,
Fe2VAl,Fe1.98V1.02Al,X2YZ,V,0.02,Fe,122.2034,-64.85,2.98E-05,,Poly,Bulk,"annealed at 1000 °C for 2 days, and then further annealed at 400 °C for more than 12 h",thermoelectric-properties-of-the-semimetallic-heusler-30z198f97w (1).pdf | Powered by Box,,,,,,
Fe2VAl,Fe1.98V1.02Al,X2YZ,V,0.02,Fe,212.3729,-108.4977,2.54E-05,,Poly,Bulk,"annealed at 1000 °C for 2 days, and then further annealed at 400 °C for more than 12 h",thermoelectric-properties-of-the-semimetallic-heusler-30z198f97w (1).pdf | Powered by Box,,,,,,
Fe2VAl,Fe1.98V1.02Al,X2YZ,V,0.02,Fe,266.9492,-105.3879,2.34E-05,,Poly,Bulk,"annealed at 1000 °C for 2 days, and then further annealed at 400 °C for more than 12 h",thermoelectric-properties-of-the-semimetallic-heusler-30z198f97w (1).pdf | Powered by Box,,,,,,
Fe2VAl,Fe1.98V1.02Al,X2YZ,V,0.02,Fe,301.3559,-91.1188,2.23E-05,,Poly,Bulk,"annealed at 1000 °C for 2 days, and then further annealed at 400 °C for more than 12 h",thermoelectric-properties-of-the-semimetallic-heusler-30z198f97w (1).pdf | Powered by Box,,,,,,
Fe2VAl,Fe1.95V1.05Al,X2YZ,V,0.05,Fe,8.3051,-7.2452,4.55E-05,,Poly,Bulk,"annealed at 1000 °C for 2 days, and then further annealed at 400 °C for more than 12 h",thermoelectric-properties-of-the-semimetallic-heusler-30z198f97w (1).pdf | Powered by Box,,,,,,
Fe2VAl,Fe1.95V1.05Al,X2YZ,V,0.05,Fe,86.6102,-65.041,3.79E-05,,Poly,Bulk,"annealed at 1000 °C for 2 days, and then further annealed at 400 °C for more than 12 h",thermoelectric-properties-of-the-semimetallic-heusler-30z198f97w (1).pdf | Powered by Box,,,,,,
Fe2VAl,Fe1.95V1.05Al,X2YZ,V,0.05,Fe,164.9153,-116.264,3.38E-05,,Poly,Bulk,"annealed at 1000 °C for 2 days, and then further annealed at 400 °C for more than 12 h",thermoelectric-properties-of-the-semimetallic-heusler-30z198f97w (1).pdf | Powered by Box,,,,,,
Fe2VAl,Fe1.95V1.05Al,X2YZ,V,0.05,Fe,225.4237,-133.7797,2.91E-05,,Poly,Bulk,"annealed at 1000 °C for 2 days, and then further annealed at 400 °C for more than 12 h",thermoelectric-properties-of-the-semimetallic-heusler-30z198f97w (1).pdf | Powered by Box,,,,,,
Fe2VAl,Fe1.95V1.05Al,X2YZ,V,0.05,Fe,289.4915,-124.0463,2.36E-05,,Poly,Bulk,"annealed at 1000 °C for 2 days, and then further annealed at 400 °C for more than 12 h",thermoelectric-properties-of-the-semimetallic-heusler-30z198f97w (1).pdf | Powered by Box,,,,,,
Fe2VAl,Fe1.89V1.11Al,X2YZ,V,0.11,Fe,10.678,1.2183,1.14E-04,,Poly,Bulk,"annealed at 1000 °C for 2 days, and then further annealed at 400 °C for more than 12 h",thermoelectric-properties-of-the-semimetallic-heusler-30z198f97w (1).pdf | Powered by Box,,,,,,
Fe2VAl,Fe1.89V1.11Al,X2YZ,V,0.11,Fe,68.8136,-28.5168,7.26E-05,,Poly,Bulk,"annealed at 1000 °C for 2 days, and then further annealed at 400 °C for more than 12 h",thermoelectric-properties-of-the-semimetallic-heusler-30z198f97w (1).pdf | Powered by Box,,,,,,
Fe2VAl,Fe1.89V1.11Al,X2YZ,V,0.11,Fe,134.0678,-53.5187,5.21E-05,,Poly,Bulk,"annealed at 1000 °C for 2 days, and then further annealed at 400 °C for more than 12 h",thermoelectric-properties-of-the-semimetallic-heusler-30z198f97w (1).pdf | Powered by Box,,,,,,
Fe2VAl,Fe1.89V1.11Al,X2YZ,V,0.11,Fe,215.9322,-88.7602,3.52E-05,,Poly,Bulk,"annealed at 1000 °C for 2 days, and then further annealed at 400 °C for more than 12 h",thermoelectric-properties-of-the-semimetallic-heusler-30z198f97w (1).pdf | Powered by Box,,,,,,
Fe2VAl,Fe1.89V1.11Al,X2YZ,V,0.11,Fe,302.5424,-105.1969,2.36E-05,,Poly,Bulk,"annealed at 1000 °C for 2 days, and then further annealed at 400 °C for more than 12 h",thermoelectric-properties-of-the-semimetallic-heusler-30z198f97w (1).pdf | Powered by Box,,,,,,
Fe2VGa,Fe2VGa,X2YZ,X,X,X,10.678,7.9906,2.78E-06,,Poly,Bulk,annealed at 600 °C and then 400 °C,thermoelectric-properties-of-the-semimetallic-heusler-30z198f97w (1).pdf | Powered by Box,,,,,,
Fe2VGa,Fe2VGa,X2YZ,X,X,X,60.5085,23.6923,2.83E-06,,Poly,Bulk,annealed at 600 °C and then 400 °C,thermoelectric-properties-of-the-semimetallic-heusler-30z198f97w (1).pdf | Powered by Box,,,,,,
Fe2VGa,Fe2VGa,X2YZ,X,X,X,126.9492,33.4928,2.83E-06,,Poly,Bulk,annealed at 600 °C and then 400 °C,thermoelectric-properties-of-the-semimetallic-heusler-30z198f97w (1).pdf | Powered by Box,,,,,,
Fe2VGa,Fe2VGa,X2YZ,X,X,X,207.6271,34.6946,2.77E-06,,Poly,Bulk,annealed at 600 °C and then 400 °C,thermoelectric-properties-of-the-semimetallic-heusler-30z198f97w (1).pdf | Powered by Box,,,,,,
Fe2VGa,Fe2VGa,X2YZ,X,X,X,288.3051,33.2024,2.74E-06,,Poly,Bulk,annealed at 600 °C and then 400 °C,thermoelectric-properties-of-the-semimetallic-heusler-30z198f97w (1).pdf | Powered by Box,,,,,,
Fe2VGa,Fe1.98V1.02Ga,X2YZ,V,0.02,Fe,13.0508,-0.0877,3.32E-06,,Poly,Bulk,annealed at 600 °C and then 400 °C,thermoelectric-properties-of-the-semimetallic-heusler-30z198f97w (1).pdf | Powered by Box,,,,,,
Fe2VGa,Fe1.98V1.02Ga,X2YZ,V,0.02,Fe,85.4237,-8.0582,3.22E-06,,Poly,Bulk,annealed at 600 °C and then 400 °C,thermoelectric-properties-of-the-semimetallic-heusler-30z198f97w (1).pdf | Powered by Box,,,,,,
Fe2VGa,Fe1.98V1.02Ga,X2YZ,V,0.02,Fe,161.3559,-1.4757,3.13E-06,,Poly,Bulk,annealed at 600 °C and then 400 °C,thermoelectric-properties-of-the-semimetallic-heusler-30z198f97w (1).pdf | Powered by Box,,,,,,
Fe2VGa,Fe1.98V1.02Ga,X2YZ,V,0.02,Fe,242.0339,13.7347,3.00E-06,,Poly,Bulk,annealed at 600 °C and then 400 °C,thermoelectric-properties-of-the-semimetallic-heusler-30z198f97w (1).pdf | Powered by Box,,,,,,
Fe2VGa,Fe1.98V1.02Ga,X2YZ,V,0.02,Fe,298.9831,20.2878,2.88E-06,,Poly,Bulk,annealed at 600 °C and then 400 °C,thermoelectric-properties-of-the-semimetallic-heusler-30z198f97w (1).pdf | Powered by Box,,,,,,
Fe2VGa,Fe1.95V1.05Ga,X2YZ,V,0.05,Fe,10.678,-6.018,4.01E-06,,Poly,Bulk,annealed at 600 °C and then 400 °C,thermoelectric-properties-of-the-semimetallic-heusler-30z198f97w (1).pdf | Powered by Box,,,,,,
Fe2VGa,Fe1.95V1.05Ga,X2YZ,V,0.05,Fe,67.6271,-45.8011,4.00E-06,,Poly,Bulk,annealed at 600 °C and then 400 °C,thermoelectric-properties-of-the-semimetallic-heusler-30z198f97w (1).pdf | Powered by Box,,,,,,
Fe2VGa,Fe1.95V1.05Ga,X2YZ,V,0.05,Fe,129.322,-67.2578,3.68E-06,,Poly,Bulk,annealed at 600 °C and then 400 °C,thermoelectric-properties-of-the-semimetallic-heusler-30z198f97w (1).pdf | Powered by Box,,,,,,
Fe2VGa,Fe1.95V1.05Ga,X2YZ,V,0.05,Fe,206.4407,-60.6736,3.32E-06,,Poly,Bulk,annealed at 600 °C and then 400 °C,thermoelectric-properties-of-the-semimetallic-heusler-30z198f97w (1).pdf | Powered by Box,,,,,,
Fe2VGa,Fe1.95V1.05Ga,X2YZ,V,0.05,Fe,288.3051,-37.9182,3.04E-06,,Poly,Bulk,annealed at 600 °C and then 400 °C,thermoelectric-properties-of-the-semimetallic-heusler-30z198f97w (1).pdf | Powered by Box,,,,,,
Fe2VGa,Fe1.89V1.11Ga,X2YZ,V,0.11,Fe,10.678,-2.2465,6.39E-06,,Poly,Bulk,annealed at 600 °C and then 400 °C,thermoelectric-properties-of-the-semimetallic-heusler-30z198f97w (1).pdf | Powered by Box,,,,,,
Fe2VGa,Fe1.89V1.11Ga,X2YZ,V,0.11,Fe,113.8983,-23.1005,6.22E-06,,Poly,Bulk,annealed at 600 °C and then 400 °C,thermoelectric-properties-of-the-semimetallic-heusler-30z198f97w (1).pdf | Powered by Box,,,,,,
Fe2VGa,Fe1.89V1.11Ga,X2YZ,V,0.11,Fe,200.5085,-36.437,5.48E-06,,Poly,Bulk,annealed at 600 °C and then 400 °C,thermoelectric-properties-of-the-semimetallic-heusler-30z198f97w (1).pdf | Powered by Box,,,,,,
Fe2VGa,Fe1.89V1.11Ga,X2YZ,V,0.11,Fe,297.7966,-34.6709,4.61E-06,,Poly,Bulk,annealed at 600 °C and then 400 °C,thermoelectric-properties-of-the-semimetallic-heusler-30z198f97w (1).pdf | Powered by Box,,,,,,
Fe2VAl,Fe2VAl,X2YZ,X,X,X,2.7835,6.7941,2.40E-05,,Poly,Bulk, annealed at 900◦C for one week,PhysRevB.102.075117.pdf | Powered by Box,,,,,,
Fe2VAl,Fe2VAl,X2YZ,X,X,X,62.0536,49.7121,1.96E-05,,Poly,Bulk, annealed at 900◦C for one week,PhysRevB.102.075117.pdf | Powered by Box,,,,,,
Fe2VAl,Fe2VAl,X2YZ,X,X,X,168.2512,75.8484,1.40E-05,,Poly,Bulk, annealed at 900◦C for one week,PhysRevB.102.075117.pdf | Powered by Box,,,,,,
Fe2VAl,Fe2VAl,X2YZ,X,X,X,428.0543,43.6203,5.86E-06,,Poly,Bulk, annealed at 900◦C for one week,PhysRevB.102.075117.pdf | Powered by Box,,,,,,
Fe2VAl,Fe2VAl,X2YZ,X,X,X,666.6219,5.5826,3.73E-06,,Poly,Bulk, annealed at 900◦C for one week,PhysRevB.102.075117.pdf | Powered by Box,,,,,,
Fe2VAl,Fe2VAl,X2YZ,X,X,X,864.5676,-4.7558,3.22E-06,,Poly,Bulk, annealed at 900◦C for one week,PhysRevB.102.075117.pdf | Powered by Box,,,,,,
Fe2VAl,Fe2V0.95W0.05Al,X2YZ,W,0.05,V,0.723,-2.6704,5.28E-06,,Poly,Bulk, annealed at 900◦C for one week,PhysRevB.102.075117.pdf | Powered by Box,,,,,,
Fe2VAl,Fe2V0.95W0.05Al,X2YZ,W,0.05,V,90.5809,-72.6388,5.98E-06,,Poly,Bulk, annealed at 900◦C for one week,PhysRevB.102.075117.pdf | Powered by Box,,,,,,
Fe2VAl,Fe2V0.95W0.05Al,X2YZ,W,0.05,V,244.1915,-131.7312,7.17E-06,,Poly,Bulk, annealed at 900◦C for one week,PhysRevB.102.075117.pdf | Powered by Box,,,,,,
Fe2VAl,Fe2V0.95W0.05Al,X2YZ,W,0.05,V,299.4903,-128.8589,7.13E-06,,Poly,Bulk, annealed at 900◦C for one week,PhysRevB.102.075117.pdf | Powered by Box,,,,,,
Fe2VAl,Fe2V0.95W0.05Al,X2YZ,W,0.05,V,545.639,-35.8342,4.85E-06,,Poly,Bulk, annealed at 900◦C for one week,PhysRevB.102.075117.pdf | Powered by Box,,,,,,
Fe2VAl,Fe2V0.95W0.05Al,X2YZ,W,0.05,V,815.7241,-17.827,3.65E-06,,Poly,Bulk, annealed at 900◦C for one week,PhysRevB.102.075117.pdf | Powered by Box,,,,,,
Fe2VAl,Fe2V0.9W0.1Al,X2YZ,W,0.1,V,19.9288,-10.6941,5.28E-06,,Poly,Bulk, annealed at 900◦C for one week,PhysRevB.102.075117.pdf | Powered by Box,,,,,,
Fe2VAl,Fe2V0.9W0.1Al,X2YZ,W,0.1,V,101.3484,-90.8505,6.11E-06,,Poly,Bulk, annealed at 900◦C for one week,PhysRevB.102.075117.pdf | Powered by Box,,,,,,
Fe2VAl,Fe2V0.9W0.1Al,X2YZ,W,0.1,V,265.6386,-155.776,8.38E-06,,Poly,Bulk, annealed at 900◦C for one week,PhysRevB.102.075117.pdf | Powered by Box,,,,,,
Fe2VAl,Fe2V0.9W0.1Al,X2YZ,W,0.1,V,526.7689,-75.1409,7.81E-06,,Poly,Bulk, annealed at 900◦C for one week,PhysRevB.102.075117.pdf | Powered by Box,,,,,,
Fe2VAl,Fe2V0.9W0.1Al,X2YZ,W,0.1,V,820.0517,-28.0243,6.23E-06,,Poly,Bulk, annealed at 900◦C for one week,PhysRevB.102.075117.pdf | Powered by Box,,,,,,
Fe2VAl,Fe2V0.85W0.15Al,X2YZ,W,0.15,V,4.9628,-0.4891,5.95E-06,,Poly,Bulk, annealed at 900◦C for one week,PhysRevB.102.075117.pdf | Powered by Box,,,,,,
Fe2VAl,Fe2V0.85W0.15Al,X2YZ,W,0.15,V,94.7433,-59.535,6.69E-06,,Poly,Bulk, annealed at 900◦C for one week,PhysRevB.102.075117.pdf | Powered by Box,,,,,,
Fe2VAl,Fe2V0.85W0.15Al,X2YZ,W,0.15,V,212.1473,-113.504,7.54E-06,,Poly,Bulk, annealed at 900◦C for one week,PhysRevB.102.075117.pdf | Powered by Box,,,,,,
Fe2VAl,Fe2V0.85W0.15Al,X2YZ,W,0.15,V,288.821,-124.4822,7.96E-06,,Poly,Bulk, annealed at 900◦C for one week,PhysRevB.102.075117.pdf | Powered by Box,,,,,,
Fe2VAl,Fe2V0.85W0.15Al,X2YZ,W,0.15,V,435.2997,-77.9869,7.64E-06,,Poly,Bulk, annealed at 900◦C for one week,PhysRevB.102.075117.pdf | Powered by Box,,,,,,
Fe2VAl,Fe2V0.85W0.15Al,X2YZ,W,0.15,V,581.794,-33.6761,6.42E-06,,Poly,Bulk, annealed at 900◦C for one week,PhysRevB.102.075117.pdf | Powered by Box,,,,,,
Fe2VAl,Fe2V0.85W0.15Al,X2YZ,W,0.15,V,673.1805,-19.1795,5.87E-06,,Poly,Bulk, annealed at 900◦C for one week,PhysRevB.102.075117.pdf | Powered by Box,,,,,,
Fe2VAl,Fe2V0.85W0.15Al,X2YZ,W,0.15,V,815.7757,-25.1086,5.17E-06,,Poly,Bulk, annealed at 900◦C for one week,PhysRevB.102.075117.pdf | Powered by Box,,,,,,
Fe2VAl,Fe2V0.8W0.2Al,X2YZ,W,0.2,V,4.9628,-0.4891,2.69E-06,,Poly,Bulk, annealed at 900◦C for one week,PhysRevB.102.075117.pdf | Powered by Box,,,,,,
Fe2VAl,Fe2V0.8W0.2Al,X2YZ,W,0.2,V,116.0097,-58.0942,3.54E-06,,Poly,Bulk, annealed at 900◦C for one week,PhysRevB.102.075117.pdf | Powered by Box,,,,,,
Fe2VAl,Fe2V0.8W0.2Al,X2YZ,W,0.2,V,263.1908,-110.6285,4.36E-06,,Poly,Bulk, annealed at 900◦C for one week,PhysRevB.102.075117.pdf | Powered by Box,,,,,,
Fe2VAl,Fe2V0.8W0.2Al,X2YZ,W,0.2,V,513.9977,-74.4034,5.20E-06,,Poly,Bulk, annealed at 900◦C for one week,PhysRevB.102.075117.pdf | Powered by Box,,,,,,
Fe2VAl,Fe2V0.8W0.2Al,X2YZ,W,0.2,V,822.2311,-35.3075,4.73E-06,,Poly,Bulk, annealed at 900◦C for one week,PhysRevB.102.075117.pdf | Powered by Box,,,,,,
Fe2VAl,Fe2VAl,X2YZ,X,X,X,142.6357,11.1034,1.10E-05,,Poly,Bulk," ingots were homogenized at 1273K for 48h in vacuum,  annealed at 1273K for 1 h and then at 673K for 4 h, followed by furnace cooling",https://virginia.app.box.com/file/2097322592825,,,,,,
Fe2VAl,Fe2VAl,X2YZ,X,X,X,341.0853,34.4915,6.51E-06,,Poly,Bulk," ingots were homogenized at 1273K for 48h in vacuum,  annealed at 1273K for 1 h and then at 673K for 4 h, followed by furnace cooling",https://virginia.app.box.com/file/2097322592825,,,,,,
Fe2VAl,Fe2VAl,X2YZ,X,X,X,407.2351,34.9734,4.97E-06,,Poly,Bulk," ingots were homogenized at 1273K for 48h in vacuum,  annealed at 1273K for 1 h and then at 673K for 4 h, followed by furnace cooling",https://virginia.app.box.com/file/2097322592825,,,,,,
Fe2VAl,Fe2VAl,X2YZ,X,X,X,605.6848,1.1962,3.32E-06,,Poly,Bulk," ingots were homogenized at 1273K for 48h in vacuum,  annealed at 1273K for 1 h and then at 673K for 4 h, followed by furnace cooling",https://virginia.app.box.com/file/2097322592825,,,,,,
Fe2VAl,Fe2VTa0.03Al0.97,X2YZ,Ta,0.03,Al,97.1576,-90.4582,2.80E-06,,Poly,Bulk," ingots were homogenized at 1273K for 48h in vacuum,  annealed at 1273K for 1 h and then at 673K for 4 h, followed by furnace cooling",https://virginia.app.box.com/file/2097322592825,,,,,,
Fe2VAl,Fe2VTa0.03Al0.97,X2YZ,Ta,0.03,Al,194.3152,-135.0604,3.74E-06,,Poly,Bulk," ingots were homogenized at 1273K for 48h in vacuum,  annealed at 1273K for 1 h and then at 673K for 4 h, followed by furnace cooling",https://virginia.app.box.com/file/2097322592825,,,,,,
Fe2VAl,Fe2VTa0.03Al0.97,X2YZ,Ta,0.03,Al,324.5478,-166.4295,4.68E-06,,Poly,Bulk," ingots were homogenized at 1273K for 48h in vacuum,  annealed at 1273K for 1 h and then at 673K for 4 h, followed by furnace cooling",https://virginia.app.box.com/file/2097322592825,,,,,,
Fe2VAl,Fe2VTa0.03Al0.97,X2YZ,Ta,0.03,Al,514.7287,-99.145,4.22E-06,,Poly,Bulk," ingots were homogenized at 1273K for 48h in vacuum,  annealed at 1273K for 1 h and then at 673K for 4 h, followed by furnace cooling",https://virginia.app.box.com/file/2097322592825,,,,,,
Fe2VAl,Fe2VTa0.03Al0.97,X2YZ,Ta,0.03,Al,706.9767,-53.8057,3.44E-06,,Poly,Bulk," ingots were homogenized at 1273K for 48h in vacuum,  annealed at 1273K for 1 h and then at 673K for 4 h, followed by furnace cooling",https://virginia.app.box.com/file/2097322592825,,,,,,
Fe2VAl,Fe2VTa0.05Al0.95,X2YZ,Ta,0.05,Al,101.292,-63.9025,1.86E-06,,Poly,Bulk," ingots were homogenized at 1273K for 48h in vacuum,  annealed at 1273K for 1 h and then at 673K for 4 h, followed by furnace cooling",https://virginia.app.box.com/file/2097322592825,,,,,,
Fe2VAl,Fe2VTa0.05Al0.95,X2YZ,Ta,0.05,Al,225.323,-114.8952,2.59E-06,,Poly,Bulk," ingots were homogenized at 1273K for 48h in vacuum,  annealed at 1273K for 1 h and then at 673K for 4 h, followed by furnace cooling",https://virginia.app.box.com/file/2097322592825,,,,,,
Fe2VAl,Fe2VTa0.05Al0.95,X2YZ,Ta,0.05,Al,363.8243,-151.4731,3.64E-06,,Poly,Bulk," ingots were homogenized at 1273K for 48h in vacuum,  annealed at 1273K for 1 h and then at 673K for 4 h, followed by furnace cooling",https://virginia.app.box.com/file/2097322592825,,,,,,
Fe2VAl,Fe2VTa0.05Al0.95,X2YZ,Ta,0.05,Al,465.1163,-155.6613,4.04E-06,,Poly,Bulk," ingots were homogenized at 1273K for 48h in vacuum,  annealed at 1273K for 1 h and then at 673K for 4 h, followed by furnace cooling",https://virginia.app.box.com/file/2097322592825,,,,,,
Fe2VAl,Fe2VTa0.05Al0.95,X2YZ,Ta,0.05,Al,700.7752,-85.5553,3.72E-06,,Poly,Bulk," ingots were homogenized at 1273K for 48h in vacuum,  annealed at 1273K for 1 h and then at 673K for 4 h, followed by furnace cooling",https://virginia.app.box.com/file/2097322592825,,,,,,
Fe2VAl,Fe2VTa0.08Al0.92,X2YZ,Ta,0.08,Al,97.1576,-46.5737,1.54E-06,,Poly,Bulk," ingots were homogenized at 1273K for 48h in vacuum,  annealed at 1273K for 1 h and then at 673K for 4 h, followed by furnace cooling",https://virginia.app.box.com/file/2097322592825,,,,,,
Fe2VAl,Fe2VTa0.08Al0.92,X2YZ,Ta,0.08,Al,264.5995,-98.7839,2.43E-06,,Poly,Bulk," ingots were homogenized at 1273K for 48h in vacuum,  annealed at 1273K for 1 h and then at 673K for 4 h, followed by furnace cooling",https://virginia.app.box.com/file/2097322592825,,,,,,
Fe2VAl,Fe2VTa0.08Al0.92,X2YZ,Ta,0.08,Al,432.0413,-135.4036,3.57E-06,,Poly,Bulk," ingots were homogenized at 1273K for 48h in vacuum,  annealed at 1273K for 1 h and then at 673K for 4 h, followed by furnace cooling",https://virginia.app.box.com/file/2097322592825,,,,,,
Fe2VAl,Fe2VTa0.08Al0.92,X2YZ,Ta,0.08,Al,518.863,-138.9935,3.84E-06,,Poly,Bulk," ingots were homogenized at 1273K for 48h in vacuum,  annealed at 1273K for 1 h and then at 673K for 4 h, followed by furnace cooling",https://virginia.app.box.com/file/2097322592825,,,,,,
Fe2VAl,Fe2VTa0.08Al0.92,X2YZ,Ta,0.08,Al,702.8424,-94.2197,3.66E-06,,Poly,Bulk," ingots were homogenized at 1273K for 48h in vacuum,  annealed at 1273K for 1 h and then at 673K for 4 h, followed by furnace cooling",https://virginia.app.box.com/file/2097322592825,,,,,,
Fe2VAl,Fe2VTa0.12Al0.88,X2YZ,Ta,0.12,Al,97.1576,-28.096,1.45E-06,,Poly,Bulk," ingots were homogenized at 1273K for 48h in vacuum,  annealed at 1273K for 1 h and then at 673K for 4 h, followed by furnace cooling",https://virginia.app.box.com/file/2097322592825,,,,,,
Fe2VAl,Fe2VTa0.12Al0.88,X2YZ,Ta,0.12,Al,268.7339,-68.1862,2.21E-06,,Poly,Bulk," ingots were homogenized at 1273K for 48h in vacuum,  annealed at 1273K for 1 h and then at 673K for 4 h, followed by furnace cooling",https://virginia.app.box.com/file/2097322592825,,,,,,
Fe2VAl,Fe2VTa0.12Al0.88,X2YZ,Ta,0.12,Al,483.7209,-101.9874,3.39E-06,,Poly,Bulk," ingots were homogenized at 1273K for 48h in vacuum,  annealed at 1273K for 1 h and then at 673K for 4 h, followed by furnace cooling",https://virginia.app.box.com/file/2097322592825,,,,,,
Fe2VAl,Fe2VTa0.12Al0.88,X2YZ,Ta,0.12,Al,704.9096,-92.4904,3.69E-06,,Poly,Bulk," ingots were homogenized at 1273K for 48h in vacuum,  annealed at 1273K for 1 h and then at 673K for 4 h, followed by furnace cooling",https://virginia.app.box.com/file/2097322592825,,,,,,
Fe2VAl,Fe2VAl,X2YZ,X,X,X,336.6453,-97.7885,9.75E-06,,Poly,Bulk,"spark plasma sinter ing (SPS) was conducted at 1323K for 30min under 50MPa in a vacuum,  annealing at 1123K for 1 week",1-s2.0-S0925838809013449-main.pdf | Powered by Box,,,,,,
Fe2VAl,Fe2VAl,X2YZ,X,X,X,501.2402,-52.0192,6.59E-06,,Poly,Bulk,"spark plasma sinter ing (SPS) was conducted at 1323K for 30min under 50MPa in a vacuum,  annealing at 1123K for 1 week",1-s2.0-S0925838809013449-main.pdf | Powered by Box,,,,,,
Fe2VAl,Fe2VAl,X2YZ,X,X,X,652.8289,-27.7885,5.14E-06,,Poly,Bulk,"spark plasma sinter ing (SPS) was conducted at 1323K for 30min under 50MPa in a vacuum,  annealing at 1123K for 1 week",1-s2.0-S0925838809013449-main.pdf | Powered by Box,,,,,,
Fe2VAl,Fe2VAl,X2YZ,X,X,X,799.6539,-16.3462,4.36E-06,,Poly,Bulk,"spark plasma sinter ing (SPS) was conducted at 1323K for 30min under 50MPa in a vacuum,  annealing at 1123K for 1 week",1-s2.0-S0925838809013449-main.pdf | Powered by Box,,,,,,
Fe2VAl,Fe2VAl,X2YZ,X,X,X,968.671,-13.6538,3.70E-06,,Poly,Bulk,"spark plasma sinter ing (SPS) was conducted at 1323K for 30min under 50MPa in a vacuum,  annealing at 1123K for 1 week",1-s2.0-S0925838809013449-main.pdf | Powered by Box,,,,,,
Fe2VAl,Fe2V0.95Nb0.05Al,X2YZ,Nb,0.05,V,326.9068,-114.6154,7.50E-06,,Poly,Bulk,"spark plasma sinter ing (SPS) was conducted at 1323K for 30min under 50MPa in a vacuum,  annealing at 1123K for 1 week",1-s2.0-S0925838809013449-main.pdf | Powered by Box,,,,,,
Fe2VAl,Fe2V0.95Nb0.05Al,X2YZ,Nb,0.05,V,483.1452,-72.8846,5.75E-06,,Poly,Bulk,"spark plasma sinter ing (SPS) was conducted at 1323K for 30min under 50MPa in a vacuum,  annealing at 1123K for 1 week",1-s2.0-S0925838809013449-main.pdf | Powered by Box,,,,,,
Fe2VAl,Fe2V0.95Nb0.05Al,X2YZ,Nb,0.05,V,651.447,-40.5769,4.53E-06,,Poly,Bulk,"spark plasma sinter ing (SPS) was conducted at 1323K for 30min under 50MPa in a vacuum,  annealing at 1123K for 1 week",1-s2.0-S0925838809013449-main.pdf | Powered by Box,,,,,,
Fe2VAl,Fe2V0.95Nb0.05Al,X2YZ,Nb,0.05,V,789.7529,-26.4423,3.89E-06,,Poly,Bulk,"spark plasma sinter ing (SPS) was conducted at 1323K for 30min under 50MPa in a vacuum,  annealing at 1123K for 1 week",1-s2.0-S0925838809013449-main.pdf | Powered by Box,,,,,,
Fe2VAl,Fe2V0.95Nb0.05Al,X2YZ,Nb,0.05,V,968.7686,-17.6923,3.38E-06,,Poly,Bulk,"spark plasma sinter ing (SPS) was conducted at 1323K for 30min under 50MPa in a vacuum,  annealing at 1123K for 1 week",1-s2.0-S0925838809013449-main.pdf | Powered by Box,,,,,,
Fe2VAl,Fe2V0.9Nb0.1Al,X2YZ,Nb,0.1,V,324.4519,-82.9808,7.42E-06,,Poly,Bulk,"spark plasma sinter ing (SPS) was conducted at 1323K for 30min under 50MPa in a vacuum,  annealing at 1123K for 1 week",1-s2.0-S0925838809013449-main.pdf | Powered by Box,,,,,,
Fe2VAl,Fe2V0.9Nb0.1Al,X2YZ,Nb,0.1,V,514.7343,-50.6731,5.05E-06,,Poly,Bulk,"spark plasma sinter ing (SPS) was conducted at 1323K for 30min under 50MPa in a vacuum,  annealing at 1123K for 1 week",1-s2.0-S0925838809013449-main.pdf | Powered by Box,,,,,,
Fe2VAl,Fe2V0.9Nb0.1Al,X2YZ,Nb,0.1,V,705.2281,-27.1154,3.96E-06,,Poly,Bulk,"spark plasma sinter ing (SPS) was conducted at 1323K for 30min under 50MPa in a vacuum,  annealing at 1123K for 1 week",1-s2.0-S0925838809013449-main.pdf | Powered by Box,,,,,,
Fe2VAl,Fe2V0.9Nb0.1Al,X2YZ,Nb,0.1,V,860.5885,-19.0385,3.46E-06,,Poly,Bulk,"spark plasma sinter ing (SPS) was conducted at 1323K for 30min under 50MPa in a vacuum,  annealing at 1123K for 1 week",1-s2.0-S0925838809013449-main.pdf | Powered by Box,,,,,,
Fe2VAl,Fe2V0.9Nb0.1Al,X2YZ,Nb,0.1,V,956.9003,-16.3462,3.27E-06,,Poly,Bulk,"spark plasma sinter ing (SPS) was conducted at 1323K for 30min under 50MPa in a vacuum,  annealing at 1123K for 1 week",1-s2.0-S0925838809013449-main.pdf | Powered by Box,,,,,,
Fe2VAl,Fe2V0.8Nb0.2Al,X2YZ,Nb,0.2,V,334.0928,7.8846,6.52E-06,,Poly,Bulk,"spark plasma sinter ing (SPS) was conducted at 1323K for 30min under 50MPa in a vacuum,  annealing at 1123K for 1 week",1-s2.0-S0925838809013449-main.pdf | Powered by Box,,,,,,
Fe2VAl,Fe2V0.8Nb0.2Al,X2YZ,Nb,0.2,V,528.7974,-2.8846,4.29E-06,,Poly,Bulk,"spark plasma sinter ing (SPS) was conducted at 1323K for 30min under 50MPa in a vacuum,  annealing at 1123K for 1 week",1-s2.0-S0925838809013449-main.pdf | Powered by Box,,,,,,
Fe2VAl,Fe2V0.8Nb0.2Al,X2YZ,Nb,0.2,V,686.0925,-4.9038,3.53E-06,,Poly,Bulk,"spark plasma sinter ing (SPS) was conducted at 1323K for 30min under 50MPa in a vacuum,  annealing at 1123K for 1 week",1-s2.0-S0925838809013449-main.pdf | Powered by Box,,,,,,
Fe2VAl,Fe2V0.8Nb0.2Al,X2YZ,Nb,0.2,V,812.9529,-6.9231,3.21E-06,,Poly,Bulk,"spark plasma sinter ing (SPS) was conducted at 1323K for 30min under 50MPa in a vacuum,  annealing at 1123K for 1 week",1-s2.0-S0925838809013449-main.pdf | Powered by Box,,,,,,
Fe2VAl,Fe2V0.8Nb0.2Al,X2YZ,Nb,0.2,V,958.3798,-7.5962,3.03E-06,,Poly,Bulk,"spark plasma sinter ing (SPS) was conducted at 1323K for 30min under 50MPa in a vacuum,  annealing at 1123K for 1 week",1-s2.0-S0925838809013449-main.pdf | Powered by Box,,,,,,
Fe2VAl,Fe2VAl,X2YZ,X,X,X,2.9115,2.0151,2.60E-05,,Poly,Bulk,annealed for five days at 1073K,5.0077159.pdf | Powered by Box,,,,,,
Fe2VAl,Fe2VAl,X2YZ,X,X,X,69.8475,45.1385,2.35E-05,,Poly,Bulk,annealed for five days at 1073K,5.0077159.pdf | Powered by Box,,,,,,
Fe2VAl,Fe2VAl,X2YZ,X,X,X,187.2926,74.5592,1.86E-05,,Poly,Bulk,annealed for five days at 1073K,5.0077159.pdf | Powered by Box,,,,,,
Fe2VAl,Fe2VAl,X2YZ,X,X,X,308.7095,63.2746,1.21E-05,,Poly,Bulk,annealed for five days at 1073K,5.0077159.pdf | Powered by Box,,,,,,
Fe2VAl,Fe2VAl,X2YZ,X,X,X,573.0538,19.7481,4.82E-06,,Poly,Bulk,annealed for five days at 1073K,5.0077159.pdf | Powered by Box,,,,,,
Fe2VAl,Fe2VAl,X2YZ,X,X,X,786.9765,-0.4030,3.81E-06,,Poly,Bulk,annealed for five days at 1073K,5.0077159.pdf | Powered by Box,,,,,,
Fe2VAl,Fe2VAl1.2,X2YZ,Al,0.2,X,11.6097,4.0302,7.12E-06,,Poly,Bulk,annealed for five days at 1073K,5.0077159.pdf | Powered by Box,,,,,,
Fe2VAl,Fe2VAl1.2,X2YZ,Al,0.2,X,136.4520,51.5869,6.60E-06,,Poly,Bulk,annealed for five days at 1073K,5.0077159.pdf | Powered by Box,,,,,,
Fe2VAl,Fe2VAl1.2,X2YZ,Al,0.2,X,246.6674,81.4106,6.96E-06,,Poly,Bulk,annealed for five days at 1073K,5.0077159.pdf | Powered by Box,,,,,,
Fe2VAl,Fe2VAl1.2,X2YZ,Al,0.2,X,368.4086,105.9950,7.52E-06,,Poly,Bulk,annealed for five days at 1073K,5.0077159.pdf | Powered by Box,,,,,,
Fe2VAl,Fe2VAl1.2,X2YZ,Al,0.2,X,491.2139,88.2620,7.17E-06,,Poly,Bulk,annealed for five days at 1073K,5.0077159.pdf | Powered by Box,,,,,,
Fe2VAl,Fe2VAl1.2,X2YZ,Al,0.2,X,648.4329,36.6751,6.03E-06,,Poly,Bulk,annealed for five days at 1073K,5.0077159.pdf | Powered by Box,,,,,,
Fe2VAl,Fe2VAl1.2,X2YZ,Al,0.2,X,798.6080,6.0453,4.19E-06,,Poly,Bulk,annealed for five days at 1073K,5.0077159.pdf | Powered by Box,,,,,,
Fe2VAl,Fe2VAl1.4,X2YZ,Al,0.4,X,37.7916,19.7481,1.13E-05,,Poly,Bulk,annealed for five days at 1073K,5.0077159.pdf | Powered by Box,,,,,,
Fe2VAl,Fe2VAl1.4,X2YZ,Al,0.4,X,139.4983,68.5139,1.17E-05,,Poly,Bulk,annealed for five days at 1073K,5.0077159.pdf | Powered by Box,,,,,,
Fe2VAl,Fe2VAl1.4,X2YZ,Al,0.4,X,268.7389,122.5189,1.25E-05,,Poly,Bulk,annealed for five days at 1073K,5.0077159.pdf | Powered by Box,,,,,,
Fe2VAl,Fe2VAl1.4,X2YZ,Al,0.4,X,357.1889,145.0882,1.33E-05,,Poly,Bulk,annealed for five days at 1073K,5.0077159.pdf | Powered by Box,,,,,,
Fe2VAl,Fe2VAl1.4,X2YZ,Al,0.4,X,433.8288,141.4610,1.34E-05,,Poly,Bulk,annealed for five days at 1073K,5.0077159.pdf | Powered by Box,,,,,,
Fe2VAl,Fe2VAl1.4,X2YZ,Al,0.4,X,554.9287,95.1134,1.12E-05,,Poly,Bulk,annealed for five days at 1073K,5.0077159.pdf | Powered by Box,,,,,,
Fe2VAl,Fe2VAl1.4,X2YZ,Al,0.4,X,667.3523,49.1688,8.88E-06,,Poly,Bulk,annealed for five days at 1073K,5.0077159.pdf | Powered by Box,,,,,,
Fe2VAl,Fe2VAl1.4,X2YZ,Al,0.4,X,794.3373,13.7028,5.72E-06,,Poly,Bulk,annealed for five days at 1073K,5.0077159.pdf | Powered by Box,,,,,,
Fe2VAl,Fe2VAl1.5,X2YZ,Al,0.5,X,2.9297,4.0302,1.46E-05,,Poly,Bulk,annealed for five days at 1073K,5.0077159.pdf | Powered by Box,,,,,,
Fe2VAl,Fe2VAl1.5,X2YZ,Al,0.5,X,122.1275,67.3048,1.52E-05,,Poly,Bulk,annealed for five days at 1073K,5.0077159.pdf | Powered by Box,,,,,,
Fe2VAl,Fe2VAl1.5,X2YZ,Al,0.5,X,303.5752,135.4156,1.67E-05,,Poly,Bulk,annealed for five days at 1073K,5.0077159.pdf | Powered by Box,,,,,,
Fe2VAl,Fe2VAl1.5,X2YZ,Al,0.5,X,375.9844,143.8791,1.60E-05,,Poly,Bulk,annealed for five days at 1073K,5.0077159.pdf | Powered by Box,,,,,,
Fe2VAl,Fe2VAl1.5,X2YZ,Al,0.5,X,524.5817,98.7406,1.25E-05,,Poly,Bulk,annealed for five days at 1073K,5.0077159.pdf | Powered by Box,,,,,,
Fe2VAl,Fe2VAl1.5,X2YZ,Al,0.5,X,686.0641,38.6902,6.56E-06,,Poly,Bulk,annealed for five days at 1073K,5.0077159.pdf | Powered by Box,,,,,,
Fe2VAl,Fe2VAl1.5,X2YZ,Al,0.5,X,797.2087,11.2846,1.59E-06,,Poly,Bulk,annealed for five days at 1073K,5.0077159.pdf | Powered by Box,,,,,,
Fe2VAl,Fe2VAl1.6,X2YZ,Al,0.6,X,2.9297,4.0302,7.09E-06,,Poly,Bulk,annealed for five days at 1073K,5.0077159.pdf | Powered by Box,,,,,,
Fe2VAl,Fe2VAl1.6,X2YZ,Al,0.6,X,159.7150,64.4836,7.77E-06,,Poly,Bulk,annealed for five days at 1073K,5.0077159.pdf | Powered by Box,,,,,,
Fe2VAl,Fe2VAl1.6,X2YZ,Al,0.6,X,310.5971,112.0403,8.04E-06,,Poly,Bulk,annealed for five days at 1073K,5.0077159.pdf | Powered by Box,,,,,,
Fe2VAl,Fe2VAl1.6,X2YZ,Al,0.6,X,411.9795,124.9370,8.12E-06,,Poly,Bulk,annealed for five days at 1073K,5.0077159.pdf | Powered by Box,,,,,,
Fe2VAl,Fe2VAl1.6,X2YZ,Al,0.6,X,573.6660,87.4559,6.84E-06,,Poly,Bulk,annealed for five days at 1073K,5.0077159.pdf | Powered by Box,,,,,,
Fe2VAl,Fe2VAl1.6,X2YZ,Al,0.6,X,704.9471,47.1537,4.96E-06,,Poly,Bulk,annealed for five days at 1073K,5.0077159.pdf | Powered by Box,,,,,,
Fe2VAl,Fe2VAl1.6,X2YZ,Al,0.6,X,795.9260,29.4207,3.62E-06,,Poly,Bulk,annealed for five days at 1073K,5.0077159.pdf | Powered by Box,,,,,,
Fe2VAl,Fe2VAl1.8,X2YZ,Al,0.8,X,10.1557,3.2242,8.31E-06,,Poly,Bulk,annealed for five days at 1073K,5.0077159.pdf | Powered by Box,,,,,,
Fe2VAl,Fe2VAl1.8,X2YZ,Al,0.8,X,120.4987,47.1537,8.93E-06,,Poly,Bulk,annealed for five days at 1073K,5.0077159.pdf | Powered by Box,,,,,,
Fe2VAl,Fe2VAl1.8,X2YZ,Al,0.8,X,264.1511,95.1134,9.24E-06,,Poly,Bulk,annealed for five days at 1073K,5.0077159.pdf | Powered by Box,,,,,,
Fe2VAl,Fe2VAl1.8,X2YZ,Al,0.8,X,393.1038,117.2796,9.28E-06,,Poly,Bulk,annealed for five days at 1073K,5.0077159.pdf | Powered by Box,,,,,,
Fe2VAl,Fe2VAl1.8,X2YZ,Al,0.8,X,576.4427,74.5592,7.34E-06,,Poly,Bulk,annealed for five days at 1073K,5.0077159.pdf | Powered by Box,,,,,,
Fe2VAl,Fe2VAl1.8,X2YZ,Al,0.8,X,765.5244,27.0025,4.56E-06,,Poly,Bulk,annealed for five days at 1073K,5.0077159.pdf | Powered by Box,,,,,,
Fe2VAl,Fe2VAl2,X2YZ,Al,1,X,7.2369,0.4030,5.67E-06,,Poly,Bulk,annealed for five days at 1073K,5.0077159.pdf | Powered by Box,,,,,,
Fe2VAl,Fe2VAl2,X2YZ,Al,1,X,194.1505,33.0479,6.01E-06,,Poly,Bulk,annealed for five days at 1073K,5.0077159.pdf | Powered by Box,,,,,,
Fe2VAl,Fe2VAl2,X2YZ,Al,1,X,388.2464,60.0504,6.25E-06,,Poly,Bulk,annealed for five days at 1073K,5.0077159.pdf | Powered by Box,,,,,,
Fe2VAl,Fe2VAl2,X2YZ,Al,1,X,537.2482,59.6474,6.07E-06,,Poly,Bulk,annealed for five days at 1073K,5.0077159.pdf | Powered by Box,,,,,,
Fe2VAl,Fe2VAl,X2YZ,Al,1,X,800.1494,16.5239,4.78E-06,,Poly,Bulk,annealed for five days at 1073K,5.0077159.pdf | Powered by Box,,,,,,
Fe2VAl,Fe2VAl,X2YZ,X,X,X,96.9446,17.0174,1.95E-05,,Poly,Bulk,"homogenized at 1273 K for 48 h in vacuum,  annealed at 1273 K for 1 h and then at 673 K for 4 h followed by furnace cooling",nishino2006.pdf | Powered by Box,,,,,,
Fe2VAl,Fe2VAl,X2YZ,X,X,X,194.9361,24.3114,1.30E-05,,Poly,Bulk,"homogenized at 1273 K for 48 h in vacuum,  annealed at 1273 K for 1 h and then at 673 K for 4 h followed by furnace cooling",nishino2006.pdf | Powered by Box,,,,,,
Fe2VAl,Fe2VAl,X2YZ,X,X,X,299.4939,26.9682,7.74E-06,,Poly,Bulk,"homogenized at 1273 K for 48 h in vacuum,  annealed at 1273 K for 1 h and then at 673 K for 4 h followed by furnace cooling",nishino2006.pdf | Powered by Box,,,,,,
Fe2VAl,Fe2VAl,X2YZ,X,X,X,398.8501,25.4643,4.66E-06,,Poly,Bulk,"homogenized at 1273 K for 48 h in vacuum,  annealed at 1273 K for 1 h and then at 673 K for 4 h followed by furnace cooling",nishino2006.pdf | Powered by Box,,,,,,
Fe2VAl,Fe2VAl0.97Ge0.03,X2YZ,Ge,0.03,Al,98.8418,-73.2626,5.23E-06,,Poly,Bulk,"homogenized at 1273 K for 48 h in vacuum,  annealed at 1273 K for 1 h and then at 673 K for 4 h followed by furnace cooling",nishino2006.pdf | Powered by Box,,,,,,
Fe2VAl,Fe2VAl0.97Ge0.03,X2YZ,Ge,0.03,Al,164.3682,-98.8014,6.31E-06,,Poly,Bulk,"homogenized at 1273 K for 48 h in vacuum,  annealed at 1273 K for 1 h and then at 673 K for 4 h followed by furnace cooling",nishino2006.pdf | Powered by Box,,,,,,
Fe2VAl,Fe2VAl0.97Ge0.03,X2YZ,Ge,0.03,Al,224.6446,-121.0933,6.67E-06,,Poly,Bulk,"homogenized at 1273 K for 48 h in vacuum,  annealed at 1273 K for 1 h and then at 673 K for 4 h followed by furnace cooling",nishino2006.pdf | Powered by Box,,,,,,
Fe2VAl,Fe2VAl0.97Ge0.03,X2YZ,Ge,0.03,Al,253.4121,-122.5155,6.51E-06,,Poly,Bulk,"homogenized at 1273 K for 48 h in vacuum,  annealed at 1273 K for 1 h and then at 673 K for 4 h followed by furnace cooling",nishino2006.pdf | Powered by Box,,,,,,
Fe2VAl,Fe2VAl0.97Ge0.03,X2YZ,Ge,0.03,Al,331.7200,-103.6247,5.76E-06,,Poly,Bulk,"homogenized at 1273 K for 48 h in vacuum,  annealed at 1273 K for 1 h and then at 673 K for 4 h followed by furnace cooling",nishino2006.pdf | Powered by Box,,,,,,
Fe2VAl,Fe2VAl0.97Ge0.03,X2YZ,Ge,0.03,Al,396.8530,-68.9778,4.89E-06,,Poly,Bulk,"homogenized at 1273 K for 48 h in vacuum,  annealed at 1273 K for 1 h and then at 673 K for 4 h followed by furnace cooling",nishino2006.pdf | Powered by Box,,,,,,
Fe2VAl,Fe2VAl0.95Ge0.05,X2YZ,Ge,0.05,Al,98.8842,-79.7441,2.07E-06,,Poly,Bulk,"homogenized at 1273 K for 48 h in vacuum,  annealed at 1273 K for 1 h and then at 673 K for 4 h followed by furnace cooling",nishino2006.pdf | Powered by Box,,,,,,
Fe2VAl,Fe2VAl0.95Ge0.05,X2YZ,Ge,0.05,Al,155.2723,-107.1242,2.60E-06,,Poly,Bulk,"homogenized at 1273 K for 48 h in vacuum,  annealed at 1273 K for 1 h and then at 673 K for 4 h followed by furnace cooling",nishino2006.pdf | Powered by Box,,,,,,
Fe2VAl,Fe2VAl0.95Ge0.05,X2YZ,Ge,0.05,Al,226.0335,-133.5949,3.74E-06,,Poly,Bulk,"homogenized at 1273 K for 48 h in vacuum,  annealed at 1273 K for 1 h and then at 673 K for 4 h followed by furnace cooling",nishino2006.pdf | Powered by Box,,,,,,
Fe2VAl,Fe2VAl0.95Ge0.05,X2YZ,Ge,0.05,Al,296.6314,-135.0655,4.15E-06,,Poly,Bulk,"homogenized at 1273 K for 48 h in vacuum,  annealed at 1273 K for 1 h and then at 673 K for 4 h followed by furnace cooling",nishino2006.pdf | Powered by Box,,,,,,
Fe2VAl,Fe2VAl0.95Ge0.05,X2YZ,Ge,0.05,Al,397.0558,-99.9966,4.15E-06,,Poly,Bulk,"homogenized at 1273 K for 48 h in vacuum,  annealed at 1273 K for 1 h and then at 673 K for 4 h followed by furnace cooling",nishino2006.pdf | Powered by Box,,,,,,
Fe2VAl,Fe2VAl0.9Ge0.1,X2YZ,Ge,0.1,Al,98.7934,-65.8551,1.20E-06,,Poly,Bulk,"homogenized at 1273 K for 48 h in vacuum,  annealed at 1273 K for 1 h and then at 673 K for 4 h followed by furnace cooling",nishino2006.pdf | Powered by Box,,,,,,
Fe2VAl,Fe2VAl0.9Ge0.1,X2YZ,Ge,0.1,Al,169.5668,-94.1777,1.64E-06,,Poly,Bulk,"homogenized at 1273 K for 48 h in vacuum,  annealed at 1273 K for 1 h and then at 673 K for 4 h followed by furnace cooling",nishino2006.pdf | Powered by Box,,,,,,
Fe2VAl,Fe2VAl0.9Ge0.1,X2YZ,Ge,0.1,Al,252.0746,-117.8843,2.24E-06,,Poly,Bulk,"homogenized at 1273 K for 48 h in vacuum,  annealed at 1273 K for 1 h and then at 673 K for 4 h followed by furnace cooling",nishino2006.pdf | Powered by Box,,,,,,
Fe2VAl,Fe2VAl0.9Ge0.1,X2YZ,Ge,0.1,Al,321.3865,-122.5942,2.81E-06,,Poly,Bulk,"homogenized at 1273 K for 48 h in vacuum,  annealed at 1273 K for 1 h and then at 673 K for 4 h followed by furnace cooling",nishino2006.pdf | Powered by Box,,,,,,
Fe2VAl,Fe2VAl0.9Ge0.1,X2YZ,Ge,0.1,Al,401.0258,-107.4086,3.19E-06,,Poly,Bulk,"homogenized at 1273 K for 48 h in vacuum,  annealed at 1273 K for 1 h and then at 673 K for 4 h followed by furnace cooling",nishino2006.pdf | Powered by Box,,,,,,
Fe2VAl,Fe2VAl0.85Ge0.15,X2YZ,Ge,0.15,Al,98.7238163,-55.20685977,X,,Poly,Bulk,"homogenized at 1273 K for 48 h in vacuum,  annealed at 1273 K for 1 h and then at 673 K for 4 h followed by furnace cooling",nishino2006.pdf | Powered by Box,,,,,,
Fe2VAl,Fe2VAl0.85Ge0.15,X2YZ,Ge,0.15,Al,1.76E+02,-82.61114599,X,,Poly,Bulk,"homogenized at 1273 K for 48 h in vacuum,  annealed at 1273 K for 1 h and then at 673 K for 4 h followed by furnace cooling",nishino2006.pdf | Powered by Box,,,,,,
Fe2VAl,Fe2VAl0.85Ge0.15,X2YZ,Ge,0.15,Al,2.70E+02,-1.09E+02,X,,Poly,Bulk,"homogenized at 1273 K for 48 h in vacuum,  annealed at 1273 K for 1 h and then at 673 K for 4 h followed by furnace cooling",nishino2006.pdf | Powered by Box,,,,,,
Fe2VAl,Fe2VAl0.85Ge0.15,X2YZ,Ge,0.15,Al,3.38E+02,-1.18E+02,X,,Poly,Bulk,"homogenized at 1273 K for 48 h in vacuum,  annealed at 1273 K for 1 h and then at 673 K for 4 h followed by furnace cooling",nishino2006.pdf | Powered by Box,,,,,,
Fe2VAl,Fe2VAl0.85Ge0.15,X2YZ,Ge,0.15,Al,4.05E+02,-1.18E+02,X,,Poly,Bulk,"homogenized at 1273 K for 48 h in vacuum,  annealed at 1273 K for 1 h and then at 673 K for 4 h followed by furnace cooling",nishino2006.pdf | Powered by Box,,,,,,
Fe2VAl,Fe2VAl0.8Ge0.2,X2YZ,Ge,0.2,Al,99.9765,-46.875,8.49E-07,,Poly,Bulk,"homogenized at 1273 K for 48 h in vacuum,  annealed at 1273 K for 1 h and then at 673 K for 4 h followed by furnace cooling",nishino2006.pdf | Powered by Box,,,,,,
Fe2VAl,Fe2VAl0.8Ge0.2,X2YZ,Ge,0.2,Al,212.6226,-81.7276,1.46E-06,,Poly,Bulk,"homogenized at 1273 K for 48 h in vacuum,  annealed at 1273 K for 1 h and then at 673 K for 4 h followed by furnace cooling",nishino2006.pdf | Powered by Box,,,,,,
Fe2VAl,Fe2VAl0.8Ge0.2,X2YZ,Ge,0.2,Al,305.5548,-100.3537,2.11E-06,,Poly,Bulk,"homogenized at 1273 K for 48 h in vacuum,  annealed at 1273 K for 1 h and then at 673 K for 4 h followed by furnace cooling",nishino2006.pdf | Powered by Box,,,,,,
Fe2VAl,Fe2VAl0.8Ge0.2,X2YZ,Ge,0.2,Al,399.7156,-106.9441,2.56E-06,,Poly,Bulk,"homogenized at 1273 K for 48 h in vacuum,  annealed at 1273 K for 1 h and then at 673 K for 4 h followed by furnace cooling",nishino2006.pdf | Powered by Box,,,,,,
Fe2VAl,Fe2VAl,X2YZ,X,X,X,300.8334,-1.2179,5.88E-06,,Poly,Bulk,"annealing at 1273 K for 24 hours and then slowly cooled down to 673 K in 48 hours, where the samples were further annealed for 48 hours",d4tc00779d.pdf | Powered by Box,,,,,,
Fe2VAl,Fe2VAl,X2YZ,X,X,X,417.4241,-3.9395,5.17E-06,,Poly,Bulk,"annealing at 1273 K for 24 hours and then slowly cooled down to 673 K in 48 hours, where the samples were further annealed for 48 hours",d4tc00779d.pdf | Powered by Box,,,,,,
Fe2VAl,Fe2VAl,X2YZ,X,X,X,518.7787,-5.822,4.56E-06,,Poly,Bulk,"annealing at 1273 K for 24 hours and then slowly cooled down to 673 K in 48 hours, where the samples were further annealed for 48 hours",d4tc00779d.pdf | Powered by Box,,,,,,
Fe2VAl,Fe2V0.9Mn0.1Al,X2YZ,Mn,0.1,V,296.7824,55.2999,6.65E-06,,Poly,Bulk,"annealing at 1273 K for 24 hours and then slowly cooled down to 673 K in 48 hours, where the samples were further annealed for 48 hours",d4tc00779d.pdf | Powered by Box,,,,,,
Fe2VAl,Fe2V0.9Mn0.1Al,X2YZ,Mn,0.1,V,413.1938,33.1664,5.12E-06,,Poly,Bulk,"annealing at 1273 K for 24 hours and then slowly cooled down to 673 K in 48 hours, where the samples were further annealed for 48 hours",d4tc00779d.pdf | Powered by Box,,,,,,
Fe2VAl,Fe2V0.9Mn0.1Al,X2YZ,Mn,0.1,V,527.3739,17.0252,4.01E-06,,Poly,Bulk,"annealing at 1273 K for 24 hours and then slowly cooled down to 673 K in 48 hours, where the samples were further annealed for 48 hours",d4tc00779d.pdf | Powered by Box,,,,,,
Fe2VAl,Fe2V0.8Mn0.2Al,X2YZ,Mn,0.2,V,302.9591,63.871,5.14E-06,,Poly,Bulk,"annealing at 1273 K for 24 hours and then slowly cooled down to 673 K in 48 hours, where the samples were further annealed for 48 hours",d4tc00779d.pdf | Powered by Box,,,,,,
Fe2VAl,Fe2V0.8Mn0.2Al,X2YZ,Mn,0.2,V,417.9305,50.8708,4.91E-06,,Poly,Bulk,"annealing at 1273 K for 24 hours and then slowly cooled down to 673 K in 48 hours, where the samples were further annealed for 48 hours",d4tc00779d.pdf | Powered by Box,,,,,,
Fe2VAl,Fe2V0.8Mn0.2Al,X2YZ,Mn,0.2,V,520.6934,36.4293,4.42E-06,,Poly,Bulk,"annealing at 1273 K for 24 hours and then slowly cooled down to 673 K in 48 hours, where the samples were further annealed for 48 hours",d4tc00779d.pdf | Powered by Box,,,,,,
Fe2VAl,Fe2V0.7Mn0.3Al,X2YZ,Mn,0.3,V,302.1442,58.1607,4.85E-06,,Poly,Bulk,"annealing at 1273 K for 24 hours and then slowly cooled down to 673 K in 48 hours, where the samples were further annealed for 48 hours",d4tc00779d.pdf | Powered by Box,,,,,,
Fe2VAl,Fe2V0.7Mn0.3Al,X2YZ,Mn,0.3,V,420.1881,47.7332,4.78E-06,,Poly,Bulk,"annealing at 1273 K for 24 hours and then slowly cooled down to 673 K in 48 hours, where the samples were further annealed for 48 hours",d4tc00779d.pdf | Powered by Box,,,,,,
Fe2VAl,Fe2V0.7Mn0.3Al,X2YZ,Mn,0.3,V,516.8534,33.2848,4.48E-06,,Poly,Bulk,"annealing at 1273 K for 24 hours and then slowly cooled down to 673 K in 48 hours, where the samples were further annealed for 48 hours",d4tc00779d.pdf | Powered by Box,,,,,,
Fe2VAl,Fe2V0.6Mn0.4Al,X2YZ,Mn,0.4,V,299.8338,55.5889,4.28E-06,,Poly,Bulk,"annealing at 1273 K for 24 hours and then slowly cooled down to 673 K in 48 hours, where the samples were further annealed for 48 hours",d4tc00779d.pdf | Powered by Box,,,,,,
Fe2VAl,Fe2V0.6Mn0.4Al,X2YZ,Mn,0.4,V,401.9453,53.1363,4.52E-06,,Poly,Bulk,"annealing at 1273 K for 24 hours and then slowly cooled down to 673 K in 48 hours, where the samples were further annealed for 48 hours",d4tc00779d.pdf | Powered by Box,,,,,,
Fe2VAl,Fe2V0.6Mn0.4Al,X2YZ,Mn,0.4,V,519.2033,40.1387,4.46E-06,,Poly,Bulk,"annealing at 1273 K for 24 hours and then slowly cooled down to 673 K in 48 hours, where the samples were further annealed for 48 hours",d4tc00779d.pdf | Powered by Box,,,,,,
Fe2VAl,Fe2V0.5Mn0.5Al,X2YZ,Mn,0.5,V,297.3362,32.7487,4.20E-06,,Poly,Bulk,"annealing at 1273 K for 24 hours and then slowly cooled down to 673 K in 48 hours, where the samples were further annealed for 48 hours",d4tc00779d.pdf | Powered by Box,,,,,,
Fe2VAl,Fe2V0.5Mn0.5Al,X2YZ,Mn,0.5,V,423.0154,23.7572,3.85E-06,,Poly,Bulk,"annealing at 1273 K for 24 hours and then slowly cooled down to 673 K in 48 hours, where the samples were further annealed for 48 hours",d4tc00779d.pdf | Powered by Box,,,,,,
Fe2VAl,Fe2V0.5Mn0.5Al,X2YZ,Mn,0.5,V,524.3066,15.0234,3.58E-06,,Poly,Bulk,"annealing at 1273 K for 24 hours and then slowly cooled down to 673 K in 48 hours, where the samples were further annealed for 48 hours",d4tc00779d.pdf | Powered by Box,,,,,,
Fe2VAl,Fe2V0.4Mn0.6Al,X2YZ,Mn,0.6,V,301.0022,17.0522,4.15E-06,,Poly,Bulk,"annealing at 1273 K for 24 hours and then slowly cooled down to 673 K in 48 hours, where the samples were further annealed for 48 hours",d4tc00779d.pdf | Powered by Box,,,,,,
Fe2VAl,Fe2V0.4Mn0.6Al,X2YZ,Mn,0.6,V,412.9907,11.1852,3.84E-06,,Poly,Bulk,"annealing at 1273 K for 24 hours and then slowly cooled down to 673 K in 48 hours, where the samples were further annealed for 48 hours",d4tc00779d.pdf | Powered by Box,,,,,,
Fe2VAl,Fe2V0.4Mn0.6Al,X2YZ,Mn,0.6,V,514.3136,5.8771,3.52E-06,,Poly,Bulk,"annealing at 1273 K for 24 hours and then slowly cooled down to 673 K in 48 hours, where the samples were further annealed for 48 hours",d4tc00779d.pdf | Powered by Box,,,,,,
Fe2VAl,Fe2V0.9Mn0.1Al1.1,X2YZ,"Mn, Al","0.1, 0.1","V, X",302.8074,71.141,2.63E-06,,Poly,Bulk,"annealing at 1273 K for 24 hours and then slowly cooled down to 673 K in 48 hours, where the samples were further annealed for 48 hours",d4tc00779d.pdf | Powered by Box,,,,,,
Fe2VAl,Fe2V0.9Mn0.1Al1.1,X2YZ,"Mn, Al","0.1, 0.1","V, X",394.1835,72.9035,2.87E-06,,Poly,Bulk,"annealing at 1273 K for 24 hours and then slowly cooled down to 673 K in 48 hours, where the samples were further annealed for 48 hours",d4tc00779d.pdf | Powered by Box,,,,,,
Fe2VAl,Fe2V0.9Mn0.1Al1.1,X2YZ,"Mn, Al","0.1, 0.1","V, X",500.2118,64.6799,3.01E-06,,Poly,Bulk,"annealing at 1273 K for 24 hours and then slowly cooled down to 673 K in 48 hours, where the samples were further annealed for 48 hours",d4tc00779d.pdf | Powered by Box,,,,,,
Fe2VAl,Fe2V0.9Mn0.1Al1.2,X2YZ,"Mn, Al","0.1, 0.2","V, X",300.8317,69.7969,2.55E-06,,Poly,Bulk,"annealing at 1273 K for 24 hours and then slowly cooled down to 673 K in 48 hours, where the samples were further annealed for 48 hours",d4tc00779d.pdf | Powered by Box,,,,,,
Fe2VAl,Fe2V0.9Mn0.1Al1.2,X2YZ,"Mn, Al","0.1, 0.2","V, X",397.5617,64.8181,2.58E-06,,Poly,Bulk,"annealing at 1273 K for 24 hours and then slowly cooled down to 673 K in 48 hours, where the samples were further annealed for 48 hours",d4tc00779d.pdf | Powered by Box,,,,,,
Fe2VAl,Fe2V0.9Mn0.1Al1.2,X2YZ,"Mn, Al","0.1, 0.2","V, X",499.6521,52.29,2.44E-06,,Poly,Bulk,"annealing at 1273 K for 24 hours and then slowly cooled down to 673 K in 48 hours, where the samples were further annealed for 48 hours",d4tc00779d.pdf | Powered by Box,,,,,,
Fe2VAl,Fe2V0.9Mn0.1Al1.3,X2YZ,"Mn, Al","0.1, 0.3","V, X",297.0589,45.5595,1.82E-06,,Poly,Bulk,"annealing at 1273 K for 24 hours and then slowly cooled down to 673 K in 48 hours, where the samples were further annealed for 48 hours",d4tc00779d.pdf | Powered by Box,,,,,,
Fe2VAl,Fe2V0.9Mn0.1Al1.3,X2YZ,"Mn, Al","0.1, 0.3","V, X",393.6573,56.4732,2.07E-06,,Poly,Bulk,"annealing at 1273 K for 24 hours and then slowly cooled down to 673 K in 48 hours, where the samples were further annealed for 48 hours",d4tc00779d.pdf | Powered by Box,,,,,,
Fe2VAl,Fe2V0.9Mn0.1Al1.3,X2YZ,"Mn, Al","0.1, 0.3","V, X",498.2518,61.4502,2.27E-06,,Poly,Bulk,"annealing at 1273 K for 24 hours and then slowly cooled down to 673 K in 48 hours, where the samples were further annealed for 48 hours",d4tc00779d.pdf | Powered by Box,,,,,,
Fe2VAl,Fe2V0.9Mn0.1Al1.5,X2YZ,"Mn, Al","0.1, 0.5","V, X",302.2075,63.5997,3.58E-06,,Poly,Bulk,"annealing at 1273 K for 24 hours and then slowly cooled down to 673 K in 48 hours, where the samples were further annealed for 48 hours",d4tc00779d.pdf | Powered by Box,,,,,,
Fe2VAl,Fe2V0.9Mn0.1Al1.5,X2YZ,"Mn, Al","0.1, 0.5","V, X",399.4325,78.8223,3.83E-06,,Poly,Bulk,"annealing at 1273 K for 24 hours and then slowly cooled down to 673 K in 48 hours, where the samples were further annealed for 48 hours",d4tc00779d.pdf | Powered by Box,,,,,,
Fe2VAl,Fe2V0.9Mn0.1Al1.5,X2YZ,"Mn, Al","0.1, 0.5","V, X",499.4024,82.4587,3.96E-06,,Poly,Bulk,"annealing at 1273 K for 24 hours and then slowly cooled down to 673 K in 48 hours, where the samples were further annealed for 48 hours",d4tc00779d.pdf | Powered by Box,,,,,,
Fe2VAl,Fe1.95Re0.05VAl,X2YZ,Re,0.05,Fe,309.0545,75.8579,4.23E-06,,Poly,Bulk,annealed at 1273K for 1h and then at 673K for 4h followed by furnace cooling,asai2022.pdf | Powered by Box,,,,,,
Fe2VAl,Fe1.95Re0.05VAl,X2YZ,Re,0.05,Fe,409.2107,65.084,3.91E-06,,Poly,Bulk,annealed at 1273K for 1h and then at 673K for 4h followed by furnace cooling,asai2022.pdf | Powered by Box,,,,,,
Fe2VAl,Fe1.95Re0.05VAl,X2YZ,Re,0.05,Fe,561.8409,33.5996,3.43E-06,,Poly,Bulk,annealed at 1273K for 1h and then at 673K for 4h followed by furnace cooling,asai2022.pdf | Powered by Box,,,,,,
Fe2VAl,Fe1.95Re0.05VAl,X2YZ,Re,0.05,Fe,667.8659,17.8757,3.10E-06,,Poly,Bulk,annealed at 1273K for 1h and then at 673K for 4h followed by furnace cooling,asai2022.pdf | Powered by Box,,,,,,
Fe2VAl,Fe1.95Re0.05VAl,X2YZ,Re,0.05,Fe,801.364,6.5033,3.01E-06,,Poly,Bulk,annealed at 1273K for 1h and then at 673K for 4h followed by furnace cooling,asai2022.pdf | Powered by Box,,,,,,
Fe2VAl,Fe1.9Re0.1VAl,X2YZ,Re,0.1,Fe,310.6608,65.023,3.52E-06,,Poly,Bulk,annealed at 1273K for 1h and then at 673K for 4h followed by furnace cooling,asai2022.pdf | Powered by Box,,,,,,
Fe2VAl,Fe1.9Re0.1VAl,X2YZ,Re,0.1,Fe,407.7883,63.2255,3.75E-06,,Poly,Bulk,annealed at 1273K for 1h and then at 673K for 4h followed by furnace cooling,asai2022.pdf | Powered by Box,,,,,,
Fe2VAl,Fe1.9Re0.1VAl,X2YZ,Re,0.1,Fe,557.4258,38.2408,3.80E-06,,Poly,Bulk,annealed at 1273K for 1h and then at 673K for 4h followed by furnace cooling,asai2022.pdf | Powered by Box,,,,,,
Fe2VAl,Fe1.9Re0.1VAl,X2YZ,Re,0.1,Fe,795.5041,10.834,3.11E-06,,Poly,Bulk,annealed at 1273K for 1h and then at 673K for 4h followed by furnace cooling,asai2022.pdf | Powered by Box,,,,,,
Fe2VAl,Fe2VAl,X2YZ,X,X,X,297.1776,25.0647,,1.32E+05,Poly,Bulk, annealed at 1073K for 72h in vacuum,https://virginia.app.box.com/file/2099615567441,,,,,,
Fe2VAl,Fe2VAl,X2YZ,X,X,X,474.8579,21.1548,,2.14E+05,Poly,Bulk, annealed at 1073K for 72h in vacuum,https://virginia.app.box.com/file/2099615567441,,,,,,
Fe2VAl,Fe2VAl,X2YZ,X,X,X,643.4784,14.5923,,2.71E+05,Poly,Bulk, annealed at 1073K for 72h in vacuum,https://virginia.app.box.com/file/2099615567441,,,,,,
Fe2VAl,Fe2VAl,X2YZ,X,X,X,847.3519,10.2861,,2.95E+05,Poly,Bulk, annealed at 1073K for 72h in vacuum,https://virginia.app.box.com/file/2099615567441,,,,,,
Fe2VAl,Fe1.96Co0.04VAl,X2YZ,Co,0.04,Fe,299.9833,-66.4561,,1.49E+05,Poly,Bulk, annealed at 1073K for 72h in vacuum,https://virginia.app.box.com/file/2099615567441,,,,,,
Fe2VAl,Fe1.96Co0.04VAl,X2YZ,Co,0.04,Fe,456.2707,-20.9854,,2.27E+05,Poly,Bulk, annealed at 1073K for 72h in vacuum,https://virginia.app.box.com/file/2099615567441,,,,,,
Fe2VAl,Fe1.96Co0.04VAl,X2YZ,Co,0.04,Fe,599.5391,-10.8229,,2.93E+05,Poly,Bulk, annealed at 1073K for 72h in vacuum,https://virginia.app.box.com/file/2099615567441,,,,,,
Fe2VAl,Fe1.96Co0.04VAl,X2YZ,Co,0.04,Fe,732.7613,-11.6667,,3.31E+05,Poly,Bulk, annealed at 1073K for 72h in vacuum,https://virginia.app.box.com/file/2099615567441,,,,,,
Fe2VAl,Fe1.96Co0.04VAl,X2YZ,Co,0.04,Fe,853.4597,-12.5026,,3.57E+05,Poly,Bulk, annealed at 1073K for 72h in vacuum,https://virginia.app.box.com/file/2099615567441,,,,,,
Fe2VAl,Fe1.9Co0.1VAl,X2YZ,Co,0.1,Fe,300.8065,-111.6465,,1.91E+05,Poly,Bulk, annealed at 1073K for 72h in vacuum,https://virginia.app.box.com/file/2099615567441,,,,,,
Fe2VAl,Fe1.9Co0.1VAl,X2YZ,Co,0.1,Fe,417.3352,-71.0873,,2.16E+05,Poly,Bulk, annealed at 1073K for 72h in vacuum,https://virginia.app.box.com/file/2099615567441,,,,,,
Fe2VAl,Fe1.9Co0.1VAl,X2YZ,Co,0.1,Fe,536.3762,-43.4411,,2.51E+05,Poly,Bulk, annealed at 1073K for 72h in vacuum,https://virginia.app.box.com/file/2099615567441,,,,,,
Fe2VAl,Fe1.9Co0.1VAl,X2YZ,Co,0.1,Fe,686.3858,-28.3462,,2.97E+05,Poly,Bulk, annealed at 1073K for 72h in vacuum,https://virginia.app.box.com/file/2099615567441,,,,,,
Fe2VAl,Fe1.9Co0.1VAl,X2YZ,Co,0.1,Fe,849.0785,-21.9935,,3.31E+05,Poly,Bulk, annealed at 1073K for 72h in vacuum,https://virginia.app.box.com/file/2099615567441,,,,,,
Fe2VAl,Fe1.84Co0.16VAl,X2YZ,Co,0.16,Fe,301.8551,-106.7104,,2.38E+05,Poly,Bulk, annealed at 1073K for 72h in vacuum,https://virginia.app.box.com/file/2099615567441,,,,,,
Fe2VAl,Fe1.84Co0.16VAl,X2YZ,Co,0.16,Fe,426.7617,-88.5616,,2.38E+05,Poly,Bulk, annealed at 1073K for 72h in vacuum,https://virginia.app.box.com/file/2099615567441,,,,,,
Fe2VAl,Fe1.84Co0.16VAl,X2YZ,Co,0.16,Fe,564.0261,-61.3067,,2.55E+05,Poly,Bulk, annealed at 1073K for 72h in vacuum,https://virginia.app.box.com/file/2099615567441,,,,,,
Fe2VAl,Fe1.84Co0.16VAl,X2YZ,Co,0.16,Fe,699.1518,-41.6454,,2.86E+05,Poly,Bulk, annealed at 1073K for 72h in vacuum,https://virginia.app.box.com/file/2099615567441,,,,,,
Fe2VAl,Fe1.84Co0.16VAl,X2YZ,Co,0.16,Fe,853.8055,-31.4902,,3.14E+05,Poly,Bulk, annealed at 1073K for 72h in vacuum,https://virginia.app.box.com/file/2099615567441,,,,,,
Fe2VAl,Fe1.76Co0.24VAl,X2YZ,Co,0.24,Fe,301.3916,-81.2671,,2.88E+05,Poly,Bulk, annealed at 1073K for 72h in vacuum,https://virginia.app.box.com/file/2099615567441,,,,,,
Fe2VAl,Fe1.76Co0.24VAl,X2YZ,Co,0.24,Fe,409.5868,-83.2343,,2.74E+05,Poly,Bulk, annealed at 1073K for 72h in vacuum,https://virginia.app.box.com/file/2099615567441,,,,,,
Fe2VAl,Fe1.76Co0.24VAl,X2YZ,Co,0.24,Fe,573.2243,-66.2493,,2.80E+05,Poly,Bulk, annealed at 1073K for 72h in vacuum,https://virginia.app.box.com/file/2099615567441,,,,,,
Fe2VAl,Fe1.76Co0.24VAl,X2YZ,Co,0.24,Fe,742.5406,-48.5083,,3.06E+05,Poly,Bulk, annealed at 1073K for 72h in vacuum,https://virginia.app.box.com/file/2099615567441,,,,,,
Fe2VAl,Fe1.76Co0.24VAl,X2YZ,Co,0.24,Fe,852.8123,-39.4642,,3.32E+05,Poly,Bulk, annealed at 1073K for 72h in vacuum,https://virginia.app.box.com/file/2099615567441,,,,,,
Fe2VAl,Fe1.70Co0.30VAl,X2YZ,Co,0.3,Fe,295.6851,-80.504,,3.21E+05,Poly,Bulk, annealed at 1073K for 72h in vacuum,https://virginia.app.box.com/file/2099615567441,,,,,,
Fe2VAl,Fe1.70Co0.30VAl,X2YZ,Co,0.3,Fe,448.29,-82.8791,,2.90E+05,Poly,Bulk, annealed at 1073K for 72h in vacuum,https://virginia.app.box.com/file/2099615567441,,,,,,
Fe2VAl,Fe1.70Co0.30VAl,X2YZ,Co,0.3,Fe,597.1404,-66.6442,,2.85E+05,Poly,Bulk, annealed at 1073K for 72h in vacuum,https://virginia.app.box.com/file/2099615567441,,,,,,
Fe2VAl,Fe1.70Co0.30VAl,X2YZ,Co,0.3,Fe,741.4712,-52.3051,,3.04E+05,Poly,Bulk, annealed at 1073K for 72h in vacuum,https://virginia.app.box.com/file/2099615567441,,,,,,
Fe2VAl,Fe1.70Co0.30VAl,X2YZ,Co,0.3,Fe,850.6044,-43.2603,,3.24E+05,Poly,Bulk, annealed at 1073K for 72h in vacuum,https://virginia.app.box.com/file/2099615567441,,,,,,
Fe2VAl,Fe1.60Co0.40VAl,X2YZ,Co,0.4,Fe,301.0734,-63.7985,,3.41E+05,Poly,Bulk, annealed at 1073K for 72h in vacuum,https://virginia.app.box.com/file/2099615567441,,,,,,
Fe2VAl,Fe1.60Co0.40VAl,X2YZ,Co,0.4,Fe,446.9716,-73.0048,,3.01E+05,Poly,Bulk, annealed at 1073K for 72h in vacuum,https://virginia.app.box.com/file/2099615567441,,,,,,
Fe2VAl,Fe1.60Co0.40VAl,X2YZ,Co,0.4,Fe,601.7015,-67.0268,,2.89E+05,Poly,Bulk, annealed at 1073K for 72h in vacuum,https://virginia.app.box.com/file/2099615567441,,,,,,
Fe2VAl,Fe1.60Co0.40VAl,X2YZ,Co,0.4,Fe,737.007,-57.239,,2.98E+05,Poly,Bulk, annealed at 1073K for 72h in vacuum,https://virginia.app.box.com/file/2099615567441,,,,,,
Fe2VAl,Fe1.60Co0.40VAl,X2YZ,Co,0.4,Fe,851.8605,-49.7168,,3.09E+05,Poly,Bulk, annealed at 1073K for 72h in vacuum,https://virginia.app.box.com/file/2099615567441,,,,,,
Fe2VAl,Fe1.40Co0.60VAl,X2YZ,Co,0.6,Fe,298.5265,-48.9868,,4.10E+05,Poly,Bulk, annealed at 1073K for 72h in vacuum,https://virginia.app.box.com/file/2099615567441,,,,,,
Fe2VAl,Fe1.40Co0.60VAl,X2YZ,Co,0.6,Fe,453.6091,-62.3761,,3.63E+05,Poly,Bulk, annealed at 1073K for 72h in vacuum,https://virginia.app.box.com/file/2099615567441,,,,,,
Fe2VAl,Fe1.40Co0.60VAl,X2YZ,Co,0.6,Fe,592.5379,-63.983,,3.47E+05,Poly,Bulk, annealed at 1073K for 72h in vacuum,https://virginia.app.box.com/file/2099615567441,,,,,,
Fe2VAl,Fe1.40Co0.60VAl,X2YZ,Co,0.6,Fe,740.4849,-60.6589,,3.46E+05,Poly,Bulk, annealed at 1073K for 72h in vacuum,https://virginia.app.box.com/file/2099615567441,,,,,,
Fe2VAl,Fe1.40Co0.60VAl,X2YZ,Co,0.6,Fe,849.6941,-55.7913,,3.52E+05,Poly,Bulk, annealed at 1073K for 72h in vacuum,https://virginia.app.box.com/file/2099615567441,,,,,,
Fe2VAl,Fe1.20Co0.80VAl,X2YZ,Co,0.8,Fe,299.6236,-46.709,,4.54E+05,Poly,Bulk, annealed at 1073K for 72h in vacuum,https://virginia.app.box.com/file/2099615567441,,,,,,
Fe2VAl,Fe1.20Co0.80VAl,X2YZ,Co,0.8,Fe,486.5298,-57.0805,,3.95E+05,Poly,Bulk, annealed at 1073K for 72h in vacuum,https://virginia.app.box.com/file/2099615567441,,,,,,
Fe2VAl,Fe1.20Co0.80VAl,X2YZ,Co,0.8,Fe,650.5269,-59.8425,,3.78E+05,Poly,Bulk, annealed at 1073K for 72h in vacuum,https://virginia.app.box.com/file/2099615567441,,,,,,
Fe2VAl,Fe1.20Co0.80VAl,X2YZ,Co,0.8,Fe,848.5556,-55.7906,,3.78E+05,Poly,Bulk, annealed at 1073K for 72h in vacuum,https://virginia.app.box.com/file/2099615567441,,,,,,
Fe2VAl,FeCoVAl,X2YZ,Co,1,Fe,302.9285,-40.6352,,4.97E+05,Poly,Bulk, annealed at 1073K for 72h in vacuum,https://virginia.app.box.com/file/2099615567441,,,,,,
Fe2VAl,FeCoVAl,X2YZ,Co,1,Fe,501.2684,-53.6721,,4.37E+05,Poly,Bulk, annealed at 1073K for 72h in vacuum,https://virginia.app.box.com/file/2099615567441,,,,,,
Fe2VAl,FeCoVAl,X2YZ,Co,1,Fe,699.4285,-56.8355,,4.11E+05,Poly,Bulk, annealed at 1073K for 72h in vacuum,https://virginia.app.box.com/file/2099615567441,,,,,,
Fe2VAl,FeCoVAl,X2YZ,Co,1,Fe,847.3894,-54.2709,,4.06E+05,Poly,Bulk, annealed at 1073K for 72h in vacuum,https://virginia.app.box.com/file/2099615567441,,,,,,
Fe2VAl,Fe2V0.9Nb0.1Al,X2YZ,Nb,0.1,V,199.3726,28.5475,1.10E-05,,Poly,Bulk,annealed for 5 days at 1173 K,S1063782619130207.pdf | Powered by Box,,,,,,
Fe2VAl,Fe2V0.9Nb0.1Al,X2YZ,Nb,0.1,V,324.3143,19.2408,7.77E-06,,Poly,Bulk,annealed for 5 days at 1173 K,S1063782619130207.pdf | Powered by Box,,,,,,
Fe2VAl,Fe2V0.9Nb0.1Al,X2YZ,Nb,0.1,V,431.002,7.0226,5.42E-06,,Poly,Bulk,annealed for 5 days at 1173 K,S1063782619130207.pdf | Powered by Box,,,,,,
Fe2VAl,Fe2V0.9Nb0.1Al,X2YZ,Nb,0.1,V,531.918,-3.0561,4.04E-06,,Poly,Bulk,annealed for 5 days at 1173 K,S1063782619130207.pdf | Powered by Box,,,,,,
Fe2VAl,Fe2V0.9Nb0.1Al,X2YZ,Nb,0.1,V,598.9862,-4.118,3.50E-06,,Poly,Bulk,annealed for 5 days at 1173 K,S1063782619130207.pdf | Powered by Box,,,,,,
Fe2VAl,Fe2V0.8Nb0.2Al,X2YZ,Nb,0.2,V,201.7717,21.3277,7.43E-06,,Poly,Bulk,annealed for 5 days at 1173 K,S1063782619130207.pdf | Powered by Box,,,,,,
Fe2VAl,Fe2V0.8Nb0.2Al,X2YZ,Nb,0.2,V,319.3154,16.7113,5.94E-06,,Poly,Bulk,annealed for 5 days at 1173 K,S1063782619130207.pdf | Powered by Box,,,,,,
Fe2VAl,Fe2V0.8Nb0.2Al,X2YZ,Nb,0.2,V,442.5807,5.713,4.60E-06,,Poly,Bulk,annealed for 5 days at 1173 K,S1063782619130207.pdf | Powered by Box,,,,,,
Fe2VAl,Fe2V0.8Nb0.2Al,X2YZ,Nb,0.2,V,599.8394,-1.9995,3.49E-06,,Poly,Bulk,annealed for 5 days at 1173 K,S1063782619130207.pdf | Powered by Box,,,,,,
Fe2VAl,Fe2V0.9Nb0.1Al0.9Ga0.1,X2YZ,"Nb, Ga",0.1,"V, Al",199.9598,-61.818,7.12E-06,,Poly,Bulk,annealed for 5 days at 1173 K,S1063782619130207.pdf | Powered by Box,,,,,,
Fe2VAl,Fe2V0.9Nb0.1Al0.9Ga0.1,X2YZ,"Nb, Ga",0.1,"V, Al",276.8401,-73.5172,6.21E-06,,Poly,Bulk,annealed for 5 days at 1173 K,S1063782619130207.pdf | Powered by Box,,,,,,
Fe2VAl,Fe2V0.9Nb0.1Al0.9Ga0.1,X2YZ,"Nb, Ga",0.1,"V, Al",353.0929,-68.2447,5.44E-06,,Poly,Bulk,annealed for 5 days at 1173 K,S1063782619130207.pdf | Powered by Box,,,,,,
Fe2VAl,Fe2V0.9Nb0.1Al0.9Ga0.1,X2YZ,"Nb, Ga",0.1,"V, Al",461.8284,-47.3785,4.50E-06,,Poly,Bulk,annealed for 5 days at 1173 K,S1063782619130207.pdf | Powered by Box,,,,,,
Fe2VAl,Fe2V0.9Nb0.1Al0.9Ga0.1,X2YZ,"Nb, Ga",0.1,"V, Al",599.6487,-18.1201,3.53E-06,,Poly,Bulk,annealed for 5 days at 1173 K,S1063782619130207.pdf | Powered by Box,,,,,,
Fe2VAl,Fe2V0.8Nb0.2Al0.8Ga0.2,X2YZ,"Nb, Ga",0.2,"V, Al",200.8131,10.3005,5.88E-06,,Poly,Bulk,annealed for 5 days at 1173 K,S1063782619130207.pdf | Powered by Box,,,,,,
Fe2VAl,Fe2V0.8Nb0.2Al0.8Ga0.2,X2YZ,"Nb, Ga",0.2,"V, Al",309.2223,3.5919,4.75E-06,,Poly,Bulk,annealed for 5 days at 1173 K,S1063782619130207.pdf | Powered by Box,,,,,,
Fe2VAl,Fe2V0.8Nb0.2Al0.8Ga0.2,X2YZ,"Nb, Ga",0.2,"V, Al",424.2666,-2.2893,3.83E-06,,Poly,Bulk,annealed for 5 days at 1173 K,S1063782619130207.pdf | Powered by Box,,,,,,
Fe2VAl,Fe2V0.8Nb0.2Al0.8Ga0.2,X2YZ,"Nb, Ga",0.2,"V, Al",599.7741,-7.5144,2.83E-06,,Poly,Bulk,annealed for 5 days at 1173 K,S1063782619130207.pdf | Powered by Box,,,,,,
Fe2VAl,Fe2VAl0.9Ga0.1,X2YZ,Ga,0.1,Al,200.3062,-32.5464,1.14E-05,,Poly,Bulk,annealed for 5 days at 1173 K,S1063782619130207.pdf | Powered by Box,,,,,,
Fe2VAl,Fe2VAl0.9Ga0.1,X2YZ,Ga,0.1,Al,300.3789,-43.8951,7.53E-06,,Poly,Bulk,annealed for 5 days at 1173 K,S1063782619130207.pdf | Powered by Box,,,,,,
Fe2VAl,Fe2VAl0.9Ga0.1,X2YZ,Ga,0.1,Al,382.3935,-41.6106,5.87E-06,,Poly,Bulk,annealed for 5 days at 1173 K,S1063782619130207.pdf | Powered by Box,,,,,,
Fe2VAl,Fe2VAl0.9Ga0.1,X2YZ,Ga,0.1,Al,477.6531,-39.7925,4.68E-06,,Poly,Bulk,annealed for 5 days at 1173 K,S1063782619130207.pdf | Powered by Box,,,,,,
Fe2VAl,Fe2VAl0.9Ga0.1,X2YZ,Ga,0.1,Al,592.7928,-37.6134,3.21E-06,,Poly,Bulk,annealed for 5 days at 1173 K,S1063782619130207.pdf | Powered by Box,,,,,,
Fe2VAl,Fe2VAl0.8Ga0.2,X2YZ,Ga,0.2,Al,198.9009,-81.3298,7.98E-06,,Poly,Bulk,annealed for 5 days at 1173 K,S1063782619130207.pdf | Powered by Box,,,,,,
Fe2VAl,Fe2VAl0.8Ga0.2,X2YZ,Ga,0.2,Al,276.6494,-89.6378,6.99E-06,,Poly,Bulk,annealed for 5 days at 1173 K,S1063782619130207.pdf | Powered by Box,,,,,,
Fe2VAl,Fe2VAl0.8Ga0.2,X2YZ,Ga,0.2,Al,371.1912,-78.4841,5.81E-06,,Poly,Bulk,annealed for 5 days at 1173 K,S1063782619130207.pdf | Powered by Box,,,,,,
Fe2VAl,Fe2VAl0.8Ga0.2,X2YZ,Ga,0.2,Al,487.4551,-51.2783,4.63E-06,,Poly,Bulk,annealed for 5 days at 1173 K,S1063782619130207.pdf | Powered by Box,,,,,,
Fe2VAl,Fe2VAl0.8Ga0.2,X2YZ,Ga,0.2,Al,600.2509,-37.2129,3.56E-06,,Poly,Bulk,annealed for 5 days at 1173 K,S1063782619130207.pdf | Powered by Box,,,,,,
Fe2VAl,Fe2VAl0.97Sb0.03,X2YZ,Sb,0.03,Al,348.9735,-110.4271,6.99E-06,,Poly,Bulk,powder metallurgical process,52_1546.pdf | Powered by Box,,,,,,
Fe2VAl,Fe2VAl0.97Sb0.03,X2YZ,Sb,0.03,Al,473.5874,-64.5729,5.62E-06,,Poly,Bulk,powder metallurgical process,52_1546.pdf | Powered by Box,,,,,,
Fe2VAl,Fe2VAl0.97Sb0.03,X2YZ,Sb,0.03,Al,593.2406,-35.6784,4.64E-06,,Poly,Bulk,powder metallurgical process,52_1546.pdf | Powered by Box,,,,,,
Fe2VAl,Fe2VAl0.97Sb0.03,X2YZ,Sb,0.03,Al,749.4117,-20.603,3.73E-06,,Poly,Bulk,powder metallurgical process,52_1546.pdf | Powered by Box,,,,,,
Fe2VAl,Fe2V0.84Ti0.16Al0.97Sb0.03,X2YZ,"Sb, Ti","0.03, 0.16","Al, V",349.9387,87.4372,4.00E-06,,Poly,Bulk,powder metallurgical process,52_1546.pdf | Powered by Box,,,,,,
Fe2VAl,Fe2V0.84Ti0.16Al0.97Sb0.03,X2YZ,"Sb, Ti","0.03, 0.16","Al, V",445.0545,86.1809,4.12E-06,,Poly,Bulk,powder metallurgical process,52_1546.pdf | Powered by Box,,,,,,
Fe2VAl,Fe2V0.84Ti0.16Al0.97Sb0.03,X2YZ,"Sb, Ti","0.03, 0.16","Al, V",576.6117,55.402,3.96E-06,,Poly,Bulk,powder metallurgical process,52_1546.pdf | Powered by Box,,,,,,
Fe2VAl,Fe2V0.84Ti0.16Al0.97Sb0.03,X2YZ,"Sb, Ti","0.03, 0.16","Al, V",748.3975,21.4824,3.45E-06,,Poly,Bulk,powder metallurgical process,52_1546.pdf | Powered by Box,,,,,,
Fe2VAl,Fe2V0.9Ti0.1Al,X2YZ,Ti,0.1,V,345.0607,87.4372,4.27E-06,,Poly,Bulk,powder metallurgical process,52_1546.pdf | Powered by Box,,,,,,
Fe2VAl,Fe2V0.9Ti0.1Al,X2YZ,Ti,0.1,V,464.5238,77.3869,4.24E-06,,Poly,Bulk,powder metallurgical process,52_1546.pdf | Powered by Box,,,,,,
Fe2VAl,Fe2V0.9Ti0.1Al,X2YZ,Ti,0.1,V,598.5047,43.4673,3.91E-06,,Poly,Bulk,powder metallurgical process,52_1546.pdf | Powered by Box,,,,,,
Fe2VAl,Fe2V0.9Ti0.1Al,X2YZ,Ti,0.1,V,750.7997,13.9447,3.41E-06,,Poly,Bulk,powder metallurgical process,52_1546.pdf | Powered by Box,,,,,,
Fe2VAl,Fe2VAl0.9Si0.07Sb0.03,X2YZ,"Sb, Si","0.03, 0.07",Al,345.3181,-109.799,4.02E-06,,Poly,Bulk,powder metallurgical process,52_1546.pdf | Powered by Box,,,,,,
Fe2VAl,Fe2VAl0.9Si0.07Sb0.03,X2YZ,"Sb, Si","0.03, 0.07",Al,444.1353,-102.2613,4.31E-06,,Poly,Bulk,powder metallurgical process,52_1546.pdf | Powered by Box,,,,,,
Fe2VAl,Fe2VAl0.9Si0.07Sb0.03,X2YZ,"Sb, Si","0.03, 0.07",Al,571.1239,-69.598,4.33E-06,,Poly,Bulk,powder metallurgical process,52_1546.pdf | Powered by Box,,,,,,
Fe2VAl,Fe2VAl0.9Si0.07Sb0.03,X2YZ,"Sb, Si","0.03, 0.07",Al,746.893,-36.9347,3.82E-06,,Poly,Bulk,powder metallurgical process,52_1546.pdf | Powered by Box,,,,,,
Fe2VAl,Fe2VAl0.9Si0.1,X2YZ,Si,0.1,Al,350.1318,-122.9899,4.11E-06,,Poly,Bulk,powder metallurgical process,52_1546.pdf | Powered by Box,,,,,,
Fe2VAl,Fe2VAl0.9Si0.1,X2YZ,Si,0.1,Al,478.2939,-99.7487,4.34E-06,,Poly,Bulk,powder metallurgical process,52_1546.pdf | Powered by Box,,,,,,
Fe2VAl,Fe2VAl0.9Si0.1,X2YZ,Si,0.1,Al,627.2705,-59.5477,4.03E-06,,Poly,Bulk,powder metallurgical process,52_1546.pdf | Powered by Box,,,,,,
Fe2VAl,Fe2VAl0.9Si0.1,X2YZ,Si,0.1,Al,748.1125,-36.9347,3.61E-06,,Poly,Bulk,powder metallurgical process,52_1546.pdf | Powered by Box,,,,,,
Fe2VAl,Fe2VAlV0.9Ti0.1,X2YZ,Ti,0.1,V,327.3465,39.2393,,172895.3,Poly,Bulk,"annealed at 1073K for 72 hours, remeleted in arc furnance 3 times",THERMOELECTRIC PERFORMANCE OF Fe2ALV/CNT-BASED ALLOYS,,,,,,
Fe2VAl,Fe2VAlV0.9Ti0.1,X2YZ,Ti,0.1,V,346.9378,38.7414,,176939.9,Poly,Bulk,"annealed at 1073K for 72 hours, remeleted in arc furnance 3 times",THERMOELECTRIC PERFORMANCE OF Fe2ALV/CNT-BASED ALLOYS,,,,,,
Fe2VAl,Fe2VAlV0.9Ti0.1,X2YZ,Ti,0.1,V,365.4385,38.4647,,180761.4,Poly,Bulk,"annealed at 1073K for 72 hours, remeleted in arc furnance 3 times",THERMOELECTRIC PERFORMANCE OF Fe2ALV/CNT-BASED ALLOYS,,,,,,
Fe2VAl,Fe2VAlV0.9Ti0.1,X2YZ,Ti,0.1,V,385.0285,38.0775,,184212.1,Poly,Bulk,"annealed at 1073K for 72 hours, remeleted in arc furnance 3 times",THERMOELECTRIC PERFORMANCE OF Fe2ALV/CNT-BASED ALLOYS,,,,,,
Fe2VAl,Fe2VAlV0.9Ti0.1,X2YZ,Ti,0.1,V,410.3788,36.9156,,189906.1,Poly,Bulk,"annealed at 1073K for 72 hours, remeleted in arc furnance 3 times",THERMOELECTRIC PERFORMANCE OF Fe2ALV/CNT-BASED ALLOYS,,,,,,
Fe2VAl,Fe2VAlV0.9Ti0.1,X2YZ,Ti,0.1,V,440.7129,34.9239,,198669.5,Poly,Bulk,"annealed at 1073K for 72 hours, remeleted in arc furnance 3 times",THERMOELECTRIC PERFORMANCE OF Fe2ALV/CNT-BASED ALLOYS,,,,,,
Fe2VAl,Fe2VAlV0.9Ti0.1,X2YZ,Ti,0.1,V,465.4331,34.4813,,198072,Poly,Bulk,"annealed at 1073K for 72 hours, remeleted in arc furnance 3 times",THERMOELECTRIC PERFORMANCE OF Fe2ALV/CNT-BASED ALLOYS,,,,,,
Fe2VAl,Fe1.95V1.05Al,X2YZ,X,X,X,100,-77.2674,1.47E-05,,Poly,Bulk,"homogenized at 1273K for 48 h, annealed at 1273K for 1 h and then at 673 K for 4 h",Doping effects on thermoelectric properties of the off- stoichiometric Heusler compounds Fe2−xV1+xAl Doping effects on thermoelectric properties of the off- stoichiometric Heusler compounds Fe2−xV1+xAl ,,,,,,
Fe2VAl,Fe1.95V1.05Al,X2YZ,X,X,X,118.8,-89.2815,1.46E-05,,Poly,Bulk,"homogenized at 1273K for 48 h, annealed at 1273K for 1 h and then at 673 K for 4 h",Doping effects on thermoelectric properties of the off- stoichiometric Heusler compounds Fe2−xV1+xAl Doping effects on thermoelectric properties of the off- stoichiometric Heusler compounds Fe2−xV1+xAl ,,,,,,
Fe2VAl,Fe1.95V1.05Al,X2YZ,X,X,X,139.2,-101.296,1.45E-05,,Poly,Bulk,"homogenized at 1273K for 48 h, annealed at 1273K for 1 h and then at 673 K for 4 h",Doping effects on thermoelectric properties of the off- stoichiometric Heusler compounds Fe2−xV1+xAl Doping effects on thermoelectric properties of the off- stoichiometric Heusler compounds Fe2−xV1+xAl ,,,,,,
Fe2VAl,Fe1.95V1.05Al,X2YZ,X,X,X,160.1,-111.19,1.42E-05,,Poly,Bulk,"homogenized at 1273K for 48 h, annealed at 1273K for 1 h and then at 673 K for 4 h",Doping effects on thermoelectric properties of the off- stoichiometric Heusler compounds Fe2−xV1+xAl Doping effects on thermoelectric properties of the off- stoichiometric Heusler compounds Fe2−xV1+xAl ,,,,,,
Fe2VAl,Fe1.95V1.05Al,X2YZ,X,X,X,177.8,-120.848,1.38E-05,,Poly,Bulk,"homogenized at 1273K for 48 h, annealed at 1273K for 1 h and then at 673 K for 4 h",Doping effects on thermoelectric properties of the off- stoichiometric Heusler compounds Fe2−xV1+xAl Doping effects on thermoelectric properties of the off- stoichiometric Heusler compounds Fe2−xV1+xAl ,,,,,,
Fe2VAl,Fe1.95V1.05Al,X2YZ,X,X,X,200.9,-129.093,1.32E-05,,Poly,Bulk,"homogenized at 1273K for 48 h, annealed at 1273K for 1 h and then at 673 K for 4 h",Doping effects on thermoelectric properties of the off- stoichiometric Heusler compounds Fe2−xV1+xAl Doping effects on thermoelectric properties of the off- stoichiometric Heusler compounds Fe2−xV1+xAl ,,,,,,
Fe2VAl,Fe1.95V1.05Al,X2YZ,X,X,X,219.7,-134.747,1.26E-05,,Poly,Bulk,"homogenized at 1273K for 48 h, annealed at 1273K for 1 h and then at 673 K for 4 h",Doping effects on thermoelectric properties of the off- stoichiometric Heusler compounds Fe2−xV1+xAl Doping effects on thermoelectric properties of the off- stoichiometric Heusler compounds Fe2−xV1+xAl ,,,,,,
Fe2VAl,Fe1.95V1.05Al,X2YZ,X,X,X,239,-136.631,1.21E-05,,Poly,Bulk,"homogenized at 1273K for 48 h, annealed at 1273K for 1 h and then at 673 K for 4 h",Doping effects on thermoelectric properties of the off- stoichiometric Heusler compounds Fe2−xV1+xAl Doping effects on thermoelectric properties of the off- stoichiometric Heusler compounds Fe2−xV1+xAl ,,,,,,
Fe2VAl,Fe1.95V1.05Al,X2YZ,X,X,X,258.8,-136.867,1.16E-05,,Poly,Bulk,"homogenized at 1273K for 48 h, annealed at 1273K for 1 h and then at 673 K for 4 h",Doping effects on thermoelectric properties of the off- stoichiometric Heusler compounds Fe2−xV1+xAl Doping effects on thermoelectric properties of the off- stoichiometric Heusler compounds Fe2−xV1+xAl ,,,,,,
Fe2VAl,Fe1.95V1.05Al,X2YZ,X,X,X,279.8,-134.511,1.10E-05,,Poly,Bulk,"homogenized at 1273K for 48 h, annealed at 1273K for 1 h and then at 673 K for 4 h",Doping effects on thermoelectric properties of the off- stoichiometric Heusler compounds Fe2−xV1+xAl Doping effects on thermoelectric properties of the off- stoichiometric Heusler compounds Fe2−xV1+xAl ,,,,,,
Fe2VAl,Fe1.95V1.05Al,X2YZ,X,X,X,301.8,-130.742,1.04E-05,,Poly,Bulk,"homogenized at 1273K for 48 h, annealed at 1273K for 1 h and then at 673 K for 4 h",Doping effects on thermoelectric properties of the off- stoichiometric Heusler compounds Fe2−xV1+xAl Doping effects on thermoelectric properties of the off- stoichiometric Heusler compounds Fe2−xV1+xAl ,,,,,,
Fe2VAl,Fe1.95V1.05Al,X2YZ,X,X,X,321.1,-125.324,9.87E-06,,Poly,Bulk,"homogenized at 1273K for 48 h, annealed at 1273K for 1 h and then at 673 K for 4 h",Doping effects on thermoelectric properties of the off- stoichiometric Heusler compounds Fe2−xV1+xAl Doping effects on thermoelectric properties of the off- stoichiometric Heusler compounds Fe2−xV1+xAl ,,,,,,
Fe2VAl,Fe1.95V1.05Al,X2YZ,X,X,X,341.5,-120.141,9.34E-06,,Poly,Bulk,"homogenized at 1273K for 48 h, annealed at 1273K for 1 h and then at 673 K for 4 h",Doping effects on thermoelectric properties of the off- stoichiometric Heusler compounds Fe2−xV1+xAl Doping effects on thermoelectric properties of the off- stoichiometric Heusler compounds Fe2−xV1+xAl ,,,,,,
Fe2VAl,Fe1.95V1.05Al,X2YZ,X,X,X,360.3,-113.781,8.82E-06,,Poly,Bulk,"homogenized at 1273K for 48 h, annealed at 1273K for 1 h and then at 673 K for 4 h",Doping effects on thermoelectric properties of the off- stoichiometric Heusler compounds Fe2−xV1+xAl Doping effects on thermoelectric properties of the off- stoichiometric Heusler compounds Fe2−xV1+xAl ,,,,,,
Fe2VAl,Fe1.95V1.05Al,X2YZ,X,X,X,381.3,-106.949,8.22E-06,,Poly,Bulk,"homogenized at 1273K for 48 h, annealed at 1273K for 1 h and then at 673 K for 4 h",Doping effects on thermoelectric properties of the off- stoichiometric Heusler compounds Fe2−xV1+xAl Doping effects on thermoelectric properties of the off- stoichiometric Heusler compounds Fe2−xV1+xAl ,,,,,,
Fe2VAl,Fe1.95V1.05Al,X2YZ,X,X,X,398.9,-103.651,7.75E-06,,Poly,Bulk,"homogenized at 1273K for 48 h, annealed at 1273K for 1 h and then at 673 K for 4 h",Doping effects on thermoelectric properties of the off- stoichiometric Heusler compounds Fe2−xV1+xAl Doping effects on thermoelectric properties of the off- stoichiometric Heusler compounds Fe2−xV1+xAl ,,,,,,
Fe2VAl,Fe1.95V1.05Al0.97Si0.03,X2YZ,Si,0.03,Al,98.9,-81.5077,9.33E-06,,Poly,Bulk,"homogenized at 1273K for 48 h, annealed at 1273K for 1 h and then at 673 K for 4 h",Doping effects on thermoelectric properties of the off- stoichiometric Heusler compounds Fe2−xV1+xAl Doping effects on thermoelectric properties of the off- stoichiometric Heusler compounds Fe2−xV1+xAl ,,,,,,
Fe2VAl,Fe1.95V1.05Al0.97Si0.03,X2YZ,Si,0.03,Al,119.9,-97.7621,9.46E-06,,Poly,Bulk,"homogenized at 1273K for 48 h, annealed at 1273K for 1 h and then at 673 K for 4 h",Doping effects on thermoelectric properties of the off- stoichiometric Heusler compounds Fe2−xV1+xAl Doping effects on thermoelectric properties of the off- stoichiometric Heusler compounds Fe2−xV1+xAl ,,,,,,
Fe2VAl,Fe1.95V1.05Al0.97Si0.03,X2YZ,Si,0.03,Al,140.3,-114.016,9.61E-06,,Poly,Bulk,"homogenized at 1273K for 48 h, annealed at 1273K for 1 h and then at 673 K for 4 h",Doping effects on thermoelectric properties of the off- stoichiometric Heusler compounds Fe2−xV1+xAl Doping effects on thermoelectric properties of the off- stoichiometric Heusler compounds Fe2−xV1+xAl ,,,,,,
Fe2VAl,Fe1.95V1.05Al0.97Si0.03,X2YZ,Si,0.03,Al,159,-130.035,9.64E-06,,Poly,Bulk,"homogenized at 1273K for 48 h, annealed at 1273K for 1 h and then at 673 K for 4 h",Doping effects on thermoelectric properties of the off- stoichiometric Heusler compounds Fe2−xV1+xAl Doping effects on thermoelectric properties of the off- stoichiometric Heusler compounds Fe2−xV1+xAl ,,,,,,
Fe2VAl,Fe1.95V1.05Al0.97Si0.03,X2YZ,Si,0.03,Al,181.1,-145.347,9.52E-06,,Poly,Bulk,"homogenized at 1273K for 48 h, annealed at 1273K for 1 h and then at 673 K for 4 h",Doping effects on thermoelectric properties of the off- stoichiometric Heusler compounds Fe2−xV1+xAl Doping effects on thermoelectric properties of the off- stoichiometric Heusler compounds Fe2−xV1+xAl ,,,,,,
Fe2VAl,Fe1.95V1.05Al0.97Si0.03,X2YZ,Si,0.03,Al,200.4,-157.833,9.35E-06,,Poly,Bulk,"homogenized at 1273K for 48 h, annealed at 1273K for 1 h and then at 673 K for 4 h",Doping effects on thermoelectric properties of the off- stoichiometric Heusler compounds Fe2−xV1+xAl Doping effects on thermoelectric properties of the off- stoichiometric Heusler compounds Fe2−xV1+xAl ,,,,,,
Fe2VAl,Fe1.95V1.05Al0.97Si0.03,X2YZ,Si,0.03,Al,219.1,-167.962,9.15E-06,,Poly,Bulk,"homogenized at 1273K for 48 h, annealed at 1273K for 1 h and then at 673 K for 4 h",Doping effects on thermoelectric properties of the off- stoichiometric Heusler compounds Fe2−xV1+xAl Doping effects on thermoelectric properties of the off- stoichiometric Heusler compounds Fe2−xV1+xAl ,,,,,,
Fe2VAl,Fe1.95V1.05Al0.97Si0.03,X2YZ,Si,0.03,Al,239.5,-175.265,8.93E-06,,Poly,Bulk,"homogenized at 1273K for 48 h, annealed at 1273K for 1 h and then at 673 K for 4 h",Doping effects on thermoelectric properties of the off- stoichiometric Heusler compounds Fe2−xV1+xAl Doping effects on thermoelectric properties of the off- stoichiometric Heusler compounds Fe2−xV1+xAl ,,,,,,
Fe2VAl,Fe1.95V1.05Al0.97Si0.03,X2YZ,Si,0.03,Al,259.4,-180.919,8.71E-06,,Poly,Bulk,"homogenized at 1273K for 48 h, annealed at 1273K for 1 h and then at 673 K for 4 h",Doping effects on thermoelectric properties of the off- stoichiometric Heusler compounds Fe2−xV1+xAl Doping effects on thermoelectric properties of the off- stoichiometric Heusler compounds Fe2−xV1+xAl ,,,,,,
Fe2VAl,Fe1.95V1.05Al0.97Si0.03,X2YZ,Si,0.03,Al,279.8,-182.568,8.48E-06,,Poly,Bulk,"homogenized at 1273K for 48 h, annealed at 1273K for 1 h and then at 673 K for 4 h",Doping effects on thermoelectric properties of the off- stoichiometric Heusler compounds Fe2−xV1+xAl Doping effects on thermoelectric properties of the off- stoichiometric Heusler compounds Fe2−xV1+xAl ,,,,,,
Fe2VAl,Fe1.95V1.05Al0.97Si0.03,X2YZ,Si,0.03,Al,299.1,-181.39,8.26E-06,,Poly,Bulk,"homogenized at 1273K for 48 h, annealed at 1273K for 1 h and then at 673 K for 4 h",Doping effects on thermoelectric properties of the off- stoichiometric Heusler compounds Fe2−xV1+xAl Doping effects on thermoelectric properties of the off- stoichiometric Heusler compounds Fe2−xV1+xAl ,,,,,,
Fe2VAl,Fe1.95V1.05Al0.97Si0.03,X2YZ,Si,0.03,Al,319.5,-179.505,8.01E-06,,Poly,Bulk,"homogenized at 1273K for 48 h, annealed at 1273K for 1 h and then at 673 K for 4 h",Doping effects on thermoelectric properties of the off- stoichiometric Heusler compounds Fe2−xV1+xAl Doping effects on thermoelectric properties of the off- stoichiometric Heusler compounds Fe2−xV1+xAl ,,,,,,
Fe2VAl,Fe1.95V1.05Al0.97Si0.03,X2YZ,Si,0.03,Al,340.4,-175.972,7.74E-06,,Poly,Bulk,"homogenized at 1273K for 48 h, annealed at 1273K for 1 h and then at 673 K for 4 h",Doping effects on thermoelectric properties of the off- stoichiometric Heusler compounds Fe2−xV1+xAl Doping effects on thermoelectric properties of the off- stoichiometric Heusler compounds Fe2−xV1+xAl ,,,,,,
Fe2VAl,Fe1.95V1.05Al0.97Si0.03,X2YZ,Si,0.03,Al,359.2,-171.26,7.50E-06,,Poly,Bulk,"homogenized at 1273K for 48 h, annealed at 1273K for 1 h and then at 673 K for 4 h",Doping effects on thermoelectric properties of the off- stoichiometric Heusler compounds Fe2−xV1+xAl Doping effects on thermoelectric properties of the off- stoichiometric Heusler compounds Fe2−xV1+xAl ,,,,,,
Fe2VAl,Fe1.95V1.05Al0.97Si0.03,X2YZ,Si,0.03,Al,380.1,-164.429,7.23E-06,,Poly,Bulk,"homogenized at 1273K for 48 h, annealed at 1273K for 1 h and then at 673 K for 4 h",Doping effects on thermoelectric properties of the off- stoichiometric Heusler compounds Fe2−xV1+xAl Doping effects on thermoelectric properties of the off- stoichiometric Heusler compounds Fe2−xV1+xAl ,,,,,,
Fe2VAl,Fe1.95V1.05Al0.97Si0.03,X2YZ,Si,0.03,Al,400,-160.895,6.95E-06,,Poly,Bulk,"homogenized at 1273K for 48 h, annealed at 1273K for 1 h and then at 673 K for 4 h",Doping effects on thermoelectric properties of the off- stoichiometric Heusler compounds Fe2−xV1+xAl Doping effects on thermoelectric properties of the off- stoichiometric Heusler compounds Fe2−xV1+xAl ,,,,,,
Fe2VAl,Fe1.95V1.05Al0.95Si0.05,X2YZ,Si,0.05,Al,102.2,-74.4405,7.04E-06,,Poly,Bulk,"homogenized at 1273K for 48 h, annealed at 1273K for 1 h and then at 673 K for 4 h",Doping effects on thermoelectric properties of the off- stoichiometric Heusler compounds Fe2−xV1+xAl Doping effects on thermoelectric properties of the off- stoichiometric Heusler compounds Fe2−xV1+xAl ,,,,,,
Fe2VAl,Fe1.95V1.05Al0.95Si0.05,X2YZ,Si,0.05,Al,119.9,-90.9305,7.12E-06,,Poly,Bulk,"homogenized at 1273K for 48 h, annealed at 1273K for 1 h and then at 673 K for 4 h",Doping effects on thermoelectric properties of the off- stoichiometric Heusler compounds Fe2−xV1+xAl Doping effects on thermoelectric properties of the off- stoichiometric Heusler compounds Fe2−xV1+xAl ,,,,,,
Fe2VAl,Fe1.95V1.05Al0.95Si0.05,X2YZ,Si,0.05,Al,140.3,-107.42,7.21E-06,,Poly,Bulk,"homogenized at 1273K for 48 h, annealed at 1273K for 1 h and then at 673 K for 4 h",Doping effects on thermoelectric properties of the off- stoichiometric Heusler compounds Fe2−xV1+xAl Doping effects on thermoelectric properties of the off- stoichiometric Heusler compounds Fe2−xV1+xAl ,,,,,,
Fe2VAl,Fe1.95V1.05Al0.95Si0.05,X2YZ,Si,0.05,Al,160.1,-123.439,7.26E-06,,Poly,Bulk,"homogenized at 1273K for 48 h, annealed at 1273K for 1 h and then at 673 K for 4 h",Doping effects on thermoelectric properties of the off- stoichiometric Heusler compounds Fe2−xV1+xAl Doping effects on thermoelectric properties of the off- stoichiometric Heusler compounds Fe2−xV1+xAl ,,,,,,
Fe2VAl,Fe1.95V1.05Al0.95Si0.05,X2YZ,Si,0.05,Al,180.5,-137.809,7.24E-06,,Poly,Bulk,"homogenized at 1273K for 48 h, annealed at 1273K for 1 h and then at 673 K for 4 h",Doping effects on thermoelectric properties of the off- stoichiometric Heusler compounds Fe2−xV1+xAl Doping effects on thermoelectric properties of the off- stoichiometric Heusler compounds Fe2−xV1+xAl ,,,,,,
Fe2VAl,Fe1.95V1.05Al0.95Si0.05,X2YZ,Si,0.05,Al,199.8,-149.352,7.17E-06,,Poly,Bulk,"homogenized at 1273K for 48 h, annealed at 1273K for 1 h and then at 673 K for 4 h",Doping effects on thermoelectric properties of the off- stoichiometric Heusler compounds Fe2−xV1+xAl Doping effects on thermoelectric properties of the off- stoichiometric Heusler compounds Fe2−xV1+xAl ,,,,,,
Fe2VAl,Fe1.95V1.05Al0.95Si0.05,X2YZ,Si,0.05,Al,220.2,-157.833,7.08E-06,,Poly,Bulk,"homogenized at 1273K for 48 h, annealed at 1273K for 1 h and then at 673 K for 4 h",Doping effects on thermoelectric properties of the off- stoichiometric Heusler compounds Fe2−xV1+xAl Doping effects on thermoelectric properties of the off- stoichiometric Heusler compounds Fe2−xV1+xAl ,,,,,,
Fe2VAl,Fe1.95V1.05Al0.95Si0.05,X2YZ,Si,0.05,Al,239.5,-164.429,6.98E-06,,Poly,Bulk,"homogenized at 1273K for 48 h, annealed at 1273K for 1 h and then at 673 K for 4 h",Doping effects on thermoelectric properties of the off- stoichiometric Heusler compounds Fe2−xV1+xAl Doping effects on thermoelectric properties of the off- stoichiometric Heusler compounds Fe2−xV1+xAl ,,,,,,
Fe2VAl,Fe1.95V1.05Al0.95Si0.05,X2YZ,Si,0.05,Al,261,-168.905,6.87E-06,,Poly,Bulk,"homogenized at 1273K for 48 h, annealed at 1273K for 1 h and then at 673 K for 4 h",Doping effects on thermoelectric properties of the off- stoichiometric Heusler compounds Fe2−xV1+xAl Doping effects on thermoelectric properties of the off- stoichiometric Heusler compounds Fe2−xV1+xAl ,,,,,,
Fe2VAl,Fe1.95V1.05Al0.95Si0.05,X2YZ,Si,0.05,Al,280.3,-171.26,6.78E-06,,Poly,Bulk,"homogenized at 1273K for 48 h, annealed at 1273K for 1 h and then at 673 K for 4 h",Doping effects on thermoelectric properties of the off- stoichiometric Heusler compounds Fe2−xV1+xAl Doping effects on thermoelectric properties of the off- stoichiometric Heusler compounds Fe2−xV1+xAl ,,,,,,
Fe2VAl,Fe1.95V1.05Al0.95Si0.05,X2YZ,Si,0.05,Al,300.2,-171.26,6.70E-06,,Poly,Bulk,"homogenized at 1273K for 48 h, annealed at 1273K for 1 h and then at 673 K for 4 h",Doping effects on thermoelectric properties of the off- stoichiometric Heusler compounds Fe2−xV1+xAl Doping effects on thermoelectric properties of the off- stoichiometric Heusler compounds Fe2−xV1+xAl ,,,,,,
Fe2VAl,Fe1.95V1.05Al0.95Si0.05,X2YZ,Si,0.05,Al,321.1,-170.789,6.63E-06,,Poly,Bulk,"homogenized at 1273K for 48 h, annealed at 1273K for 1 h and then at 673 K for 4 h",Doping effects on thermoelectric properties of the off- stoichiometric Heusler compounds Fe2−xV1+xAl Doping effects on thermoelectric properties of the off- stoichiometric Heusler compounds Fe2−xV1+xAl ,,,,,,
Fe2VAl,Fe1.95V1.05Al0.95Si0.05,X2YZ,Si,0.05,Al,339.9,-167.256,6.57E-06,,Poly,Bulk,"homogenized at 1273K for 48 h, annealed at 1273K for 1 h and then at 673 K for 4 h",Doping effects on thermoelectric properties of the off- stoichiometric Heusler compounds Fe2−xV1+xAl Doping effects on thermoelectric properties of the off- stoichiometric Heusler compounds Fe2−xV1+xAl ,,,,,,
Fe2VAl,Fe1.95V1.05Al0.95Si0.05,X2YZ,Si,0.05,Al,360.3,-163.251,6.46E-06,,Poly,Bulk,"homogenized at 1273K for 48 h, annealed at 1273K for 1 h and then at 673 K for 4 h",Doping effects on thermoelectric properties of the off- stoichiometric Heusler compounds Fe2−xV1+xAl Doping effects on thermoelectric properties of the off- stoichiometric Heusler compounds Fe2−xV1+xAl ,,,,,,
Fe2VAl,Fe1.95V1.05Al0.95Si0.05,X2YZ,Si,0.05,Al,379,-156.655,6.30E-06,,Poly,Bulk,"homogenized at 1273K for 48 h, annealed at 1273K for 1 h and then at 673 K for 4 h",Doping effects on thermoelectric properties of the off- stoichiometric Heusler compounds Fe2−xV1+xAl Doping effects on thermoelectric properties of the off- stoichiometric Heusler compounds Fe2−xV1+xAl ,,,,,,
Fe2VAl,Fe1.95V1.05Al0.95Si0.05,X2YZ,Si,0.05,Al,400.6,-154.064,6.10E-06,,Poly,Bulk,"homogenized at 1273K for 48 h, annealed at 1273K for 1 h and then at 673 K for 4 h",Doping effects on thermoelectric properties of the off- stoichiometric Heusler compounds Fe2−xV1+xAl Doping effects on thermoelectric properties of the off- stoichiometric Heusler compounds Fe2−xV1+xAl ,,,,,,
Fe2VAl,Fe1.95V1.05Al0.90Si0.10,X2YZ,Si,0.1,Al,99.45,-75.8539,3.32E-06,,Poly,Bulk,"homogenized at 1273K for 48 h, annealed at 1273K for 1 h and then at 673 K for 4 h",Doping effects on thermoelectric properties of the off- stoichiometric Heusler compounds Fe2−xV1+xAl Doping effects on thermoelectric properties of the off- stoichiometric Heusler compounds Fe2−xV1+xAl ,,,,,,
Fe2VAl,Fe1.95V1.05Al0.90Si0.10,X2YZ,Si,0.1,Al,118.2,-86.4547,3.43E-06,,Poly,Bulk,"homogenized at 1273K for 48 h, annealed at 1273K for 1 h and then at 673 K for 4 h",Doping effects on thermoelectric properties of the off- stoichiometric Heusler compounds Fe2−xV1+xAl Doping effects on thermoelectric properties of the off- stoichiometric Heusler compounds Fe2−xV1+xAl ,,,,,,
Fe2VAl,Fe1.95V1.05Al0.90Si0.10,X2YZ,Si,0.1,Al,139.7,-97.2909,3.56E-06,,Poly,Bulk,"homogenized at 1273K for 48 h, annealed at 1273K for 1 h and then at 673 K for 4 h",Doping effects on thermoelectric properties of the off- stoichiometric Heusler compounds Fe2−xV1+xAl Doping effects on thermoelectric properties of the off- stoichiometric Heusler compounds Fe2−xV1+xAl ,,,,,,
Fe2VAl,Fe1.95V1.05Al0.90Si0.10,X2YZ,Si,0.1,Al,159,-107.656,3.68E-06,,Poly,Bulk,"homogenized at 1273K for 48 h, annealed at 1273K for 1 h and then at 673 K for 4 h",Doping effects on thermoelectric properties of the off- stoichiometric Heusler compounds Fe2−xV1+xAl Doping effects on thermoelectric properties of the off- stoichiometric Heusler compounds Fe2−xV1+xAl ,,,,,,
Fe2VAl,Fe1.95V1.05Al0.90Si0.10,X2YZ,Si,0.1,Al,179.4,-117.079,3.80E-06,,Poly,Bulk,"homogenized at 1273K for 48 h, annealed at 1273K for 1 h and then at 673 K for 4 h",Doping effects on thermoelectric properties of the off- stoichiometric Heusler compounds Fe2−xV1+xAl Doping effects on thermoelectric properties of the off- stoichiometric Heusler compounds Fe2−xV1+xAl ,,,,,,
Fe2VAl,Fe1.95V1.05Al0.90Si0.10,X2YZ,Si,0.1,Al,197.6,-124.382,3.91E-06,,Poly,Bulk,"homogenized at 1273K for 48 h, annealed at 1273K for 1 h and then at 673 K for 4 h",Doping effects on thermoelectric properties of the off- stoichiometric Heusler compounds Fe2−xV1+xAl Doping effects on thermoelectric properties of the off- stoichiometric Heusler compounds Fe2−xV1+xAl ,,,,,,
Fe2VAl,Fe1.95V1.05Al0.90Si0.10,X2YZ,Si,0.1,Al,219.7,-132.155,4.03E-06,,Poly,Bulk,"homogenized at 1273K for 48 h, annealed at 1273K for 1 h and then at 673 K for 4 h",Doping effects on thermoelectric properties of the off- stoichiometric Heusler compounds Fe2−xV1+xAl Doping effects on thermoelectric properties of the off- stoichiometric Heusler compounds Fe2−xV1+xAl ,,,,,,
Fe2VAl,Fe1.95V1.05Al0.90Si0.10,X2YZ,Si,0.1,Al,239,-138.751,4.13E-06,,Poly,Bulk,"homogenized at 1273K for 48 h, annealed at 1273K for 1 h and then at 673 K for 4 h",Doping effects on thermoelectric properties of the off- stoichiometric Heusler compounds Fe2−xV1+xAl Doping effects on thermoelectric properties of the off- stoichiometric Heusler compounds Fe2−xV1+xAl ,,,,,,
Fe2VAl,Fe1.95V1.05Al0.90Si0.10,X2YZ,Si,0.1,Al,258.3,-145.819,4.23E-06,,Poly,Bulk,"homogenized at 1273K for 48 h, annealed at 1273K for 1 h and then at 673 K for 4 h",Doping effects on thermoelectric properties of the off- stoichiometric Heusler compounds Fe2−xV1+xAl Doping effects on thermoelectric properties of the off- stoichiometric Heusler compounds Fe2−xV1+xAl ,,,,,,
Fe2VAl,Fe1.95V1.05Al0.90Si0.10,X2YZ,Si,0.1,Al,279.8,-149.352,4.34E-06,,Poly,Bulk,"homogenized at 1273K for 48 h, annealed at 1273K for 1 h and then at 673 K for 4 h",Doping effects on thermoelectric properties of the off- stoichiometric Heusler compounds Fe2−xV1+xAl Doping effects on thermoelectric properties of the off- stoichiometric Heusler compounds Fe2−xV1+xAl ,,,,,,
Fe2VAl,Fe1.95V1.05Al0.90Si0.10,X2YZ,Si,0.1,Al,300.7,-154.535,4.45E-06,,Poly,Bulk,"homogenized at 1273K for 48 h, annealed at 1273K for 1 h and then at 673 K for 4 h",Doping effects on thermoelectric properties of the off- stoichiometric Heusler compounds Fe2−xV1+xAl Doping effects on thermoelectric properties of the off- stoichiometric Heusler compounds Fe2−xV1+xAl ,,,,,,
Fe2VAl,Fe1.95V1.05Al0.90Si0.10,X2YZ,Si,0.1,Al,318.9,-156.89,4.53E-06,,Poly,Bulk,"homogenized at 1273K for 48 h, annealed at 1273K for 1 h and then at 673 K for 4 h",Doping effects on thermoelectric properties of the off- stoichiometric Heusler compounds Fe2−xV1+xAl Doping effects on thermoelectric properties of the off- stoichiometric Heusler compounds Fe2−xV1+xAl ,,,,,,
Fe2VAl,Fe1.95V1.05Al0.90Si0.10,X2YZ,Si,0.1,Al,339.3,-157.126,4.62E-06,,Poly,Bulk,"homogenized at 1273K for 48 h, annealed at 1273K for 1 h and then at 673 K for 4 h",Doping effects on thermoelectric properties of the off- stoichiometric Heusler compounds Fe2−xV1+xAl Doping effects on thermoelectric properties of the off- stoichiometric Heusler compounds Fe2−xV1+xAl ,,,,,,
Fe2VAl,Fe1.95V1.05Al0.90Si0.10,X2YZ,Si,0.1,Al,359.7,-156.419,4.69E-06,,Poly,Bulk,"homogenized at 1273K for 48 h, annealed at 1273K for 1 h and then at 673 K for 4 h",Doping effects on thermoelectric properties of the off- stoichiometric Heusler compounds Fe2−xV1+xAl Doping effects on thermoelectric properties of the off- stoichiometric Heusler compounds Fe2−xV1+xAl ,,,,,,
Fe2VAl,Fe1.95V1.05Al0.90Si0.10,X2YZ,Si,0.1,Al,380.1,-155.948,4.73E-06,,Poly,Bulk,"homogenized at 1273K for 48 h, annealed at 1273K for 1 h and then at 673 K for 4 h",Doping effects on thermoelectric properties of the off- stoichiometric Heusler compounds Fe2−xV1+xAl Doping effects on thermoelectric properties of the off- stoichiometric Heusler compounds Fe2−xV1+xAl ,,,,,,
Fe2VAl,Fe1.95V1.05Al0.90Si0.10,X2YZ,Si,0.1,Al,401.1,-155.241,4.75E-06,,Poly,Bulk,"homogenized at 1273K for 48 h, annealed at 1273K for 1 h and then at 673 K for 4 h",Doping effects on thermoelectric properties of the off- stoichiometric Heusler compounds Fe2−xV1+xAl Doping effects on thermoelectric properties of the off- stoichiometric Heusler compounds Fe2−xV1+xAl ,,,,,,
Fe2VAl,Fe2.07V0.93Al,X2YZ,X,X,X,100.6,50.26,1.24E-05,,Poly,Bulk,"homogenized at 1273K for 48 h, annealed at 1273K for 1 h and then at 673 K for 4 h",Doping effects on thermoelectric properties of the off- stoichiometric Heusler compounds Fe2−xV1+xAl Doping effects on thermoelectric properties of the off- stoichiometric Heusler compounds Fe2−xV1+xAl ,,,,,,
Fe2VAl,Fe2.07V0.93Al,X2YZ,X,X,X,120.5,57.38,1.15E-05,,Poly,Bulk,"homogenized at 1273K for 48 h, annealed at 1273K for 1 h and then at 673 K for 4 h",Doping effects on thermoelectric properties of the off- stoichiometric Heusler compounds Fe2−xV1+xAl Doping effects on thermoelectric properties of the off- stoichiometric Heusler compounds Fe2−xV1+xAl ,,,,,,
Fe2VAl,Fe2.07V0.93Al,X2YZ,X,X,X,139.8,62.95,1.07E-05,,Poly,Bulk,"homogenized at 1273K for 48 h, annealed at 1273K for 1 h and then at 673 K for 4 h",Doping effects on thermoelectric properties of the off- stoichiometric Heusler compounds Fe2−xV1+xAl Doping effects on thermoelectric properties of the off- stoichiometric Heusler compounds Fe2−xV1+xAl ,,,,,,
Fe2VAl,Fe2.07V0.93Al,X2YZ,X,X,X,160.8,67.62,1.01E-05,,Poly,Bulk,"homogenized at 1273K for 48 h, annealed at 1273K for 1 h and then at 673 K for 4 h",Doping effects on thermoelectric properties of the off- stoichiometric Heusler compounds Fe2−xV1+xAl Doping effects on thermoelectric properties of the off- stoichiometric Heusler compounds Fe2−xV1+xAl ,,,,,,
Fe2VAl,Fe2.07V0.93Al,X2YZ,X,X,X,180.7,72.28,9.55E-06,,Poly,Bulk,"homogenized at 1273K for 48 h, annealed at 1273K for 1 h and then at 673 K for 4 h",Doping effects on thermoelectric properties of the off- stoichiometric Heusler compounds Fe2−xV1+xAl Doping effects on thermoelectric properties of the off- stoichiometric Heusler compounds Fe2−xV1+xAl ,,,,,,
Fe2VAl,Fe2.07V0.93Al,X2YZ,X,X,X,201.2,76.3,9.05E-06,,Poly,Bulk,"homogenized at 1273K for 48 h, annealed at 1273K for 1 h and then at 673 K for 4 h",Doping effects on thermoelectric properties of the off- stoichiometric Heusler compounds Fe2−xV1+xAl Doping effects on thermoelectric properties of the off- stoichiometric Heusler compounds Fe2−xV1+xAl ,,,,,,
Fe2VAl,Fe2.07V0.93Al,X2YZ,X,X,X,221.7,78.37,8.59E-06,,Poly,Bulk,"homogenized at 1273K for 48 h, annealed at 1273K for 1 h and then at 673 K for 4 h",Doping effects on thermoelectric properties of the off- stoichiometric Heusler compounds Fe2−xV1+xAl Doping effects on thermoelectric properties of the off- stoichiometric Heusler compounds Fe2−xV1+xAl ,,,,,,
Fe2VAl,Fe2.07V0.93Al,X2YZ,X,X,X,242.8,80.18,8.13E-06,,Poly,Bulk,"homogenized at 1273K for 48 h, annealed at 1273K for 1 h and then at 673 K for 4 h",Doping effects on thermoelectric properties of the off- stoichiometric Heusler compounds Fe2−xV1+xAl Doping effects on thermoelectric properties of the off- stoichiometric Heusler compounds Fe2−xV1+xAl ,,,,,,
Fe2VAl,Fe2.07V0.93Al,X2YZ,X,X,X,262.7,82.25,7.71E-06,,Poly,Bulk,"homogenized at 1273K for 48 h, annealed at 1273K for 1 h and then at 673 K for 4 h",Doping effects on thermoelectric properties of the off- stoichiometric Heusler compounds Fe2−xV1+xAl Doping effects on thermoelectric properties of the off- stoichiometric Heusler compounds Fe2−xV1+xAl ,,,,,,
Fe2VAl,Fe2.07V0.93Al,X2YZ,X,X,X,278.9,81.35,7.38E-06,,Poly,Bulk,"homogenized at 1273K for 48 h, annealed at 1273K for 1 h and then at 673 K for 4 h",Doping effects on thermoelectric properties of the off- stoichiometric Heusler compounds Fe2−xV1+xAl Doping effects on thermoelectric properties of the off- stoichiometric Heusler compounds Fe2−xV1+xAl ,,,,,,
Fe2VAl,Fe2.07V0.93Al,X2YZ,X,X,X,301.2,79.4,6.93E-06,,Poly,Bulk,"homogenized at 1273K for 48 h, annealed at 1273K for 1 h and then at 673 K for 4 h",Doping effects on thermoelectric properties of the off- stoichiometric Heusler compounds Fe2−xV1+xAl Doping effects on thermoelectric properties of the off- stoichiometric Heusler compounds Fe2−xV1+xAl ,,,,,,
Fe2VAl,Fe2.07V0.93Al,X2YZ,X,X,X,319.3,76.3,6.59E-06,,Poly,Bulk,"homogenized at 1273K for 48 h, annealed at 1273K for 1 h and then at 673 K for 4 h",Doping effects on thermoelectric properties of the off- stoichiometric Heusler compounds Fe2−xV1+xAl Doping effects on thermoelectric properties of the off- stoichiometric Heusler compounds Fe2−xV1+xAl ,,,,,,
Fe2VAl,Fe2.07V0.93Al,X2YZ,X,X,X,341.6,73.96,6.24E-06,,Poly,Bulk,"homogenized at 1273K for 48 h, annealed at 1273K for 1 h and then at 673 K for 4 h",Doping effects on thermoelectric properties of the off- stoichiometric Heusler compounds Fe2−xV1+xAl Doping effects on thermoelectric properties of the off- stoichiometric Heusler compounds Fe2−xV1+xAl ,,,,,,
Fe2VAl,Fe2.07V0.93Al,X2YZ,X,X,X,357.8,70.47,6.00E-06,,Poly,Bulk,"homogenized at 1273K for 48 h, annealed at 1273K for 1 h and then at 673 K for 4 h",Doping effects on thermoelectric properties of the off- stoichiometric Heusler compounds Fe2−xV1+xAl Doping effects on thermoelectric properties of the off- stoichiometric Heusler compounds Fe2−xV1+xAl ,,,,,,
Fe2VAl,Fe2.07V0.93Al,X2YZ,X,X,X,380.1,66.45,5.69E-06,,Poly,Bulk,"homogenized at 1273K for 48 h, annealed at 1273K for 1 h and then at 673 K for 4 h",Doping effects on thermoelectric properties of the off- stoichiometric Heusler compounds Fe2−xV1+xAl Doping effects on thermoelectric properties of the off- stoichiometric Heusler compounds Fe2−xV1+xAl ,,,,,,
Fe2VAl,Fe2.07V0.9Ti0.03Al,X2YZ,Ti,0.03,V,100.6,54.79,5.93E-06,,Poly,Bulk,"homogenized at 1273K for 48 h, annealed at 1273K for 1 h and then at 673 K for 4 h",Doping effects on thermoelectric properties of the off- stoichiometric Heusler compounds Fe2−xV1+xAl Doping effects on thermoelectric properties of the off- stoichiometric Heusler compounds Fe2−xV1+xAl ,,,,,,
Fe2VAl,Fe2.07V0.9Ti0.03Al,X2YZ,Ti,0.03,V,119.9,61.66,5.75E-06,,Poly,Bulk,"homogenized at 1273K for 48 h, annealed at 1273K for 1 h and then at 673 K for 4 h",Doping effects on thermoelectric properties of the off- stoichiometric Heusler compounds Fe2−xV1+xAl Doping effects on thermoelectric properties of the off- stoichiometric Heusler compounds Fe2−xV1+xAl ,,,,,,
Fe2VAl,Fe2.07V0.9Ti0.03Al,X2YZ,Ti,0.03,V,139.8,67.62,5.57E-06,,Poly,Bulk,"homogenized at 1273K for 48 h, annealed at 1273K for 1 h and then at 673 K for 4 h",Doping effects on thermoelectric properties of the off- stoichiometric Heusler compounds Fe2−xV1+xAl Doping effects on thermoelectric properties of the off- stoichiometric Heusler compounds Fe2−xV1+xAl ,,,,,,
Fe2VAl,Fe2.07V0.9Ti0.03Al,X2YZ,Ti,0.03,V,160.8,73.32,5.40E-06,,Poly,Bulk,"homogenized at 1273K for 48 h, annealed at 1273K for 1 h and then at 673 K for 4 h",Doping effects on thermoelectric properties of the off- stoichiometric Heusler compounds Fe2−xV1+xAl Doping effects on thermoelectric properties of the off- stoichiometric Heusler compounds Fe2−xV1+xAl ,,,,,,
Fe2VAl,Fe2.07V0.9Ti0.03Al,X2YZ,Ti,0.03,V,180.7,78.5,5.25E-06,,Poly,Bulk,"homogenized at 1273K for 48 h, annealed at 1273K for 1 h and then at 673 K for 4 h",Doping effects on thermoelectric properties of the off- stoichiometric Heusler compounds Fe2−xV1+xAl Doping effects on thermoelectric properties of the off- stoichiometric Heusler compounds Fe2−xV1+xAl ,,,,,,
Fe2VAl,Fe2.07V0.9Ti0.03Al,X2YZ,Ti,0.03,V,199.4,83.16,5.12E-06,,Poly,Bulk,"homogenized at 1273K for 48 h, annealed at 1273K for 1 h and then at 673 K for 4 h",Doping effects on thermoelectric properties of the off- stoichiometric Heusler compounds Fe2−xV1+xAl Doping effects on thermoelectric properties of the off- stoichiometric Heusler compounds Fe2−xV1+xAl ,,,,,,
Fe2VAl,Fe2.07V0.9Ti0.03Al,X2YZ,Ti,0.03,V,221.1,87.18,4.99E-06,,Poly,Bulk,"homogenized at 1273K for 48 h, annealed at 1273K for 1 h and then at 673 K for 4 h",Doping effects on thermoelectric properties of the off- stoichiometric Heusler compounds Fe2−xV1+xAl Doping effects on thermoelectric properties of the off- stoichiometric Heusler compounds Fe2−xV1+xAl ,,,,,,
Fe2VAl,Fe2.07V0.9Ti0.03Al,X2YZ,Ti,0.03,V,239.8,90.8,4.88E-06,,Poly,Bulk,"homogenized at 1273K for 48 h, annealed at 1273K for 1 h and then at 673 K for 4 h",Doping effects on thermoelectric properties of the off- stoichiometric Heusler compounds Fe2−xV1+xAl Doping effects on thermoelectric properties of the off- stoichiometric Heusler compounds Fe2−xV1+xAl ,,,,,,
Fe2VAl,Fe2.07V0.9Ti0.03Al,X2YZ,Ti,0.03,V,261.4,94.04,4.77E-06,,Poly,Bulk,"homogenized at 1273K for 48 h, annealed at 1273K for 1 h and then at 673 K for 4 h",Doping effects on thermoelectric properties of the off- stoichiometric Heusler compounds Fe2−xV1+xAl Doping effects on thermoelectric properties of the off- stoichiometric Heusler compounds Fe2−xV1+xAl ,,,,,,
Fe2VAl,Fe2.07V0.9Ti0.03Al,X2YZ,Ti,0.03,V,279.5,95.98,4.67E-06,,Poly,Bulk,"homogenized at 1273K for 48 h, annealed at 1273K for 1 h and then at 673 K for 4 h",Doping effects on thermoelectric properties of the off- stoichiometric Heusler compounds Fe2−xV1+xAl Doping effects on thermoelectric properties of the off- stoichiometric Heusler compounds Fe2−xV1+xAl ,,,,,,
Fe2VAl,Fe2.07V0.9Ti0.03Al,X2YZ,Ti,0.03,V,300.6,97.02,4.56E-06,,Poly,Bulk,"homogenized at 1273K for 48 h, annealed at 1273K for 1 h and then at 673 K for 4 h",Doping effects on thermoelectric properties of the off- stoichiometric Heusler compounds Fe2−xV1+xAl Doping effects on thermoelectric properties of the off- stoichiometric Heusler compounds Fe2−xV1+xAl ,,,,,,
Fe2VAl,Fe2.07V0.9Ti0.03Al,X2YZ,Ti,0.03,V,319.9,96.63,4.47E-06,,Poly,Bulk,"homogenized at 1273K for 48 h, annealed at 1273K for 1 h and then at 673 K for 4 h",Doping effects on thermoelectric properties of the off- stoichiometric Heusler compounds Fe2−xV1+xAl Doping effects on thermoelectric properties of the off- stoichiometric Heusler compounds Fe2−xV1+xAl ,,,,,,
Fe2VAl,Fe2.07V0.9Ti0.03Al,X2YZ,Ti,0.03,V,339.2,95.73,4.38E-06,,Poly,Bulk,"homogenized at 1273K for 48 h, annealed at 1273K for 1 h and then at 673 K for 4 h",Doping effects on thermoelectric properties of the off- stoichiometric Heusler compounds Fe2−xV1+xAl Doping effects on thermoelectric properties of the off- stoichiometric Heusler compounds Fe2−xV1+xAl ,,,,,,
Fe2VAl,Fe2.07V0.9Ti0.03Al,X2YZ,Ti,0.03,V,359.6,94.17,4.29E-06,,Poly,Bulk,"homogenized at 1273K for 48 h, annealed at 1273K for 1 h and then at 673 K for 4 h",Doping effects on thermoelectric properties of the off- stoichiometric Heusler compounds Fe2−xV1+xAl Doping effects on thermoelectric properties of the off- stoichiometric Heusler compounds Fe2−xV1+xAl ,,,,,,
Fe2VAl,Fe2.07V0.9Ti0.03Al,X2YZ,Ti,0.03,V,380.1,92.23,4.21E-06,,Poly,Bulk,"homogenized at 1273K for 48 h, annealed at 1273K for 1 h and then at 673 K for 4 h",Doping effects on thermoelectric properties of the off- stoichiometric Heusler compounds Fe2−xV1+xAl Doping effects on thermoelectric properties of the off- stoichiometric Heusler compounds Fe2−xV1+xAl ,,,,,,
Fe2VAl,Fe2.07V0.9Ti0.03Al,X2YZ,Ti,0.03,V,399.4,90.8,4.15E-06,,Poly,Bulk,"homogenized at 1273K for 48 h, annealed at 1273K for 1 h and then at 673 K for 4 h",Doping effects on thermoelectric properties of the off- stoichiometric Heusler compounds Fe2−xV1+xAl Doping effects on thermoelectric properties of the off- stoichiometric Heusler compounds Fe2−xV1+xAl ,,,,,,
Fe2VAl,Fe2.07V0.88Ti0.05Al,X2YZ,Ti,0.05,V,100.6,27.2,3.23E-06,,Poly,Bulk,"homogenized at 1273K for 48 h, annealed at 1273K for 1 h and then at 673 K for 4 h",Doping effects on thermoelectric properties of the off- stoichiometric Heusler compounds Fe2−xV1+xAl Doping effects on thermoelectric properties of the off- stoichiometric Heusler compounds Fe2−xV1+xAl ,,,,,,
Fe2VAl,Fe2.07V0.88Ti0.05Al,X2YZ,Ti,0.05,V,121.1,32.38,3.27E-06,,Poly,Bulk,"homogenized at 1273K for 48 h, annealed at 1273K for 1 h and then at 673 K for 4 h",Doping effects on thermoelectric properties of the off- stoichiometric Heusler compounds Fe2−xV1+xAl Doping effects on thermoelectric properties of the off- stoichiometric Heusler compounds Fe2−xV1+xAl ,,,,,,
Fe2VAl,Fe2.07V0.88Ti0.05Al,X2YZ,Ti,0.05,V,140.4,37.44,3.31E-06,,Poly,Bulk,"homogenized at 1273K for 48 h, annealed at 1273K for 1 h and then at 673 K for 4 h",Doping effects on thermoelectric properties of the off- stoichiometric Heusler compounds Fe2−xV1+xAl Doping effects on thermoelectric properties of the off- stoichiometric Heusler compounds Fe2−xV1+xAl ,,,,,,
Fe2VAl,Fe2.07V0.88Ti0.05Al,X2YZ,Ti,0.05,V,161.4,43.13,3.35E-06,,Poly,Bulk,"homogenized at 1273K for 48 h, annealed at 1273K for 1 h and then at 673 K for 4 h",Doping effects on thermoelectric properties of the off- stoichiometric Heusler compounds Fe2−xV1+xAl Doping effects on thermoelectric properties of the off- stoichiometric Heusler compounds Fe2−xV1+xAl ,,,,,,
Fe2VAl,Fe2.07V0.88Ti0.05Al,X2YZ,Ti,0.05,V,180.7,48.45,3.39E-06,,Poly,Bulk,"homogenized at 1273K for 48 h, annealed at 1273K for 1 h and then at 673 K for 4 h",Doping effects on thermoelectric properties of the off- stoichiometric Heusler compounds Fe2−xV1+xAl Doping effects on thermoelectric properties of the off- stoichiometric Heusler compounds Fe2−xV1+xAl ,,,,,,
Fe2VAl,Fe2.07V0.88Ti0.05Al,X2YZ,Ti,0.05,V,201.2,54.15,3.44E-06,,Poly,Bulk,"homogenized at 1273K for 48 h, annealed at 1273K for 1 h and then at 673 K for 4 h",Doping effects on thermoelectric properties of the off- stoichiometric Heusler compounds Fe2−xV1+xAl Doping effects on thermoelectric properties of the off- stoichiometric Heusler compounds Fe2−xV1+xAl ,,,,,,
Fe2VAl,Fe2.07V0.88Ti0.05Al,X2YZ,Ti,0.05,V,221.1,59.07,3.50E-06,,Poly,Bulk,"homogenized at 1273K for 48 h, annealed at 1273K for 1 h and then at 673 K for 4 h",Doping effects on thermoelectric properties of the off- stoichiometric Heusler compounds Fe2−xV1+xAl Doping effects on thermoelectric properties of the off- stoichiometric Heusler compounds Fe2−xV1+xAl ,,,,,,
Fe2VAl,Fe2.07V0.88Ti0.05Al,X2YZ,Ti,0.05,V,240.4,64.51,3.56E-06,,Poly,Bulk,"homogenized at 1273K for 48 h, annealed at 1273K for 1 h and then at 673 K for 4 h",Doping effects on thermoelectric properties of the off- stoichiometric Heusler compounds Fe2−xV1+xAl Doping effects on thermoelectric properties of the off- stoichiometric Heusler compounds Fe2−xV1+xAl ,,,,,,
Fe2VAl,Fe2.07V0.88Ti0.05Al,X2YZ,Ti,0.05,V,259,69.04,3.62E-06,,Poly,Bulk,"homogenized at 1273K for 48 h, annealed at 1273K for 1 h and then at 673 K for 4 h",Doping effects on thermoelectric properties of the off- stoichiometric Heusler compounds Fe2−xV1+xAl Doping effects on thermoelectric properties of the off- stoichiometric Heusler compounds Fe2−xV1+xAl ,,,,,,
Fe2VAl,Fe2.07V0.88Ti0.05Al,X2YZ,Ti,0.05,V,280.1,72.28,3.69E-06,,Poly,Bulk,"homogenized at 1273K for 48 h, annealed at 1273K for 1 h and then at 673 K for 4 h",Doping effects on thermoelectric properties of the off- stoichiometric Heusler compounds Fe2−xV1+xAl Doping effects on thermoelectric properties of the off- stoichiometric Heusler compounds Fe2−xV1+xAl ,,,,,,
Fe2VAl,Fe2.07V0.88Ti0.05Al,X2YZ,Ti,0.05,V,300,75.13,3.75E-06,,Poly,Bulk,"homogenized at 1273K for 48 h, annealed at 1273K for 1 h and then at 673 K for 4 h",Doping effects on thermoelectric properties of the off- stoichiometric Heusler compounds Fe2−xV1+xAl Doping effects on thermoelectric properties of the off- stoichiometric Heusler compounds Fe2−xV1+xAl ,,,,,,
Fe2VAl,Fe2.07V0.88Ti0.05Al,X2YZ,Ti,0.05,V,319.9,76.42,3.80E-06,,Poly,Bulk,"homogenized at 1273K for 48 h, annealed at 1273K for 1 h and then at 673 K for 4 h",Doping effects on thermoelectric properties of the off- stoichiometric Heusler compounds Fe2−xV1+xAl Doping effects on thermoelectric properties of the off- stoichiometric Heusler compounds Fe2−xV1+xAl ,,,,,,
Fe2VAl,Fe2.07V0.88Ti0.05Al,X2YZ,Ti,0.05,V,340.4,76.68,3.84E-06,,Poly,Bulk,"homogenized at 1273K for 48 h, annealed at 1273K for 1 h and then at 673 K for 4 h",Doping effects on thermoelectric properties of the off- stoichiometric Heusler compounds Fe2−xV1+xAl Doping effects on thermoelectric properties of the off- stoichiometric Heusler compounds Fe2−xV1+xAl ,,,,,,
Fe2VAl,Fe2.07V0.88Ti0.05Al,X2YZ,Ti,0.05,V,360.2,75.26,3.85E-06,,Poly,Bulk,"homogenized at 1273K for 48 h, annealed at 1273K for 1 h and then at 673 K for 4 h",Doping effects on thermoelectric properties of the off- stoichiometric Heusler compounds Fe2−xV1+xAl Doping effects on thermoelectric properties of the off- stoichiometric Heusler compounds Fe2−xV1+xAl ,,,,,,
Fe2VAl,Fe2.07V0.88Ti0.05Al,X2YZ,Ti,0.05,V,380.1,72.54,3.82E-06,,Poly,Bulk,"homogenized at 1273K for 48 h, annealed at 1273K for 1 h and then at 673 K for 4 h",Doping effects on thermoelectric properties of the off- stoichiometric Heusler compounds Fe2−xV1+xAl Doping effects on thermoelectric properties of the off- stoichiometric Heusler compounds Fe2−xV1+xAl ,,,,,,
Fe2VAl,Fe2.07V0.88Ti0.05Al,X2YZ,Ti,0.05,V,400.6,71.5,3.77E-06,,Poly,Bulk,"homogenized at 1273K for 48 h, annealed at 1273K for 1 h and then at 673 K for 4 h",Doping effects on thermoelectric properties of the off- stoichiometric Heusler compounds Fe2−xV1+xAl Doping effects on thermoelectric properties of the off- stoichiometric Heusler compounds Fe2−xV1+xAl ,,,,,,
Fe2VAl,Fe2.07V0.83Ti0.1Al,X2YZ,Ti,0.1,V,100,38.86,1.94E-06,,Poly,Bulk,"homogenized at 1273K for 48 h, annealed at 1273K for 1 h and then at 673 K for 4 h",Doping effects on thermoelectric properties of the off- stoichiometric Heusler compounds Fe2−xV1+xAl Doping effects on thermoelectric properties of the off- stoichiometric Heusler compounds Fe2−xV1+xAl ,,,,,,
Fe2VAl,Fe2.07V0.83Ti0.1Al,X2YZ,Ti,0.1,V,119.9,43.78,1.95E-06,,Poly,Bulk,"homogenized at 1273K for 48 h, annealed at 1273K for 1 h and then at 673 K for 4 h",Doping effects on thermoelectric properties of the off- stoichiometric Heusler compounds Fe2−xV1+xAl Doping effects on thermoelectric properties of the off- stoichiometric Heusler compounds Fe2−xV1+xAl ,,,,,,
Fe2VAl,Fe2.07V0.83Ti0.1Al,X2YZ,Ti,0.1,V,141.6,50.13,2.01E-06,,Poly,Bulk,"homogenized at 1273K for 48 h, annealed at 1273K for 1 h and then at 673 K for 4 h",Doping effects on thermoelectric properties of the off- stoichiometric Heusler compounds Fe2−xV1+xAl Doping effects on thermoelectric properties of the off- stoichiometric Heusler compounds Fe2−xV1+xAl ,,,,,,
Fe2VAl,Fe2.07V0.83Ti0.1Al,X2YZ,Ti,0.1,V,160.2,53.5,2.08E-06,,Poly,Bulk,"homogenized at 1273K for 48 h, annealed at 1273K for 1 h and then at 673 K for 4 h",Doping effects on thermoelectric properties of the off- stoichiometric Heusler compounds Fe2−xV1+xAl Doping effects on thermoelectric properties of the off- stoichiometric Heusler compounds Fe2−xV1+xAl ,,,,,,
Fe2VAl,Fe2.07V0.83Ti0.1Al,X2YZ,Ti,0.1,V,180.1,57.9,2.15E-06,,Poly,Bulk,"homogenized at 1273K for 48 h, annealed at 1273K for 1 h and then at 673 K for 4 h",Doping effects on thermoelectric properties of the off- stoichiometric Heusler compounds Fe2−xV1+xAl Doping effects on thermoelectric properties of the off- stoichiometric Heusler compounds Fe2−xV1+xAl ,,,,,,
Fe2VAl,Fe2.07V0.83Ti0.1Al,X2YZ,Ti,0.1,V,200.6,62.18,2.20E-06,,Poly,Bulk,"homogenized at 1273K for 48 h, annealed at 1273K for 1 h and then at 673 K for 4 h",Doping effects on thermoelectric properties of the off- stoichiometric Heusler compounds Fe2−xV1+xAl Doping effects on thermoelectric properties of the off- stoichiometric Heusler compounds Fe2−xV1+xAl ,,,,,,
Fe2VAl,Fe2.07V0.83Ti0.1Al,X2YZ,Ti,0.1,V,220.5,67.23,2.26E-06,,Poly,Bulk,"homogenized at 1273K for 48 h, annealed at 1273K for 1 h and then at 673 K for 4 h",Doping effects on thermoelectric properties of the off- stoichiometric Heusler compounds Fe2−xV1+xAl Doping effects on thermoelectric properties of the off- stoichiometric Heusler compounds Fe2−xV1+xAl ,,,,,,
Fe2VAl,Fe2.07V0.83Ti0.1Al,X2YZ,Ti,0.1,V,239.8,71.37,2.33E-06,,Poly,Bulk,"homogenized at 1273K for 48 h, annealed at 1273K for 1 h and then at 673 K for 4 h",Doping effects on thermoelectric properties of the off- stoichiometric Heusler compounds Fe2−xV1+xAl Doping effects on thermoelectric properties of the off- stoichiometric Heusler compounds Fe2−xV1+xAl ,,,,,,
Fe2VAl,Fe2.07V0.83Ti0.1Al,X2YZ,Ti,0.1,V,260.2,75.78,2.39E-06,,Poly,Bulk,"homogenized at 1273K for 48 h, annealed at 1273K for 1 h and then at 673 K for 4 h",Doping effects on thermoelectric properties of the off- stoichiometric Heusler compounds Fe2−xV1+xAl Doping effects on thermoelectric properties of the off- stoichiometric Heusler compounds Fe2−xV1+xAl ,,,,,,
Fe2VAl,Fe2.07V0.83Ti0.1Al,X2YZ,Ti,0.1,V,279.5,79.27,2.45E-06,,Poly,Bulk,"homogenized at 1273K for 48 h, annealed at 1273K for 1 h and then at 673 K for 4 h",Doping effects on thermoelectric properties of the off- stoichiometric Heusler compounds Fe2−xV1+xAl Doping effects on thermoelectric properties of the off- stoichiometric Heusler compounds Fe2−xV1+xAl ,,,,,,
Fe2VAl,Fe2.07V0.83Ti0.1Al,X2YZ,Ti,0.1,V,300,83.16,2.54E-06,,Poly,Bulk,"homogenized at 1273K for 48 h, annealed at 1273K for 1 h and then at 673 K for 4 h",Doping effects on thermoelectric properties of the off- stoichiometric Heusler compounds Fe2−xV1+xAl Doping effects on thermoelectric properties of the off- stoichiometric Heusler compounds Fe2−xV1+xAl ,,,,,,
Fe2VAl,Fe2.07V0.83Ti0.1Al,X2YZ,Ti,0.1,V,319.3,85.62,2.61E-06,,Poly,Bulk,"homogenized at 1273K for 48 h, annealed at 1273K for 1 h and then at 673 K for 4 h",Doping effects on thermoelectric properties of the off- stoichiometric Heusler compounds Fe2−xV1+xAl Doping effects on thermoelectric properties of the off- stoichiometric Heusler compounds Fe2−xV1+xAl ,,,,,,
Fe2VAl,Fe2.07V0.83Ti0.1Al,X2YZ,Ti,0.1,V,340.4,87.82,2.61E-06,,Poly,Bulk,"homogenized at 1273K for 48 h, annealed at 1273K for 1 h and then at 673 K for 4 h",Doping effects on thermoelectric properties of the off- stoichiometric Heusler compounds Fe2−xV1+xAl Doping effects on thermoelectric properties of the off- stoichiometric Heusler compounds Fe2−xV1+xAl ,,,,,,
Fe2VAl,Fe2.07V0.83Ti0.1Al,X2YZ,Ti,0.1,V,359.6,89.25,2.74E-06,,Poly,Bulk,"homogenized at 1273K for 48 h, annealed at 1273K for 1 h and then at 673 K for 4 h",Doping effects on thermoelectric properties of the off- stoichiometric Heusler compounds Fe2−xV1+xAl Doping effects on thermoelectric properties of the off- stoichiometric Heusler compounds Fe2−xV1+xAl ,,,,,,
Fe2VAl,Fe2.07V0.83Ti0.1Al,X2YZ,Ti,0.1,V,379.5,90.8,3.10E-06,,Poly,Bulk,"homogenized at 1273K for 48 h, annealed at 1273K for 1 h and then at 673 K for 4 h",Doping effects on thermoelectric properties of the off- stoichiometric Heusler compounds Fe2−xV1+xAl Doping effects on thermoelectric properties of the off- stoichiometric Heusler compounds Fe2−xV1+xAl ,,,,,,
Fe2VAl,Fe2.07V0.83Ti0.1Al,X2YZ,Ti,0.1,V,399.4,91.97,3.02E-06,,Poly,Bulk,"homogenized at 1273K for 48 h, annealed at 1273K for 1 h and then at 673 K for 4 h",Doping effects on thermoelectric properties of the off- stoichiometric Heusler compounds Fe2−xV1+xAl Doping effects on thermoelectric properties of the off- stoichiometric Heusler compounds Fe2−xV1+xAl ,,,,,,
Fe2VAl,Fe2V0.84Ti0.16Al0.97Sb0.03,X2YZ,"Ti, Sb","0.16, 0.03","V, Al",346.318,89.3392,4.04E-06,,Poly,Bulk,"sintered, pulse-current sintering technique",Power Generation Performance of Thermoelectric Module Consistingof Sb-Doped Heusler Fe2VAl Sintered Alloy,,,,,,
Fe2VAl,Fe2V0.84Ti0.16Al0.97Sb0.03,X2YZ,"Ti, Sb","0.16, 0.03","V, Al",395.012,91.0794,4.08E-06,,Poly,Bulk,"sintered, pulse-current sintering technique",Power Generation Performance of Thermoelectric Module Consistingof Sb-Doped Heusler Fe2VAl Sintered Alloy,,,,,,
Fe2VAl,Fe2V0.84Ti0.16Al0.97Sb0.03,X2YZ,"Ti, Sb","0.16, 0.03","V, Al",442.518,84.1377,4.12E-06,,Poly,Bulk,"sintered, pulse-current sintering technique",Power Generation Performance of Thermoelectric Module Consistingof Sb-Doped Heusler Fe2VAl Sintered Alloy,,,,,,
Fe2VAl,Fe2V0.84Ti0.16Al0.97Sb0.03,X2YZ,"Ti, Sb","0.16, 0.03","V, Al",491.211,73.4709,4.10E-06,,Poly,Bulk,"sintered, pulse-current sintering technique",Power Generation Performance of Thermoelectric Module Consistingof Sb-Doped Heusler Fe2VAl Sintered Alloy,,,,,,
Fe2VAl,Fe2V0.84Ti0.16Al0.97Sb0.03,X2YZ,"Ti, Sb","0.16, 0.03","V, Al",541.093,63.4216,4.01E-06,,Poly,Bulk,"sintered, pulse-current sintering technique",Power Generation Performance of Thermoelectric Module Consistingof Sb-Doped Heusler Fe2VAl Sintered Alloy,,,,,,
Fe2VAl,Fe2V0.84Ti0.16Al0.97Sb0.03,X2YZ,"Ti, Sb","0.16, 0.03","V, Al",594.537,52.1227,3.89E-06,,Poly,Bulk,"sintered, pulse-current sintering technique",Power Generation Performance of Thermoelectric Module Consistingof Sb-Doped Heusler Fe2VAl Sintered Alloy,,,,,,
Fe2VAl,Fe2V0.84Ti0.16Al0.97Sb0.03,X2YZ,"Ti, Sb","0.16, 0.03","V, Al",642.043,38.3572,3.79E-06,,Poly,Bulk,"sintered, pulse-current sintering technique",Power Generation Performance of Thermoelectric Module Consistingof Sb-Doped Heusler Fe2VAl Sintered Alloy,,,,,,
Fe2VAl,Fe2V0.84Ti0.16Al0.97Sb0.03,X2YZ,"Ti, Sb","0.16, 0.03","V, Al",694.299,29.5427,3.63E-06,,Poly,Bulk,"sintered, pulse-current sintering technique",Power Generation Performance of Thermoelectric Module Consistingof Sb-Doped Heusler Fe2VAl Sintered Alloy,,,,,,
Fe2VAl,Fe2V0.84Ti0.16Al0.97Sb0.03,X2YZ,"Ti, Sb","0.16, 0.03","V, Al",746.556,19.4875,3.40E-06,,Poly,Bulk,"sintered, pulse-current sintering technique",Power Generation Performance of Thermoelectric Module Consistingof Sb-Doped Heusler Fe2VAl Sintered Alloy,,,,,,
Fe2VAl,Fe2V0.90Ti0.10Al,X2YZ,Ti,0.1,"V, Al",348.694,84.9908,4.24E-06,,Poly,Bulk,"sintered, pulse-current sintering technique",Power Generation Performance of Thermoelectric Module Consistingof Sb-Doped Heusler Fe2VAl Sintered Alloy,,,,,,
Fe2VAl,Fe2V0.90Ti0.10Al,X2YZ,Ti,0.1,"V, Al",391.449,87.9865,4.28E-06,,Poly,Bulk,"sintered, pulse-current sintering technique",Power Generation Performance of Thermoelectric Module Consistingof Sb-Doped Heusler Fe2VAl Sintered Alloy,,,,,,
Fe2VAl,Fe2V0.90Ti0.10Al,X2YZ,Ti,0.1,"V, Al",443.705,79.7923,4.27E-06,,Poly,Bulk,"sintered, pulse-current sintering technique",Power Generation Performance of Thermoelectric Module Consistingof Sb-Doped Heusler Fe2VAl Sintered Alloy,,,,,,
Fe2VAl,Fe2V0.90Ti0.10Al,X2YZ,Ti,0.1,"V, Al",497.15,69.7341,4.15E-06,,Poly,Bulk,"sintered, pulse-current sintering technique",Power Generation Performance of Thermoelectric Module Consistingof Sb-Doped Heusler Fe2VAl Sintered Alloy,,,,,,
Fe2VAl,Fe2V0.90Ti0.10Al,X2YZ,Ti,0.1,"V, Al",544.656,56.5889,4.05E-06,,Poly,Bulk,"sintered, pulse-current sintering technique",Power Generation Performance of Thermoelectric Module Consistingof Sb-Doped Heusler Fe2VAl Sintered Alloy,,,,,,
Fe2VAl,Fe2V0.90Ti0.10Al,X2YZ,Ti,0.1,"V, Al",593.349,44.0612,3.92E-06,,Poly,Bulk,"sintered, pulse-current sintering technique",Power Generation Performance of Thermoelectric Module Consistingof Sb-Doped Heusler Fe2VAl Sintered Alloy,,,,,,
Fe2VAl,Fe2V0.90Ti0.10Al,X2YZ,Ti,0.1,"V, Al",640.855,34.0177,3.69E-06,,Poly,Bulk,"sintered, pulse-current sintering technique",Power Generation Performance of Thermoelectric Module Consistingof Sb-Doped Heusler Fe2VAl Sintered Alloy,,,,,,
Fe2VAl,Fe2V0.90Ti0.10Al,X2YZ,Ti,0.1,"V, Al",694.299,22.0985,3.56E-06,,Poly,Bulk,"sintered, pulse-current sintering technique",Power Generation Performance of Thermoelectric Module Consistingof Sb-Doped Heusler Fe2VAl Sintered Alloy,,,,,,
Fe2VAl,Fe2V0.90Ti0.10Al,X2YZ,Ti,0.1,"V, Al",745.368,14.5276,3.44E-06,,Poly,Bulk,"sintered, pulse-current sintering technique",Power Generation Performance of Thermoelectric Module Consistingof Sb-Doped Heusler Fe2VAl Sintered Alloy,,,,,,
Fe2VAl,Fe2VAl0.90Si0.07Sb0.03,X2YZ,"Si, Sb","0.07, 0.03","V, Al",351.069,-113.526,4.08E-06,,Poly,Bulk,"sintered, pulse-current sintering technique",Power Generation Performance of Thermoelectric Module Consistingof Sb-Doped Heusler Fe2VAl Sintered Alloy,,,,,,
Fe2VAl,Fe2VAl0.90Si0.07Sb0.03,X2YZ,"Si, Sb","0.07, 0.03","V, Al",390.261,-112.383,4.22E-06,,Poly,Bulk,"sintered, pulse-current sintering technique",Power Generation Performance of Thermoelectric Module Consistingof Sb-Doped Heusler Fe2VAl Sintered Alloy,,,,,,
Fe2VAl,Fe2VAl0.90Si0.07Sb0.03,X2YZ,"Si, Sb","0.07, 0.03","V, Al",442.518,-105.689,4.30E-06,,Poly,Bulk,"sintered, pulse-current sintering technique",Power Generation Performance of Thermoelectric Module Consistingof Sb-Doped Heusler Fe2VAl Sintered Alloy,,,,,,
Fe2VAl,Fe2VAl0.90Si0.07Sb0.03,X2YZ,"Si, Sb","0.07, 0.03","V, Al",492.399,-92.7851,4.34E-06,,Poly,Bulk,"sintered, pulse-current sintering technique",Power Generation Performance of Thermoelectric Module Consistingof Sb-Doped Heusler Fe2VAl Sintered Alloy,,,,,,
Fe2VAl,Fe2VAl0.90Si0.07Sb0.03,X2YZ,"Si, Sb","0.07, 0.03","V, Al",544.656,-79.8875,4.31E-06,,Poly,Bulk,"sintered, pulse-current sintering technique",Power Generation Performance of Thermoelectric Module Consistingof Sb-Doped Heusler Fe2VAl Sintered Alloy,,,,,,
Fe2VAl,Fe2VAl0.90Si0.07Sb0.03,X2YZ,"Si, Sb","0.07, 0.03","V, Al",594.537,-67.6043,4.22E-06,,Poly,Bulk,"sintered, pulse-current sintering technique",Power Generation Performance of Thermoelectric Module Consistingof Sb-Doped Heusler Fe2VAl Sintered Alloy,,,,,,
Fe2VAl,Fe2VAl0.90Si0.07Sb0.03,X2YZ,"Si, Sb","0.07, 0.03","V, Al",644.418,-55.3211,4.09E-06,,Poly,Bulk,"sintered, pulse-current sintering technique",Power Generation Performance of Thermoelectric Module Consistingof Sb-Doped Heusler Fe2VAl Sintered Alloy,,,,,,
Fe2VAl,Fe2VAl0.90Si0.07Sb0.03,X2YZ,"Si, Sb","0.07, 0.03","V, Al",695.487,-46.1426,3.91E-06,,Poly,Bulk,"sintered, pulse-current sintering technique",Power Generation Performance of Thermoelectric Module Consistingof Sb-Doped Heusler Fe2VAl Sintered Alloy,,,,,,
Fe2VAl,Fe2VAl0.90Si0.07Sb0.03,X2YZ,"Si, Sb","0.07, 0.03","V, Al",744.181,-38.8193,3.81E-06,,Poly,Bulk,"sintered, pulse-current sintering technique",Power Generation Performance of Thermoelectric Module Consistingof Sb-Doped Heusler Fe2VAl Sintered Alloy,,,,,,
Fe2VAl,Fe2VAl0.90Si0.10,X2YZ,Si,0.1,"V, Al",349.881,-122.208,4.11E-06,,Poly,Bulk,"sintered, pulse-current sintering technique",Power Generation Performance of Thermoelectric Module Consistingof Sb-Doped Heusler Fe2VAl Sintered Alloy,,,,,,
Fe2VAl,Fe2VAl0.90Si0.10,X2YZ,Si,0.1,"V, Al",390.261,-113.623,4.23E-06,,Poly,Bulk,"sintered, pulse-current sintering technique",Power Generation Performance of Thermoelectric Module Consistingof Sb-Doped Heusler Fe2VAl Sintered Alloy,,,,,,
Fe2VAl,Fe2VAl0.90Si0.10,X2YZ,Si,0.1,"V, Al",442.518,-109.411,4.32E-06,,Poly,Bulk,"sintered, pulse-current sintering technique",Power Generation Performance of Thermoelectric Module Consistingof Sb-Doped Heusler Fe2VAl Sintered Alloy,,,,,,
Fe2VAl,Fe2VAl0.90Si0.10,X2YZ,Si,0.1,"V, Al",491.211,-97.1246,4.36E-06,,Poly,Bulk,"sintered, pulse-current sintering technique",Power Generation Performance of Thermoelectric Module Consistingof Sb-Doped Heusler Fe2VAl Sintered Alloy,,,,,,
Fe2VAl,Fe2VAl0.90Si0.10,X2YZ,Si,0.1,"V, Al",543.468,-82.3659,4.29E-06,,Poly,Bulk,"sintered, pulse-current sintering technique",Power Generation Performance of Thermoelectric Module Consistingof Sb-Doped Heusler Fe2VAl Sintered Alloy,,,,,,
Fe2VAl,Fe2VAl0.90Si0.10,X2YZ,Si,0.1,"V, Al",593.349,-69.4624,4.13E-06,,Poly,Bulk,"sintered, pulse-current sintering technique",Power Generation Performance of Thermoelectric Module Consistingof Sb-Doped Heusler Fe2VAl Sintered Alloy,,,,,,
Fe2VAl,Fe2VAl0.90Si0.10,X2YZ,Si,0.1,"V, Al",642.043,-57.1763,3.88E-06,,Poly,Bulk,"sintered, pulse-current sintering technique",Power Generation Performance of Thermoelectric Module Consistingof Sb-Doped Heusler Fe2VAl Sintered Alloy,,,,,,
Fe2VAl,Fe2VAl0.90Si0.10,X2YZ,Si,0.1,"V, Al",696.675,-46.7659,3.70E-06,,Poly,Bulk,"sintered, pulse-current sintering technique",Power Generation Performance of Thermoelectric Module Consistingof Sb-Doped Heusler Fe2VAl Sintered Alloy,,,,,,
Fe2VAl,Fe2VAl0.90Si0.10,X2YZ,Si,0.1,"V, Al",742.993,-39.4367,3.60E-06,,Poly,Bulk,"sintered, pulse-current sintering technique",Power Generation Performance of Thermoelectric Module Consistingof Sb-Doped Heusler Fe2VAl Sintered Alloy,,,,,,
Fe2VAl,Fe2VAl0.97Sb0.03,X2YZ,Sb,0.03,"V, Al",348.694,-111.039,6.99E-06,,Poly,Bulk,"sintered, pulse-current sintering technique",Power Generation Performance of Thermoelectric Module Consistingof Sb-Doped Heusler Fe2VAl Sintered Alloy,,,,,,
Fe2VAl,Fe2VAl0.97Sb0.03,X2YZ,Sb,0.03,"V, Al",393.824,-96.2626,6.45E-06,,Poly,Bulk,"sintered, pulse-current sintering technique",Power Generation Performance of Thermoelectric Module Consistingof Sb-Doped Heusler Fe2VAl Sintered Alloy,,,,,,
Fe2VAl,Fe2VAl0.97Sb0.03,X2YZ,Sb,0.03,"V, Al",444.893,-79.0196,5.91E-06,,Poly,Bulk,"sintered, pulse-current sintering technique",Power Generation Performance of Thermoelectric Module Consistingof Sb-Doped Heusler Fe2VAl Sintered Alloy,,,,,,
Fe2VAl,Fe2VAl0.97Sb0.03,X2YZ,Sb,0.03,"V, Al",492.399,-60.527,5.41E-06,,Poly,Bulk,"sintered, pulse-current sintering technique",Power Generation Performance of Thermoelectric Module Consistingof Sb-Doped Heusler Fe2VAl Sintered Alloy,,,,,,
Fe2VAl,Fe2VAl0.97Sb0.03,X2YZ,Sb,0.03,"V, Al",543.468,-47.0061,4.93E-06,,Poly,Bulk,"sintered, pulse-current sintering technique",Power Generation Performance of Thermoelectric Module Consistingof Sb-Doped Heusler Fe2VAl Sintered Alloy,,,,,,
Fe2VAl,Fe2VAl0.97Sb0.03,X2YZ,Sb,0.03,"V, Al",592.162,-37.2014,4.61E-06,,Poly,Bulk,"sintered, pulse-current sintering technique",Power Generation Performance of Thermoelectric Module Consistingof Sb-Doped Heusler Fe2VAl Sintered Alloy,,,,,,
Fe2VAl,Fe2VAl0.97Sb0.03,X2YZ,Sb,0.03,"V, Al",643.23,-29.8839,4.27E-06,,Poly,Bulk,"sintered, pulse-current sintering technique",Power Generation Performance of Thermoelectric Module Consistingof Sb-Doped Heusler Fe2VAl Sintered Alloy,,,,,,
Fe2VAl,Fe2VAl0.97Sb0.03,X2YZ,Sb,0.03,"V, Al",693.112,-25.0449,3.95E-06,,Poly,Bulk,"sintered, pulse-current sintering technique",Power Generation Performance of Thermoelectric Module Consistingof Sb-Doped Heusler Fe2VAl Sintered Alloy,,,,,,
Fe2VAl,Fe2VAl0.97Sb0.03,X2YZ,Sb,0.03,"V, Al",742.993,-22.6873,3.76E-06,,Poly,Bulk,"sintered, pulse-current sintering technique",Power Generation Performance of Thermoelectric Module Consistingof Sb-Doped Heusler Fe2VAl Sintered Alloy,,,,,,
Fe2VAl,Fe2VAl,X2YZ,X,X,X,293.2606,29.2605,9.38E-05,,Poly,Bulk,heat treatment at 900C for one week,Isoelectronic Modifications of Thermoelectric Properties in Fe2V1−xNbxAl,,,,,,
Fe2VAl,Fe2VAl,X2YZ,X,X,X,375.5775,22.9736,1.62E-04,,Poly,Bulk,heat treatment at 900C for one week,Isoelectronic Modifications of Thermoelectric Properties in Fe2V1−xNbxAl,,,,,,
Fe2VAl,Fe2VAl,X2YZ,X,X,X,474.7543,14.9892,3.05E-04,,Poly,Bulk,heat treatment at 900C for one week,Isoelectronic Modifications of Thermoelectric Properties in Fe2V1−xNbxAl,,,,,,
Fe2VAl,Fe2VAl,X2YZ,X,X,X,612.8351,3.2694,6.18E-04,,Poly,Bulk,heat treatment at 900C for one week,Isoelectronic Modifications of Thermoelectric Properties in Fe2V1−xNbxAl,,,,,,
Fe2VAl,Fe2VAl,X2YZ,X,X,X,733.3587,-4.0439,9.99E-04,,Poly,Bulk,heat treatment at 900C for one week,Isoelectronic Modifications of Thermoelectric Properties in Fe2V1−xNbxAl,,,,,,
Fe2VAl,Fe2VAl,X2YZ,X,X,X,832.4228,-5.9340,1.39E-03,,Poly,Bulk,heat treatment at 900C for one week,Isoelectronic Modifications of Thermoelectric Properties in Fe2V1−xNbxAl,,,,,,
Fe2VAl,Fe2V0.975Nb0.025Al,X2YZ,Nb,0.025,V,303.7606,21.4703,1.02E-04,,Poly,Bulk,heat treatment at 900C for one week,Isoelectronic Modifications of Thermoelectric Properties in Fe2V1−xNbxAl,,,,,,
Fe2VAl,Fe2V0.975Nb0.025Al,X2YZ,Nb,0.025,V,433.3426,14.3237,5.96E-05,,Poly,Bulk,heat treatment at 900C for one week,Isoelectronic Modifications of Thermoelectric Properties in Fe2V1−xNbxAl,,,,,,
Fe2VAl,Fe2V0.975Nb0.025Al,X2YZ,Nb,0.025,V,589.5465,2.5989,3.88E-05,,Poly,Bulk,heat treatment at 900C for one week,Isoelectronic Modifications of Thermoelectric Properties in Fe2V1−xNbxAl,,,,,,
Fe2VAl,Fe2V0.975Nb0.025Al,X2YZ,Nb,0.025,V,692.5630,-3.0167,3.49E-05,,Poly,Bulk,heat treatment at 900C for one week,Isoelectronic Modifications of Thermoelectric Properties in Fe2V1−xNbxAl,,,,,,
Fe2VAl,Fe2V0.975Nb0.025Al,X2YZ,Nb,0.025,V,792.9435,-6.0921,3.16E-05,,Poly,Bulk,heat treatment at 900C for one week,Isoelectronic Modifications of Thermoelectric Properties in Fe2V1−xNbxAl,,,,,,
Fe2VAl,Fe2V0.95Nb0.05Al,X2YZ,Nb,0.05,V,295.6336,40.9406,8.82E-05,,Poly,Bulk,heat treatment at 900C for one week,Isoelectronic Modifications of Thermoelectric Properties in Fe2V1−xNbxAl,,,,,,
Fe2VAl,Fe2V0.95Nb0.05Al,X2YZ,Nb,0.05,V,374.7299,33.8082,6.06E-05,,Poly,Bulk,heat treatment at 900C for one week,Isoelectronic Modifications of Thermoelectric Properties in Fe2V1−xNbxAl,,,,,,
Fe2VAl,Fe2V0.95Nb0.05Al,X2YZ,Nb,0.05,V,476.5865,20.9137,4.23E-05,,Poly,Bulk,heat treatment at 900C for one week,Isoelectronic Modifications of Thermoelectric Properties in Fe2V1−xNbxAl,,,,,,
Fe2VAl,Fe2V0.95Nb0.05Al,X2YZ,Nb,0.05,V,630.3015,3.7724,3.36E-05,,Poly,Bulk,heat treatment at 900C for one week,Isoelectronic Modifications of Thermoelectric Properties in Fe2V1−xNbxAl,,,,,,
Fe2VAl,Fe2V0.95Nb0.05Al,X2YZ,Nb,0.05,V,732.6833,-2.5201,3.15E-05,,Poly,Bulk,heat treatment at 900C for one week,Isoelectronic Modifications of Thermoelectric Properties in Fe2V1−xNbxAl,,,,,,
Fe2VAl,Fe2V0.95Nb0.05Al,X2YZ,Nb,0.05,V,816.2164,-4.5751,2.68E-05,,Poly,Bulk,heat treatment at 900C for one week,Isoelectronic Modifications of Thermoelectric Properties in Fe2V1−xNbxAl,,,,,,
Fe2VAl,Fe2V0.95Nb0.05Al,X2YZ,Nb,0.05,V,882.9179,-6.4561,1.87E-05,,Poly,Bulk,heat treatment at 900C for one week,Isoelectronic Modifications of Thermoelectric Properties in Fe2V1−xNbxAl,,,,,,
Fe2VAl,Fe2V0.925Nb0.075Al,X2YZ,Nb,0.075,V,301.3681,45.8483,7.71E-05,,Poly,Bulk,heat treatment at 900C for one week,Isoelectronic Modifications of Thermoelectric Properties in Fe2V1−xNbxAl,,,,,,
Fe2VAl,Fe2V0.925Nb0.075Al,X2YZ,Nb,0.075,V,435.0277,28.2047,4.38E-05,,Poly,Bulk,heat treatment at 900C for one week,Isoelectronic Modifications of Thermoelectric Properties in Fe2V1−xNbxAl,,,,,,
Fe2VAl,Fe2V0.925Nb0.075Al,X2YZ,Nb,0.075,V,538.9168,10.4003,3.72E-05,,Poly,Bulk,heat treatment at 900C for one week,Isoelectronic Modifications of Thermoelectric Properties in Fe2V1−xNbxAl,,,,,,
Fe2VAl,Fe2V0.925Nb0.075Al,X2YZ,Nb,0.075,V,635.5202,1.5702,3.17E-05,,Poly,Bulk,heat treatment at 900C for one week,Isoelectronic Modifications of Thermoelectric Properties in Fe2V1−xNbxAl,,,,,,
Fe2VAl,Fe2V0.925Nb0.075Al,X2YZ,Nb,0.075,V,741.1132,-3.3689,2.74E-05,,Poly,Bulk,heat treatment at 900C for one week,Isoelectronic Modifications of Thermoelectric Properties in Fe2V1−xNbxAl,,,,,,
Fe2VAl,Fe2V0.925Nb0.075Al,X2YZ,Nb,0.075,V,838.2512,-6.1049,3.04E-05,,Poly,Bulk,heat treatment at 900C for one week,Isoelectronic Modifications of Thermoelectric Properties in Fe2V1−xNbxAl,,,,,,
Fe2VAl,Fe2V0.90Nb0.10Al,X2YZ,Nb,0.1,V,292.6306,98.3296,5.25E-05,,Poly,Bulk,heat treatment at 900C for one week,Isoelectronic Modifications of Thermoelectric Properties in Fe2V1−xNbxAl,,,,,,
Fe2VAl,Fe2V0.90Nb0.10Al,X2YZ,Nb,0.1,V,362.8344,82.0582,4.75E-05,,Poly,Bulk,heat treatment at 900C for one week,Isoelectronic Modifications of Thermoelectric Properties in Fe2V1−xNbxAl,,,,,,
Fe2VAl,Fe2V0.90Nb0.10Al,X2YZ,Nb,0.1,V,431.1810,61.2167,4.32E-05,,Poly,Bulk,heat treatment at 900C for one week,Isoelectronic Modifications of Thermoelectric Properties in Fe2V1−xNbxAl,,,,,,
Fe2VAl,Fe2V0.90Nb0.10Al,X2YZ,Nb,0.1,V,485.1847,45.9657,4.02E-05,,Poly,Bulk,heat treatment at 900C for one week,Isoelectronic Modifications of Thermoelectric Properties in Fe2V1−xNbxAl,,,,,,
Fe2VAl,Fe2V0.90Nb0.10Al,X2YZ,Nb,0.1,V,591.1564,20.5428,3.53E-05,,Poly,Bulk,heat treatment at 900C for one week,Isoelectronic Modifications of Thermoelectric Properties in Fe2V1−xNbxAl,,,,,,
Fe2VAl,Fe2V0.90Nb0.10Al,X2YZ,Nb,0.1,V,643.0619,13.7567,3.34E-05,,Poly,Bulk,heat treatment at 900C for one week,Isoelectronic Modifications of Thermoelectric Properties in Fe2V1−xNbxAl,,,,,,
Fe2VAl,Fe2V0.90Nb0.10Al,X2YZ,Nb,0.1,V,796.7049,0.5090,3.01E-05,,Poly,Bulk,heat treatment at 900C for one week,Isoelectronic Modifications of Thermoelectric Properties in Fe2V1−xNbxAl,,,,,,
Fe2VAl,Fe2V0.85Nb0.15Al,X2YZ,Nb,0.15,V,294.3853,73.4439,5.28E-05,,Poly,Bulk,heat treatment at 900C for one week,Isoelectronic Modifications of Thermoelectric Properties in Fe2V1−xNbxAl,,,,,,
Fe2VAl,Fe2V0.85Nb0.15Al,X2YZ,Nb,0.15,V,378.2033,55.9838,4.29E-05,,Poly,Bulk,heat treatment at 900C for one week,Isoelectronic Modifications of Thermoelectric Properties in Fe2V1−xNbxAl,,,,,,
Fe2VAl,Fe2V0.85Nb0.15Al,X2YZ,Nb,0.15,V,484.1844,30.0530,3.36E-05,,Poly,Bulk,heat treatment at 900C for one week,Isoelectronic Modifications of Thermoelectric Properties in Fe2V1−xNbxAl,,,,,,
Fe2VAl,Fe2V0.85Nb0.15Al,X2YZ,Nb,0.15,V,595.2278,10.3845,2.86E-05,,Poly,Bulk,heat treatment at 900C for one week,Isoelectronic Modifications of Thermoelectric Properties in Fe2V1−xNbxAl,,,,,,
Fe2VAl,Fe2V0.85Nb0.15Al,X2YZ,Nb,0.15,V,690.5367,1.5547,2.67E-05,,Poly,Bulk,heat treatment at 900C for one week,Isoelectronic Modifications of Thermoelectric Properties in Fe2V1−xNbxAl,,,,,,
Fe2VAl,Fe2V0.85Nb0.15Al,X2YZ,Nb,0.15,V,760.5120,-2.3587,2.51E-05,,Poly,Bulk,heat treatment at 900C for one week,Isoelectronic Modifications of Thermoelectric Properties in Fe2V1−xNbxAl,,,,,,
Fe2VAl,Fe2V0.85Nb0.15Al,X2YZ,Nb,0.15,V,838.2324,-5.0892,2.17E-05,,Poly,Bulk,heat treatment at 900C for one week,Isoelectronic Modifications of Thermoelectric Properties in Fe2V1−xNbxAl,,,,,,
Fe2VAl,Fe2VAl,X2YZ,X,X,X,92.3591,16.5543,1.95E-05,,Poly,Bulk,,Nishino_2011_IOP_Conf._Ser.__Mater._Sci._Eng._18_142001.pdf | Powered by Box,,,,,,
Fe2VAl,Fe2VAl,X2YZ,X,X,X,204.9986,26.8332,1.24E-05,,Poly,Bulk,,Nishino_2011_IOP_Conf._Ser.__Mater._Sci._Eng._18_142001.pdf | Powered by Box,,,,,,
Fe2VAl,Fe2VAl,X2YZ,X,X,X,310.9703,28.9031,7.14E-06,,Poly,Bulk,,Nishino_2011_IOP_Conf._Ser.__Mater._Sci._Eng._18_142001.pdf | Powered by Box,,,,,,
Fe2VAl,Fe2VAl,X2YZ,X,X,X,401.0325,28.1806,4.78E-06,,Poly,Bulk,,Nishino_2011_IOP_Conf._Ser.__Mater._Sci._Eng._18_142001.pdf | Powered by Box,,,,,,
Fe2VAl,Fe2VAl0.97Si0.03,X2YZ,Si,0.03,Al,87.9911,-54.9182,6.46E-06,,Poly,Bulk,,Nishino_2011_IOP_Conf._Ser.__Mater._Sci._Eng._18_142001.pdf | Powered by Box,,,,,,
Fe2VAl,Fe2VAl0.97Si0.03,X2YZ,Si,0.03,Al,147.4326,-84.1295,7.24E-06,,Poly,Bulk,,Nishino_2011_IOP_Conf._Ser.__Mater._Sci._Eng._18_142001.pdf | Powered by Box,,,,,,
Fe2VAl,Fe2VAl0.97Si0.03,X2YZ,Si,0.03,Al,216.1789,-107.3028,7.48E-06,,Poly,Bulk,,Nishino_2011_IOP_Conf._Ser.__Mater._Sci._Eng._18_142001.pdf | Powered by Box,,,,,,
Fe2VAl,Fe2VAl0.97Si0.03,X2YZ,Si,0.03,Al,281.1563,-93.4007,6.90E-06,,Poly,Bulk,,Nishino_2011_IOP_Conf._Ser.__Mater._Sci._Eng._18_142001.pdf | Powered by Box,,,,,,
Fe2VAl,Fe2VAl0.97Si0.03,X2YZ,Si,0.03,Al,356.8714,-53.8182,6.00E-06,,Poly,Bulk,,Nishino_2011_IOP_Conf._Ser.__Mater._Sci._Eng._18_142001.pdf | Powered by Box,,,,,,
Fe2VAl,Fe2VAl0.97Si0.03,X2YZ,Si,0.03,Al,402.0109,-34.5426,5.35E-06,,Poly,Bulk,,Nishino_2011_IOP_Conf._Ser.__Mater._Sci._Eng._18_142001.pdf | Powered by Box,,,,,,
Fe2VAl,Fe2VAl0.95Si0.05,X2YZ,Si,0.05,Al,89.3067,-56.5491,2.07E-06,,Poly,Bulk,,Nishino_2011_IOP_Conf._Ser.__Mater._Sci._Eng._18_142001.pdf | Powered by Box,,,,,,
Fe2VAl,Fe2VAl0.95Si0.05,X2YZ,Si,0.05,Al,176.5573,-86.7377,3.03E-06,,Poly,Bulk,,Nishino_2011_IOP_Conf._Ser.__Mater._Sci._Eng._18_142001.pdf | Powered by Box,,,,,,
Fe2VAl,Fe2VAl0.95Si0.05,X2YZ,Si,0.05,Al,271.7731,-113.6209,4.19E-06,,Poly,Bulk,,Nishino_2011_IOP_Conf._Ser.__Mater._Sci._Eng._18_142001.pdf | Powered by Box,,,,,,
Fe2VAl,Fe2VAl0.95Si0.05,X2YZ,Si,0.05,Al,349.8453,-126.9378,4.36E-06,,Poly,Bulk,,Nishino_2011_IOP_Conf._Ser.__Mater._Sci._Eng._18_142001.pdf | Powered by Box,,,,,,
Fe2VAl,Fe2VAl0.95Si0.05,X2YZ,Si,0.05,Al,402.8387,-124.5392,4.32E-06,,Poly,Bulk,,Nishino_2011_IOP_Conf._Ser.__Mater._Sci._Eng._18_142001.pdf | Powered by Box,,,,,,
Fe2VAl,Fe2VAl0.9Si0.1,X2YZ,Si,0.1,Al,87.9911,-54.9182,1.04E-06,,Poly,Bulk,,Nishino_2011_IOP_Conf._Ser.__Mater._Sci._Eng._18_142001.pdf | Powered by Box,,,,,,
Fe2VAl,Fe2VAl0.9Si0.1,X2YZ,Si,0.1,Al,172.5957,-84.572,1.54E-06,,Poly,Bulk,,Nishino_2011_IOP_Conf._Ser.__Mater._Sci._Eng._18_142001.pdf | Powered by Box,,,,,,
Fe2VAl,Fe2VAl0.9Si0.1,X2YZ,Si,0.1,Al,255.9058,-108.7767,2.20E-06,,Poly,Bulk,,Nishino_2011_IOP_Conf._Ser.__Mater._Sci._Eng._18_142001.pdf | Powered by Box,,,,,,
Fe2VAl,Fe2VAl0.9Si0.1,X2YZ,Si,0.1,Al,360.4416,-126.8945,3.28E-06,,Poly,Bulk,,Nishino_2011_IOP_Conf._Ser.__Mater._Sci._Eng._18_142001.pdf | Powered by Box,,,,,,
Fe2VAl,Fe2VAl0.9Si0.1,X2YZ,Si,0.1,Al,401.5142,-124.5447,3.47E-06,,Poly,Bulk,,Nishino_2011_IOP_Conf._Ser.__Mater._Sci._Eng._18_142001.pdf | Powered by Box,,,,,,
Fe2VAl,Fe2VAl0.8Si0.2,X2YZ,Si,0.2,Al,92.0581,-37.9924,5.37E-07,,Poly,Bulk,,Nishino_2011_IOP_Conf._Ser.__Mater._Sci._Eng._18_142001.pdf | Powered by Box,,,,,,
Fe2VAl,Fe2VAl0.8Si0.2,X2YZ,Si,0.2,Al,203.1714,-64.2651,1.01E-06,,Poly,Bulk,,Nishino_2011_IOP_Conf._Ser.__Mater._Sci._Eng._18_142001.pdf | Powered by Box,,,,,,
Fe2VAl,Fe2VAl0.8Si0.2,X2YZ,Si,0.2,Al,290.4912,-81.9079,1.68E-06,,Poly,Bulk,,Nishino_2011_IOP_Conf._Ser.__Mater._Sci._Eng._18_142001.pdf | Powered by Box,,,,,,
Fe2VAl,Fe2VAl0.8Si0.2,X2YZ,Si,0.2,Al,402.9712,-100.5387,2.47E-06,,Poly,Bulk,,Nishino_2011_IOP_Conf._Ser.__Mater._Sci._Eng._18_142001.pdf | Powered by Box,,,,,,
Fe2VAl,Fe2V0.9AlTi0.1,X2YZ,Ti,0.2,V,302.2167,67.1623,1.80E-05,,Poly,Bulk,"annealed for 7 days 800C, additional appealing for 7 days 850C",Enhanced thermopower by double-site substitution of Ti in Fe2(VAl)1-xTi2x,,,,,,
Fe2VAl,Fe2V0.9AlTi0.1,X2YZ,Ti,0.2,V,364.2857,78.9563,2.21E-05,,Poly,Bulk,"annealed for 7 days 800C, additional appealing for 7 days 850C",Enhanced thermopower by double-site substitution of Ti in Fe2(VAl)1-xTi2x,,,,,,
Fe2VAl,Fe2V0.9AlTi0.1,X2YZ,Ti,0.2,V,427.8325,85.8211,2.61E-05,,Poly,Bulk,"annealed for 7 days 800C, additional appealing for 7 days 850C",Enhanced thermopower by double-site substitution of Ti in Fe2(VAl)1-xTi2x,,,,,,
Fe2VAl,Fe2V0.9AlTi0.1,X2YZ,Ti,0.2,V,526.1084,77.8820,3.15E-05,,Poly,Bulk,"annealed for 7 days 800C, additional appealing for 7 days 850C",Enhanced thermopower by double-site substitution of Ti in Fe2(VAl)1-xTi2x,,,,,,
Fe2VAl,Fe2V0.9AlTi0.1,X2YZ,Ti,0.2,V,643.5961,54.8188,3.59E-05,,Poly,Bulk,"annealed for 7 days 800C, additional appealing for 7 days 850C",Enhanced thermopower by double-site substitution of Ti in Fe2(VAl)1-xTi2x,,,,,,
Fe2VAl,Fe2V0.9AlTi0.1,X2YZ,Ti,0.2,V,727.0936,38.0169,3.74E-05,,Poly,Bulk,"annealed for 7 days 800C, additional appealing for 7 days 850C",Enhanced thermopower by double-site substitution of Ti in Fe2(VAl)1-xTi2x,,,,,,
Fe2VAl,Fe2V0.9AlTi0.1,X2YZ,Ti,0.2,V,803.2020,25.1616,3.80E-05,,Poly,Bulk,"annealed for 7 days 800C, additional appealing for 7 days 850C",Enhanced thermopower by double-site substitution of Ti in Fe2(VAl)1-xTi2x,,,,,,
Fe2VAl,Fe2V0.8Al0.9Ti0.3,X2YZ,Ti,0.3,"V, Al",294.8276,113.4925,4.02E-05,,Poly,Bulk,"annealed for 7 days 800C, additional appealing for 7 days 850C",Enhanced thermopower by double-site substitution of Ti in Fe2(VAl)1-xTi2x,,,,,,
Fe2VAl,Fe2V0.8Al0.9Ti0.3,X2YZ,Ti,0.3,"V, Al",352.4631,122.3319,4.52E-05,,Poly,Bulk,"annealed for 7 days 800C, additional appealing for 7 days 850C",Enhanced thermopower by double-site substitution of Ti in Fe2(VAl)1-xTi2x,,,,,,
Fe2VAl,Fe2V0.8Al0.9Ti0.3,X2YZ,Ti,0.3,"V, Al",464.0394,114.0570,5.07E-05,,Poly,Bulk,"annealed for 7 days 800C, additional appealing for 7 days 850C",Enhanced thermopower by double-site substitution of Ti in Fe2(VAl)1-xTi2x,,,,,,
Fe2VAl,Fe2V0.8Al0.9Ti0.3,X2YZ,Ti,0.3,"V, Al",627.3399,68.6270,4.68E-05,,Poly,Bulk,"annealed for 7 days 800C, additional appealing for 7 days 850C",Enhanced thermopower by double-site substitution of Ti in Fe2(VAl)1-xTi2x,,,,,,
Fe2VAl,Fe2V0.8Al0.9Ti0.3,X2YZ,Ti,0.3,"V, Al",704.9261,45.2572,4.30E-05,,Poly,Bulk,"annealed for 7 days 800C, additional appealing for 7 days 850C",Enhanced thermopower by double-site substitution of Ti in Fe2(VAl)1-xTi2x,,,,,,
Fe2VAl,Fe2V0.8Al0.9Ti0.3,X2YZ,Ti,0.3,"V, Al",864.5320,12.6429,3.54E-05,,Poly,Bulk,"annealed for 7 days 800C, additional appealing for 7 days 850C",Enhanced thermopower by double-site substitution of Ti in Fe2(VAl)1-xTi2x,,,,,,
Fe2VAl,Fe2V0.7Al0.8Ti0.5,X2YZ,Ti,0.5,"V, Al",291.1330,119.4085,5.94E-05,,Poly,Bulk,"annealed for 7 days 800C, additional appealing for 7 days 850C",Enhanced thermopower by double-site substitution of Ti in Fe2(VAl)1-xTi2x,,,,,,
Fe2VAl,Fe2V0.7Al0.8Ti0.5,X2YZ,Ti,0.5,"V, Al",370.1970,134.1502,6.48E-05,,Poly,Bulk,"annealed for 7 days 800C, additional appealing for 7 days 850C",Enhanced thermopower by double-site substitution of Ti in Fe2(VAl)1-xTi2x,,,,,,
Fe2VAl,Fe2V0.7Al0.8Ti0.5,X2YZ,Ti,0.5,"V, Al",486.2069,116.3447,6.59E-05,,Poly,Bulk,"annealed for 7 days 800C, additional appealing for 7 days 850C",Enhanced thermopower by double-site substitution of Ti in Fe2(VAl)1-xTi2x,,,,,,
Fe2VAl,Fe2V0.7Al0.8Ti0.5,X2YZ,Ti,0.5,"V, Al",614.7783,67.6482,5.68E-05,,Poly,Bulk,"annealed for 7 days 800C, additional appealing for 7 days 850C",Enhanced thermopower by double-site substitution of Ti in Fe2(VAl)1-xTi2x,,,,,,
Fe2VAl,Fe2V0.7Al0.8Ti0.5,X2YZ,Ti,0.5,"V, Al",729.3103,31.4446,4.47E-05,,Poly,Bulk,"annealed for 7 days 800C, additional appealing for 7 days 850C",Enhanced thermopower by double-site substitution of Ti in Fe2(VAl)1-xTi2x,,,,,,
Fe2VAl,Fe2V0.7Al0.8Ti0.5,X2YZ,Ti,0.5,"V, Al",867.4877,5.7416,3.58E-05,,Poly,Bulk,"annealed for 7 days 800C, additional appealing for 7 days 850C",Enhanced thermopower by double-site substitution of Ti in Fe2(VAl)1-xTi2x,,,,,,
Fe2VAl,Fe2V0.6Al0.7Ti0.7,X2YZ,Ti,0.7,"V, Al",294.8276,118.4208,6.94E-05,,Poly,Bulk,"annealed for 7 days 800C, additional appealing for 7 days 850C",Enhanced thermopower by double-site substitution of Ti in Fe2(VAl)1-xTi2x,,,,,,
Fe2VAl,Fe2V0.6Al0.7Ti0.7,X2YZ,Ti,0.7,"V, Al",345.8128,124.3069,7.33E-05,,Poly,Bulk,"annealed for 7 days 800C, additional appealing for 7 days 850C",Enhanced thermopower by double-site substitution of Ti in Fe2(VAl)1-xTi2x,,,,,,
Fe2VAl,Fe2V0.6Al0.7Ti0.7,X2YZ,Ti,0.7,"V, Al",466.2562,114.0557,7.31E-05,,Poly,Bulk,"annealed for 7 days 800C, additional appealing for 7 days 850C",Enhanced thermopower by double-site substitution of Ti in Fe2(VAl)1-xTi2x,,,,,,
Fe2VAl,Fe2V0.6Al0.7Ti0.7,X2YZ,Ti,0.7,"V, Al",578.5714,75.5534,6.38E-05,,Poly,Bulk,"annealed for 7 days 800C, additional appealing for 7 days 850C",Enhanced thermopower by double-site substitution of Ti in Fe2(VAl)1-xTi2x,,,,,,
Fe2VAl,Fe2V0.6Al0.7Ti0.7,X2YZ,Ti,0.7,"V, Al",662.8079,46.2659,5.54E-05,,Poly,Bulk,"annealed for 7 days 800C, additional appealing for 7 days 850C",Enhanced thermopower by double-site substitution of Ti in Fe2(VAl)1-xTi2x,,,,,,
Fe2VAl,Fe2V0.6Al0.7Ti0.7,X2YZ,Ti,0.7,"V, Al",727.8325,28.1598,4.90E-05,,Poly,Bulk,"annealed for 7 days 800C, additional appealing for 7 days 850C",Enhanced thermopower by double-site substitution of Ti in Fe2(VAl)1-xTi2x,,,,,,
Fe2VAl,Fe2V0.6Al0.7Ti0.7,X2YZ,Ti,0.7,"V, Al",863.0542,9.3582,3.75E-05,,Poly,Bulk,"annealed for 7 days 800C, additional appealing for 7 days 850C",Enhanced thermopower by double-site substitution of Ti in Fe2(VAl)1-xTi2x,,,,,,
Fe2VAl,Fe2V1.1Al0.9,X2YZ,"V, Al","1.1, 0.9","V, Al",299.6328,-114.2625,2.19E-05,,Poly,Bulk,"annealed for 7 days 800C, additional appealing for 7 days 850C",Enhanced thermopower by double-site substitution of Ti in Fe2(VAl)1-xTi2x,,,,,,
Fe2VAl,Fe2V1.1Al0.9,X2YZ,"V, Al","1.1, 0.9","V, Al",375.7938,-132.4364,2.69E-05,,Poly,Bulk,"annealed for 7 days 800C, additional appealing for 7 days 850C",Enhanced thermopower by double-site substitution of Ti in Fe2(VAl)1-xTi2x,,,,,,
Fe2VAl,Fe2V1.1Al0.9,X2YZ,"V, Al","1.1, 0.9","V, Al",450.4260,-144.0446,3.17E-05,,Poly,Bulk,"annealed for 7 days 800C, additional appealing for 7 days 850C",Enhanced thermopower by double-site substitution of Ti in Fe2(VAl)1-xTi2x,,,,,,
Fe2VAl,Fe2V1.1Al0.9,X2YZ,"V, Al","1.1, 0.9","V, Al",517.6041,-146.4519,3.48E-05,,Poly,Bulk,"annealed for 7 days 800C, additional appealing for 7 days 850C",Enhanced thermopower by double-site substitution of Ti in Fe2(VAl)1-xTi2x,,,,,,
Fe2VAl,Fe2V1.1Al0.9,X2YZ,"V, Al","1.1, 0.9","V, Al",614.9669,-139.7203,3.58E-05,,Poly,Bulk,"annealed for 7 days 800C, additional appealing for 7 days 850C",Enhanced thermopower by double-site substitution of Ti in Fe2(VAl)1-xTi2x,,,,,,
Fe2VAl,Fe2V1.1Al0.9,X2YZ,"V, Al","1.1, 0.9","V, Al",696.0193,-123.7733,3.41E-05,,Poly,Bulk,"annealed for 7 days 800C, additional appealing for 7 days 850C",Enhanced thermopower by double-site substitution of Ti in Fe2(VAl)1-xTi2x,,,,,,
Fe2VAl,Fe2VAl0.8T0.2,X2YZ,Ti,0.2,"V, Al",293.6256,-101.4543,3.33E-05,,Poly,Bulk,"annealed for 7 days 800C, additional appealing for 7 days 850C",Enhanced thermopower by double-site substitution of Ti in Fe2(VAl)1-xTi2x,,,,,,
Fe2VAl,Fe2VAl0.8T0.2,X2YZ,Ti,0.2,"V, Al",373.4530,-116.6808,4.00E-05,,Poly,Bulk,"annealed for 7 days 800C, additional appealing for 7 days 850C",Enhanced thermopower by double-site substitution of Ti in Fe2(VAl)1-xTi2x,,,,,,
Fe2VAl,Fe2VAl0.8T0.2,X2YZ,Ti,0.2,"V, Al",448.0693,-126.3199,4.55E-05,,Poly,Bulk,"annealed for 7 days 800C, additional appealing for 7 days 850C",Enhanced thermopower by double-site substitution of Ti in Fe2(VAl)1-xTi2x,,,,,,
Fe2VAl,Fe2VAl0.8T0.2,X2YZ,Ti,0.2,"V, Al",540.9987,-118.9247,4.86E-05,,Poly,Bulk,"annealed for 7 days 800C, additional appealing for 7 days 850C",Enhanced thermopower by double-site substitution of Ti in Fe2(VAl)1-xTi2x,,,,,,
Fe2VAl,Fe2VAl0.8T0.2,X2YZ,Ti,0.2,"V, Al",656.6745,-95.1586,4.72E-05,,Poly,Bulk,"annealed for 7 days 800C, additional appealing for 7 days 850C",Enhanced thermopower by double-site substitution of Ti in Fe2(VAl)1-xTi2x,,,,,,
Fe2VAl,Fe2VAl0.8T0.2,X2YZ,Ti,0.2,"V, Al",755.3654,-70.0521,4.30E-05,,Poly,Bulk,"annealed for 7 days 800C, additional appealing for 7 days 850C",Enhanced thermopower by double-site substitution of Ti in Fe2(VAl)1-xTi2x,,,,,,
Fe2VAl,Fe2VAl0.8T0.2,X2YZ,Ti,0.2,"V, Al",804.7016,-56.3502,4.14E-05,,Poly,Bulk,"annealed for 7 days 800C, additional appealing for 7 days 850C",Enhanced thermopower by double-site substitution of Ti in Fe2(VAl)1-xTi2x,,,,,,
Fe2VAl,Fe2V0.9Al0.7T0.4,X2YZ,Ti,0.4,"V, Al",288.4515,-100.4614,3.91E-05,,Poly,Bulk,"annealed for 7 days 800C, additional appealing for 7 days 850C",Enhanced thermopower by double-site substitution of Ti in Fe2(VAl)1-xTi2x,,,,,,
Fe2VAl,Fe2V0.9Al0.7T0.4,X2YZ,Ti,0.4,"V, Al",361.6341,-115.3488,4.38E-05,,Poly,Bulk,"annealed for 7 days 800C, additional appealing for 7 days 850C",Enhanced thermopower by double-site substitution of Ti in Fe2(VAl)1-xTi2x,,,,,,
Fe2VAl,Fe2V0.9Al0.7T0.4,X2YZ,Ti,0.4,"V, Al",454.6586,-119.7675,4.90E-05,,Poly,Bulk,"annealed for 7 days 800C, additional appealing for 7 days 850C",Enhanced thermopower by double-site substitution of Ti in Fe2(VAl)1-xTi2x,,,,,,
Fe2VAl,Fe2V0.9Al0.7T0.4,X2YZ,Ti,0.4,"V, Al",552.7356,-110.0836,4.85E-05,,Poly,Bulk,"annealed for 7 days 800C, additional appealing for 7 days 850C",Enhanced thermopower by double-site substitution of Ti in Fe2(VAl)1-xTi2x,,,,,,
Fe2VAl,Fe2V0.9Al0.7T0.4,X2YZ,Ti,0.4,"V, Al",654.4156,-89.5762,4.41E-05,,Poly,Bulk,"annealed for 7 days 800C, additional appealing for 7 days 850C",Enhanced thermopower by double-site substitution of Ti in Fe2(VAl)1-xTi2x,,,,,,
Fe2VAl,Fe2V0.9Al0.7T0.4,X2YZ,Ti,0.4,"V, Al",756.0770,-66.7716,3.87E-05,,Poly,Bulk,"annealed for 7 days 800C, additional appealing for 7 days 850C",Enhanced thermopower by double-site substitution of Ti in Fe2(VAl)1-xTi2x,,,,,,
Fe2VAl,Fe2V0.9Al0.7T0.4,X2YZ,Ti,0.4,"V, Al",857.7807,-49.2177,3.37E-05,,Poly,Bulk,"annealed for 7 days 800C, additional appealing for 7 days 850C",Enhanced thermopower by double-site substitution of Ti in Fe2(VAl)1-xTi2x,,,,,,
Fe2VAl,Fe2V0.8Al0.6T0.6,X2YZ,Ti,0.6,"V, Al",308.3304,-94.5871,4.68E-05,,Poly,Bulk,"annealed for 7 days 800C, additional appealing for 7 days 850C",Enhanced thermopower by double-site substitution of Ti in Fe2(VAl)1-xTi2x,,,,,,
Fe2VAl,Fe2V0.8Al0.6T0.6,X2YZ,Ti,0.6,"V, Al",397.7045,-103.9223,5.05E-05,,Poly,Bulk,"annealed for 7 days 800C, additional appealing for 7 days 850C",Enhanced thermopower by double-site substitution of Ti in Fe2(VAl)1-xTi2x,,,,,,
Fe2VAl,Fe2V0.8Al0.6T0.6,X2YZ,Ti,0.6,"V, Al",477.4183,-105.0375,5.12E-05,,Poly,Bulk,"annealed for 7 days 800C, additional appealing for 7 days 850C",Enhanced thermopower by double-site substitution of Ti in Fe2(VAl)1-xTi2x,,,,,,
Fe2VAl,Fe2V0.8Al0.6T0.6,X2YZ,Ti,0.6,"V, Al",570.3265,-95.0170,5.03E-05,,Poly,Bulk,"annealed for 7 days 800C, additional appealing for 7 days 850C",Enhanced thermopower by double-site substitution of Ti in Fe2(VAl)1-xTi2x,,,,,,
Fe2VAl,Fe2V0.8Al0.6T0.6,X2YZ,Ti,0.6,"V, Al",680.8706,-75.5086,4.65E-05,,Poly,Bulk,"annealed for 7 days 800C, additional appealing for 7 days 850C",Enhanced thermopower by double-site substitution of Ti in Fe2(VAl)1-xTi2x,,,,,,
Fe2VAl,Fe2V0.8Al0.6T0.6,X2YZ,Ti,0.6,"V, Al",777.3606,-52.0392,4.10E-05,,Poly,Bulk,"annealed for 7 days 800C, additional appealing for 7 days 850C",Enhanced thermopower by double-site substitution of Ti in Fe2(VAl)1-xTi2x,,,,,,
Fe2VAl,Fe2V0.8Al0.6T0.6,X2YZ,Ti,0.6,"V, Al",874.6705,-38.7442,3.81E-05,,Poly,Bulk,"annealed for 7 days 800C, additional appealing for 7 days 850C",Enhanced thermopower by double-site substitution of Ti in Fe2(VAl)1-xTi2x,,,,,,
Fe2VAl,Fe2V0.9Ti0.1Al,X2YZ,Ti,0.1,V,348.894,85.3985,3.25E-06,,Poly,Bulk,sintered using PCS at 1373K for 10 min,Effect of Ti Substitution on Thermoelectric Propertiesof W-Doped Heusler Fe2 VAl Alloy,,,,,,
Fe2VAl,Fe2V0.9Ti0.1Al,X2YZ,Ti,0.1,V,389.686,88.1196,3.42E-06,,Poly,Bulk,sintered using PCS at 1373K for 10 min,Effect of Ti Substitution on Thermoelectric Propertiesof W-Doped Heusler Fe2 VAl Alloy,,,,,,
Fe2VAl,Fe2V0.9Ti0.1Al,X2YZ,Ti,0.1,V,443.297,82.8577,3.62E-06,,Poly,Bulk,sintered using PCS at 1373K for 10 min,Effect of Ti Substitution on Thermoelectric Propertiesof W-Doped Heusler Fe2 VAl Alloy,,,,,,
Fe2VAl,Fe2V0.9Ti0.1Al,X2YZ,Ti,0.1,V,490.464,76.9206,3.68E-06,,Poly,Bulk,sintered using PCS at 1373K for 10 min,Effect of Ti Substitution on Thermoelectric Propertiesof W-Doped Heusler Fe2 VAl Alloy,,,,,,
Fe2VAl,Fe2V0.9Ti0.1Al,X2YZ,Ti,0.1,V,542.988,69.6573,3.79E-06,,Poly,Bulk,sintered using PCS at 1373K for 10 min,Effect of Ti Substitution on Thermoelectric Propertiesof W-Doped Heusler Fe2 VAl Alloy,,,,,,
Fe2VAl,Fe2V0.9Ti0.1Al,X2YZ,Ti,0.1,V,594.404,57.7259,3.85E-06,,Poly,Bulk,sintered using PCS at 1373K for 10 min,Effect of Ti Substitution on Thermoelectric Propertiesof W-Doped Heusler Fe2 VAl Alloy,,,,,,
Fe2VAl,Fe2V0.9Ti0.1Al,X2YZ,Ti,0.1,V,644.748,45.793,3.70E-06,,Poly,Bulk,sintered using PCS at 1373K for 10 min,Effect of Ti Substitution on Thermoelectric Propertiesof W-Doped Heusler Fe2 VAl Alloy,,,,,,
Fe2VAl,Fe2V0.9Ti0.1Al,X2YZ,Ti,0.1,V,696.174,35.1949,3.66E-06,,Poly,Bulk,sintered using PCS at 1373K for 10 min,Effect of Ti Substitution on Thermoelectric Propertiesof W-Doped Heusler Fe2 VAl Alloy,,,,,,
Fe2VAl,Fe2V0.9Ti0.1Al,X2YZ,Ti,0.1,V,747.606,25.2635,3.54E-06,,Poly,Bulk,sintered using PCS at 1373K for 10 min,Effect of Ti Substitution on Thermoelectric Propertiesof W-Doped Heusler Fe2 VAl Alloy,,,,,,
Fe2VAl,Fe2VAl,X2YZ,X,X,X,348.107,-24.6025,9.57E-06,,Poly,Bulk,sintered using PCS at 1373K for 10 min,Effect of Ti Substitution on Thermoelectric Propertiesof W-Doped Heusler Fe2 VAl Alloy,,,,,,
Fe2VAl,Fe2VAl,X2YZ,X,X,X,397.483,-21.87,7.77E-06,,Poly,Bulk,sintered using PCS at 1373K for 10 min,Effect of Ti Substitution on Thermoelectric Propertiesof W-Doped Heusler Fe2 VAl Alloy,,,,,,
Fe2VAl,Fe2VAl,X2YZ,X,X,X,442.572,-18.4766,6.56E-06,,Poly,Bulk,sintered using PCS at 1373K for 10 min,Effect of Ti Substitution on Thermoelectric Propertiesof W-Doped Heusler Fe2 VAl Alloy,,,,,,
Fe2VAl,Fe2VAl,X2YZ,X,X,X,495.176,-14.4064,5.54E-06,,Poly,Bulk,sintered using PCS at 1373K for 10 min,Effect of Ti Substitution on Thermoelectric Propertiesof W-Doped Heusler Fe2 VAl Alloy,,,,,,
Fe2VAl,Fe2VAl,X2YZ,X,X,X,542.406,-11.6768,4.92E-06,,Poly,Bulk,sintered using PCS at 1373K for 10 min,Effect of Ti Substitution on Thermoelectric Propertiesof W-Doped Heusler Fe2 VAl Alloy,,,,,,
Fe2VAl,Fe2VAl,X2YZ,X,X,X,592.84,-10.9429,4.44E-06,,Poly,Bulk,sintered using PCS at 1373K for 10 min,Effect of Ti Substitution on Thermoelectric Propertiesof W-Doped Heusler Fe2 VAl Alloy,,,,,,
Fe2VAl,Fe2VAl,X2YZ,X,X,X,644.348,-10.2075,4.10E-06,,Poly,Bulk,sintered using PCS at 1373K for 10 min,Effect of Ti Substitution on Thermoelectric Propertiesof W-Doped Heusler Fe2 VAl Alloy,,,,,,
Fe2VAl,Fe2VAl,X2YZ,X,X,X,693.704,-10.1417,3.88E-06,,Poly,Bulk,sintered using PCS at 1373K for 10 min,Effect of Ti Substitution on Thermoelectric Propertiesof W-Doped Heusler Fe2 VAl Alloy,,,,,,
Fe2VAl,Fe2VAl,X2YZ,X,X,X,750.581,-8.7326,3.48E-06,,Poly,Bulk,sintered using PCS at 1373K for 10 min,Effect of Ti Substitution on Thermoelectric Propertiesof W-Doped Heusler Fe2 VAl Alloy,,,,,,
Fe2VAl,Fe2V0.9W0.1Al,X2YZ,W,0.1,V,347.5110,-107.9370,X,,Poly,Bulk,sintered using PCS at 1373K for 10 min,Effect of Ti Substitution on Thermoelectric Propertiesof W-Doped Heusler Fe2 VAl Alloy,,,,,,
Fe2VAl,Fe2V0.9W0.1Al,X2YZ,W,0.1,V,393.6390,-109.2080,X,,Poly,Bulk,sintered using PCS at 1373K for 10 min,Effect of Ti Substitution on Thermoelectric Propertiesof W-Doped Heusler Fe2 VAl Alloy,,,,,,
Fe2VAl,Fe2V0.9W0.1Al,X2YZ,W,0.1,V,441.9610,-103.8110,X,,Poly,Bulk,sintered using PCS at 1373K for 10 min,Effect of Ti Substitution on Thermoelectric Propertiesof W-Doped Heusler Fe2 VAl Alloy,,,,,,
Fe2VAl,Fe2V0.9W0.1Al,X2YZ,W,0.1,V,491.4040,-91.7448,X,,Poly,Bulk,sintered using PCS at 1373K for 10 min,Effect of Ti Substitution on Thermoelectric Propertiesof W-Doped Heusler Fe2 VAl Alloy,,,,,,
Fe2VAl,Fe2V0.9W0.1Al,X2YZ,W,0.1,V,545.1290,-81.0065,X,,Poly,Bulk,sintered using PCS at 1373K for 10 min,Effect of Ti Substitution on Thermoelectric Propertiesof W-Doped Heusler Fe2 VAl Alloy,,,,,,
Fe2VAl,Fe2V0.9W0.1Al,X2YZ,W,0.1,V,596.7360,-66.2710,X,,Poly,Bulk,sintered using PCS at 1373K for 10 min,Effect of Ti Substitution on Thermoelectric Propertiesof W-Doped Heusler Fe2 VAl Alloy,,,,,,
Fe2VAl,Fe2V0.9W0.1Al,X2YZ,W,0.1,V,647.2230,-58.2037,X,,Poly,Bulk,sintered using PCS at 1373K for 10 min,Effect of Ti Substitution on Thermoelectric Propertiesof W-Doped Heusler Fe2 VAl Alloy,,,,,,
Fe2VAl,Fe2V0.9W0.1Al,X2YZ,W,0.1,V,698.7970,-48.1349,X,,Poly,Bulk,sintered using PCS at 1373K for 10 min,Effect of Ti Substitution on Thermoelectric Propertiesof W-Doped Heusler Fe2 VAl Alloy,,,,,,
Fe2VAl,Fe2V0.9W0.1Al,X2YZ,W,0.1,V,748.2060,-40.7357,X,,Poly,Bulk,sintered using PCS at 1373K for 10 min,Effect of Ti Substitution on Thermoelectric Propertiesof W-Doped Heusler Fe2 VAl Alloy,,,,,,
Fe2VAl,Fe2V0.75Ti0.15W0.1Al,X2YZ,"W, Ti","0.1, 0.15",V,350.62,26.7342,9.82E-06,,Poly,Bulk,sintered using PCS at 1373K for 10 min,Effect of Ti Substitution on Thermoelectric Propertiesof W-Doped Heusler Fe2 VAl Alloy,,,,,,
Fe2VAl,Fe2V0.75Ti0.15W0.1Al,X2YZ,"W, Ti","0.1, 0.15",V,392.4,17.4565,8.36E-06,,Poly,Bulk,sintered using PCS at 1373K for 10 min,Effect of Ti Substitution on Thermoelectric Propertiesof W-Doped Heusler Fe2 VAl Alloy,,,,,,
Fe2VAl,Fe2V0.75Ti0.15W0.1Al,X2YZ,"W, Ti","0.1, 0.15",V,442.801,13.5237,7.18E-06,,Poly,Bulk,sintered using PCS at 1373K for 10 min,Effect of Ti Substitution on Thermoelectric Propertiesof W-Doped Heusler Fe2 VAl Alloy,,,,,,
Fe2VAl,Fe2V0.75Ti0.15W0.1Al,X2YZ,"W, Ti","0.1, 0.15",V,494.265,8.259,6.19E-06,,Poly,Bulk,sintered using PCS at 1373K for 10 min,Effect of Ti Substitution on Thermoelectric Propertiesof W-Doped Heusler Fe2 VAl Alloy,,,,,,
Fe2VAl,Fe2V0.75Ti0.15W0.1Al,X2YZ,"W, Ti","0.1, 0.15",V,544.666,4.3262,5.51E-06,,Poly,Bulk,sintered using PCS at 1373K for 10 min,Effect of Ti Substitution on Thermoelectric Propertiesof W-Doped Heusler Fe2 VAl Alloy,,,,,,
Fe2VAl,Fe2V0.75Ti0.15W0.1Al,X2YZ,"W, Ti","0.1, 0.15",V,592.921,0.3906,4.97E-06,,Poly,Bulk,sintered using PCS at 1373K for 10 min,Effect of Ti Substitution on Thermoelectric Propertiesof W-Doped Heusler Fe2 VAl Alloy,,,,,,
Fe2VAl,Fe2V0.75Ti0.15W0.1Al,X2YZ,"W, Ti","0.1, 0.15",V,648.697,-2.2017,4.49E-06,,Poly,Bulk,sintered using PCS at 1373K for 10 min,Effect of Ti Substitution on Thermoelectric Propertiesof W-Doped Heusler Fe2 VAl Alloy,,,,,,
Fe2VAl,Fe2V0.75Ti0.15W0.1Al,X2YZ,"W, Ti","0.1, 0.15",V,694.815,-4.8069,4.16E-06,,Poly,Bulk,sintered using PCS at 1373K for 10 min,Effect of Ti Substitution on Thermoelectric Propertiesof W-Doped Heusler Fe2 VAl Alloy,,,,,,
Fe2VAl,Fe2V0.75Ti0.15W0.1Al,X2YZ,"W, Ti","0.1, 0.15",V,746.323,-4.0716,3.91E-06,,Poly,Bulk,sintered using PCS at 1373K for 10 min,Effect of Ti Substitution on Thermoelectric Propertiesof W-Doped Heusler Fe2 VAl Alloy,,,,,,
Fe2VAl,Fe2V0.7Ti0.2W0.1Al,X2YZ,"W, Ti","0.1, 0.2",V,348.866,81.3985,7.57E-06,,Poly,Bulk,sintered using PCS at 1373K for 10 min,Effect of Ti Substitution on Thermoelectric Propertiesof W-Doped Heusler Fe2 VAl Alloy,,,,,,
Fe2VAl,Fe2V0.7Ti0.2W0.1Al,X2YZ,"W, Ti","0.1, 0.2",V,393.887,75.4585,7.00E-06,,Poly,Bulk,sintered using PCS at 1373K for 10 min,Effect of Ti Substitution on Thermoelectric Propertiesof W-Doped Heusler Fe2 VAl Alloy,,,,,,
Fe2VAl,Fe2V0.7Ti0.2W0.1Al,X2YZ,"W, Ti","0.1, 0.2",V,445.29,61.5271,6.34E-06,,Poly,Bulk,sintered using PCS at 1373K for 10 min,Effect of Ti Substitution on Thermoelectric Propertiesof W-Doped Heusler Fe2 VAl Alloy,,,,,,
Fe2VAl,Fe2V0.7Ti0.2W0.1Al,X2YZ,"W, Ti","0.1, 0.2",V,494.556,48.9261,5.82E-06,,Poly,Bulk,sintered using PCS at 1373K for 10 min,Effect of Ti Substitution on Thermoelectric Propertiesof W-Doped Heusler Fe2 VAl Alloy,,,,,,
Fe2VAl,Fe2V0.7Ti0.2W0.1Al,X2YZ,"W, Ti","0.1, 0.2",V,543.832,37.6584,5.24E-06,,Poly,Bulk,sintered using PCS at 1373K for 10 min,Effect of Ti Substitution on Thermoelectric Propertiesof W-Doped Heusler Fe2 VAl Alloy,,,,,,
Fe2VAl,Fe2V0.7Ti0.2W0.1Al,X2YZ,"W, Ti","0.1, 0.2",V,595.267,28.3937,4.77E-06,,Poly,Bulk,sintered using PCS at 1373K for 10 min,Effect of Ti Substitution on Thermoelectric Propertiesof W-Doped Heusler Fe2 VAl Alloy,,,,,,
Fe2VAl,Fe2V0.7Ti0.2W0.1Al,X2YZ,"W, Ti","0.1, 0.2",V,645.63,19.1275,4.39E-06,,Poly,Bulk,sintered using PCS at 1373K for 10 min,Effect of Ti Substitution on Thermoelectric Propertiesof W-Doped Heusler Fe2 VAl Alloy,,,,,,
Fe2VAl,Fe2V0.7Ti0.2W0.1Al,X2YZ,"W, Ti","0.1, 0.2",V,698.158,12.5309,4.07E-06,,Poly,Bulk,sintered using PCS at 1373K for 10 min,Effect of Ti Substitution on Thermoelectric Propertiesof W-Doped Heusler Fe2 VAl Alloy,,,,,,
Fe2VAl,Fe2V0.7Ti0.2W0.1Al,X2YZ,"W, Ti","0.1, 0.2",V,748.559,8.5981,3.79E-06,,Poly,Bulk,sintered using PCS at 1373K for 10 min,Effect of Ti Substitution on Thermoelectric Propertiesof W-Doped Heusler Fe2 VAl Alloy,,,,,,
Fe2VAl,Fe2V0.65Ti0.25W0.1Al,X2YZ,"W, Ti","0.1, 0.25",V,351.107,94.7348,4.65E-06,,Poly,Bulk,sintered using PCS at 1373K for 10 min,Effect of Ti Substitution on Thermoelectric Propertiesof W-Doped Heusler Fe2 VAl Alloy,,,,,,
Fe2VAl,Fe2V0.65Ti0.25W0.1Al,X2YZ,"W, Ti","0.1, 0.25",V,396.162,93.4615,4.69E-06,,Poly,Bulk,sintered using PCS at 1373K for 10 min,Effect of Ti Substitution on Thermoelectric Propertiesof W-Doped Heusler Fe2 VAl Alloy,,,,,,
Fe2VAl,Fe2V0.65Ti0.25W0.1Al,X2YZ,"W, Ti","0.1, 0.25",V,443.32,86.1911,4.62E-06,,Poly,Bulk,sintered using PCS at 1373K for 10 min,Effect of Ti Substitution on Thermoelectric Propertiesof W-Doped Heusler Fe2 VAl Alloy,,,,,,
Fe2VAl,Fe2V0.65Ti0.25W0.1Al,X2YZ,"W, Ti","0.1, 0.25",V,492.615,77.5902,4.59E-06,,Poly,Bulk,sintered using PCS at 1373K for 10 min,Effect of Ti Substitution on Thermoelectric Propertiesof W-Doped Heusler Fe2 VAl Alloy,,,,,,
Fe2VAl,Fe2V0.65Ti0.25W0.1Al,X2YZ,"W, Ti","0.1, 0.25",V,548.324,65.6644,4.43E-06,,Poly,Bulk,sintered using PCS at 1373K for 10 min,Effect of Ti Substitution on Thermoelectric Propertiesof W-Doped Heusler Fe2 VAl Alloy,,,,,,
Fe2VAl,Fe2V0.65Ti0.25W0.1Al,X2YZ,"W, Ti","0.1, 0.25",V,594.357,51.0591,4.23E-06,,Poly,Bulk,sintered using PCS at 1373K for 10 min,Effect of Ti Substitution on Thermoelectric Propertiesof W-Doped Heusler Fe2 VAl Alloy,,,,,,
Fe2VAl,Fe2V0.65Ti0.25W0.1Al,X2YZ,"W, Ti","0.1, 0.25",V,644.71,40.4596,4.01E-06,,Poly,Bulk,sintered using PCS at 1373K for 10 min,Effect of Ti Substitution on Thermoelectric Propertiesof W-Doped Heusler Fe2 VAl Alloy,,,,,,
Fe2VAl,Fe2V0.65Ti0.25W0.1Al,X2YZ,"W, Ti","0.1, 0.25",V,692.917,29.8572,3.76E-06,,Poly,Bulk,sintered using PCS at 1373K for 10 min,Effect of Ti Substitution on Thermoelectric Propertiesof W-Doped Heusler Fe2 VAl Alloy,,,,,,
Fe2VAl,Fe2V0.65Ti0.25W0.1Al,X2YZ,"W, Ti","0.1, 0.25",V,748.645,20.5982,3.75E-06,,Poly,Bulk,sintered using PCS at 1373K for 10 min,Effect of Ti Substitution on Thermoelectric Propertiesof W-Doped Heusler Fe2 VAl Alloy,,,,,,
Fe2VAl,Fe2V0.6Ti0.3W0.1Al,X2YZ,"W, Ti","0.1, 0.3",V,349.934,80.7332,3.17E-06,,Poly,Bulk,sintered using PCS at 1373K for 10 min,Effect of Ti Substitution on Thermoelectric Propertiesof W-Doped Heusler Fe2 VAl Alloy,,,,,,
Fe2VAl,Fe2V0.6Ti0.3W0.1Al,X2YZ,"W, Ti","0.1, 0.3",V,392.905,88.1239,3.39E-06,,Poly,Bulk,sintered using PCS at 1373K for 10 min,Effect of Ti Substitution on Thermoelectric Propertiesof W-Doped Heusler Fe2 VAl Alloy,,,,,,
Fe2VAl,Fe2V0.6Ti0.3W0.1Al,X2YZ,"W, Ti","0.1, 0.3",V,446.544,86.8621,3.70E-06,,Poly,Bulk,sintered using PCS at 1373K for 10 min,Effect of Ti Substitution on Thermoelectric Propertiesof W-Doped Heusler Fe2 VAl Alloy,,,,,,
Fe2VAl,Fe2V0.6Ti0.3W0.1Al,X2YZ,"W, Ti","0.1, 0.3",V,493.731,83.5916,3.73E-06,,Poly,Bulk,sintered using PCS at 1373K for 10 min,Effect of Ti Substitution on Thermoelectric Propertiesof W-Doped Heusler Fe2 VAl Alloy,,,,,,
Fe2VAl,Fe2V0.6Ti0.3W0.1Al,X2YZ,"W, Ti","0.1, 0.3",V,541.981,78.9893,3.82E-06,,Poly,Bulk,sintered using PCS at 1373K for 10 min,Effect of Ti Substitution on Thermoelectric Propertiesof W-Doped Heusler Fe2 VAl Alloy,,,,,,
Fe2VAl,Fe2V0.6Ti0.3W0.1Al,X2YZ,"W, Ti","0.1, 0.3",V,595.563,69.7274,3.88E-06,,Poly,Bulk,sintered using PCS at 1373K for 10 min,Effect of Ti Substitution on Thermoelectric Propertiesof W-Doped Heusler Fe2 VAl Alloy,,,,,,
Fe2VAl,Fe2V0.6Ti0.3W0.1Al,X2YZ,"W, Ti","0.1, 0.3",V,643.761,57.7917,3.82E-06,,Poly,Bulk,sintered using PCS at 1373K for 10 min,Effect of Ti Substitution on Thermoelectric Propertiesof W-Doped Heusler Fe2 VAl Alloy,,,,,,
Fe2VAl,Fe2V0.6Ti0.3W0.1Al,X2YZ,"W, Ti","0.1, 0.3",V,695.173,45.1936,3.66E-06,,Poly,Bulk,sintered using PCS at 1373K for 10 min,Effect of Ti Substitution on Thermoelectric Propertiesof W-Doped Heusler Fe2 VAl Alloy,,,,,,
Fe2VAl,Fe2V0.6Ti0.3W0.1Al,X2YZ,"W, Ti","0.1, 0.3",V,746.623,37.9288,3.74E-06,,Poly,Bulk,sintered using PCS at 1373K for 10 min,Effect of Ti Substitution on Thermoelectric Propertiesof W-Doped Heusler Fe2 VAl Alloy,,,,,,
Fe2VAl,Fe2VAl,X2YZ,X,X,X,301.4237,-1.1558,5.91E-05,,Poly,Bulk,annealed at 1273K for 24 h annealed at 673K for 48 h,Thermoelectric properties of Cu-Doped Heusler compoundFe2-xCuxVAl,,,,,,
Fe2VAl,Fe2VAl,X2YZ,X,X,X,350.3986,-3.4656,5.55E-05,,Poly,Bulk,annealed at 1273K for 24 h annealed at 673K for 48 h,Thermoelectric properties of Cu-Doped Heusler compoundFe2-xCuxVAl,,,,,,
Fe2VAl,Fe2VAl,X2YZ,X,X,X,399.0888,-5.0176,5.24E-05,,Poly,Bulk,annealed at 1273K for 24 h annealed at 673K for 48 h,Thermoelectric properties of Cu-Doped Heusler compoundFe2-xCuxVAl,,,,,,
Fe2VAl,Fe2VAl,X2YZ,X,X,X,445.7859,-5.6212,4.94E-05,,Poly,Bulk,annealed at 1273K for 24 h annealed at 673K for 48 h,Thermoelectric properties of Cu-Doped Heusler compoundFe2-xCuxVAl,,,,,,
Fe2VAl,Fe2VAl,X2YZ,X,X,X,519.2483,-6.245,4.57E-05,,Poly,Bulk,annealed at 1273K for 24 h annealed at 673K for 48 h,Thermoelectric properties of Cu-Doped Heusler compoundFe2-xCuxVAl,,,,,,
Fe2VAl,Fe1.94Cu0.06VAl,X2YZ,Cu,0.06,Fe,294.59,-104.3703,8.72E-05,,Poly,Bulk,annealed at 1273K for 24 h annealed at 673K for 48 h,Thermoelectric properties of Cu-Doped Heusler compoundFe2-xCuxVAl,,,,,,
Fe2VAl,Fe1.94Cu0.06VAl,X2YZ,Cu,0.06,Fe,350.1139,-90.776,7.64E-05,,Poly,Bulk,annealed at 1273K for 24 h annealed at 673K for 48 h,Thermoelectric properties of Cu-Doped Heusler compoundFe2-xCuxVAl,,,,,,
Fe2VAl,Fe1.94Cu0.06VAl,X2YZ,Cu,0.06,Fe,397.3804,-74.3345,6.65E-05,,Poly,Bulk,annealed at 1273K for 24 h annealed at 673K for 48 h,Thermoelectric properties of Cu-Doped Heusler compoundFe2-xCuxVAl,,,,,,
Fe2VAl,Fe1.94Cu0.06VAl,X2YZ,Cu,0.06,Fe,449.4875,-59.6013,5.84E-05,,Poly,Bulk,annealed at 1273K for 24 h annealed at 673K for 48 h,Thermoelectric properties of Cu-Doped Heusler compoundFe2-xCuxVAl,,,,,,
Fe2VAl,Fe1.94Cu0.06VAl,X2YZ,Cu,0.06,Fe,500.4556,-46.7611,5.19E-05,,Poly,Bulk,annealed at 1273K for 24 h annealed at 673K for 48 h,Thermoelectric properties of Cu-Doped Heusler compoundFe2-xCuxVAl,,,,,,
Fe2VAl,Fe1.94Cu0.06VAl,X2YZ,Cu,0.06,Fe,522.9499,-41.6645,4.95E-05,,Poly,Bulk,annealed at 1273K for 24 h annealed at 673K for 48 h,Thermoelectric properties of Cu-Doped Heusler compoundFe2-xCuxVAl,,,,,,
Fe2VAl,Fe1.90Cu0.10VAl,X2YZ,Cu,0.1,Fe,301.4237,-144.3376,5.39E-05,,Poly,Bulk,annealed at 1273K for 24 h annealed at 673K for 48 h,Thermoelectric properties of Cu-Doped Heusler compoundFe2-xCuxVAl,,,,,,
Fe2VAl,Fe1.90Cu0.10VAl,X2YZ,Cu,0.1,Fe,349.2597,-138.1238,5.63E-05,,Poly,Bulk,annealed at 1273K for 24 h annealed at 673K for 48 h,Thermoelectric properties of Cu-Doped Heusler compoundFe2-xCuxVAl,,,,,,
Fe2VAl,Fe1.90Cu0.10VAl,X2YZ,Cu,0.1,Fe,396.2415,-127.7428,5.74E-05,,Poly,Bulk,annealed at 1273K for 24 h annealed at 673K for 48 h,Thermoelectric properties of Cu-Doped Heusler compoundFe2-xCuxVAl,,,,,,
Fe2VAl,Fe1.90Cu0.10VAl,X2YZ,Cu,0.1,Fe,445.2164,-112.439,5.65E-05,,Poly,Bulk,annealed at 1273K for 24 h annealed at 673K for 48 h,Thermoelectric properties of Cu-Doped Heusler compoundFe2-xCuxVAl,,,,,,
Fe2VAl,Fe1.90Cu0.10VAl,X2YZ,Cu,0.1,Fe,493.6219,-93.1574,5.42E-05,,Poly,Bulk,annealed at 1273K for 24 h annealed at 673K for 48 h,Thermoelectric properties of Cu-Doped Heusler compoundFe2-xCuxVAl,,,,,,
Fe2VAl,Fe1.90Cu0.10VAl,X2YZ,Cu,0.1,Fe,539.7494,-75.7681,5.07E-05,,Poly,Bulk,annealed at 1273K for 24 h annealed at 673K for 48 h,Thermoelectric properties of Cu-Doped Heusler compoundFe2-xCuxVAl,,,,,,
Fe2VAl,Fe1.80Cu0.20VAl,X2YZ,Cu,0.2,Fe,300.8542,-127.2917,4.86E-05,,Poly,Bulk,annealed at 1273K for 24 h annealed at 673K for 48 h,Thermoelectric properties of Cu-Doped Heusler compoundFe2-xCuxVAl,,,,,,
Fe2VAl,Fe1.80Cu0.20VAl,X2YZ,Cu,0.2,Fe,350.3986,-128.2762,5.26E-05,,Poly,Bulk,annealed at 1273K for 24 h annealed at 673K for 48 h,Thermoelectric properties of Cu-Doped Heusler compoundFe2-xCuxVAl,,,,,,
Fe2VAl,Fe1.80Cu0.20VAl,X2YZ,Cu,0.2,Fe,397.0957,-118.6525,5.37E-05,,Poly,Bulk,annealed at 1273K for 24 h annealed at 673K for 48 h,Thermoelectric properties of Cu-Doped Heusler compoundFe2-xCuxVAl,,,,,,
Fe2VAl,Fe1.80Cu0.20VAl,X2YZ,Cu,0.2,Fe,446.0706,-105.0532,5.39E-05,,Poly,Bulk,annealed at 1273K for 24 h annealed at 673K for 48 h,Thermoelectric properties of Cu-Doped Heusler compoundFe2-xCuxVAl,,,,,,
Fe2VAl,Fe1.80Cu0.20VAl,X2YZ,Cu,0.2,Fe,492.1982,-89.3685,5.19E-05,,Poly,Bulk,annealed at 1273K for 24 h annealed at 673K for 48 h,Thermoelectric properties of Cu-Doped Heusler compoundFe2-xCuxVAl,,,,,,
Fe2VAl,Fe1.80Cu0.20VAl,X2YZ,Cu,0.2,Fe,518.3941,-81.2444,4.98E-05,,Poly,Bulk,annealed at 1273K for 24 h annealed at 673K for 48 h,Thermoelectric properties of Cu-Doped Heusler compoundFe2-xCuxVAl,,,,,,
Fe2VAl,Fe1.70Cu0.30VAl,X2YZ,Cu,0.3,Fe,302.2779,-113.467,6.53E-05,,Poly,Bulk,annealed at 1273K for 24 h annealed at 673K for 48 h,Thermoelectric properties of Cu-Doped Heusler compoundFe2-xCuxVAl,,,,,,
Fe2VAl,Fe1.70Cu0.30VAl,X2YZ,Cu,0.3,Fe,337.5854,-110.6529,6.43E-05,,Poly,Bulk,annealed at 1273K for 24 h annealed at 673K for 48 h,Thermoelectric properties of Cu-Doped Heusler compoundFe2-xCuxVAl,,,,,,
Fe2VAl,Fe1.70Cu0.30VAl,X2YZ,Cu,0.3,Fe,375.1708,-106.7041,6.24E-05,,Poly,Bulk,annealed at 1273K for 24 h annealed at 673K for 48 h,Thermoelectric properties of Cu-Doped Heusler compoundFe2-xCuxVAl,,,,,,
Fe2VAl,Fe1.70Cu0.30VAl,X2YZ,Cu,0.3,Fe,411.9021,-99.5349,6.01E-05,,Poly,Bulk,annealed at 1273K for 24 h annealed at 673K for 48 h,Thermoelectric properties of Cu-Doped Heusler compoundFe2-xCuxVAl,,,,,,
Fe2VAl,Fe1.70Cu0.30VAl,X2YZ,Cu,0.3,Fe,455.467,-88.7725,5.71E-05,,Poly,Bulk,annealed at 1273K for 24 h annealed at 673K for 48 h,Thermoelectric properties of Cu-Doped Heusler compoundFe2-xCuxVAl,,,,,,
Fe2VAl,Fe1.70Cu0.30VAl,X2YZ,Cu,0.3,Fe,500.7403,-78.5795,5.43E-05,,Poly,Bulk,annealed at 1273K for 24 h annealed at 673K for 48 h,Thermoelectric properties of Cu-Doped Heusler compoundFe2-xCuxVAl,,,,,,
Fe2VAl,Fe1.70Cu0.30VAl,X2YZ,Cu,0.3,Fe,544.3052,-70.658,5.18E-05,,Poly,Bulk,annealed at 1273K for 24 h annealed at 673K for 48 h,Thermoelectric properties of Cu-Doped Heusler compoundFe2-xCuxVAl,,,,,,
Fe2VAl,Fe1.60Cu0.40VAl,X2YZ,Cu,0.4,Fe,303.4169,-73.8846,1.11E-04,,Poly,Bulk,annealed at 1273K for 24 h annealed at 673K for 48 h,Thermoelectric properties of Cu-Doped Heusler compoundFe2-xCuxVAl,,,,,,
Fe2VAl,Fe1.60Cu0.40VAl,X2YZ,Cu,0.4,Fe,350.3986,-73.352,9.59E-05,,Poly,Bulk,annealed at 1273K for 24 h annealed at 673K for 48 h,Thermoelectric properties of Cu-Doped Heusler compoundFe2-xCuxVAl,,,,,,
Fe2VAl,Fe1.60Cu0.40VAl,X2YZ,Cu,0.4,Fe,397.9499,-72.2516,8.45E-05,,Poly,Bulk,annealed at 1273K for 24 h annealed at 673K for 48 h,Thermoelectric properties of Cu-Doped Heusler compoundFe2-xCuxVAl,,,,,,
Fe2VAl,Fe1.60Cu0.40VAl,X2YZ,Cu,0.4,Fe,444.9317,-67.1736,7.59E-05,,Poly,Bulk,annealed at 1273K for 24 h annealed at 673K for 48 h,Thermoelectric properties of Cu-Doped Heusler compoundFe2-xCuxVAl,,,,,,
Fe2VAl,Fe1.60Cu0.40VAl,X2YZ,Cu,0.4,Fe,491.9134,-60.391,6.82E-05,,Poly,Bulk,annealed at 1273K for 24 h annealed at 673K for 48 h,Thermoelectric properties of Cu-Doped Heusler compoundFe2-xCuxVAl,,,,,,
Fe2VAl,Fe1.60Cu0.40VAl,X2YZ,Cu,0.4,Fe,516.1162,-56.4321,6.55E-05,,Poly,Bulk,annealed at 1273K for 24 h annealed at 673K for 48 h,Thermoelectric properties of Cu-Doped Heusler compoundFe2-xCuxVAl,,,,,,
